801899,Coal Tyee,Neighborhood,N,Neighborhood,South,Coal Tyee,,CAN,"Nanaimo, BC",49.166148,-123.977112,20220419,187619.917,Canada,British Columbia,"Nanaimo, BC",Nanaimo,"MULTIPOLYGON (((-123.97641 49.167235, -123.976238 49.167195, -123.975481 49.167014, -123.974335 49.166757, -123.973912 49.166653, -123.97373 49.1666, -123.973642 49.166569, -123.973508 49.166507, -123.97333 49.166408, -123.973204 49.166325, -123.973099 49.166245, -123.973088 49.166235, -123.973026 49.166182, -123.972941 49.166101, -123.973011 49.165997, -123.973014 49.165952, -123.973012 49.165851, -123.97302 49.16563, -123.973021 49.165303, -123.97303 49.164989, -123.973041 49.1649, -123.973038 49.164738, -123.973053 49.16377, -123.973068 49.163735, -123.973096 49.1637, -123.973138 49.163669, -123.973204 49.163646, -123.97324 49.163634, -123.973271 49.163628, -123.973309 49.163629, -123.973348 49.163635, -123.97343 49.163661, -123.973542 49.163698, -123.973615 49.163719, -123.973727 49.163752, -123.973812 49.163781, -123.973915 49.163814, -123.974069 49.163858, -123.97411 49.163867, -123.974185 49.163876, -123.974252 49.163883, -123.974295 49.163887, -123.974326 49.163893, -123.974433 49.163931, -123.974538 49.163979, -123.974514 49.164028, -123.974635 49.164101, -123.974776 49.164205, -123.974934 49.164159, -123.975003 49.164148, -123.975076 49.164136, -123.975127 49.164132, -123.975172 49.164132, -123.975248 49.164134, -123.975309 49.164142, -123.975342 49.164149, -123.975388 49.164159, -123.975422 49.164169, -123.975475 49.164187, -123.975619 49.164241, -123.976005 49.163978, -123.977439 49.164572, -123.977878 49.164757, -123.978345 49.164967, -123.97874 49.16516, -123.979069 49.165344, -123.979426 49.165568, -123.979803 49.165833, -123.980164 49.166113, -123.980469 49.166374, -123.980831 49.166723, -123.981087 49.166996, -123.981278 49.167245, -123.981478 49.167531, -123.981635 49.167781, -123.981832 49.168114, -123.981956 49.168361, -123.982028 49.168533, -123.982106 49.168768, -123.981493 49.168759, -123.981298 49.168749, -123.981186 49.168735, -123.981066 49.168716, -123.980935 49.168691, -123.980822 49.168658, -123.980299 49.168486, -123.9796 49.168256, -123.978929 49.168038, -123.978033 49.167738, -123.977174 49.167458, -123.976718 49.167317, -123.976592 49.167277, -123.97641 49.167235)))"
801900,Terminal Park,Neighborhood,S,Sub Neighborhood,Brechin Hill,,Terminal Park,CAN,"Nanaimo, BC",49.184394,-123.95532,20220419,76886.731,Canada,British Columbia,"Nanaimo, BC",Nanaimo,"MULTIPOLYGON (((-123.958961 49.186067, -123.958746 49.186182, -123.958705 49.1862, -123.95865 49.186213, -123.958578 49.186226, -123.958497 49.186229, -123.958274 49.186229, -123.957316 49.186214, -123.956881 49.186214, -123.956666 49.186088, -123.955893 49.185661, -123.95515 49.185249, -123.95446 49.184867, -123.953782 49.184492, -123.953267 49.184207, -123.952987 49.184051, -123.952927 49.184012, -123.952891 49.183983, -123.952866 49.183957, -123.952842 49.183922, -123.952823 49.183883, -123.952804 49.18382, -123.9528 49.183771, -123.952807 49.183418, -123.952833 49.182859, -123.952843 49.182514, -123.952854 49.182428, -123.952867 49.182365, -123.952896 49.1823, -123.952946 49.182223, -123.953008 49.182156, -123.953173 49.182024, -123.953182 49.182019, -123.953195 49.182027, -123.954186 49.182695, -123.955347 49.18351, -123.956631 49.18441, -123.957257 49.184869, -123.958323 49.185624, -123.958961 49.186067)))"
801901,University District,Neighborhood,N,Neighborhood,Harewood,University District,,CAN,"Nanaimo, BC",49.157262,-123.956525,20220419,844455.241,Canada,British Columbia,"Nanaimo, BC",Nanaimo,"MULTIPOLYGON (((-123.961145 49.152789, -123.961141 49.153027, -123.961137 49.153236, -123.961131 49.153705, -123.961131 49.154085, -123.961153 49.154453, -123.961147 49.155209, -123.961142 49.155921, -123.961133 49.156579, -123.96113 49.157371, -123.961125 49.158123, -123.961112 49.158745, -123.961107 49.159476, -123.961096 49.160285, -123.961085 49.161158, -123.961083 49.161973, -123.961068 49.162776, -123.959468 49.162769, -123.958108 49.162768, -123.956995 49.162766, -123.956126 49.162765, -123.955635 49.162762, -123.955023 49.162763, -123.954441 49.162761, -123.953858 49.162755, -123.953324 49.162752, -123.952585 49.162743, -123.952159 49.162742, -123.951877 49.162749, -123.95178 49.162755, -123.951715 49.162762, -123.951537 49.162792, -123.951132 49.162187, -123.950616 49.161775, -123.951025 49.161764, -123.951093 49.161716, -123.951034 49.161633, -123.951015 49.161595, -123.951011 49.161567, -123.95101 49.161539, -123.951008 49.161063, -123.951022 49.160412, -123.951039 49.159617, -123.951046 49.15915, -123.951045 49.159039, -123.951039 49.159016, -123.950997 49.158945, -123.95117 49.15884, -123.952082 49.158284, -123.95287 49.157807, -123.953367 49.157508, -123.953003 49.157255, -123.95269 49.157025, -123.95263 49.156972, -123.952581 49.156923, -123.952547 49.156886, -123.952516 49.156838, -123.952494 49.156792, -123.952476 49.156741, -123.952462 49.156684, -123.952453 49.156589, -123.952448 49.155885, -123.952456 49.155179, -123.952462 49.154094, -123.952487 49.15295, -123.952491 49.152096, -123.952506 49.151357, -123.953933 49.151363, -123.95465 49.151367, -123.955439 49.151366, -123.955904 49.151368, -123.956603 49.151369, -123.957279 49.151368, -123.957834 49.151374, -123.958502 49.151377, -123.95897 49.15138, -123.959551 49.15138, -123.960044 49.151378, -123.960559 49.151372, -123.960825 49.15137, -123.960898 49.151371, -123.960937 49.151374, -123.960971 49.15138, -123.961008 49.15139, -123.961041 49.151403, -123.961068 49.151417, -123.961098 49.151438, -123.961124 49.151465, -123.961143 49.151491, -123.96116 49.151525, -123.961166 49.151549, -123.961168 49.151606, -123.961163 49.151993, -123.96115 49.152479, -123.961145 49.152789)))"
801902,Northfield,Neighborhood,N,Neighborhood,Central,Northfield,,CAN,"Nanaimo, BC",49.18974,-123.989842,20220419,831869.279,Canada,British Columbia,"Nanaimo, BC",Nanaimo,"MULTIPOLYGON (((-123.984597 49.186313, -123.984598 49.186314, -123.984741 49.186452, -123.984905 49.186583, -123.98509 49.186727, -123.985387 49.186931, -123.985692 49.187124, -123.986274 49.187474, -123.98689 49.187203, -123.987376 49.187198, -123.988255 49.187188, -123.988919 49.187187, -123.989576 49.187188, -123.990471 49.1872, -123.991224 49.187201, -123.99182 49.1872, -123.992096 49.1872, -123.992096 49.187191, -123.992559 49.187192, -123.993318 49.187192, -123.993616 49.187197, -123.993971 49.187213, -123.994965 49.187218, -123.994977 49.187157, -123.995354 49.18719, -123.99684 49.18729, -123.996837 49.18699, -123.996834 49.186965, -123.996825 49.186948, -123.996807 49.186927, -123.996786 49.186909, -123.996734 49.186877, -123.996882 49.186658, -123.997374 49.18678, -123.998006 49.186951, -123.998635 49.187123, -123.999256 49.187312, -123.999868 49.187492, -124.000365 49.187646, -124.000793 49.187786, -124.001409 49.187998, -124.00197 49.188182, -124.002469 49.188359, -124.001818 49.189115, -124.001158 49.189918, -124.000735 49.190412, -124.000536 49.190636, -124.000398 49.190785, -124.000282 49.190897, -124.000149 49.191005, -124.000032 49.191091, -123.999882 49.191195, -123.999699 49.191307, -123.999514 49.191412, -123.999299 49.191511, -123.999138 49.191585, -123.99903 49.191628, -123.998853 49.191688, -123.998677 49.191746, -123.998552 49.191783, -123.998262 49.191852, -123.998049 49.191895, -123.997861 49.191927, -123.997708 49.191951, -123.997554 49.191972, -123.997382 49.191985, -123.997028 49.192001, -123.996601 49.191998, -123.995811 49.191994, -123.994885 49.191986, -123.993808 49.191984, -123.993248 49.191995, -123.992177 49.191998, -123.991727 49.192, -123.990802 49.192006, -123.989647 49.192004, -123.98824 49.191999, -123.986855 49.191996, -123.985515 49.191992, -123.984254 49.191982, -123.982839 49.191982, -123.981432 49.191974, -123.980233 49.191965, -123.979157 49.191958, -123.977891 49.19195, -123.97666 49.191943, -123.975618 49.191932, -123.974451 49.19192, -123.973446 49.191914, -123.972571 49.191901, -123.972142 49.191889, -123.972153 49.191606, -123.97217 49.190917, -123.972533 49.190912, -123.973822 49.190921, -123.97528 49.190925, -123.975741 49.190929, -123.97585 49.190937, -123.975933 49.190947, -123.97605 49.190972, -123.976215 49.191008, -123.976297 49.191022, -123.97635 49.191028, -123.977557 49.191036, -123.977885 49.191034, -123.977991 49.191032, -123.978036 49.191027, -123.978088 49.19101, -123.978182 49.190966, -123.978337 49.191025, -123.97841 49.191044, -123.978475 49.191056, -123.978522 49.191062, -123.978569 49.191065, -123.978644 49.191068, -123.979013 49.191067, -123.979013 49.191008, -123.979238 49.191006, -123.97968 49.191002, -123.979865 49.190922, -123.979799 49.190768, -123.979791 49.190741, -123.979787 49.190707, -123.979785 49.190307, -123.979789 49.189751, -123.980247 49.189757, -123.981371 49.189766, -123.981383 49.189257, -123.981396 49.18855, -123.981407 49.18827, -123.9821 49.188273, -123.983043 49.188278, -123.983778 49.188281, -123.983778 49.18793, -123.983787 49.187341, -123.983801 49.186918, -123.983803 49.186842, -123.983812 49.186794, -123.983833 49.186724, -123.983875 49.186618, -123.983904 49.186566, -123.983929 49.186535, -123.983968 49.186502, -123.984068 49.186436, -123.984177 49.186376, -123.984245 49.186349, -123.984281 49.186339, -123.984321 49.186335, -123.984373 49.186333, -123.984429 49.186331, -123.984597 49.186313)))"
801903,Hospital Area,Neighborhood,N,Neighborhood,Central,Hospital Area,,CAN,"Nanaimo, BC",49.184656,-123.968908,20220419,2162651.244,Canada,British Columbia,"Nanaimo, BC",Nanaimo,"MULTIPOLYGON (((-123.953535 49.181869, -123.953595 49.181856, -123.953678 49.181845, -123.953789 49.18184, -123.953923 49.18184, -123.954134 49.181844, -123.954885 49.181849, -123.954892 49.181588, -123.954925 49.180762, -123.954945 49.180078, -123.95497 49.179365, -123.954989 49.178651, -123.955011 49.177969, -123.955033 49.177356, -123.955042 49.17709, -123.955046 49.177043, -123.955056 49.177009, -123.955068 49.176983, -123.955096 49.176979, -123.955166 49.176971, -123.955268 49.176969, -123.955425 49.176968, -123.955746 49.17697, -123.955937 49.176973, -123.956095 49.176984, -123.956252 49.176997, -123.956428 49.177023, -123.956553 49.177045, -123.956712 49.177078, -123.957337 49.17722, -123.958214 49.177423, -123.958931 49.177584, -123.959804 49.177783, -123.960641 49.17798, -123.961315 49.178131, -123.961961 49.178279, -123.962846 49.178483, -123.963791 49.1787, -123.964981 49.178974, -123.966195 49.179249, -123.966924 49.179418, -123.96745 49.17954, -123.967842 49.179627, -123.968159 49.179698, -123.968569 49.179793, -123.9692 49.179937, -123.96964 49.180026, -123.970386 49.180179, -123.971081 49.180321, -123.971939 49.180496, -123.972798 49.180662, -123.973354 49.180773, -123.973783 49.180861, -123.974088 49.180926, -123.974198 49.180944, -123.97431 49.180957, -123.974397 49.180964, -123.974488 49.180962, -123.974645 49.180955, -123.974913 49.180927, -123.974989 49.181045, -123.975012 49.181072, -123.975039 49.181093, -123.975076 49.181117, -123.975107 49.181129, -123.975186 49.181152, -123.975688 49.18126, -123.976315 49.181386, -123.977077 49.181547, -123.977748 49.181681, -123.97845 49.181824, -123.979017 49.181941, -123.97949 49.182058, -123.979958 49.182162, -123.980205 49.182213, -123.98026 49.18222, -123.980307 49.182219, -123.980353 49.182213, -123.980523 49.182178, -123.980997 49.182587, -123.981507 49.183007, -123.982082 49.18349, -123.982491 49.183809, -123.982789 49.184071, -123.982986 49.184233, -123.983175 49.184399, -123.983314 49.184534, -123.983412 49.184633, -123.983517 49.184756, -123.983609 49.184874, -123.983682 49.184975, -123.983775 49.185125, -123.983838 49.185239, -123.983978 49.185487, -123.984056 49.185626, -123.984166 49.185785, -123.984397 49.186087, -123.984597 49.186313, -123.984429 49.186331, -123.984373 49.186333, -123.984321 49.186335, -123.984281 49.186339, -123.984245 49.186349, -123.984177 49.186376, -123.984068 49.186436, -123.983968 49.186502, -123.983929 49.186535, -123.983904 49.186566, -123.983875 49.186618, -123.983833 49.186724, -123.983812 49.186794, -123.983803 49.186842, -123.983801 49.186918, -123.983787 49.187341, -123.983778 49.18793, -123.983778 49.188281, -123.983043 49.188278, -123.9821 49.188273, -123.981407 49.18827, -123.981396 49.18855, -123.981383 49.189257, -123.981371 49.189766, -123.980247 49.189757, -123.979789 49.189751, -123.979785 49.190307, -123.979787 49.190707, -123.979791 49.190741, -123.979799 49.190768, -123.979865 49.190922, -123.97968 49.191002, -123.979238 49.191006, -123.979013 49.191008, -123.979013 49.191067, -123.978644 49.191068, -123.978569 49.191065, -123.978522 49.191062, -123.978475 49.191056, -123.97841 49.191044, -123.978337 49.191025, -123.978182 49.190966, -123.978088 49.19101, -123.978036 49.191027, -123.977991 49.191032, -123.977885 49.191034, -123.977557 49.191036, -123.97635 49.191028, -123.976297 49.191022, -123.976215 49.191008, -123.97605 49.190972, -123.975933 49.190947, -123.97585 49.190937, -123.975741 49.190929, -123.97528 49.190925, -123.973822 49.190921, -123.972533 49.190912, -123.97217 49.190917, -123.972153 49.191606, -123.972142 49.191889, -123.971879 49.191881, -123.971798 49.191881, -123.971712 49.191885, -123.971635 49.191896, -123.971438 49.191961, -123.971202 49.191843, -123.970809 49.191646, -123.970532 49.191507, -123.970488 49.191485, -123.970279 49.191376, -123.9701 49.191295, -123.969854 49.19119, -123.969642 49.191108, -123.969442 49.191029, -123.969252 49.190966, -123.969109 49.190924, -123.968829 49.190846, -123.968558 49.190774, -123.968269 49.190709, -123.967837 49.190612, -123.966932 49.190411, -123.966063 49.190215, -123.965787 49.19015, -123.96556 49.190096, -123.965445 49.19006, -123.965177 49.189969, -123.964872 49.189856, -123.964487 49.189709, -123.964315 49.189634, -123.964128 49.189545, -123.96396 49.189463, -123.963812 49.189389, -123.963585 49.189258, -123.9634 49.189149, -123.96317 49.188995, -123.962525 49.188559, -123.961694 49.187981, -123.960679 49.187272, -123.959766 49.186627, -123.958961 49.186067, -123.958323 49.185624, -123.957257 49.184869, -123.956631 49.18441, -123.955347 49.18351, -123.954186 49.182695, -123.953195 49.182027, -123.953182 49.182019, -123.953375 49.181914, -123.953489 49.181878, -123.953535 49.181869)))"
801904,Rosehill,Neighborhood,N,Neighborhood,Central,Rosehill,,CAN,"Nanaimo, BC",49.175954,-123.951959,20220419,112925.199,Canada,British Columbia,"Nanaimo, BC",Nanaimo,"MULTIPOLYGON (((-123.948578 49.177012, -123.948571 49.17694, -123.948543 49.176564, -123.948515 49.176223, -123.948486 49.175913, -123.948463 49.175558, -123.948437 49.175222, -123.948407 49.174838, -123.948375 49.174442, -123.948372 49.174405, -123.948627 49.174404, -123.94865 49.174425, -123.948669 49.174441, -123.948683 49.174451, -123.948705 49.174464, -123.948754 49.174489, -123.948927 49.174565, -123.948975 49.174589, -123.949012 49.174605, -123.949051 49.174615, -123.949133 49.174634, -123.949189 49.17465, -123.949231 49.174665, -123.949258 49.17468, -123.949287 49.174698, -123.949299 49.174709, -123.949309 49.174728, -123.949338 49.174834, -123.949341 49.174852, -123.94935 49.174867, -123.949359 49.174876, -123.949383 49.174902, -123.949393 49.174916, -123.949399 49.174937, -123.949408 49.175024, -123.949413 49.175037, -123.949428 49.175055, -123.949486 49.17511, -123.949542 49.175094, -123.949593 49.175086, -123.949634 49.175084, -123.949814 49.175085, -123.950336 49.175089, -123.950698 49.175093, -123.951284 49.175105, -123.951852 49.175113, -123.952261 49.175121, -123.952674 49.175126, -123.953279 49.175137, -123.953763 49.175146, -123.953826 49.175146, -123.953909 49.175143, -123.953943 49.175142, -123.954051 49.175145, -123.954605 49.175158, -123.954832 49.175166, -123.954923 49.175166, -123.954965 49.175167, -123.9551022 49.1747715, -123.9554377 49.174643, -123.9560801 49.1755425, -123.9559374 49.176035, -123.9557557 49.1760368, -123.955123 49.176043, -123.95511 49.176587, -123.955102 49.176891, -123.955093 49.17693, -123.955077 49.176965, -123.955068 49.176983, -123.955044 49.176986, -123.954966 49.177002, -123.954896 49.177011, -123.954754 49.177017, -123.953852 49.17701, -123.952563 49.176997, -123.951405 49.176979, -123.950107 49.176954, -123.949562 49.176947, -123.949407 49.176948, -123.949304 49.176952, -123.949111 49.176967, -123.948863 49.176988, -123.948578 49.177012)))"
801905,Cathers Lake,Neighborhood,N,Neighborhood,Jingle-Pot,Cathers Lake,,CAN,"Nanaimo, BC",49.172396,-123.992062,20220419,321859.883,Canada,British Columbia,"Nanaimo, BC",Nanaimo,"MULTIPOLYGON (((-123.990209 49.169774, -123.990442 49.169838, -123.991144 49.170034, -123.991451 49.170118, -123.9919 49.170241, -123.992448 49.170392, -123.993112 49.170569, -123.993732 49.170739, -123.994351 49.170907, -123.995096 49.171113, -123.99556 49.17124, -123.996154 49.171405, -123.996911 49.171612, -123.997402 49.171744, -123.997926 49.171887, -123.998222 49.171963, -123.998031 49.17238, -123.99792 49.172665, -123.997699 49.17304, -123.997895 49.173375, -123.997917 49.173423, -123.997921 49.173456, -123.997919 49.173524, -123.997911 49.173572, -123.99753 49.173837, -123.997135 49.173976, -123.996835 49.174069, -123.997031 49.174927, -123.996251 49.17501, -123.995567 49.175058, -123.995525 49.174647, -123.994113 49.174464, -123.992629 49.173956, -123.991486 49.173964, -123.989749 49.173944, -123.989351 49.173932, -123.989323 49.173962, -123.989169 49.173934, -123.988994 49.173904, -123.98892 49.173897, -123.988808 49.173891, -123.988374 49.173881, -123.988073 49.173871, -123.988074 49.173848, -123.987517 49.173841, -123.987369 49.173841, -123.987016 49.173868, -123.986363 49.173877, -123.98619 49.17387, -123.986237 49.173724, -123.986265 49.17365, -123.986321 49.17351, -123.986419 49.173264, -123.986534 49.172979, -123.986587 49.172834, -123.986625 49.172731, -123.986639 49.172661, -123.986646 49.172596, -123.986645 49.172521, -123.986638 49.172358, -123.986623 49.172099, -123.986622 49.171987, -123.986624 49.171953, -123.986634 49.171861, -123.986644 49.171819, -123.986683 49.171705, -123.986805 49.171328, -123.986934 49.170952, -123.987003 49.170736, -123.987025 49.170696, -123.987066 49.170638, -123.987107 49.170592, -123.987153 49.17055, -123.987219 49.170506, -123.987277 49.170473, -123.987329 49.170448, -123.987389 49.170426, -123.987455 49.170405, -123.987546 49.170383, -123.987729 49.170341, -123.987893 49.170311, -123.987989 49.170293, -123.988104 49.170279, -123.988218 49.170267, -123.988339 49.170257, -123.98854 49.170247, -123.9888 49.170245, -123.98889 49.170242, -123.988974 49.170234, -123.989022 49.170229, -123.989115 49.170211, -123.989203 49.170191, -123.9893 49.170165, -123.989554 49.170069, -123.989937 49.169904, -123.990209 49.169774)))"
801906,Valley Oak Estates,Neighborhood,S,Sub Neighborhood,Central,,Valley Oak Estates,CAN,"Nanaimo, BC",49.168005,-123.974711,20220419,64982.056,Canada,British Columbia,"Nanaimo, BC",Nanaimo,"MULTIPOLYGON (((-123.972922 49.168169, -123.972927 49.168007, -123.972936 49.167932, -123.972938 49.167709, -123.97297 49.167208, -123.97298 49.166793, -123.972988 49.166536, -123.973005 49.166355, -123.973014 49.166323, -123.973026 49.166302, -123.973088 49.166235, -123.973099 49.166245, -123.973204 49.166325, -123.97333 49.166408, -123.973508 49.166507, -123.973642 49.166569, -123.97373 49.1666, -123.973912 49.166653, -123.974335 49.166757, -123.975481 49.167014, -123.976238 49.167195, -123.97641 49.167235, -123.976423 49.167563, -123.976354 49.167565, -123.976338 49.167887, -123.976343 49.168225, -123.976362 49.168809, -123.976309 49.169572, -123.97553 49.169523, -123.974747 49.169422, -123.973755 49.168829, -123.972922 49.168169)))"
801907,Nob Hill,Neighborhood,N,Neighborhood,Old City,Nob Hill,,CAN,"Nanaimo, BC",49.1591,-123.938014,20220419,305738.193,Canada,British Columbia,"Nanaimo, BC",Nanaimo,"MULTIPOLYGON (((-123.939197 49.161476, -123.938744 49.161833, -123.93823 49.162238, -123.937648 49.162701, -123.937112 49.163122, -123.93679 49.163021, -123.936238 49.16287, -123.935495 49.162659, -123.934638 49.16242, -123.934665 49.162276, -123.934696 49.162097, -123.934794 49.161556, -123.934895 49.161008, -123.935006 49.160378, -123.935121 49.15976, -123.935245 49.159059, -123.93535 49.158493, -123.935483 49.157816, -123.935599 49.157121, -123.935706 49.15653, -123.935817 49.15591, -123.935952 49.155144, -123.936195 49.1552, -123.936523 49.155284, -123.936615 49.155304, -123.936693 49.155316, -123.936758 49.155322, -123.936831 49.155324, -123.936911 49.155323, -123.936959 49.155396, -123.936968 49.155404, -123.936989 49.155413, -123.937094 49.155446, -123.937756 49.15564, -123.938504 49.155851, -123.938646 49.155892, -123.938902 49.155966, -123.939374 49.156093, -123.939895 49.156234, -123.939969 49.156256, -123.940017 49.156274, -123.940034 49.156288, -123.940053 49.156311, -123.940058 49.156331, -123.940044 49.15638, -123.940439 49.156483, -123.940812 49.156588, -123.940498 49.157061, -123.940292 49.157389, -123.94208 49.157996, -123.943049 49.158361, -123.942935 49.158803, -123.942824 49.15879, -123.94275 49.158787, -123.942686 49.158788, -123.94264 49.158796, -123.942581 49.158816, -123.942527 49.158848, -123.942404 49.158938, -123.941957 49.159287, -123.941408 49.159721, -123.940915 49.160112, -123.940484 49.160453, -123.93998 49.16085, -123.939435 49.161288, -123.939197 49.161476)))"
801908,Jingle-Pot West,Neighborhood,N,Neighborhood,West,Jingle-Pot West,,CAN,"Nanaimo, BC",49.184893,-124.04002,20220419,12818846.03,Canada,British Columbia,"Nanaimo, BC",Nanaimo C,"MULTIPOLYGON (((-124.021706 49.172389, -124.02195 49.172407, -124.02203 49.171986, -124.022074 49.171819, -124.022117 49.17176, -124.022149 49.171708, -124.022156 49.171687, -124.02216 49.171661, -124.022154 49.171624, -124.022133 49.17158, -124.02195 49.171348, -124.021498 49.170963, -124.02099 49.169485, -124.020159 49.167215, -124.022042 49.165267, -124.023134 49.163582, -124.024055 49.162057, -124.02502 49.160695, -124.03181 49.161779, -124.03289 49.162194, -124.034349 49.162795, -124.035221 49.163177, -124.03525 49.163237, -124.035274 49.163344, -124.035311 49.163413, -124.035279 49.163645, -124.035545 49.163718, -124.035804 49.163786, -124.036174 49.163895, -124.036668 49.164039, -124.037202 49.164192, -124.037874 49.164392, -124.038405 49.164547, -124.038987 49.164711, -124.039214 49.16478, -124.039478 49.16487, -124.039984 49.165089, -124.043061 49.168186, -124.046175 49.171243, -124.04944 49.171383, -124.052373 49.171631, -124.058264 49.172178, -124.059162 49.172449, -124.059775 49.173243, -124.059478 49.173379, -124.059897 49.173856, -124.060156 49.174142, -124.060347 49.174378, -124.060486 49.174547, -124.060527 49.174598, -124.060569 49.174668, -124.060605 49.174757, -124.060632 49.17485, -124.060647 49.174947, -124.060852 49.174939, -124.060983 49.174939, -124.061122 49.174947, -124.062317 49.176451, -124.062261 49.176545, -124.063262 49.176875, -124.062983 49.177291, -124.066034 49.180727, -124.066108 49.183692, -124.066083 49.187961, -124.066083 49.18814, -124.066351 49.18835, -124.066051 49.188492, -124.065816 49.188599, -124.065636 49.188668, -124.063555 49.191979, -124.062027 49.194011, -124.060748 49.196303, -124.060495 49.196962, -124.060399 49.19734, -124.059329 49.197347, -124.059331 49.197995, -124.057402 49.199411, -124.054594 49.201426, -124.051528 49.20337, -124.0516 49.203674, -124.05166 49.203829, -124.051765 49.204056, -124.051851 49.204181, -124.051897 49.204309, -124.051897 49.204369, -124.051825 49.204459, -124.05174 49.204597, -124.051694 49.204721, -124.051675 49.204777, -124.051727 49.20488, -124.051859 49.205034, -124.051945 49.205143, -124.052015 49.205207, -124.052234 49.20534, -124.052028 49.205394, -124.051834 49.205434, -124.051412 49.205511, -124.050986 49.205584, -124.050237 49.205705, -124.049889 49.205764, -124.049755 49.20579, -124.049576 49.205828, -124.049436 49.205863, -124.049267 49.205916, -124.04909 49.205982, -124.048992 49.206025, -124.048886 49.206083, -124.048767 49.206158, -124.048572 49.20629, -124.048332 49.20646, -124.048044 49.206658, -124.047769 49.206848, -124.047616 49.206947, -124.047501 49.207011, -124.04742 49.207045, -124.04729 49.2071, -124.047213 49.207126, -124.04706 49.207171, -124.046967 49.207192, -124.046835 49.207216, -124.046727 49.20723, -124.046609 49.207242, -124.046468 49.207246, -124.046381 49.207246, -124.046246 49.207239, -124.046173 49.207235, -124.046041 49.207218, -124.045955 49.207202, -124.045809 49.207172, -124.045662 49.207137, -124.045467 49.207083, -124.045089 49.206984, -124.04493 49.206949, -124.044826 49.206934, -124.044717 49.206925, -124.044629 49.206919, -124.044546 49.206917, -124.044473 49.206919, -124.044344 49.206928, -124.044227 49.206941, -124.044064 49.206967, -124.043877 49.207002, -124.04329 49.207121, -124.042662 49.20725, -124.042409 49.207302, -124.042283 49.207322, -124.042168 49.207336, -124.042062 49.207346, -124.041867 49.207358, -124.041743 49.207363, -124.041622 49.207361, -124.041516 49.207358, -124.041342 49.207346, -124.0412 49.207334, -124.041056 49.207316, -124.040966 49.207301, -124.040823 49.207274, -124.040665 49.207233, -124.040527 49.207194, -124.0404 49.207153, -124.040296 49.207114, -124.040112 49.20704, -124.039705 49.206861, -124.039293 49.206675, -124.038921 49.207102, -124.03877 49.20704, -124.038454 49.206917, -124.038119 49.206801, -124.037555 49.20662, -124.036449 49.206325, -124.034565 49.205823, -124.033256 49.205442, -124.032708 49.205257, -124.032313 49.205095, -124.032073 49.204972, -124.031718 49.204804, -124.031422 49.204634, -124.031158 49.204475, -124.030853 49.204269, -124.030612 49.204091, -124.03038 49.203901, -124.030056 49.203613, -124.029804 49.203366, -124.02966 49.203202, -124.029506 49.202996, -124.029375 49.202813, -124.029249 49.202607, -124.029086 49.202315, -124.028963 49.202078, -124.028785 49.20171, -124.028491 49.201087, -124.028074 49.200178, -124.027861 49.199733, -124.027755 49.199542, -124.02761 49.199305, -124.027385 49.198986, -124.027152 49.198667, -124.02692 49.198379, -124.026741 49.198182, -124.026512 49.197956, -124.026276 49.197722, -124.026039 49.197513, -124.025774 49.197293, -124.025475 49.197056, -124.025124 49.196804, -124.024737 49.196549, -124.024384 49.196338, -124.024167 49.196212, -124.023926 49.196086, -124.023611 49.195934, -124.02326 49.195767, -124.022931 49.195623, -124.022639 49.195502, -124.022272 49.195368, -124.021866 49.195224, -124.021464 49.195088, -124.021202 49.195005, -124.021657 49.193742, -124.021779 49.193505, -124.021559 49.193326, -124.021242 49.193086, -124.020918 49.192842, -124.020515 49.192545, -124.020103 49.192241, -124.019832 49.192042, -124.019668 49.191921, -124.019553 49.191841, -124.019453 49.191773, -124.019344 49.191709, -124.019236 49.191647, -124.019125 49.191589, -124.018968 49.191512, -124.018796 49.191432, -124.018648 49.191368, -124.018558 49.191333, -124.018477 49.191302, -124.018091 49.191163, -124.017652 49.191012, -124.017216 49.190859, -124.016895 49.190748, -124.016697 49.190685, -124.01626 49.190559, -124.01594 49.190476, -124.015968 49.190408, -124.015982 49.19037, -124.01599 49.190343, -124.015992 49.190313, -124.015994 49.190161, -124.015998 49.189952, -124.016012 49.189742, -124.016012 49.189705, -124.016008 49.189647, -124.016008 49.189604, -124.016013 49.18944, -124.016038 49.189043, -124.016049 49.188858, -124.016063 49.188819, -124.016078 49.188789, -124.016085 49.188761, -124.016087 49.188739, -124.016097 49.188629, -124.016009 49.188629, -124.015996 49.187933, -124.015988 49.186085, -124.016012 49.184555, -124.016037 49.182229, -124.016119 49.180922, -124.016156 49.180739, -124.01634 49.180366, -124.016668 49.179678, -124.017167 49.178996, -124.017595 49.178265, -124.017854 49.177743, -124.017999 49.177522, -124.018656 49.176778, -124.018897 49.176389, -124.019604 49.175043, -124.020014 49.174466, -124.020528 49.173684, -124.020336 49.173626, -124.020396 49.173527, -124.020532 49.173335, -124.020592 49.173253, -124.020651 49.173189, -124.020759 49.17308, -124.020857 49.172991, -124.020951 49.172921, -124.021048 49.172867, -124.021156 49.172809, -124.021329 49.172731, -124.021465 49.172657, -124.021558 49.172606, -124.021601 49.172575, -124.021629 49.172549, -124.021652 49.172512, -124.021706 49.172389)))"
801909,Rosewood,Neighborhood,N,Neighborhood,Central,Rosewood,,CAN,"Nanaimo, BC",49.19539,-124.004618,20220419,1473294.541,Canada,British Columbia,"Nanaimo, BC",Nanaimo,"MULTIPOLYGON (((-124.012582 49.201076, -124.012287 49.201069, -124.012198 49.201047, -124.012166 49.201043, -124.011968 49.201041, -124.01168 49.201038, -124.011444 49.201036, -124.011296 49.201034, -124.011268 49.201032, -124.011239 49.201028, -124.011237 49.201042, -124.011108 49.20104, -124.009451 49.201028, -124.008445 49.200986, -124.008144 49.200986, -124.007354 49.20098, -124.006892 49.20098, -124.006439 49.200972, -124.006454 49.200768, -124.005846 49.200751, -124.004055 49.200717, -124.002444 49.2007, -124.00162 49.200688, -124.000895 49.200679, -124.000277 49.200669, -123.999774 49.200675, -123.99953 49.20036, -123.999271 49.200042, -123.998612 49.19927, -123.998099 49.198642, -123.997656 49.198118, -123.997266 49.19765, -123.99715 49.197522, -123.99697 49.197339, -123.996739 49.197107, -123.996258 49.196639, -123.9961 49.196486, -123.995966 49.196368, -123.995841 49.196261, -123.995592 49.196071, -123.995413 49.195937, -123.995084 49.195714, -123.99484 49.195555, -123.994287 49.195193, -123.993706 49.194806, -123.993499 49.194669, -123.993383 49.19458, -123.993228 49.194448, -123.993135 49.194365, -123.993038 49.194258, -123.992852 49.194013, -123.992787 49.193926, -123.992724 49.193823, -123.992676 49.193725, -123.992646 49.193656, -123.992612 49.19356, -123.992591 49.193489, -123.992565 49.193382, -123.992541 49.193271, -123.9925 49.192913, -123.992454 49.192578, -123.992443 49.192489, -123.992416 49.192391, -123.992386 49.192307, -123.992351 49.192237, -123.99231 49.192172, -123.992177 49.191998, -123.993248 49.191995, -123.993808 49.191984, -123.994885 49.191986, -123.995811 49.191994, -123.996601 49.191998, -123.997028 49.192001, -123.997382 49.191985, -123.997554 49.191972, -123.997708 49.191951, -123.997861 49.191927, -123.998049 49.191895, -123.998262 49.191852, -123.998552 49.191783, -123.998677 49.191746, -123.998853 49.191688, -123.99903 49.191628, -123.999138 49.191585, -123.999299 49.191511, -123.999514 49.191412, -123.999699 49.191307, -123.999882 49.191195, -124.000032 49.191091, -124.000149 49.191005, -124.000282 49.190897, -124.000398 49.190785, -124.000536 49.190636, -124.000735 49.190412, -124.001158 49.189918, -124.001818 49.189115, -124.002469 49.188359, -124.003295 49.188651, -124.003627 49.18878, -124.004047 49.188947, -124.004573 49.189185, -124.006205 49.189922, -124.007831 49.190636, -124.008886 49.191074, -124.009729 49.191406, -124.010582 49.191725, -124.011725 49.192136, -124.013164 49.192623, -124.013563 49.192758, -124.014141 49.192945, -124.015011 49.193199, -124.014292 49.195064, -124.014302 49.19523, -124.014295 49.195483, -124.014292 49.1956, -124.01413 49.195603, -124.014085 49.195609, -124.014047 49.195617, -124.013969 49.195643, -124.014015 49.19568, -124.01403 49.195697, -124.014043 49.19572, -124.014047 49.19574, -124.01405 49.195801, -124.014056 49.19632, -124.014057 49.196844, -124.014056 49.197325, -124.014061 49.197777, -124.014075 49.198309, -124.014087 49.198832, -124.014091 49.199049, -124.014087 49.199096, -124.014079 49.199131, -124.014042 49.199278, -124.013922 49.199258, -124.013812 49.199241, -124.013719 49.199234, -124.013553 49.199223, -124.013402 49.199221, -124.012964 49.199216, -124.012594 49.199213, -124.012603 49.199547, -124.012603 49.199833, -124.012596 49.200086, -124.012591 49.200459, -124.012585 49.200847, -124.012582 49.201076)))"
801910,Wellington,Neighborhood,N,Neighborhood,West,Wellington,,CAN,"Nanaimo, BC",49.205705,-124.023569,20220419,2867189.867,Canada,British Columbia,"Nanaimo, BC",Nanaimo,"MULTIPOLYGON (((-124.012582 49.201076, -124.012585 49.200847, -124.012591 49.200459, -124.012596 49.200086, -124.012603 49.199833, -124.012603 49.199547, -124.012594 49.199213, -124.012964 49.199216, -124.013402 49.199221, -124.013553 49.199223, -124.013719 49.199234, -124.013812 49.199241, -124.013922 49.199258, -124.014042 49.199278, -124.014079 49.199131, -124.014087 49.199096, -124.014091 49.199049, -124.014087 49.198832, -124.014075 49.198309, -124.014061 49.197777, -124.014056 49.197325, -124.014057 49.196844, -124.014056 49.19632, -124.01405 49.195801, -124.014047 49.19574, -124.014043 49.19572, -124.01403 49.195697, -124.014015 49.19568, -124.013969 49.195643, -124.014047 49.195617, -124.014085 49.195609, -124.01413 49.195603, -124.014292 49.1956, -124.014295 49.195483, -124.014302 49.19523, -124.014292 49.195064, -124.015011 49.193199, -124.015487 49.193338, -124.016861 49.193731, -124.017565 49.193938, -124.018516 49.194212, -124.019745 49.194572, -124.020617 49.194828, -124.02096 49.194928, -124.021202 49.195005, -124.021464 49.195088, -124.021866 49.195224, -124.022272 49.195368, -124.022639 49.195502, -124.022931 49.195623, -124.02326 49.195767, -124.023611 49.195934, -124.023926 49.196086, -124.024167 49.196212, -124.024384 49.196338, -124.024737 49.196549, -124.025124 49.196804, -124.025475 49.197056, -124.025774 49.197293, -124.026039 49.197513, -124.026276 49.197722, -124.026512 49.197956, -124.026741 49.198182, -124.02692 49.198379, -124.027152 49.198667, -124.027385 49.198986, -124.02761 49.199305, -124.027755 49.199542, -124.027861 49.199733, -124.028074 49.200178, -124.028491 49.201087, -124.028785 49.20171, -124.028963 49.202078, -124.029086 49.202315, -124.029249 49.202607, -124.029375 49.202813, -124.029506 49.202996, -124.02966 49.203202, -124.029804 49.203366, -124.030056 49.203613, -124.03038 49.203901, -124.030612 49.204091, -124.030853 49.204269, -124.031158 49.204475, -124.031422 49.204634, -124.031718 49.204804, -124.032073 49.204972, -124.032313 49.205095, -124.032708 49.205257, -124.033256 49.205442, -124.034565 49.205823, -124.036449 49.206325, -124.037555 49.20662, -124.038119 49.206801, -124.038454 49.206917, -124.03877 49.20704, -124.038921 49.207102, -124.039152 49.207197, -124.039421 49.207321, -124.039705 49.207463, -124.039985 49.207609, -124.040214 49.207738, -124.040494 49.207908, -124.040787 49.208088, -124.041036 49.208271, -124.041257 49.208446, -124.041553 49.208698, -124.041813 49.208935, -124.041969 49.209098, -124.042111 49.209263, -124.042305 49.209492, -124.042455 49.209672, -124.042597 49.209867, -124.042716 49.210041, -124.042814 49.210201, -124.042937 49.210427, -124.04298 49.21053, -124.04303 49.210646, -124.039797 49.210577, -124.039325 49.21057, -124.038844 49.210567, -124.038192 49.210564, -124.037694 49.210556, -124.037134 49.210551, -124.036608 49.210548, -124.036097 49.210548, -124.035119 49.21053, -124.035071 49.211312, -124.035061 49.211565, -124.035048 49.211925, -124.035035 49.212057, -124.035009 49.212196, -124.034978 49.212283, -124.034931 49.212374, -124.034858 49.212506, -124.034763 49.212626, -124.034643 49.212753, -124.034538 49.212837, -124.034431 49.212915, -124.034335 49.212978, -124.034238 49.21303, -124.034044 49.213112, -124.033879 49.213177, -124.032909 49.213502, -124.031555 49.213952, -124.031318 49.214023, -124.030985 49.214109, -124.030684 49.214176, -124.030134 49.214286, -124.029392 49.214423, -124.028506 49.214586, -124.027804 49.214731, -124.02742 49.214812, -124.026499 49.215021, -124.026081 49.215113, -124.025738 49.215183, -124.02553 49.214805, -124.025475 49.2147, -124.02544 49.214609, -124.02542 49.214531, -124.025413 49.214444, -124.025417 49.214374, -124.025432 49.214324, -124.025452 49.214273, -124.025485 49.21421, -124.025515 49.214176, -124.025575 49.214119, -124.025075 49.213629, -124.024786 49.213638, -124.024566 49.213656, -124.024359 49.213662, -124.024249 49.213483, -124.024146 49.213433, -124.024042 49.213411, -124.023953 49.213418, -124.023874 49.213444, -124.023847 49.213483, -124.023812 49.213564, -124.023681 49.213647, -124.023509 49.213761, -124.023327 49.213813, -124.023172 49.213818, -124.023048 49.21378, -124.022818 49.213678, -124.022694 49.213607, -124.022526 49.213552, -124.02246 49.213533, -124.02216 49.213462, -124.021989 49.21342, -124.02178 49.213382, -124.021563 49.213368, -124.021424 49.213353, -124.0213 49.213297, -124.020926 49.213128, -124.02052 49.212975, -124.020221 49.21285, -124.020087 49.212768, -124.019989 49.212704, -124.019808 49.212637, -124.019692 49.212583, -124.019491 49.212488, -124.019365 49.21244, -124.019172 49.212392, -124.019018 49.212352, -124.018831 49.212314, -124.018678 49.212293, -124.018522 49.212266, -124.018384 49.212238, -124.018093 49.212192, -124.017915 49.212157, -124.01762 49.212096, -124.017459 49.212059, -124.017331 49.212019, -124.017224 49.211983, -124.017009 49.211913, -124.016643 49.21183, -124.016236 49.21175, -124.015995 49.211718, -124.015853 49.211702, -124.015761 49.211689, -124.015659 49.211683, -124.015568 49.211661, -124.015483 49.21163, -124.015428 49.211601, -124.015392 49.211592, -124.01533 49.211585, -124.015269 49.211585, -124.015154 49.211583, -124.015064 49.211571, -124.01499 49.211545, -124.014915 49.211529, -124.014847 49.211523, -124.014785 49.211518, -124.014703 49.211501, -124.014533 49.211466, -124.014406 49.211444, -124.014199 49.211398, -124.01408 49.211362, -124.013953 49.211323, -124.0138 49.211292, -124.013665 49.21128, -124.013537 49.211265, -124.013367 49.211242, -124.01322 49.211222, -124.01292 49.211169, -124.012602 49.211105, -124.012458 49.21108, -124.012399 49.211073, -124.012305 49.21108, -124.012238 49.211101, -124.012181 49.211122, -124.012104 49.211125, -124.011907 49.211107, -124.011921 49.211057, -124.011866 49.211039, -124.011811 49.211036, -124.011728 49.21105, -124.01169 49.211112, -124.011606 49.211104, -124.011494 49.211087, -124.011424 49.211084, -124.011383 49.211089, -124.011355 49.211098, -124.011334 49.211135, -124.011246 49.21113, -124.011112 49.211126, -124.01087 49.211128, -124.010727 49.211135, -124.010593 49.211119, -124.010513 49.211091, -124.010459 49.21108, -124.010391 49.21107, -124.010297 49.211067, -124.010103 49.211067, -124.009992 49.211066, -124.009941 49.211061, -124.009848 49.21104, -124.009807 49.211031, -124.009773 49.211031, -124.009673 49.211045, -124.009565 49.21106, -124.009488 49.211068, -124.009406 49.21107, -124.009178 49.211056, -124.008966 49.21103, -124.008563 49.21098, -124.008413 49.210955, -124.008346 49.210942, -124.008294 49.210923, -124.008255 49.210886, -124.008214 49.210849, -124.00813 49.210784, -124.008078 49.210759, -124.008019 49.210743, -124.007954 49.210732, -124.007814 49.210725, -124.007674 49.210732, -124.007606 49.210741, -124.007547 49.210762, -124.007478 49.210778, -124.007447 49.210781, -124.007403 49.210781, -124.007336 49.210783, -124.007226 49.210778, -124.007126 49.210772, -124.00695 49.210763, -124.006925 49.210764, -124.006889 49.210786, -124.006829 49.210818, -124.006797 49.210848, -124.006776 49.21087, -124.006746 49.210878, -124.006713 49.21087, -124.006685 49.210857, -124.006662 49.210853, -124.006614 49.210866, -124.00662 49.21088, -124.006573 49.210891, -124.00654 49.210897, -124.006494 49.210903, -124.00645 49.21091, -124.006423 49.210915, -124.006405 49.210926, -124.006394 49.210943, -124.006389 49.210953, -124.006362 49.210966, -124.006283 49.211002, -124.006143 49.211059, -124.005967 49.21113, -124.00588 49.211164, -124.005904 49.211189, -124.00589 49.211207, -124.00585 49.211247, -124.005809 49.211277, -124.005734 49.211331, -124.005692 49.211351, -124.005658 49.211363, -124.005522 49.211412, -124.005407 49.211445, -124.00538 49.211449, -124.005351 49.211448, -124.00532 49.211442, -124.005322 49.211418, -124.005252 49.211411, -124.005238 49.211442, -124.005177 49.211443, -124.005139 49.211434, -124.005088 49.21142, -124.005012 49.2114, -124.004931 49.211369, -124.004845 49.211327, -124.004766 49.211282, -124.004692 49.211218, -124.00471 49.21121, -124.004683 49.211184, -124.004615 49.211112, -124.004561 49.211055, -124.004522 49.210994, -124.004525 49.210983, -124.00453 49.210963, -124.004522 49.210942, -124.004503 49.210919, -124.004469 49.210887, -124.004441 49.210834, -124.004387 49.210708, -124.004353 49.210621, -124.004327 49.210555, -124.004288 49.210471, -124.004283 49.210368, -124.004291 49.210254, -124.004295 49.210223, -124.004296 49.21014, -124.0043 49.210092, -124.004343 49.210025, -124.004444 49.209972, -124.004653 49.209891, -124.004743 49.209853, -124.004873 49.209836, -124.005004 49.209802, -124.005136 49.209744, -124.005306 49.209669, -124.005493 49.209597, -124.005584 49.209575, -124.005693 49.209578, -124.005921 49.209595, -124.005922 49.209595, -124.006081 49.209629, -124.006289 49.209609, -124.006459 49.209596, -124.006749 49.209579, -124.006949 49.209569, -124.007212 49.20956, -124.007471 49.209548, -124.007572 49.209549, -124.007631 49.20955, -124.007676 49.209564, -124.007712 49.20957, -124.007871 49.209557, -124.008085 49.209513, -124.008359 49.209454, -124.008542 49.209416, -124.00871 49.209396, -124.008878 49.209377, -124.009042 49.209366, -124.009275 49.209351, -124.00943 49.209348, -124.009532 49.209357, -124.00953 49.209397, -124.009655 49.209402, -124.009838 49.20941, -124.009836 49.209444, -124.009883 49.209446, -124.009889 49.209412, -124.009955 49.209417, -124.010002 49.209408, -124.010017 49.209373, -124.010142 49.20938, -124.010229 49.209384, -124.010253 49.209403, -124.010341 49.209375, -124.010471 49.209342, -124.010553 49.20932, -124.01064 49.2093, -124.010928 49.209283, -124.011045 49.209344, -124.011116 49.209292, -124.011156 49.209274, -124.011214 49.209266, -124.011262 49.209262, -124.011473 49.209265, -124.01176 49.209267, -124.011932 49.208773, -124.012081 49.20876, -124.012109 49.208705, -124.012139 49.208664, -124.012205 49.208597, -124.012557 49.208303, -124.012922 49.207979, -124.013288 49.207653, -124.013598 49.207362, -124.013849 49.207171, -124.01422 49.206828, -124.014342 49.20675, -124.01438 49.206732, -124.014414 49.206725, -124.014493 49.206715, -124.014599 49.206568, -124.01504 49.205916, -124.015458 49.205275, -124.015602 49.205198, -124.015699 49.205143, -124.015851 49.204949, -124.015927 49.204811, -124.015974 49.204623, -124.016071 49.204479, -124.016224 49.204345, -124.016739 49.204032, -124.016862 49.203963, -124.0169 49.203891, -124.016913 49.203836, -124.016866 49.203681, -124.016841 49.20364, -124.016773 49.203587, -124.016616 49.203504, -124.016323 49.203298, -124.016107 49.203077, -124.016039 49.202972, -124.016043 49.20287, -124.016048 49.202795, -124.016009 49.202748, -124.015864 49.202662, -124.014797 49.20209, -124.014558 49.202014, -124.014351 49.201978, -124.014135 49.201961, -124.014 49.20195, -124.012598 49.201934, -124.012579 49.201312, -124.012582 49.201076)))"
801911,Parkwood,Neighborhood,N,Neighborhood,Dover,Parkwood,,CAN,"Nanaimo, BC",49.230664,-124.033888,20220419,390431.374,Canada,British Columbia,"Nanaimo, BC",Nanaimo,"MULTIPOLYGON (((-124.034991 49.225775, -124.035389 49.226148, -124.035988 49.226706, -124.036413 49.227107, -124.03658 49.227274, -124.036698 49.227414, -124.036814 49.227565, -124.036892 49.227679, -124.036965 49.227798, -124.03702 49.227901, -124.037065 49.228012, -124.037101 49.228109, -124.037132 49.2282, -124.037162 49.228368, -124.037167 49.228434, -124.037168 49.228606, -124.037155 49.229136, -124.037143 49.229653, -124.037135 49.230022, -124.037142 49.230422, -124.037136 49.230775, -124.037121 49.231303, -124.037105 49.231858, -124.037093 49.232217, -124.037094 49.232525, -124.037096 49.232727, -124.037096 49.232817, -124.037102 49.232898, -124.03712 49.233127, -124.037146 49.233393, -124.037171 49.233738, -124.037167 49.23424, -124.035892 49.234217, -124.034255 49.234213, -124.033072 49.234219, -124.031733 49.234201, -124.030325 49.234198, -124.030259 49.233877, -124.030155 49.233292, -124.03005 49.232765, -124.029938 49.232213, -124.029847 49.231726, -124.029831 49.231606, -124.029827 49.231523, -124.029831 49.231327, -124.029851 49.231035, -124.029866 49.230944, -124.02989 49.230841, -124.029923 49.230756, -124.030104 49.230394, -124.030184 49.230244, -124.030257 49.230144, -124.030349 49.230033, -124.030574 49.229803, -124.030869 49.229495, -124.031076 49.229272, -124.031366 49.229002, -124.031707 49.228693, -124.031962 49.228468, -124.032153 49.228278, -124.032381 49.228023, -124.032581 49.227786, -124.032639 49.227721, -124.032727 49.227568, -124.032853 49.22733, -124.032936 49.227148, -124.032987 49.227014, -124.033011 49.226926, -124.033049 49.226716, -124.033089 49.22627, -124.03311 49.226129, -124.033128 49.226086, -124.033149 49.226073, -124.033171 49.226059, -124.033252 49.226035, -124.033328 49.226022, -124.033521 49.226013, -124.033863 49.225992, -124.034129 49.22596, -124.034355 49.225926, -124.03457 49.225886, -124.034723 49.225851, -124.034991 49.225775)))"
801912,Long Lake Heights,Neighborhood,N,Neighborhood,,Long Lake Heights,,CAN,"Nanaimo, BC",49.213231,-124.013956,20220419,428334.441,Canada,British Columbia,"Nanaimo, BC",Nanaimo,"MULTIPOLYGON (((-124.002846 49.211097, -124.002836 49.211066, -124.002827 49.211014, -124.002822 49.210964, -124.002818 49.21087, -124.002828 49.210625, -124.003461 49.210631, -124.004233 49.21063, -124.004353 49.210621, -124.004387 49.210708, -124.004441 49.210834, -124.004469 49.210887, -124.004503 49.210919, -124.004522 49.210942, -124.00453 49.210963, -124.004525 49.210983, -124.004522 49.210994, -124.004561 49.211055, -124.004615 49.211112, -124.004683 49.211184, -124.00471 49.21121, -124.004692 49.211218, -124.004766 49.211282, -124.004845 49.211327, -124.004931 49.211369, -124.005012 49.2114, -124.005088 49.21142, -124.005139 49.211434, -124.005177 49.211443, -124.005238 49.211442, -124.005252 49.211411, -124.005322 49.211418, -124.00532 49.211442, -124.005351 49.211448, -124.00538 49.211449, -124.005407 49.211445, -124.005522 49.211412, -124.005658 49.211363, -124.005692 49.211351, -124.005734 49.211331, -124.005809 49.211277, -124.00585 49.211247, -124.00589 49.211207, -124.005904 49.211189, -124.00588 49.211164, -124.005967 49.21113, -124.006143 49.211059, -124.006283 49.211002, -124.006362 49.210966, -124.006389 49.210953, -124.006394 49.210943, -124.006405 49.210926, -124.006423 49.210915, -124.00645 49.21091, -124.006494 49.210903, -124.00654 49.210897, -124.006573 49.210891, -124.00662 49.21088, -124.006614 49.210866, -124.006662 49.210853, -124.006685 49.210857, -124.006713 49.21087, -124.006746 49.210878, -124.006776 49.21087, -124.006797 49.210848, -124.006829 49.210818, -124.006889 49.210786, -124.006925 49.210764, -124.00695 49.210763, -124.007126 49.210772, -124.007226 49.210778, -124.007336 49.210783, -124.007403 49.210781, -124.007447 49.210781, -124.007478 49.210778, -124.007547 49.210762, -124.007606 49.210741, -124.007674 49.210732, -124.007814 49.210725, -124.007954 49.210732, -124.008019 49.210743, -124.008078 49.210759, -124.00813 49.210784, -124.008214 49.210849, -124.008255 49.210886, -124.008294 49.210923, -124.008346 49.210942, -124.008413 49.210955, -124.008563 49.21098, -124.008966 49.21103, -124.009178 49.211056, -124.009406 49.21107, -124.009488 49.211068, -124.009565 49.21106, -124.009673 49.211045, -124.009773 49.211031, -124.009807 49.211031, -124.009848 49.21104, -124.009941 49.211061, -124.009992 49.211066, -124.010103 49.211067, -124.010297 49.211067, -124.010391 49.21107, -124.010459 49.21108, -124.010513 49.211091, -124.010593 49.211119, -124.010727 49.211135, -124.01087 49.211128, -124.011112 49.211126, -124.011246 49.21113, -124.011334 49.211135, -124.011355 49.211098, -124.011383 49.211089, -124.011424 49.211084, -124.011494 49.211087, -124.011606 49.211104, -124.01169 49.211112, -124.011728 49.21105, -124.011811 49.211036, -124.011866 49.211039, -124.011921 49.211057, -124.011907 49.211107, -124.012104 49.211125, -124.012181 49.211122, -124.012238 49.211101, -124.012305 49.21108, -124.012399 49.211073, -124.012458 49.21108, -124.012602 49.211105, -124.01292 49.211169, -124.01322 49.211222, -124.013367 49.211242, -124.013537 49.211265, -124.013665 49.21128, -124.0138 49.211292, -124.013953 49.211323, -124.01408 49.211362, -124.014199 49.211398, -124.014406 49.211444, -124.014533 49.211466, -124.014703 49.211501, -124.014785 49.211518, -124.014847 49.211523, -124.014915 49.211529, -124.01499 49.211545, -124.015064 49.211571, -124.015154 49.211583, -124.015269 49.211585, -124.01533 49.211585, -124.015392 49.211592, -124.015428 49.211601, -124.015483 49.21163, -124.015568 49.211661, -124.015659 49.211683, -124.015761 49.211689, -124.015853 49.211702, -124.015995 49.211718, -124.016236 49.21175, -124.016643 49.21183, -124.017009 49.211913, -124.017224 49.211983, -124.017331 49.212019, -124.017459 49.212059, -124.01762 49.212096, -124.017915 49.212157, -124.018093 49.212192, -124.018384 49.212238, -124.018522 49.212266, -124.018678 49.212293, -124.018831 49.212314, -124.019018 49.212352, -124.019172 49.212392, -124.019365 49.21244, -124.019491 49.212488, -124.019692 49.212583, -124.019808 49.212637, -124.019989 49.212704, -124.020087 49.212768, -124.020221 49.21285, -124.02052 49.212975, -124.020926 49.213128, -124.0213 49.213297, -124.021424 49.213353, -124.021563 49.213368, -124.02178 49.213382, -124.021989 49.21342, -124.02216 49.213462, -124.02246 49.213533, -124.022526 49.213552, -124.021797 49.214401, -124.02037 49.215929, -124.019668 49.216654, -124.019396 49.216659, -124.019267 49.216609, -124.019221 49.216583, -124.019164 49.216546, -124.018779 49.216544, -124.018419 49.216539, -124.018146 49.216548, -124.018131 49.216109, -124.018008 49.216113, -124.017918 49.216116, -124.017818 49.216129, -124.017493 49.216174, -124.017341 49.216191, -124.017211 49.216203, -124.017106 49.216207, -124.017066 49.215743, -124.016818 49.21578, -124.016471 49.21572, -124.016068 49.215644, -124.015738 49.215587, -124.014726 49.215333, -124.013965 49.21517, -124.01296 49.214904, -124.012736 49.214853, -124.012488 49.214763, -124.011711 49.214134, -124.01119 49.213718, -124.01113 49.21373, -124.011091 49.213734, -124.010724 49.213757, -124.010631 49.213767, -124.010568 49.213777, -124.010512 49.21379, -124.010384 49.213839, -124.0098 49.213555, -124.009183 49.213268, -124.008745 49.213062, -124.008245 49.212835, -124.007712 49.212594, -124.007359 49.212437, -124.007136 49.212335, -124.006925 49.212243, -124.006783 49.212444, -124.006732 49.212529, -124.006391 49.212521, -124.005593 49.21241, -124.004125 49.212176, -124.003248 49.212074, -124.003245 49.211928, -124.003108 49.211878, -124.002893 49.211809, -124.002716 49.211747, -124.002795 49.211706, -124.00284 49.21168, -124.002896 49.211644, -124.002959 49.211597, -124.003114 49.211479, -124.002918 49.211214, -124.002874 49.211155, -124.002851 49.211114, -124.002846 49.211097)))"
801913,Uplands,Neighborhood,N,Neighborhood,North,Uplands,,CAN,"Nanaimo, BC",49.218765,-124.01119,20220419,2621987.931,Canada,British Columbia,"Nanaimo, BC",Nanaimo,"MULTIPOLYGON (((-124.020032 49.22773, -124.019851 49.22762, -124.019728 49.227545, -124.01967 49.227517, -124.019621 49.227495, -124.019438 49.227428, -124.01939 49.227416, -124.019344 49.227408, -124.019306 49.227407, -124.019262 49.227407, -124.019221 49.227399, -124.019197 49.227392, -124.01916 49.227377, -124.019105 49.22735, -124.018949 49.227262, -124.018702 49.227128, -124.018487 49.227229, -124.01727 49.226753, -124.016447 49.227113, -124.016406 49.227126, -124.016368 49.227137, -124.016326 49.227145, -124.016261 49.227152, -124.016103 49.227158, -124.015962 49.227161, -124.015843 49.227159, -124.015746 49.227154, -124.015612 49.227142, -124.015393 49.227114, -124.014923 49.227046, -124.014595 49.226993, -124.014357 49.226945, -124.014121 49.226892, -124.014 49.226871, -124.01389 49.226857, -124.013467 49.226796, -124.012466 49.226674, -124.011749 49.226595, -124.011694 49.226742, -124.011656 49.226824, -124.011636 49.226844, -124.011614 49.226856, -124.011052 49.226884, -124.009573 49.226995, -124.009234 49.22702, -124.009145 49.227032, -124.009091 49.227044, -124.008993 49.227071, -124.008921 49.226979, -124.0089 49.226954, -124.008873 49.226896, -124.008858 49.226861, -124.008847 49.226845, -124.008826 49.226823, -124.008738 49.226739, -124.008582 49.226576, -124.008462 49.226452, -124.008339 49.22632, -124.008435 49.226245, -124.008178 49.225579, -124.007687 49.224273, -124.005578 49.223501, -124.006427 49.221613, -124.00708 49.220246, -124.005363 49.219905, -124.001701 49.219135, -124.000039 49.218817, -123.999615 49.218754, -123.99941 49.21871, -123.999179 49.218635, -123.999033 49.218558, -123.998976 49.21852, -123.998257 49.217988, -123.998043 49.217749, -123.997967 49.21769, -123.997806 49.217611, -123.997476 49.217452, -123.995637 49.216762, -123.994844 49.216276, -123.994713 49.216182, -123.994635 49.216117, -123.994557 49.216029, -123.994232 49.215606, -123.994187 49.215613, -123.994133 49.215615, -123.994104 49.215615, -123.994079 49.215612, -123.994032 49.215601, -123.994005 49.215591, -123.99396 49.215569, -123.993917 49.215544, -123.993769 49.215438, -123.993595 49.215316, -123.993434 49.21521, -123.993323 49.215144, -123.993496 49.214987, -123.993565 49.214909, -123.993617 49.214842, -123.993665 49.214778, -123.993735 49.214665, -123.993762 49.214596, -123.993793 49.214505, -123.993838 49.214347, -123.993887 49.214165, -123.99393 49.213933, -123.99398 49.213647, -123.994001 49.213472, -123.99403 49.212848, -123.994048 49.212303, -123.994068 49.211791, -123.99409 49.21123, -123.994108 49.210735, -123.994117 49.210512, -123.994129 49.209978, -123.994252 49.20996, -123.994336 49.209942, -123.994449 49.209912, -123.994553 49.209879, -123.994731 49.20982, -123.994913 49.20975, -123.995223 49.209635, -123.995757 49.209454, -123.996149 49.209327, -123.996437 49.20924, -123.997155 49.209053, -123.998007 49.20885, -123.998762 49.208668, -123.999155 49.208569, -123.999192 49.20866, -123.999198 49.208685, -123.999201 49.20873, -123.999203 49.208986, -123.999205 49.209396, -123.999209 49.209672, -123.999211 49.209977, -123.999212 49.210161, -123.999215 49.210309, -123.99921 49.210365, -123.999206 49.210398, -123.9992 49.210427, -123.999186 49.210461, -123.999167 49.210503, -123.999142 49.210539, -123.999111 49.210572, -123.999074 49.210607, -123.999016 49.210648, -123.999177 49.210753, -123.999191 49.210956, -123.999215 49.211081, -123.999424 49.211088, -123.999806 49.211099, -124.000173 49.211099, -124.000731 49.211099, -124.00108 49.2111, -124.001378 49.211101, -124.00184 49.211103, -124.002332 49.211103, -124.002846 49.211097, -124.002851 49.211114, -124.002874 49.211155, -124.002918 49.211214, -124.003114 49.211479, -124.002959 49.211597, -124.002896 49.211644, -124.00284 49.21168, -124.002795 49.211706, -124.002716 49.211747, -124.002893 49.211809, -124.003108 49.211878, -124.003245 49.211928, -124.003248 49.212074, -124.004125 49.212176, -124.005593 49.21241, -124.006391 49.212521, -124.006732 49.212529, -124.006783 49.212444, -124.006925 49.212243, -124.007136 49.212335, -124.007359 49.212437, -124.007712 49.212594, -124.008245 49.212835, -124.008745 49.213062, -124.009183 49.213268, -124.0098 49.213555, -124.010384 49.213839, -124.010512 49.21379, -124.010568 49.213777, -124.010631 49.213767, -124.010724 49.213757, -124.011091 49.213734, -124.01113 49.21373, -124.01119 49.213718, -124.011711 49.214134, -124.012488 49.214763, -124.012736 49.214853, -124.01296 49.214904, -124.013965 49.21517, -124.014726 49.215333, -124.015738 49.215587, -124.016068 49.215644, -124.016471 49.21572, -124.016818 49.21578, -124.017066 49.215743, -124.017106 49.216207, -124.017211 49.216203, -124.017341 49.216191, -124.017493 49.216174, -124.017818 49.216129, -124.017918 49.216116, -124.018008 49.216113, -124.018131 49.216109, -124.018146 49.216548, -124.018419 49.216539, -124.018779 49.216544, -124.019164 49.216546, -124.019221 49.216583, -124.019267 49.216609, -124.019396 49.216659, -124.019668 49.216654, -124.02037 49.215929, -124.021797 49.214401, -124.022526 49.213552, -124.022694 49.213607, -124.022818 49.213678, -124.023048 49.21378, -124.023172 49.213818, -124.023327 49.213813, -124.023509 49.213761, -124.023681 49.213647, -124.023812 49.213564, -124.023847 49.213483, -124.023874 49.213444, -124.023953 49.213418, -124.024042 49.213411, -124.024146 49.213433, -124.024249 49.213483, -124.024359 49.213662, -124.024566 49.213656, -124.024786 49.213638, -124.025075 49.213629, -124.025575 49.214119, -124.025515 49.214176, -124.025485 49.21421, -124.025452 49.214273, -124.025432 49.214324, -124.025417 49.214374, -124.025413 49.214444, -124.02542 49.214531, -124.02544 49.214609, -124.025475 49.2147, -124.02553 49.214805, -124.025738 49.215183, -124.025138 49.215305, -124.024855 49.215374, -124.024671 49.21543, -124.024513 49.215487, -124.024347 49.215557, -124.024202 49.215634, -124.024086 49.215709, -124.023909 49.215837, -124.023804 49.215929, -124.023706 49.216013, -124.023623 49.216101, -124.023523 49.216219, -124.023415 49.216365, -124.02331 49.216532, -124.023231 49.216682, -124.023157 49.216871, -124.023043 49.217207, -124.023002 49.217361, -124.022969 49.217522, -124.022942 49.2177, -124.022928 49.21801, -124.022916 49.218419, -124.022907 49.218741, -124.023245 49.218744, -124.023374 49.218748, -124.023539 49.218756, -124.023741 49.218769, -124.023897 49.21879, -124.024076 49.218822, -124.02421 49.218851, -124.024493 49.218928, -124.025357 49.219223, -124.026183 49.219514, -124.026996 49.219803, -124.027834 49.220089, -124.028699 49.220394, -124.028904 49.22048, -124.029011 49.220528, -124.02915 49.220607, -124.029278 49.220682, -124.02938 49.220748, -124.029516 49.220847, -124.029843 49.221134, -124.030327 49.221573, -124.030173 49.221663, -124.030043 49.221723, -124.029887 49.221768, -124.029874 49.222074, -124.029247 49.222327, -124.027708 49.222324, -124.027473 49.222314, -124.02713 49.222495, -124.026644 49.222919, -124.025853 49.223615, -124.025184 49.223372, -124.024951 49.223292, -124.024728 49.223241, -124.024429 49.223194, -124.023856 49.223128, -124.023544 49.223105, -124.02352 49.223405, -124.023498 49.223727, -124.023486 49.224143, -124.023474 49.224352, -124.023463 49.2245, -124.023448 49.224609, -124.023426 49.224715, -124.023403 49.224802, -124.02337 49.224901, -124.023341 49.224971, -124.023304 49.225053, -124.023229 49.225194, -124.02314 49.225354, -124.023074 49.225467, -124.023018 49.225541, -124.022938 49.225637, -124.02287 49.225713, -124.02278 49.225805, -124.022704 49.225874, -124.022555 49.226003, -124.022426 49.22611, -124.022306 49.2262, -124.02173 49.22659, -124.02126 49.226889, -124.020629 49.22732, -124.020188 49.227619, -124.020032 49.22773)))"
801914,Chase River,Neighborhood,N,Neighborhood,South,Chase River,,CAN,"Nanaimo, BC",49.126763,-123.921826,20220419,3961726.834,Canada,British Columbia,"Nanaimo, BC",Nanaimo,"MULTIPOLYGON (((-123.923195 49.141272, -123.922779 49.140981, -123.922725 49.140941, -123.922621 49.1409, -123.92253 49.140863, -123.922305 49.140796, -123.922162 49.140743, -123.921784 49.140548, -123.921426 49.140315, -123.921152 49.140115, -123.921053 49.140019, -123.921009 49.139956, -123.921012 49.139937, -123.921049 49.139905, -123.921123 49.139846, -123.921189 49.139796, -123.921209 49.139769, -123.921217 49.139745, -123.92119 49.139698, -123.921148 49.139651, -123.921066 49.139573, -123.920968 49.139497, -123.920856 49.139423, -123.92074 49.139347, -123.920652 49.139287, -123.920597 49.139235, -123.920508 49.139138, -123.920402 49.138936, -123.920355 49.138813, -123.920355 49.138758, -123.920363 49.138641, -123.920363 49.138582, -123.920317 49.138376, -123.920145 49.13778, -123.919989 49.137272, -123.919967 49.137206, -123.919952 49.137133, -123.91992 49.137023, -123.919866 49.13691, -123.919745 49.1367, -123.919698 49.13664, -123.917419 49.135991, -123.917244 49.136012, -123.91714 49.136012, -123.917046 49.136002, -123.916998 49.135991, -123.916896 49.135955, -123.91665 49.135859, -123.916355 49.135717, -123.916303 49.135693, -123.916262 49.135651, -123.916235 49.135614, -123.916191 49.135573, -123.916133 49.135532, -123.916063 49.135495, -123.915975 49.135455, -123.915617 49.13531, -123.915412 49.135226, -123.915343 49.1352, -123.915257 49.135175, -123.915099 49.135138, -123.915025 49.135127, -123.914765 49.135118, -123.914677 49.135115, -123.914498 49.135079, -123.914415 49.135053, -123.914062 49.134927, -123.913926 49.134884, -123.913801 49.134862, -123.913498 49.134831, -123.912963 49.134785, -123.912668 49.134742, -123.912581 49.13472, -123.912308 49.134585, -123.912058 49.134451, -123.911986 49.1344, -123.911828 49.134268, -123.911568 49.134043, -123.91152 49.134016, -123.911449 49.13399, -123.911344 49.133958, -123.911293 49.133944, -123.91128 49.133946, -123.911267 49.13397, -123.911258 49.134008, -123.911244 49.134071, -123.911227 49.134102, -123.911214 49.134115, -123.911191 49.13412, -123.911149 49.1341, -123.910993 49.134002, -123.910833 49.133897, -123.910665 49.13376, -123.910472 49.133626, -123.91029 49.133508, -123.910217 49.133469, -123.910111 49.133413, -123.910015 49.133365, -123.909764 49.133233, -123.909623 49.133161, -123.909001 49.132908, -123.90844 49.131913, -123.908423 49.131882, -123.908372 49.131819, -123.908161 49.131621, -123.907977 49.131505, -123.90796 49.131476, -123.907957 49.131434, -123.907977 49.131393, -123.908001 49.13132, -123.907998 49.131052, -123.907809 49.12879, -123.907888 49.127309, -123.908058 49.126268, -123.908279 49.125522, -123.908359 49.125117, -123.908464 49.123434, -123.909727 49.121638, -123.91318 49.118534, -123.913551 49.118415, -123.914237 49.118283, -123.915568 49.118102, -123.916363 49.117915, -123.916398 49.117541, -123.920263 49.117552, -123.920253 49.117203, -123.920262 49.117146, -123.920277 49.11708, -123.920296 49.117029, -123.920302 49.116963, -123.920298 49.116554, -123.920267 49.115729, -123.920263 49.115612, -123.921797 49.115592, -123.923048 49.115589, -123.923582 49.11559, -123.923951 49.115591, -123.9242 49.115616, -123.924542 49.115276, -123.925256 49.114599, -123.925616 49.114264, -123.926102 49.113921, -123.926525 49.113553, -123.926822 49.113303, -123.927394 49.11283, -123.927729 49.112583, -123.928059 49.112319, -123.928425 49.112001, -123.928597 49.111853, -123.928565 49.111804, -123.928536 49.111743, -123.92852 49.1117, -123.928503 49.111638, -123.929157 49.111638, -123.929234 49.111465, -123.929311 49.11128, -123.929346 49.111222, -123.929441 49.111026, -123.929551 49.11089, -123.929832 49.111031, -123.930082 49.110742, -123.930356 49.110486, -123.930516 49.110371, -123.930785 49.110216, -123.930864 49.110172, -123.930926 49.110148, -123.931098 49.110108, -123.931454 49.110053, -123.931727 49.10996, -123.931983 49.109886, -123.931983 49.109762, -123.932503 49.109773, -123.933132 49.109778, -123.933132 49.110189, -123.933094 49.110221, -123.933041 49.110253, -123.93298 49.110287, -123.93301 49.110725, -123.933012 49.111161, -123.932995 49.111584, -123.932981 49.111829, -123.932978 49.112152, -123.932958 49.112499, -123.932951 49.112767, -123.932953 49.113217, -123.932943 49.11361, -123.932937 49.114, -123.932935 49.114173, -123.932924 49.114509, -123.932912 49.115101, -123.932897 49.115601, -123.93289 49.116132, -123.932898 49.116901, -123.932912 49.117844, -123.932882 49.118492, -123.932886 49.119569, -123.932847 49.120334, -123.93283 49.121331, -123.932823 49.122065, -123.932753 49.122888, -123.93113 49.122883, -123.929893 49.122888, -123.927668 49.122847, -123.926777 49.122838, -123.926222 49.12283, -123.925643 49.122828, -123.925093 49.122826, -123.924347 49.122825, -123.923788 49.122843, -123.92407 49.123193, -123.924315 49.123522, -123.924519 49.123769, -123.924684 49.123946, -123.924771 49.124033, -123.924939 49.124175, -123.925081 49.124284, -123.925261 49.1244, -123.925451 49.124507, -123.925756 49.124664, -123.926145 49.124879, -123.925852 49.125299, -123.926246 49.125465, -123.92649 49.125574, -123.926735 49.125691, -123.927106 49.125894, -123.927376 49.126065, -123.927585 49.126215, -123.927911 49.126468, -123.9282 49.126714, -123.928429 49.126931, -123.928607 49.127124, -123.92879 49.12736, -123.929162 49.12789, -123.929437 49.128363, -123.929658 49.128814, -123.93017 49.129942, -123.930415 49.130432, -123.930654 49.130815, -123.930971 49.131265, -123.931231 49.131671, -123.931517 49.132012, -123.931843 49.132359, -123.932071 49.132588, -123.932461 49.132929, -123.932422 49.135178, -123.93248 49.135795, -123.932522 49.13627, -123.932544 49.136902, -123.932531 49.137503, -123.93252 49.138113, -123.932511 49.13889, -123.93251 49.139249, -123.932544 49.14004, -123.932597 49.14101, -123.932472 49.140909, -123.932324 49.140771, -123.932277 49.140722, -123.932214 49.140654, -123.93115 49.140556, -123.930644 49.140472, -123.930562 49.140544, -123.930202 49.140397, -123.930052 49.140334, -123.929968 49.140305, -123.929925 49.140293, -123.929867 49.140282, -123.929728 49.140263, -123.92964 49.140255, -123.929532 49.140252, -123.929423 49.140259, -123.929377 49.140264, -123.929214 49.14029, -123.929043 49.140197, -123.928924 49.140137, -123.928773 49.140072, -123.928642 49.140009, -123.928522 49.140038, -123.928465 49.140051, -123.92839 49.140059, -123.928322 49.14006, -123.928208 49.140057, -123.92816 49.140102, -123.928139 49.140117, -123.928087 49.14014, -123.928057 49.140153, -123.928034 49.140158, -123.927987 49.140166, -123.927948 49.14017, -123.927892 49.140173, -123.927862 49.14018, -123.927834 49.140189, -123.927819 49.140219, -123.927145 49.140278, -123.927085 49.140167, -123.92703 49.140081, -123.926925 49.139937, -123.926824 49.139817, -123.926746 49.139732, -123.926676 49.13966, -123.926614 49.139593, -123.92583 49.140022, -123.925323 49.140277, -123.925119 49.140371, -123.924724 49.140509, -123.92459 49.140562, -123.924317 49.140695, -123.923736 49.140984, -123.923195 49.141272)))"
801915,Pleasant Valley,Neighborhood,N,Neighborhood,West,Pleasant Valley,,CAN,"Nanaimo, BC",49.220449,-124.042346,20220419,2195439.125,Canada,British Columbia,"Nanaimo, BC",Nanaimo,"MULTIPOLYGON (((-124.041188 49.229706, -124.04102 49.229463, -124.040602 49.228857, -124.04007 49.228099, -124.03959 49.227455, -124.039003 49.226629, -124.038697 49.226197, -124.038459 49.225866, -124.037819 49.224956, -124.037383 49.224332, -124.037086 49.223909, -124.036563 49.223139, -124.036 49.222332, -124.03536 49.221419, -124.03486 49.220704, -124.034362 49.220008, -124.03407 49.219594, -124.033736 49.219158, -124.033578 49.21896, -124.033396 49.218739, -124.033241 49.218552, -124.032702 49.217944, -124.032271 49.217482, -124.031759 49.216944, -124.031249 49.216398, -124.030662 49.215789, -124.030276 49.215385, -124.029895 49.214969, -124.029392 49.214423, -124.030134 49.214286, -124.030684 49.214176, -124.030985 49.214109, -124.031318 49.214023, -124.031555 49.213952, -124.032909 49.213502, -124.033879 49.213177, -124.034044 49.213112, -124.034238 49.21303, -124.034335 49.212978, -124.034431 49.212915, -124.034538 49.212837, -124.034643 49.212753, -124.034763 49.212626, -124.034858 49.212506, -124.034931 49.212374, -124.034978 49.212283, -124.035009 49.212196, -124.035035 49.212057, -124.035048 49.211925, -124.035061 49.211565, -124.035071 49.211312, -124.035119 49.21053, -124.036097 49.210548, -124.036608 49.210548, -124.037134 49.210551, -124.037694 49.210556, -124.038192 49.210564, -124.038844 49.210567, -124.039325 49.21057, -124.039797 49.210577, -124.04303 49.210646, -124.043071 49.210741, -124.043143 49.210928, -124.043226 49.211157, -124.043274 49.211288, -124.043321 49.211468, -124.043381 49.211715, -124.043436 49.212179, -124.043604 49.213271, -124.043714 49.214077, -124.044167 49.214082, -124.044587 49.214085, -124.045191 49.214088, -124.045798 49.214095, -124.046406 49.214101, -124.046906 49.214103, -124.047446 49.214106, -124.047854 49.214116, -124.048257 49.214109, -124.049827 49.214147, -124.050012 49.214599, -124.050026 49.214689, -124.050026 49.214737, -124.050019 49.214812, -124.049946 49.214973, -124.049726 49.21523, -124.049536 49.21552, -124.049367 49.215699, -124.048926 49.216134, -124.048663 49.216343, -124.048506 49.216427, -124.048373 49.216495, -124.04828 49.216552, -124.048238 49.216604, -124.047946 49.217082, -124.047864 49.217187, -124.047718 49.217332, -124.047561 49.217472, -124.047378 49.217651, -124.047341 49.217702, -124.047301 49.217874, -124.047369 49.218097, -124.047449 49.218233, -124.047633 49.218542, -124.047685 49.218617, -124.047721 49.218652, -124.047863 49.218728, -124.048094 49.21883, -124.048209 49.218879, -124.048284 49.218922, -124.048491 49.219115, -124.048696 49.219326, -124.048751 49.21938, -124.049297 49.219718, -124.049686 49.219982, -124.049822 49.220079, -124.049884 49.22011, -124.050075 49.220169, -124.050736 49.220335, -124.051217 49.22041, -124.051215 49.221149, -124.051194 49.221979, -124.051181 49.222444, -124.051095 49.222444, -124.051101 49.222685, -124.051099 49.22312, -124.051107 49.223497, -124.051105 49.223689, -124.051111 49.223765, -124.051119 49.223848, -124.051136 49.223925, -124.051153 49.223991, -124.051173 49.224052, -124.0512 49.224121, -124.051236 49.224204, -124.051279 49.224289, -124.05132 49.224364, -124.050762 49.224573, -124.05096 49.224804, -124.051092 49.224984, -124.051193 49.225149, -124.051284 49.225311, -124.05137 49.225478, -124.05143 49.225617, -124.051494 49.22578, -124.051549 49.22597, -124.051604 49.226187, -124.051636 49.226385, -124.051665 49.226623, -124.05167 49.226786, -124.051672 49.227004, -124.051643 49.227721, -124.051608 49.228345, -124.051573 49.229063, -124.051545 49.229737, -124.051513 49.230545, -124.05149 49.231021, -124.051477 49.231442, -124.05074 49.231429, -124.049991 49.231419, -124.04949 49.231409, -124.048675 49.231404, -124.047672 49.23139, -124.047037 49.231386, -124.046779 49.23138, -124.046768 49.23086, -124.046734 49.230202, -124.046698 49.22972, -124.045644 49.229718, -124.045044 49.229701, -124.043811 49.229688, -124.043642 49.229688, -124.043652 49.229734, -124.043144 49.229739, -124.042587 49.229723, -124.041761 49.229706, -124.041188 49.229706)))"
801916,South End,Neighborhood,N,Neighborhood,South,South End,,CAN,"Nanaimo, BC",49.150493,-123.932523,20220419,1751032.544,Canada,British Columbia,"Nanaimo, BC",Nanaimo,"MULTIPOLYGON (((-123.923195 49.141272, -123.923736 49.140984, -123.924317 49.140695, -123.92459 49.140562, -123.924724 49.140509, -123.925119 49.140371, -123.925323 49.140277, -123.92583 49.140022, -123.926614 49.139593, -123.926676 49.13966, -123.926746 49.139732, -123.926824 49.139817, -123.926925 49.139937, -123.92703 49.140081, -123.927085 49.140167, -123.927145 49.140278, -123.927819 49.140219, -123.927834 49.140189, -123.927862 49.14018, -123.927892 49.140173, -123.927948 49.14017, -123.927987 49.140166, -123.928034 49.140158, -123.928057 49.140153, -123.928087 49.14014, -123.928139 49.140117, -123.92816 49.140102, -123.928208 49.140057, -123.928322 49.14006, -123.92839 49.140059, -123.928465 49.140051, -123.928522 49.140038, -123.928642 49.140009, -123.928773 49.140072, -123.928924 49.140137, -123.929043 49.140197, -123.929214 49.14029, -123.929377 49.140264, -123.929423 49.140259, -123.929532 49.140252, -123.92964 49.140255, -123.929728 49.140263, -123.929867 49.140282, -123.929925 49.140293, -123.929968 49.140305, -123.930052 49.140334, -123.930202 49.140397, -123.930562 49.140544, -123.930644 49.140472, -123.93115 49.140556, -123.932214 49.140654, -123.932277 49.140722, -123.932324 49.140771, -123.932472 49.140909, -123.932597 49.14101, -123.932735 49.141109, -123.932911 49.141229, -123.933209 49.141427, -123.933614 49.141691, -123.933948 49.141909, -123.934176 49.142062, -123.934448 49.142243, -123.934585 49.14234, -123.934673 49.142405, -123.934783 49.142487, -123.934882 49.142563, -123.934982 49.142646, -123.935067 49.142721, -123.935169 49.142812, -123.935304 49.142939, -123.935417 49.14305, -123.935546 49.143185, -123.935809 49.143472, -123.936012 49.143694, -123.936189 49.14389, -123.936369 49.144085, -123.936536 49.144265, -123.936691 49.144434, -123.936866 49.14463, -123.93701 49.144781, -123.93726 49.145052, -123.937463 49.145277, -123.937661 49.145493, -123.937763 49.145614, -123.937825 49.145699, -123.937891 49.145797, -123.937954 49.145895, -123.938005 49.145988, -123.938044 49.146071, -123.938082 49.146158, -123.938111 49.14624, -123.93814 49.146337, -123.938166 49.146445, -123.938183 49.146536, -123.938195 49.146627, -123.9382 49.146722, -123.938205 49.146875, -123.938207 49.14711, -123.938212 49.147229, -123.938226 49.147342, -123.938239 49.147445, -123.938259 49.147554, -123.938275 49.147625, -123.938303 49.147716, -123.938329 49.147799, -123.938354 49.147862, -123.938391 49.147951, -123.938431 49.148035, -123.938464 49.148102, -123.938499 49.148168, -123.938543 49.148242, -123.938593 49.148323, -123.938627 49.148375, -123.938666 49.148428, -123.938726 49.148507, -123.938779 49.148577, -123.938832 49.148639, -123.938892 49.148706, -123.938959 49.148778, -123.939033 49.148854, -123.939086 49.148903, -123.939161 49.148971, -123.93924 49.149037, -123.939336 49.149114, -123.939425 49.149186, -123.939539 49.149266, -123.939794 49.14944, -123.940013 49.149596, -123.94017 49.149714, -123.940229 49.149766, -123.940424 49.149941, -123.940511 49.150028, -123.940576 49.150098, -123.940627 49.150154, -123.940704 49.150246, -123.940794 49.150364, -123.94086 49.150459, -123.940908 49.150536, -123.940949 49.1506, -123.940989 49.15067, -123.941024 49.150736, -123.941057 49.150805, -123.941099 49.150894, -123.941139 49.151, -123.941168 49.15109, -123.941193 49.15118, -123.941213 49.151294, -123.941228 49.151412, -123.941232 49.151486, -123.941233 49.15155, -123.941232 49.151624, -123.941228 49.151697, -123.941222 49.151768, -123.941206 49.151881, -123.941188 49.15196, -123.941156 49.15208, -123.941136 49.15215, -123.941107 49.152218, -123.941002 49.152448, -123.940882 49.152674, -123.94074 49.152937, -123.940611 49.153177, -123.940511 49.153365, -123.940448 49.153463, -123.940374 49.153578, -123.940286 49.153701, -123.940227 49.153774, -123.940144 49.153867, -123.939999 49.154019, -123.939817 49.154194, -123.939565 49.154438, -123.93935 49.154648, -123.939186 49.154804, -123.93913 49.154861, -123.939054 49.154948, -123.938995 49.155022, -123.938933 49.155108, -123.938881 49.155187, -123.938834 49.15527, -123.938794 49.155348, -123.93876 49.155428, -123.938726 49.155515, -123.938701 49.15559, -123.938677 49.1557, -123.938657 49.155802, -123.938646 49.155892, -123.938504 49.155851, -123.937756 49.15564, -123.937094 49.155446, -123.936989 49.155413, -123.936968 49.155404, -123.936959 49.155396, -123.936911 49.155323, -123.936831 49.155324, -123.936758 49.155322, -123.936693 49.155316, -123.936615 49.155304, -123.936523 49.155284, -123.936195 49.1552, -123.935952 49.155144, -123.935817 49.15591, -123.935706 49.15653, -123.935599 49.157121, -123.935483 49.157816, -123.93535 49.158493, -123.935245 49.159059, -123.935121 49.15976, -123.935006 49.160378, -123.934895 49.161008, -123.934794 49.161556, -123.934696 49.162097, -123.934665 49.162276, -123.934638 49.16242, -123.934625 49.162489, -123.934622 49.162509, -123.934615 49.16259, -123.934616 49.162655, -123.934628 49.162727, -123.93464 49.162775, -123.934658 49.162818, -123.934688 49.162872, -123.934767 49.162985, -123.934445 49.163016, -123.934312 49.16304, -123.933925 49.163114, -123.9337 49.163166, -123.933579 49.163186, -123.9333 49.163224, -123.932865 49.163286, -123.932548 49.162945, -123.932243 49.162589, -123.931753 49.162013, -123.931647 49.161896, -123.93108 49.162028, -123.931012 49.162047, -123.930433 49.161418, -123.93014 49.161071, -123.929937 49.160865, -123.929719 49.160654, -123.929478 49.16041, -123.928841 49.159712, -123.928438 49.159213, -123.928385 49.159136, -123.928321 49.15902, -123.928268 49.158871, -123.928219 49.158674, -123.928134 49.158222, -123.928082 49.157514, -123.928103 49.157231, -123.928115 49.157084, -123.928147 49.156944, -123.92819 49.156783, -123.928231 49.15665, -123.928295 49.156481, -123.92782 49.156352, -123.927303 49.155371, -123.927385 49.155314, -123.927446 49.155189, -123.927465 49.155098, -123.927481 49.155067, -123.927547 49.155051, -123.927612 49.155046, -123.927662 49.155051, -123.927717 49.155075, -123.927752 49.15511, -123.927801 49.155109, -123.927856 49.155093, -123.927979 49.155032, -123.928048 49.154969, -123.928102 49.154876, -123.928186 49.154762, -123.928221 49.15469, -123.928235 49.154615, -123.928244 49.154456, -123.928217 49.15395, -123.928192 49.153741, -123.928154 49.15366, -123.928107 49.15363, -123.928064 49.153607, -123.928055 49.15359, -123.928035 49.153453, -123.927978 49.152607, -123.928049 49.152218, -123.928153 49.151893, -123.928203 49.151704, -123.928203 49.151479, -123.928194 49.15139, -123.92815 49.151232, -123.927937 49.150657, -123.927915 49.150597, -123.927823 49.150452, -123.927724 49.150348, -123.927672 49.150322, -123.927575 49.150301, -123.927479 49.150279, -123.927441 49.150249, -123.927409 49.15021, -123.927336 49.150026, -123.927246 49.149709, -123.927244 49.149645, -123.927284 49.149454, -123.927316 49.149266, -123.927306 49.149132, -123.927264 49.148991, -123.927213 49.148845, -123.927211 49.148781, -123.927224 49.148626, -123.927235 49.148361, -123.927244 49.148325, -123.927335 49.14816, -123.927434 49.147869, -123.92749 49.147656, -123.927495 49.147531, -123.927488 49.147401, -123.927508 49.147163, -123.927508 49.147114, -123.927492 49.147084, -123.927471 49.147065, -123.927452 49.147048, -123.927442 49.147034, -123.927431 49.146999, -123.927206 49.147045, -123.927133 49.147058, -123.926933 49.147093, -123.92694 49.147122, -123.926793 49.147143, -123.926728 49.147014, -123.926631 49.147024, -123.926606 49.14698, -123.926721 49.146961, -123.926674 49.146882, -123.926621 49.1469, -123.926342 49.146585, -123.92626 49.146494, -123.926766 49.146353, -123.927027 49.146635, -123.9272 49.146603, -123.927261 49.146579, -123.927404 49.146525, -123.927487 49.146494, -123.9271 49.145963, -123.926889 49.14563, -123.926847 49.145535, -123.926858 49.145517, -123.926904 49.145504, -123.926959 49.1455, -123.927031 49.145519, -123.927069 49.145541, -123.927111 49.145553, -123.927168 49.145541, -123.927221 49.145514, -123.927285 49.14547, -123.927325 49.145439, -123.927376 49.145339, -123.927389 49.145267, -123.927389 49.145219, -123.92737 49.145185, -123.927319 49.145138, -123.927253 49.14508, -123.927201 49.145007, -123.926927 49.14458, -123.92667 49.144146, -123.926537 49.143919, -123.926503 49.143872, -123.926427 49.143801, -123.926345 49.143741, -123.926105 49.143594, -123.925847 49.143407, -123.925752 49.143343, -123.92518 49.142823, -123.924583 49.142323, -123.924198 49.142009, -123.924028 49.141875, -123.923672 49.141606, -123.923195 49.141272)))"
801917,Stephenson Point,Neighborhood,N,Neighborhood,Hammond Bay,Stephenson Point,,CAN,"Nanaimo, BC",49.21471,-123.948952,20220419,1057346.366,Canada,British Columbia,"Nanaimo, BC",Nanaimo,"MULTIPOLYGON (((-123.959243 49.210264, -123.959447 49.210583, -123.95937 49.210604, -123.959295 49.210626, -123.9592 49.210661, -123.959112 49.210698, -123.959001 49.210756, -123.958604 49.21097, -123.958289 49.211119, -123.957928 49.211279, -123.957793 49.211346, -123.957634 49.211426, -123.957294 49.211619, -123.956809 49.211905, -123.956739 49.211955, -123.956653 49.212025, -123.956565 49.212116, -123.956502 49.212196, -123.956449 49.212273, -123.956412 49.212332, -123.956348 49.212453, -123.956331 49.212492, -123.956326 49.212531, -123.956323 49.212619, -123.956333 49.212834, -123.956378 49.213382, -123.956412 49.213812, -123.956428 49.214006, -123.956438 49.214157, -123.956437 49.214226, -123.956431 49.214308, -123.956419 49.214372, -123.9564 49.214445, -123.956374 49.214512, -123.956277 49.214735, -123.9562 49.214924, -123.956091 49.215218, -123.955937 49.21564, -123.95587 49.215848, -123.955771 49.216128, -123.95571 49.216252, -123.955676 49.216313, -123.955633 49.216386, -123.955518 49.21657, -123.955299 49.216878, -123.955033 49.21725, -123.954735 49.217672, -123.954618 49.217824, -123.954545 49.217913, -123.954486 49.217975, -123.954418 49.218043, -123.954297 49.218131, -123.954224 49.218174, -123.954142 49.218216, -123.953911 49.218324, -123.953427 49.218538, -123.952958 49.218745, -123.952393 49.218998, -123.951732 49.21929, -123.951333 49.219466, -123.951156 49.219528, -123.950962 49.219598, -123.950715 49.21968, -123.950643 49.2197, -123.950453 49.219749, -123.950276 49.219793, -123.950102 49.219827, -123.949713 49.219902, -123.949067 49.220022, -123.948513 49.220133, -123.948352 49.220169, -123.948249 49.220194, -123.948132 49.220232, -123.948056 49.220262, -123.948005 49.220293, -123.947967 49.22032, -123.947933 49.220354, -123.947897 49.220395, -123.947875 49.220428, -123.947844 49.220499, -123.947206 49.220502, -123.946906 49.220508, -123.946461 49.220514, -123.945384 49.220528, -123.945155 49.220219, -123.944953 49.219795, -123.944739 49.219372, -123.944593 49.219144, -123.944143 49.218718, -123.943712 49.218239, -123.943613 49.218191, -123.943519 49.218171, -123.943354 49.218129, -123.94328 49.21809, -123.943172 49.217985, -123.943144 49.217918, -123.943137 49.21785, -123.943091 49.21778, -123.942628 49.21741, -123.942376 49.217172, -123.942324 49.217082, -123.942275 49.216968, -123.942219 49.216897, -123.942085 49.216758, -123.941755 49.216499, -123.941595 49.216364, -123.941503 49.216249, -123.94135 49.215989, -123.941206 49.215741, -123.941154 49.21565, -123.941108 49.215624, -123.941052 49.215597, -123.941007 49.215558, -123.940799 49.215205, -123.940758 49.215072, -123.940751 49.214944, -123.940747 49.21487, -123.9404 49.214372, -123.940376 49.214347, -123.940305 49.214343, -123.940214 49.214343, -123.940123 49.214313, -123.940235 49.214084, -123.940313 49.213858, -123.940313 49.213799, -123.940236 49.213594, -123.940209 49.213458, -123.940214 49.21336, -123.940264 49.213058, -123.940419 49.212755, -123.940473 49.212687, -123.940569 49.212646, -123.940673 49.212577, -123.940769 49.212503, -123.940864 49.212388, -123.940937 49.212248, -123.941104 49.211898, -123.94123 49.211745, -123.941289 49.211708, -123.941418 49.211681, -123.941552 49.211649, -123.94175 49.211572, -123.941847 49.211522, -123.942058 49.2114, -123.942149 49.211299, -123.942172 49.211269, -123.942223 49.211255, -123.942295 49.21125, -123.94238 49.211252, -123.942383 49.211341, -123.942624 49.211365, -123.942866 49.211358, -123.943116 49.211346, -123.943378 49.21132, -123.943756 49.211269, -123.944343 49.211157, -123.944676 49.211113, -123.944789 49.211085, -123.944912 49.211036, -123.945155 49.21093, -123.945301 49.210872, -123.945866 49.210735, -123.946466 49.210618, -123.946626 49.210572, -123.946811 49.210559, -123.947327 49.210549, -123.947641 49.210539, -123.94796 49.210522, -123.948143 49.210506, -123.94833 49.210471, -123.948492 49.210437, -123.948756 49.210384, -123.949003 49.210361, -123.949312 49.210353, -123.949698 49.210352, -123.949855 49.210342, -123.949997 49.210315, -123.950296 49.210235, -123.950466 49.210183, -123.950594 49.210129, -123.950713 49.210058, -123.950785 49.210016, -123.950857 49.209998, -123.950978 49.209984, -123.951127 49.209968, -123.951544 49.209938, -123.951742 49.209933, -123.951863 49.209945, -123.951924 49.209957, -123.951976 49.20999, -123.951986 49.210027, -123.952001 49.210093, -123.952017 49.210128, -123.952045 49.21014, -123.952109 49.210152, -123.952171 49.210153, -123.952277 49.210153, -123.952369 49.210148, -123.952537 49.210162, -123.952768 49.210202, -123.953007 49.210241, -123.953215 49.210317, -123.953307 49.21032, -123.953367 49.21032, -123.953449 49.210303, -123.953518 49.21028, -123.953575 49.210276, -123.953629 49.210295, -123.953794 49.210364, -123.953909 49.210383, -123.953969 49.210377, -123.95403 49.210351, -123.954084 49.210299, -123.954177 49.210199, -123.954221 49.210142, -123.954335 49.209891, -123.954384 49.209816, -123.954423 49.209769, -123.9545 49.20974, -123.954564 49.209732, -123.954631 49.209733, -123.954775 49.209754, -123.95493 49.209771, -123.955134 49.209812, -123.95544 49.209747, -123.955605 49.209843, -123.956025 49.210152, -123.956387 49.210402, -123.956907 49.21006, -123.956953 49.210085, -123.956616 49.210319, -123.956811 49.210447, -123.95677 49.210468, -123.956523 49.210607, -123.956596 49.21067, -123.95674 49.210737, -123.956881 49.210766, -123.957054 49.210773, -123.957281 49.210756, -123.957469 49.210733, -123.957676 49.21067, -123.957964 49.210558, -123.958146 49.210497, -123.958335 49.21047, -123.958562 49.210443, -123.958997 49.210333, -123.959243 49.210264)))"
801918,Sherwood Forest,Neighborhood,N,Neighborhood,Departure Bay,Sherwood Forest,,CAN,"Nanaimo, BC",49.211325,-123.967378,20220419,937835.91,Canada,British Columbia,"Nanaimo, BC",Nanaimo,"MULTIPOLYGON (((-123.956412 49.213812, -123.956378 49.213382, -123.956333 49.212834, -123.956323 49.212619, -123.956326 49.212531, -123.956331 49.212492, -123.956348 49.212453, -123.956412 49.212332, -123.956449 49.212273, -123.956502 49.212196, -123.956565 49.212116, -123.956653 49.212025, -123.956739 49.211955, -123.956809 49.211905, -123.957294 49.211619, -123.957634 49.211426, -123.957793 49.211346, -123.957928 49.211279, -123.958289 49.211119, -123.958604 49.21097, -123.959001 49.210756, -123.959112 49.210698, -123.9592 49.210661, -123.959295 49.210626, -123.95937 49.210604, -123.959447 49.210583, -123.959243 49.210264, -123.959633 49.210155, -123.959928 49.210074, -123.960069 49.209992, -123.960194 49.209915, -123.960319 49.209868, -123.961383 49.209475, -123.961594 49.209373, -123.961655 49.209299, -123.961757 49.209199, -123.961844 49.209153, -123.961933 49.209143, -123.962122 49.209114, -123.962208 49.20908, -123.962282 49.209036, -123.962349 49.208976, -123.962452 49.208873, -123.962586 49.20873, -123.962804 49.208622, -123.96295 49.20857, -123.963008 49.208563, -123.963092 49.208575, -123.963133 49.208594, -123.963184 49.208608, -123.963334 49.208621, -123.963475 49.208631, -123.96357 49.208623, -123.963668 49.208574, -123.963811 49.208529, -123.964472 49.208328, -123.964889 49.208175, -123.965298 49.207992, -123.96544 49.207938, -123.965576 49.207912, -123.965888 49.20787, -123.966013 49.207845, -123.966163 49.208047, -123.966419 49.208, -123.966607 49.207968, -123.966734 49.207939, -123.966814 49.207919, -123.966937 49.207879, -123.967028 49.207843, -123.967133 49.207794, -123.967225 49.207747, -123.967328 49.20768, -123.967545 49.207538, -123.967676 49.207451, -123.967817 49.207372, -123.967899 49.20733, -123.968042 49.207266, -123.968158 49.207219, -123.968424 49.207134, -123.968553 49.207095, -123.968696 49.207062, -123.968883 49.207025, -123.969095 49.206987, -123.969511 49.206913, -123.969944 49.206838, -123.970347 49.206753, -123.970499 49.206865, -123.970665 49.206976, -123.970876 49.207088, -123.97113 49.207207, -123.97137 49.207313, -123.971593 49.207396, -123.971662 49.207415, -123.971764 49.207437, -123.97186 49.207454, -123.971926 49.207462, -123.972007 49.207471, -123.972089 49.207475, -123.972176 49.207473, -123.972297 49.207464, -123.972453 49.207444, -123.972633 49.207418, -123.972611 49.207638, -123.972577 49.207848, -123.97256 49.208094, -123.972533 49.208402, -123.972522 49.20845, -123.972586 49.208512, -123.972775 49.208493, -123.973137 49.208484, -123.973426 49.208486, -123.973775 49.208509, -123.974078 49.208538, -123.974427 49.208567, -123.974829 49.20859, -123.975138 49.208585, -123.975507 49.208564, -123.975562 49.208561, -123.975587 49.20826, -123.975898 49.208415, -123.976086 49.208517, -123.976269 49.208674, -123.97639 49.20875, -123.976605 49.208819, -123.976794 49.208883, -123.977084 49.209006, -123.977121 49.209218, -123.97739 49.209407, -123.977474 49.209427, -123.977555 49.209449, -123.977773 49.209501, -123.977618 49.209925, -123.978254 49.21, -123.978701 49.210058, -123.979122 49.21011, -123.979475 49.210162, -123.979666 49.210195, -123.979777 49.210215, -123.97992 49.210251, -123.980116 49.210303, -123.980613 49.21044, -123.980809 49.210496, -123.980876 49.210517, -123.980927 49.210539, -123.980959 49.210554, -123.980988 49.210572, -123.981047 49.210627, -123.980524 49.210637, -123.980089 49.210652, -123.979838 49.210662, -123.979603 49.210673, -123.979506 49.210679, -123.979438 49.210686, -123.97936 49.2107, -123.979272 49.210718, -123.979084 49.210764, -123.978782 49.21084, -123.978394 49.210939, -123.97807 49.211025, -123.977811 49.211095, -123.9777 49.211126, -123.977645 49.211145, -123.977579 49.211172, -123.97748 49.211221, -123.977397 49.211268, -123.977314 49.211325, -123.977252 49.211377, -123.977163 49.211468, -123.977121 49.211527, -123.977093 49.211576, -123.977072 49.211631, -123.977667 49.211663, -123.977604 49.211843, -123.97751 49.212305, -123.977508 49.212347, -123.977544 49.212422, -123.977651 49.212556, -123.977428 49.212643, -123.977323 49.212707, -123.977186 49.212788, -123.976859 49.212996, -123.976578 49.213213, -123.976291 49.213398, -123.974169 49.213365, -123.972377 49.213326, -123.969011 49.213244, -123.967473 49.21325, -123.96543 49.2132, -123.964925 49.214522, -123.964641 49.215297, -123.963588 49.215608, -123.963769 49.215904, -123.963811 49.215975, -123.963831 49.216021, -123.963843 49.216065, -123.963849 49.216126, -123.963847 49.216187, -123.963841 49.216237, -123.963821 49.216302, -123.963791 49.216362, -123.963751 49.216428, -123.963727 49.216456, -123.963699 49.216483, -123.963629 49.216536, -123.963538 49.216592, -123.963444 49.216643, -123.962236 49.216477, -123.961493 49.216075, -123.960288 49.215606, -123.959407 49.214974, -123.959274 49.214801, -123.958419 49.213862, -123.957381 49.213827, -123.956412 49.213812)))"
801919,Newcastle,Neighborhood,N,Neighborhood,Brechin Hill,Newcastle,,CAN,"Nanaimo, BC",49.177729,-123.944673,20220419,465133.072,Canada,British Columbia,"Nanaimo, BC",Nanaimo,"MULTIPOLYGON (((-123.941773 49.171665, -123.941991 49.171915, -123.942134 49.172081, -123.94224 49.172188, -123.942312 49.172251, -123.942364 49.172293, -123.942425 49.172326, -123.9428 49.172517, -123.944069 49.173095, -123.944978 49.173507, -123.945256 49.173633, -123.945415 49.173716, -123.945541 49.173794, -123.945664 49.173889, -123.945763 49.173971, -123.945875 49.17408, -123.945953 49.174166, -123.946019 49.174255, -123.946067 49.174335, -123.94615 49.174501, -123.94642 49.175104, -123.946889 49.176169, -123.947491 49.17753, -123.947954 49.178598, -123.948165 49.179058, -123.948253 49.179221, -123.948341 49.179359, -123.948453 49.17949, -123.948535 49.179583, -123.948631 49.179679, -123.948754 49.17978, -123.948885 49.179882, -123.949038 49.179987, -123.949257 49.18012, -123.949801 49.180446, -123.950033 49.180573, -123.95017 49.180645, -123.950301 49.180701, -123.950544 49.180804, -123.950877 49.180943, -123.951215 49.18108, -123.951591 49.181238, -123.952069 49.181446, -123.952292 49.18154, -123.952431 49.181601, -123.952602 49.181678, -123.952759 49.18176, -123.952826 49.181801, -123.952535 49.181865, -123.952478 49.181846, -123.952455 49.181842, -123.952405 49.181837, -123.952232 49.181836, -123.951607 49.181824, -123.950979 49.181806, -123.95032 49.181799, -123.949669 49.181793, -123.949051 49.181785, -123.948483 49.181772, -123.947798 49.18176, -123.94716 49.181748, -123.946294 49.181745, -123.945774 49.181736, -123.945804 49.181898, -123.945836 49.182014, -123.945861 49.182096, -123.945884 49.182151, -123.94467 49.182133, -123.94357 49.18205, -123.943362 49.182042, -123.943236 49.18206, -123.942991 49.18212, -123.942855 49.182087, -123.942806 49.182092, -123.942771 49.181834, -123.942672 49.181304, -123.942606 49.180912, -123.943118 49.18092, -123.944314 49.180928, -123.944349 49.180855, -123.944387 49.180787, -123.944425 49.180741, -123.94446 49.18069, -123.944466 49.180667, -123.944469 49.180631, -123.944469 49.180602, -123.94445 49.180519, -123.944333 49.180028, -123.944314 49.179965, -123.944289 49.179898, -123.944255 49.179819, -123.944219 49.179766, -123.944175 49.179702, -123.944111 49.179621, -123.94401 49.179522, -123.943469 49.17961, -123.943184 49.179672, -123.942989 49.17971, -123.942685 49.179774, -123.942401 49.179799, -123.942017 49.17988, -123.941936 49.1797, -123.941881 49.179587, -123.941809 49.179497, -123.941432 49.179375, -123.941294 49.179151, -123.941079 49.178805, -123.940979 49.178717, -123.940747 49.178505, -123.940688 49.178451, -123.940234 49.178053, -123.939837 49.177703, -123.939611 49.177503, -123.939469 49.17738, -123.939017 49.176983, -123.938967 49.176954, -123.938945 49.176901, -123.939396 49.176818, -123.939878 49.176726, -123.940485 49.176611, -123.940468 49.176568, -123.940727 49.17652, -123.940809 49.176423, -123.940764 49.176417, -123.940743 49.176405, -123.940728 49.176386, -123.940733 49.176363, -123.940743 49.176348, -123.940773 49.176329, -123.940835 49.17631, -123.940891 49.1763, -123.940981 49.176298, -123.941044 49.176302, -123.941129 49.17632, -123.941312 49.176385, -123.941372 49.176401, -123.941415 49.176404, -123.941525 49.176401, -123.941606 49.176392, -123.94169 49.17636, -123.941733 49.176321, -123.941758 49.176288, -123.941758 49.176247, -123.941737 49.176214, -123.941704 49.176181, -123.941646 49.176139, -123.941627 49.176117, -123.941622 49.176085, -123.941627 49.176066, -123.941636 49.176055, -123.941679 49.176033, -123.9417 49.176015, -123.941759 49.17591, -123.941776 49.175841, -123.941776 49.175786, -123.941761 49.175702, -123.941746 49.175661, -123.941646 49.17541, -123.941458 49.175, -123.941333 49.174826, -123.941278 49.17474, -123.941245 49.174676, -123.940976 49.173998, -123.940918 49.173797, -123.940869 49.17347, -123.940863 49.173107, -123.940901 49.172907, -123.940932 49.172821, -123.940987 49.172736, -123.94114 49.172538, -123.941188 49.172468, -123.941224 49.172374, -123.941253 49.172257, -123.941273 49.17215, -123.941329 49.171893, -123.941347 49.171865, -123.94138 49.171834, -123.941462 49.171786, -123.941773 49.171665)))"
801920,Protection Island,Neighborhood,N,Neighborhood,Central,Protection Island,,CAN,,49.178063,-123.919356,20220419,758875.545,Canada,British Columbia,,Nanaimo,"MULTIPOLYGON (((-123.917914 49.170337, -123.917849 49.170038, -123.91795 49.170032, -123.917983 49.170145, -123.918004 49.170219, -123.918028 49.170268, -123.918053 49.170301, -123.918117 49.170328, -123.91815 49.170342, -123.918323 49.170417, -123.918609 49.170575, -123.9187 49.170606, -123.918759 49.170619, -123.918873 49.170627, -123.919014 49.170638, -123.919177 49.170644, -123.919271 49.170628, -123.919318 49.170622, -123.919365 49.170621, -123.919413 49.170629, -123.919435 49.170639, -123.919453 49.170665, -123.919457 49.170681, -123.919447 49.170701, -123.91906 49.170827, -123.919075 49.170899, -123.919086 49.170943, -123.919113 49.170985, -123.919161 49.171041, -123.919213 49.171094, -123.919388 49.171028, -123.91959 49.170957, -123.919554 49.170921, -123.919611 49.170897, -123.919681 49.170967, -123.91962 49.170991, -123.919602 49.17097, -123.919413 49.171045, -123.919519 49.17116, -123.919401 49.1712, -123.919354 49.171336, -123.919356 49.171378, -123.919363 49.171424, -123.919391 49.171467, -123.919452 49.171517, -123.919537 49.171559, -123.919683 49.171601, -123.91986 49.171645, -123.92005 49.171694, -123.920271 49.171764, -123.920527 49.171856, -123.920594 49.171892, -123.920601 49.171919, -123.920581 49.171929, -123.920524 49.171941, -123.920434 49.171946, -123.92036 49.171951, -123.920329 49.171973, -123.920298 49.172045, -123.92027 49.172107, -123.920233 49.172244, -123.920223 49.172284, -123.92007 49.172594, -123.920452 49.172597, -123.920459 49.172557, -123.920928 49.172608, -123.920936 49.172904, -123.919813 49.172911, -123.918573 49.172933, -123.918509 49.173122, -123.918516 49.173225, -123.918551 49.173294, -123.918617 49.173339, -123.918717 49.173377, -123.918847 49.173394, -123.919056 49.173426, -123.919384 49.173461, -123.919492 49.173488, -123.919545 49.173504, -123.919711 49.173786, -123.920121 49.173841, -123.920315 49.173787, -123.920632 49.1737, -123.920774 49.173668, -123.92082 49.173663, -123.920887 49.173699, -123.920956 49.173752, -123.921118 49.173867, -123.921412 49.174136, -123.921629 49.174393, -123.921678 49.174443, -123.921678 49.174464, -123.921624 49.174513, -123.921572 49.174551, -123.921497 49.174787, -123.921475 49.174823, -123.921435 49.174851, -123.921341 49.174891, -123.921177 49.174946, -123.921111 49.174996, -123.921113 49.175023, -123.921127 49.175054, -123.921189 49.175114, -123.921415 49.175223, -123.921435 49.175246, -123.921429 49.17528, -123.921313 49.175446, -123.921052 49.175693, -123.921032 49.175724, -123.920997 49.175746, -123.920964 49.175763, -123.920961 49.175884, -123.920992 49.176184, -123.921018 49.176263, -123.921108 49.176643, -123.921187 49.17682, -123.92123 49.176869, -123.921499 49.177034, -123.921731 49.177145, -123.921855 49.177174, -123.921908 49.177175, -123.92198 49.177164, -123.922131 49.17714, -123.92236 49.177109, -123.922601 49.177068, -123.922832 49.177055, -123.923162 49.177033, -123.923289 49.17702, -123.923325 49.176998, -123.923309 49.176957, -123.923294 49.176898, -123.923199 49.176702, -123.923101 49.176727, -123.922998 49.176525, -123.923101 49.176497, -123.922983 49.176211, -123.922895 49.176228, -123.922884 49.176209, -123.922974 49.176186, -123.922881 49.17592, -123.922848 49.175926, -123.922798 49.175778, -123.922811 49.175759, -123.92283 49.175757, -123.922858 49.175767, -123.922879 49.175819, -123.922907 49.175815, -123.922945 49.175899, -123.922914 49.175904, -123.922983 49.176106, -123.92384 49.175969, -123.924334 49.176317, -123.924438 49.17626, -123.924522 49.176225, -123.924614 49.176208, -123.924729 49.176208, -123.924909 49.176237, -123.925089 49.176272, -123.92523 49.176306, -123.925327 49.176353, -123.925388 49.176427, -123.925423 49.176482, -123.925635 49.176852, -123.926214 49.17669, -123.926486 49.176603, -123.926576 49.176719, -123.926745 49.176672, -123.926965 49.176947, -123.926937 49.176956, -123.926778 49.176995, -123.926598 49.177022, -123.926481 49.177041, -123.926181 49.177119, -123.925942 49.177183, -123.92605 49.177526, -123.926103 49.177554, -123.926177 49.177556, -123.926248 49.177554, -123.926311 49.177531, -123.926406 49.177434, -123.926441 49.177398, -123.926487 49.177393, -123.926512 49.177402, -123.926512 49.177451, -123.92648 49.17752, -123.926438 49.177642, -123.926434 49.177741, -123.926427 49.177939, -123.926433 49.178009, -123.926433 49.178064, -123.926412 49.178112, -123.926255 49.17828, -123.925895 49.178626, -123.925811 49.178677, -123.92567 49.17872, -123.925508 49.17875, -123.925427 49.178791, -123.925296 49.178907, -123.925186 49.179031, -123.92513 49.179146, -123.925109 49.17918, -123.924661 49.179529, -123.924562 49.179603, -123.924537 49.179653, -123.924541 49.179713, -123.924558 49.179796, -123.924551 49.179856, -123.924498 49.1799, -123.924371 49.179972, -123.924039 49.180117, -123.92394 49.180188, -123.923874 49.180278, -123.923842 49.180349, -123.923841 49.1804, -123.923859 49.180496, -123.923915 49.18062, -123.923982 49.180772, -123.924052 49.180899, -123.924165 49.181089, -123.92433 49.181367, -123.924358 49.181441, -123.924358 49.181475, -123.92434 49.18151, -123.92428 49.1816, -123.924199 49.181736, -123.924082 49.181879, -123.924054 49.181927, -123.923987 49.18198, -123.923835 49.182111, -123.923741 49.182207, -123.92365 49.182338, -123.923628 49.182409, -123.923635 49.18249, -123.923646 49.182584, -123.923687 49.182673, -123.923742 49.182752, -123.923752 49.182822, -123.923746 49.182878, -123.923697 49.182931, -123.923566 49.183067, -123.923501 49.183118, -123.923397 49.183135, -123.923348 49.183135, -123.923299 49.183111, -123.923238 49.183069, -123.923189 49.183026, -123.923147 49.182994, -123.923088 49.182984, -123.923069 49.18299, -123.923003 49.183022, -123.922961 49.183034, -123.922844 49.183034, -123.922697 49.182998, -123.922593 49.182956, -123.922535 49.182921, -123.922519 49.182896, -123.922529 49.182858, -123.922568 49.182824, -123.922711 49.182788, -123.922789 49.182779, -123.922981 49.182728, -123.923049 49.182709, -123.923098 49.182677, -123.92316 49.182613, -123.923216 49.182545, -123.923287 49.182471, -123.923294 49.182416, -123.923268 49.182352, -123.923232 49.182303, -123.9232 49.18221, -123.923229 49.182142, -123.923285 49.182055, -123.923282 49.182016, -123.923249 49.181999, -123.923178 49.181995, -123.923147 49.181996, -123.922947 49.18203, -123.922753 49.182064, -123.922582 49.182106, -123.922394 49.182154, -123.922219 49.182232, -123.922043 49.182355, -123.921969 49.182435, -123.921938 49.182506, -123.921932 49.1826, -123.921938 49.182655, -123.92195 49.182755, -123.921937 49.182791, -123.921894 49.182834, -123.921617 49.18306, -123.921038 49.183355, -123.920807 49.183434, -123.920736 49.183448, -123.919955 49.183485, -123.919666 49.183479, -123.91957 49.183443, -123.919478 49.183417, -123.91941 49.18341, -123.919349 49.183421, -123.919281 49.183437, -123.919219 49.183463, -123.919167 49.183493, -123.919077 49.183535, -123.918945 49.183573, -123.918731 49.183585, -123.918583 49.183589, -123.918252 49.183569, -123.917793 49.183532, -123.917615 49.183522, -123.917387 49.183544, -123.917255 49.183566, -123.917181 49.183556, -123.917104 49.183513, -123.916972 49.183473, -123.916867 49.183453, -123.916624 49.183402, -123.916313 49.183378, -123.916124 49.183365, -123.9159 49.183314, -123.915724 49.183264, -123.915617 49.183221, -123.915466 49.183153, -123.915343 49.183066, -123.915269 49.182985, -123.915238 49.182919, -123.915232 49.182887, -123.915269 49.182832, -123.915392 49.182762, -123.915817 49.182585, -123.915938 49.182515, -123.915944 49.182487, -123.915925 49.182444, -123.91587 49.182381, -123.915815 49.182335, -123.915738 49.182281, -123.915661 49.18222, -123.915612 49.182154, -123.915529 49.182025, -123.915452 49.18195, -123.915348 49.18188, -123.915258 49.181839, -123.914733 49.181661, -123.914633 49.181635, -123.914346 49.181606, -123.914022 49.181586, -123.913959 49.181571, -123.913927 49.18155, -123.913913 49.181522, -123.913915 49.181488, -123.913945 49.181413, -123.91398 49.181364, -123.914042 49.181301, -123.914329 49.18117, -123.914775 49.181018, -123.91507 49.180959, -123.915217 49.180935, -123.915289 49.180907, -123.915336 49.180821, -123.91536 49.180694, -123.915348 49.180665, -123.915322 49.180635, -123.915293 49.180621, -123.915224 49.180601, -123.915102 49.180582, -123.914926 49.180572, -123.914732 49.180574, -123.914642 49.180574, -123.914584 49.180557, -123.914496 49.180527, -123.914403 49.180506, -123.913878 49.180399, -123.913647 49.180337, -123.913623 49.180313, -123.913647 49.180285, -123.9137 49.18025, -123.913764 49.180226, -123.913841 49.180209, -123.913972 49.180208, -123.914139 49.18017, -123.914344 49.180099, -123.914397 49.180063, -123.914407 49.180024, -123.914385 49.17996, -123.914342 49.179927, -123.914273 49.179888, -123.914135 49.179835, -123.914101 49.17981, -123.914092 49.17978, -123.914086 49.179705, -123.914065 49.179605, -123.914041 49.179552, -123.914003 49.179491, -123.913939 49.179433, -123.913686 49.179266, -123.913609 49.179201, -123.913595 49.179177, -123.91359 49.179131, -123.913598 49.179065, -123.913626 49.179001, -123.91372 49.178862, -123.913841 49.178752, -123.914106 49.178485, -123.914467 49.178, -123.914548 49.177939, -123.914649 49.177908, -123.914761 49.177897, -123.914897 49.17791, -123.914954 49.177922, -123.915016 49.177955, -123.915042 49.177985, -123.915085 49.178063, -123.915185 49.178191, -123.915302 49.178182, -123.915404 49.178167, -123.915491 49.178144, -123.915672 49.178074, -123.915802 49.178005, -123.915975 49.177837, -123.916068 49.177698, -123.916095 49.177578, -123.916109 49.177483, -123.916116 49.177013, -123.916122 49.17694, -123.916108 49.176754, -123.91602 49.176327, -123.916008 49.176266, -123.915982 49.176258, -123.915932 49.176264, -123.915874 49.176287, -123.915821 49.176325, -123.915789 49.176321, -123.915754 49.176283, -123.915668 49.175987, -123.915653 49.175861, -123.915648 49.175714, -123.915689 49.175573, -123.915692 49.175465, -123.91566 49.175371, -123.915561 49.175175, -123.915506 49.17512, -123.915471 49.175095, -123.91539 49.175057, -123.915318 49.175039, -123.915263 49.175027, -123.915194 49.175009, -123.915128 49.174963, -123.915081 49.17491, -123.915036 49.174837, -123.915027 49.174758, -123.914963 49.174313, -123.914933 49.174263, -123.9148 49.174113, -123.914655 49.173969, -123.914617 49.173901, -123.914608 49.17386, -123.914608 49.173818, -123.914581 49.173781, -123.914549 49.173754, -123.914525 49.173728, -123.914515 49.173699, -123.914534 49.173674, -123.914567 49.173665, -123.914621 49.173663, -123.914702 49.173661, -123.9149 49.173615, -123.915125 49.173503, -123.915204 49.17342, -123.915248 49.173319, -123.915246 49.173284, -123.915212 49.173258, -123.915165 49.173239, -123.915124 49.173203, -123.915093 49.173144, -123.915081 49.173091, -123.915095 49.173019, -123.91516 49.172904, -123.915205 49.172865, -123.915279 49.17284, -123.91536 49.17283, -123.915412 49.172837, -123.915447 49.172857, -123.91547 49.172901, -123.915484 49.172944, -123.915491 49.172951, -123.915531 49.172947, -123.915614 49.172931, -123.915724 49.172896, -123.915872 49.172807, -123.915944 49.172745, -123.916007 49.172671, -123.916282 49.172274, -123.916513 49.171986, -123.91665 49.171865, -123.916989 49.171594, -123.917205 49.171407, -123.917318 49.171278, -123.917406 49.171168, -123.917451 49.171086, -123.917512 49.170937, -123.917584 49.17072, -123.917707 49.170574, -123.917914 49.170337)))"
801921,Nanaimo Country Club,Neighborhood,N,Neighborhood,Central,Nanaimo Country Club,,CAN,"Nanaimo, BC",49.206119,-123.993511,20220419,2089487.867,Canada,British Columbia,"Nanaimo, BC",Nanaimo,"MULTIPOLYGON (((-123.985772 49.198759, -123.986685 49.199135, -123.987756 49.199583, -123.988817 49.200024, -123.990076 49.200538, -123.991398 49.201083, -123.99317 49.201807, -123.995408 49.202716, -123.996444 49.203115, -123.996953 49.203295, -123.997585 49.203493, -123.998237 49.203679, -123.999365 49.20397, -124.000235 49.204173, -124.000957 49.204317, -124.001431 49.204398, -124.00244 49.204576, -124.002983 49.204661, -124.003736 49.204761, -124.004144 49.204805, -124.005114 49.204879, -124.006174 49.204954, -124.007673 49.205068, -124.008079 49.205102, -124.008353 49.205129, -124.008593 49.205159, -124.008772 49.205189, -124.009221 49.205274, -124.009692 49.205378, -124.010425 49.205554, -124.011242 49.205747, -124.011572 49.205828, -124.012502 49.20605, -124.013811 49.206375, -124.014599 49.206568, -124.014493 49.206715, -124.014414 49.206725, -124.01438 49.206732, -124.014342 49.20675, -124.01422 49.206828, -124.013849 49.207171, -124.013598 49.207362, -124.013288 49.207653, -124.012922 49.207979, -124.012557 49.208303, -124.012205 49.208597, -124.012139 49.208664, -124.012109 49.208705, -124.012081 49.20876, -124.011932 49.208773, -124.01176 49.209267, -124.011473 49.209265, -124.011262 49.209262, -124.011214 49.209266, -124.011156 49.209274, -124.011116 49.209292, -124.011045 49.209344, -124.010928 49.209283, -124.01064 49.2093, -124.010553 49.20932, -124.010471 49.209342, -124.010341 49.209375, -124.010253 49.209403, -124.010229 49.209384, -124.010142 49.20938, -124.010017 49.209373, -124.010002 49.209408, -124.009955 49.209417, -124.009889 49.209412, -124.009883 49.209446, -124.009836 49.209444, -124.009838 49.20941, -124.009655 49.209402, -124.00953 49.209397, -124.009532 49.209357, -124.00943 49.209348, -124.009275 49.209351, -124.009042 49.209366, -124.008878 49.209377, -124.00871 49.209396, -124.008542 49.209416, -124.008359 49.209454, -124.008085 49.209513, -124.007871 49.209557, -124.007712 49.20957, -124.007676 49.209564, -124.007631 49.20955, -124.007572 49.209549, -124.007471 49.209548, -124.007212 49.20956, -124.006949 49.209569, -124.006749 49.209579, -124.006459 49.209596, -124.006289 49.209609, -124.006081 49.209629, -124.005922 49.209595, -124.005921 49.209595, -124.005693 49.209578, -124.005584 49.209575, -124.005493 49.209597, -124.005306 49.209669, -124.005136 49.209744, -124.005004 49.209802, -124.004873 49.209836, -124.004743 49.209853, -124.004653 49.209891, -124.004444 49.209972, -124.004343 49.210025, -124.0043 49.210092, -124.004296 49.21014, -124.004295 49.210223, -124.004291 49.210254, -124.004283 49.210368, -124.004288 49.210471, -124.004327 49.210555, -124.004353 49.210621, -124.004233 49.21063, -124.003461 49.210631, -124.002828 49.210625, -124.002818 49.21087, -124.002822 49.210964, -124.002827 49.211014, -124.002836 49.211066, -124.002846 49.211097, -124.002332 49.211103, -124.00184 49.211103, -124.001378 49.211101, -124.00108 49.2111, -124.000731 49.211099, -124.000173 49.211099, -123.999806 49.211099, -123.999424 49.211088, -123.999215 49.211081, -123.999191 49.210956, -123.999177 49.210753, -123.999016 49.210648, -123.999074 49.210607, -123.999111 49.210572, -123.999142 49.210539, -123.999167 49.210503, -123.999186 49.210461, -123.9992 49.210427, -123.999206 49.210398, -123.99921 49.210365, -123.999215 49.210309, -123.999212 49.210161, -123.999211 49.209977, -123.999209 49.209672, -123.999205 49.209396, -123.999203 49.208986, -123.999201 49.20873, -123.999198 49.208685, -123.999192 49.20866, -123.999155 49.208569, -123.998762 49.208668, -123.998007 49.20885, -123.997155 49.209053, -123.996437 49.20924, -123.996149 49.209327, -123.995757 49.209454, -123.995223 49.209635, -123.994913 49.20975, -123.994731 49.20982, -123.994553 49.209879, -123.994449 49.209912, -123.994336 49.209942, -123.994252 49.20996, -123.994129 49.209978, -123.994117 49.210512, -123.994108 49.210735, -123.99409 49.21123, -123.994068 49.211791, -123.994048 49.212303, -123.99403 49.212848, -123.994001 49.213472, -123.99398 49.213647, -123.99393 49.213933, -123.993887 49.214165, -123.993838 49.214347, -123.993793 49.214505, -123.993762 49.214596, -123.993735 49.214665, -123.993665 49.214778, -123.993617 49.214842, -123.993565 49.214909, -123.993496 49.214987, -123.993323 49.215144, -123.99305 49.215062, -123.992829 49.215, -123.992519 49.214915, -123.992222 49.214833, -123.991824 49.21472, -123.991291 49.214448, -123.990663 49.214142, -123.989582 49.21371, -123.98858 49.21336, -123.986829 49.212992, -123.985857 49.212649, -123.985887 49.212208, -123.985872 49.211354, -123.985904 49.210602, -123.985919 49.210357, -123.985927 49.210123, -123.98539 49.210138, -123.985384 49.209502, -123.985396 49.208978, -123.985412 49.208449, -123.985416 49.208162, -123.985434 49.207877, -123.985452 49.207759, -123.985519 49.207563, -123.98549 49.207549, -123.985481 49.20754, -123.985477 49.20752, -123.985475 49.207495, -123.985473 49.207385, -123.98547 49.206847, -123.985472 49.20625, -123.985494 49.205748, -123.985169 49.205743, -123.984739 49.205746, -123.984035 49.205742, -123.983596 49.205748, -123.983528 49.205694, -123.983356 49.205502, -123.983023 49.205244, -123.982655 49.204923, -123.982268 49.204633, -123.98223 49.20465, -123.982013 49.204485, -123.98154 49.20414, -123.981248 49.203913, -123.981012 49.203744, -123.980586 49.203418, -123.98031 49.203206, -123.980101 49.203064, -123.97979 49.202822, -123.979759 49.202795, -123.979721 49.202739, -123.979623 49.202554, -123.979563 49.202441, -123.979427 49.202196, -123.979371 49.202097, -123.979367 49.202059, -123.979369 49.201927, -123.979365 49.201686, -123.979382 49.201458, -123.979402 49.201014, -123.979411 49.200982, -123.979582 49.200706, -123.979698 49.200454, -123.979859 49.200242, -123.9799 49.200149, -123.9799 49.200128, -123.979893 49.200108, -123.979865 49.200066, -123.979841 49.200039, -123.979763 49.199993, -123.979366 49.199819, -123.978913 49.199691, -123.978681 49.199612, -123.978212 49.199473, -123.978174 49.199246, -123.978169 49.199157, -123.978157 49.198875, -123.978146 49.198585, -123.978182 49.198584, -123.97818 49.198367, -123.978168 49.198259, -123.978143 49.19789, -123.978114 49.197704, -123.97811 49.197511, -123.978097 49.197241, -123.978091 49.196987, -123.978455 49.196627, -123.978912 49.196848, -123.979382 49.197027, -123.979828 49.197185, -123.980861 49.197533, -123.981373 49.19771, -123.981738 49.197868, -123.982052 49.198004, -123.982249 49.198093, -123.982559 49.198295, -123.982733 49.19835, -123.982892 49.198383, -123.982952 49.198401, -123.983208 49.198528, -123.983272 49.198499, -123.983406 49.198625, -123.983391 49.198634, -123.983477 49.198712, -123.983501 49.198739, -123.983535 49.198752, -123.983557 49.198762, -123.983581 49.198774, -123.983609 49.198791, -123.983646 49.198816, -123.983745 49.198916, -123.983769 49.198946, -123.983772 49.198961, -123.983771 49.19897, -123.983769 49.198976, -123.983753 49.199006, -123.983788 49.199018, -123.983885 49.199056, -123.98392 49.199069, -123.983934 49.19907, -123.983949 49.199069, -123.983972 49.199064, -123.984059 49.199031, -123.984103 49.199049, -123.984254 49.199119, -123.984311 49.199145, -123.984294 49.199171, -123.984278 49.199199, -123.984325 49.199213, -123.984353 49.199226, -123.984377 49.199242, -123.984393 49.199254, -123.984433 49.199289, -123.984474 49.199252, -123.984658 49.199041, -123.984854 49.198815, -123.985231 49.19895, -123.985511 49.199045, -123.985772 49.198759)))"
801922,Marlborough,Neighborhood,N,Neighborhood,Departure Bay,Marlborough,,CAN,"Nanaimo, BC",49.195693,-123.973728,20220419,366544.302,Canada,British Columbia,"Nanaimo, BC",Nanaimo,"MULTIPOLYGON (((-123.978652 49.195625, -123.978198 49.19602, -123.978748 49.196285, -123.978641 49.196421, -123.978455 49.196627, -123.978091 49.196987, -123.978097 49.197241, -123.97811 49.197511, -123.978114 49.197704, -123.978143 49.19789, -123.978168 49.198259, -123.97818 49.198367, -123.978182 49.198584, -123.978146 49.198585, -123.978157 49.198875, -123.978169 49.199157, -123.978174 49.199246, -123.978212 49.199473, -123.978029 49.199689, -123.977921 49.199826, -123.977123 49.199584, -123.976532 49.199416, -123.976334 49.199356, -123.976104 49.199287, -123.975827 49.199193, -123.974895 49.198878, -123.974267 49.198661, -123.973548 49.198409, -123.972935 49.198194, -123.972455 49.198015, -123.971621 49.197729, -123.970985 49.197492, -123.970672 49.197383, -123.970461 49.197306, -123.970531 49.197241, -123.970704 49.197095, -123.970811 49.197091, -123.970806 49.196944, -123.970674 49.196843, -123.970667 49.196623, -123.970623 49.196476, -123.970559 49.196273, -123.970474 49.196029, -123.970391 49.195788, -123.970307 49.195546, -123.970207 49.195316, -123.970102 49.19511, -123.970044 49.195035, -123.969911 49.194893, -123.969691 49.194673, -123.969572 49.19455, -123.969494 49.194497, -123.969331 49.194394, -123.969116 49.194286, -123.969033 49.194242, -123.968778 49.194106, -123.968315 49.193836, -123.968464 49.193726, -123.968807 49.193467, -123.968239 49.193135, -123.968467 49.192927, -123.968763 49.192655, -123.969044 49.192423, -123.96933 49.192178, -123.969514 49.191988, -123.969799 49.192129, -123.970115 49.191852, -123.970532 49.191507, -123.970809 49.191646, -123.971202 49.191843, -123.971438 49.191961, -123.97182 49.192151, -123.972684 49.192587, -123.973537 49.193029, -123.974611 49.193574, -123.975722 49.194137, -123.976872 49.194722, -123.978055 49.195319, -123.978652 49.195625)))"
801923,Cilaire,Neighborhood,N,Neighborhood,Departure Bay,Cilaire,,CAN,"Nanaimo, BC",49.195404,-123.965347,20220419,362659.29,Canada,British Columbia,"Nanaimo, BC",Nanaimo,"MULTIPOLYGON (((-123.967966 49.199207, -123.967849 49.199073, -123.967794 49.199027, -123.967714 49.198981, -123.967537 49.198887, -123.967293 49.198739, -123.967058 49.198619, -123.966788 49.198498, -123.966073 49.198053, -123.965783 49.197817, -123.965707 49.197763, -123.965578 49.197707, -123.965484 49.197669, -123.965227 49.197608, -123.965139 49.197597, -123.965108 49.197605, -123.965083 49.197609, -123.965022 49.197667, -123.964949 49.197753, -123.964921 49.197833, -123.964921 49.197869, -123.964897 49.197887, -123.964842 49.197889, -123.964805 49.197863, -123.964759 49.197805, -123.964729 49.197751, -123.964729 49.197695, -123.96475 49.197661, -123.964799 49.197611, -123.964876 49.197548, -123.964885 49.197514, -123.96487 49.197484, -123.964772 49.197396, -123.964668 49.197318, -123.964508 49.197215, -123.963494 49.196608, -123.963101 49.196388, -123.963015 49.196355, -123.962975 49.196352, -123.962865 49.196355, -123.962767 49.196349, -123.962593 49.196329, -123.962441 49.196291, -123.962273 49.196218, -123.961614 49.195878, -123.960919 49.195379, -123.960821 49.195307, -123.960469 49.195138, -123.960347 49.195092, -123.960231 49.195066, -123.95998 49.194996, -123.959751 49.19491, -123.959424 49.194788, -123.958884 49.194471, -123.958409 49.194149, -123.958026 49.193843, -123.957674 49.19358, -123.957634 49.193544, -123.957578 49.193474, -123.957478 49.193238, -123.957482 49.193205, -123.957489 49.193184, -123.957561 49.193143, -123.957535 49.19308, -123.957633 49.193046, -123.957728 49.193029, -123.957957 49.193033, -123.958449 49.193037, -123.959994 49.193087, -123.961437 49.193124, -123.962837 49.193182, -123.964079 49.193145, -123.964799 49.193266, -123.965563 49.193262, -123.965856 49.193258, -123.966526 49.193233, -123.966661 49.19316, -123.967412 49.192592, -123.967554 49.192684, -123.967848 49.192885, -123.968239 49.193135, -123.968807 49.193467, -123.968464 49.193726, -123.968315 49.193836, -123.968778 49.194106, -123.969033 49.194242, -123.969116 49.194286, -123.969331 49.194394, -123.969494 49.194497, -123.969572 49.19455, -123.969691 49.194673, -123.969911 49.194893, -123.970044 49.195035, -123.970102 49.19511, -123.970207 49.195316, -123.970307 49.195546, -123.970391 49.195788, -123.970474 49.196029, -123.970559 49.196273, -123.970623 49.196476, -123.970667 49.196623, -123.970674 49.196843, -123.970806 49.196944, -123.970811 49.197091, -123.970704 49.197095, -123.970531 49.197241, -123.970461 49.197306, -123.970672 49.197383, -123.970405 49.197611, -123.970319 49.197678, -123.970274 49.197711, -123.970231 49.197735, -123.970172 49.197763, -123.969983 49.19784, -123.969892 49.19788, -123.969855 49.197902, -123.969763 49.197957, -123.969505 49.198126, -123.969893 49.198351, -123.968982 49.198705, -123.968548 49.198914, -123.967966 49.199207)))"
801924,Westwood Lake,Neighborhood,N,Neighborhood,Central,Westwood Lake,,CAN,"Nanaimo, BC",49.167426,-123.998732,20220419,1535892.378,Canada,British Columbia,"Nanaimo, BC",Nanaimo,"MULTIPOLYGON (((-123.986244 49.162802, -123.986771 49.162934, -123.986921 49.16297, -123.987028 49.162994, -123.987135 49.163017, -123.987222 49.163033, -123.987332 49.163048, -123.987417 49.163055, -123.987542 49.163059, -123.98826 49.163062, -123.989177 49.163059, -123.99047 49.163064, -123.991578 49.163063, -123.992174 49.163079, -123.993487 49.163102, -123.994913 49.163083, -123.995426 49.163066, -123.99607 49.16227, -123.996203 49.162368, -123.996222 49.162382, -123.996271 49.162401, -123.996629 49.162504, -123.996828 49.162558, -123.99684 49.162565, -123.99687 49.162588, -123.996875 49.162599, -123.996883 49.162629, -123.996919 49.162819, -123.996936 49.162914, -123.997411 49.162916, -123.997591 49.162923, -123.997742 49.162936, -123.997845 49.162948, -123.997913 49.162952, -123.997944 49.16295, -123.997978 49.16294, -123.998002 49.162942, -123.998047 49.162983, -123.99808 49.163006, -123.998118 49.163022, -123.998228 49.16304, -123.998366 49.163059, -123.998537 49.163105, -123.99883 49.163205, -123.99891 49.16324, -123.998983 49.163256, -123.999155 49.163279, -123.999243 49.163285, -123.999301 49.163281, -123.999602 49.163257, -123.999983 49.163249, -124.000117 49.163247, -124.000314 49.163262, -124.000632 49.163298, -124.000781 49.163307, -124.0009 49.163308, -124.000997 49.163304, -124.001082 49.163293, -124.001205 49.163269, -124.001298 49.163259, -124.001376 49.163259, -124.001463 49.163273, -124.001581 49.163285, -124.001627 49.163278, -124.001751 49.163252, -124.001829 49.163236, -124.001873 49.163238, -124.00207 49.163301, -124.002692 49.163474, -124.003284 49.163654, -124.004009 49.163922, -124.004718 49.164144, -124.005289 49.164314, -124.005426 49.164376, -124.006064 49.164642, -124.00761 49.165279, -124.008835 49.165788, -124.01032 49.166322, -124.011241 49.166736, -124.012764 49.167322, -124.01312 49.167483, -124.01379 49.167833, -124.013711 49.168162, -124.013668 49.168405, -124.013618 49.168727, -124.013593 49.168914, -124.012594 49.168948, -124.011018 49.169005, -124.009711 49.169066, -124.00977 49.169639, -124.009816 49.170149, -124.009837 49.170402, -124.009845 49.170655, -124.009847 49.171048, -124.009851 49.171544, -124.009848 49.172108, -124.009418 49.172108, -124.008463 49.172105, -124.007397 49.172105, -124.006234 49.172101, -124.005146 49.172098, -124.004192 49.172093, -124.003191 49.172091, -124.002206 49.17209, -124.001223 49.17209, -124.000096 49.172093, -123.999291 49.172107, -123.999138 49.172105, -123.999024 49.1721, -123.998942 49.172094, -123.998852 49.172083, -123.998723 49.172064, -123.998576 49.172038, -123.998398 49.172004, -123.99826 49.171973, -123.998222 49.171963, -123.997926 49.171887, -123.997402 49.171744, -123.996911 49.171612, -123.996154 49.171405, -123.99556 49.17124, -123.995096 49.171113, -123.994351 49.170907, -123.993732 49.170739, -123.993112 49.170569, -123.992448 49.170392, -123.9919 49.170241, -123.991451 49.170118, -123.991144 49.170034, -123.990442 49.169838, -123.990209 49.169774, -123.989311 49.16953, -123.98873 49.16937, -123.988584 49.169338, -123.988325 49.169287, -123.98812 49.169255, -123.987886 49.169221, -123.987557 49.169185, -123.987094 49.16914, -123.986877 49.169119, -123.986389 49.169071, -123.98615 49.16905, -123.986022 49.169038, -123.986021 49.168779, -123.986028 49.168184, -123.986029 49.167479, -123.986032 49.166967, -123.986042 49.166373, -123.98604 49.165731, -123.986043 49.165144, -123.986043 49.164547, -123.986054 49.163971, -123.986045 49.163404, -123.986043 49.163217, -123.986045 49.163182, -123.986061 49.163153, -123.986083 49.163124, -123.986031 49.163066, -123.986036 49.162935, -123.986072 49.162757, -123.986244 49.162802)))"
801925,College Heights,Neighborhood,N,Neighborhood,South,College Heights,,CAN,"Nanaimo, BC",49.161137,-123.97974,20220419,401220.333,Canada,British Columbia,"Nanaimo, BC",Nanaimo,"MULTIPOLYGON (((-123.986178 49.162423, -123.986072 49.162757, -123.986036 49.162935, -123.986031 49.163066, -123.985196 49.163063, -123.984732 49.16307, -123.984276 49.163082, -123.983661 49.163077, -123.983051 49.16307, -123.982541 49.163066, -123.982187 49.16307, -123.981913 49.163077, -123.981693 49.16309, -123.981385 49.163104, -123.981158 49.163107, -123.981029 49.163106, -123.980602 49.163094, -123.980249 49.163082, -123.980023 49.163067, -123.979719 49.163062, -123.979627 49.163057, -123.979506 49.163042, -123.97938 49.163028, -123.978831 49.163017, -123.978401 49.163007, -123.978416 49.163253, -123.97584 49.163214, -123.973195 49.16185, -123.972499 49.161476, -123.97183 49.160975, -123.97315 49.161, -123.97314 49.160626, -123.973114 49.160153, -123.973109 49.160028, -123.973107 49.159978, -123.973109 49.159938, -123.97312 49.159896, -123.973152 49.159846, -123.973069 49.159744, -123.973021 49.159675, -123.972998 49.159628, -123.972973 49.159557, -123.972948 49.159474, -123.972938 49.159397, -123.972925 49.159315, -123.972922 49.15921, -123.986455 49.159356, -123.986341 49.161433, -123.986178 49.162423)))"
801926,Cinnabar Valley,Neighborhood,N,Neighborhood,South,Cinnabar Valley,,CAN,"Nanaimo, BC",49.100423,-123.923905,20220419,3012807.166,Canada,British Columbia,"Nanaimo, BC",Nanaimo,"MULTIPOLYGON (((-123.918441 49.104633, -123.918531 49.103803, -123.918345 49.103804, -123.918364 49.103666, -123.918368 49.1036, -123.918364 49.103568, -123.918355 49.103551, -123.918274 49.103464, -123.918286 49.103438, -123.918316 49.103408, -123.918358 49.103375, -123.918346 49.103274, -123.918191 49.101996, -123.918108 49.101395, -123.918006 49.099175, -123.917911 49.098041, -123.917688 49.097432, -123.917343 49.096653, -123.917469 49.096591, -123.916521 49.095379, -123.917272 49.095075, -123.917053 49.094862, -123.916762 49.094645, -123.915705 49.093893, -123.916638 49.093857, -123.909906 49.086215, -123.914204 49.085493, -123.915003 49.085425, -123.915196 49.085649, -123.91524 49.085687, -123.915289 49.085721, -123.915868 49.085999, -123.916725 49.086409, -123.917582 49.086816, -123.918271 49.087133, -123.918636 49.087297, -123.920095 49.087933, -123.920725 49.088208, -123.920984 49.088334, -123.922234 49.089092, -123.922941 49.089498, -123.923342 49.089728, -123.923862 49.090074, -123.92413 49.090249, -123.924359 49.090426, -123.924657 49.09068, -123.924848 49.090838, -123.925068 49.090702, -123.926703 49.091573, -123.9281 49.09237, -123.931172 49.093998, -123.934247 49.095763, -123.93325 49.097218, -123.933317 49.09775, -123.933292 49.098755, -123.933271 49.099404, -123.933262 49.099941, -123.93325 49.100559, -123.933313 49.10129, -123.933335 49.101626, -123.933335 49.10208, -123.933273 49.102247, -123.933271 49.102287, -123.933264 49.102492, -123.933254 49.10251, -123.933216 49.102548, -123.933171 49.102582, -123.933171 49.102651, -123.933172 49.102796, -123.933169 49.102818, -123.933157 49.102838, -123.933205 49.102854, -123.933174 49.10364, -123.933162 49.104232, -123.933154 49.104643, -123.933115 49.105693, -123.933115 49.105978, -123.933103 49.106152, -123.933091 49.106522, -123.933091 49.106773, -123.933165 49.107752, -123.933119 49.1089, -123.933132 49.109603, -123.933132 49.109778, -123.932503 49.109773, -123.931983 49.109762, -123.931983 49.109886, -123.931727 49.10996, -123.931454 49.110053, -123.931098 49.110108, -123.930926 49.110148, -123.930864 49.110172, -123.930785 49.110216, -123.930516 49.110371, -123.930356 49.110486, -123.930082 49.110742, -123.929832 49.111031, -123.929551 49.11089, -123.929441 49.111026, -123.929346 49.111222, -123.929311 49.11128, -123.929234 49.111465, -123.929157 49.111638, -123.928503 49.111638, -123.92852 49.1117, -123.928536 49.111743, -123.928565 49.111804, -123.928597 49.111853, -123.928425 49.112001, -123.928059 49.112319, -123.927729 49.112583, -123.927394 49.11283, -123.926822 49.113303, -123.926525 49.113553, -123.926102 49.113921, -123.925616 49.114264, -123.925256 49.114599, -123.924542 49.115276, -123.9242 49.115616, -123.923951 49.115591, -123.923582 49.11559, -123.923048 49.115589, -123.921797 49.115592, -123.920263 49.115612, -123.920258 49.11547, -123.920261 49.11543, -123.920262 49.115412, -123.920261 49.115392, -123.920243 49.115327, -123.920232 49.115292, -123.920315 49.11524, -123.920277 49.115186, -123.920265 49.115161, -123.920253 49.115127, -123.920239 49.115052, -123.920237 49.114985, -123.920243 49.114792, -123.920245 49.114707, -123.920242 49.114532, -123.920245 49.114351, -123.920253 49.114144, -123.920258 49.114115, -123.920275 49.114081, -123.920117 49.114061, -123.919769 49.112686, -123.918943 49.11014, -123.918668 49.109096, -123.918618 49.108545, -123.918441 49.104633)))"
801927,South Wellington,Neighborhood,N,Neighborhood,South,South Wellington,,CAN,"Nanaimo, BC",49.095692,-123.895028,20220419,6584391.245,Canada,British Columbia,"Nanaimo, BC",Nanaimo A,"MULTIPOLYGON (((-123.909906 49.086215, -123.916638 49.093857, -123.915705 49.093893, -123.916762 49.094645, -123.917053 49.094862, -123.917272 49.095075, -123.916521 49.095379, -123.917469 49.096591, -123.917343 49.096653, -123.917688 49.097432, -123.917911 49.098041, -123.918006 49.099175, -123.918108 49.101395, -123.918191 49.101996, -123.918346 49.103274, -123.918358 49.103375, -123.918316 49.103408, -123.918286 49.103438, -123.918274 49.103464, -123.918355 49.103551, -123.918364 49.103568, -123.918368 49.1036, -123.918364 49.103666, -123.918345 49.103804, -123.918531 49.103803, -123.918441 49.104633, -123.915918 49.104736, -123.913942 49.104659, -123.912108 49.104638, -123.906779 49.104573, -123.901249 49.104574, -123.898337 49.10453, -123.897804 49.104735, -123.897675 49.104708, -123.897514 49.104682, -123.897374 49.104662, -123.897184 49.104645, -123.897065 49.10464, -123.896886 49.104636, -123.896744 49.104638, -123.896575 49.104648, -123.896382 49.104663, -123.896127 49.104699, -123.895947 49.104732, -123.895823 49.10476, -123.895643 49.104808, -123.895525 49.104841, -123.895404 49.104882, -123.894908 49.105092, -123.894723 49.104923, -123.894472 49.104702, -123.893584 49.104697, -123.892533 49.104689, -123.891705 49.104679, -123.891704 49.104592, -123.890336 49.104588, -123.889001 49.104572, -123.888128 49.104557, -123.886981 49.104536, -123.884563 49.104525, -123.883023 49.10452, -123.881956 49.104519, -123.880041 49.104508, -123.878708 49.104488, -123.878051 49.104491, -123.877283 49.104496, -123.876015 49.104528, -123.874556 49.104532, -123.873737 49.104533, -123.872187 49.104545, -123.871473 49.104561, -123.871096 49.104573, -123.870734 49.104574, -123.868992 49.104592, -123.867543 49.10461, -123.867534 49.104067, -123.867591 49.103937, -123.867704 49.103743, -123.86865 49.102252, -123.870371 49.099397, -123.871561 49.09722, -123.872587 49.096006, -123.873907 49.094701, -123.874028 49.094592, -123.87432 49.094193, -123.874497 49.093867, -123.874564 49.092604, -123.874615 49.092405, -123.874739 49.092222, -123.875011 49.091942, -123.87542 49.091663, -123.875772 49.09146, -123.876169 49.091307, -123.876541 49.09118, -123.876689 49.091142, -123.878061 49.091043, -123.878051 49.09071, -123.877829 49.090378, -123.878201 49.089965, -123.881419 49.089847, -123.883852 49.08977, -123.8837 49.089262, -123.88361 49.088913, -123.883532 49.088543, -123.883475 49.088268, -123.883434 49.088027, -123.88338 49.087616, -123.883237 49.08646, -123.884175 49.086481, -123.885152 49.086487, -123.886337 49.086495, -123.887368 49.086506, -123.887761 49.086515, -123.88803 49.086528, -123.888124 49.086541, -123.888212 49.086564, -123.888339 49.086593, -123.888355 49.086535, -123.888506 49.085931, -123.888581 49.085608, -123.888607 49.085465, -123.888634 49.085307, -123.888637 49.085139, -123.888636 49.084993, -123.88862 49.084794, -123.888596 49.084589, -123.88856 49.084359, -123.888434 49.083769, -123.888306 49.083092, -123.888147 49.082387, -123.888102 49.082203, -123.888075 49.082113, -123.888031 49.082, -123.887993 49.081906, -123.887939 49.081786, -123.887865 49.081622, -123.88777 49.081447, -123.887587 49.081129, -123.887965 49.080833, -123.888218 49.08107, -123.888498 49.081373, -123.888687 49.081607, -123.888884 49.081876, -123.889129 49.082206, -123.889346 49.082497, -123.889591 49.082808, -123.889865 49.083135, -123.89013 49.083432, -123.890245 49.083607, -123.890313 49.08371, -123.890437 49.083846, -123.890681 49.084086, -123.89094 49.084344, -123.891233 49.084627, -123.891461 49.084853, -123.891704 49.085089, -123.8919 49.085282, -123.892105 49.085473, -123.892579 49.085114, -123.892788 49.085115, -123.892896 49.085112, -123.892966 49.085105, -123.893136 49.085078, -123.893205 49.085061, -123.893362 49.085007, -123.893577 49.084919, -123.893694 49.084862, -123.893789 49.084807, -123.89391 49.084723, -123.894008 49.084649, -123.894088 49.084577, -123.894159 49.084503, -123.894211 49.084431, -123.894244 49.084375, -123.894282 49.084297, -123.894307 49.084242, -123.894346 49.084137, -123.894355 49.084077, -123.894403 49.083728, -123.894443 49.083585, -123.894483 49.083476, -123.894535 49.083382, -123.894576 49.083304, -123.894641 49.083212, -123.894716 49.083124, -123.8948 49.083035, -123.894903 49.082944, -123.895034 49.082847, -123.895196 49.082744, -123.89538 49.082644, -123.895519 49.08258, -123.895641 49.082533, -123.895824 49.082477, -123.896049 49.082414, -123.896205 49.082384, -123.896483 49.082345, -123.897074 49.082263, -123.897303 49.082254, -123.897537 49.082274, -123.89791 49.08229, -123.898104 49.082397, -123.898212 49.082459, -123.898541 49.082601, -123.89874 49.082676, -123.899106 49.082785, -123.899206 49.082938, -123.899726 49.083743, -123.900591 49.083797, -123.901178 49.083854, -123.903527 49.08439, -123.90442 49.084538, -123.905616 49.084746, -123.906216 49.084879, -123.907206 49.085135, -123.909161 49.085863, -123.909906 49.086215)))"
801928,Downtown Nanaimo,Neighborhood,N,Neighborhood,Downtown,Downtown Nanaimo,,CAN,"Nanaimo, BC",49.167148,-123.938104,20220419,1001392.511,Canada,British Columbia,"Nanaimo, BC",Nanaimo,"MULTIPOLYGON (((-123.941657 49.171532, -123.941551 49.171411, -123.940838 49.17169, -123.940585 49.171776, -123.940357 49.171826, -123.940298 49.171837, -123.939437 49.172061, -123.938696 49.172296, -123.93808 49.172483, -123.937808 49.172577, -123.937748 49.172591, -123.937714 49.172592, -123.937676 49.172593, -123.937646 49.172587, -123.937608 49.172573, -123.937578 49.172556, -123.937551 49.172526, -123.937426 49.172336, -123.937215 49.17203, -123.937173 49.171968, -123.937164 49.17195, -123.937065 49.171933, -123.93673 49.171881, -123.936727 49.171886, -123.936634 49.171872, -123.936625 49.171897, -123.936416 49.171866, -123.936444 49.171781, -123.936655 49.171813, -123.936648 49.171837, -123.936742 49.171852, -123.936738 49.171859, -123.936923 49.171888, -123.937158 49.171922, -123.937004 49.171748, -123.936966 49.171715, -123.936935 49.171702, -123.936839 49.171666, -123.936734 49.171618, -123.93669 49.17159, -123.936673 49.171576, -123.936657 49.171557, -123.936642 49.171521, -123.936634 49.171496, -123.936636 49.17148, -123.936661 49.171439, -123.936694 49.171393, -123.936715 49.17137, -123.936762 49.171337, -123.936854 49.17129, -123.936585 49.170907, -123.936484 49.170926, -123.936432 49.170929, -123.936399 49.170926, -123.936345 49.17091, -123.936307 49.170892, -123.936258 49.170865, -123.936036 49.170928, -123.935773 49.17101, -123.935355 49.171133, -123.935054 49.171221, -123.934736 49.171316, -123.934521 49.171378, -123.934456 49.171357, -123.934215 49.171178, -123.933652 49.170763, -123.933196 49.170427, -123.932458 49.169867, -123.93247 49.169575, -123.932484 49.169233, -123.932492 49.1689, -123.932505 49.168551, -123.932521 49.168246, -123.932542 49.168247, -123.932545 49.168067, -123.932514 49.168065, -123.932468 49.168054, -123.932441 49.168037, -123.932428 49.168022, -123.932425 49.168002, -123.93243 49.167978, -123.932441 49.167957, -123.932434 49.167945, -123.932227 49.167699, -123.931958 49.16737, -123.931802 49.167171, -123.931759 49.167113, -123.931678 49.166967, -123.931642 49.166913, -123.931548 49.166804, -123.931531 49.166782, -123.931494 49.166752, -123.931378 49.166671, -123.931269 49.166605, -123.931092 49.166752, -123.931075 49.166768, -123.930987 49.166768, -123.930909 49.166803, -123.930903 49.166843, -123.930849 49.166855, -123.930771 49.166733, -123.930779 49.166706, -123.930694 49.16658, -123.93065 49.166539, -123.930614 49.166496, -123.930595 49.166464, -123.930576 49.166416, -123.930565 49.166376, -123.930567 49.16632, -123.930599 49.16621, -123.930553 49.166192, -123.930477 49.166169, -123.93031 49.166126, -123.930191 49.166094, -123.930076 49.16605, -123.929955 49.165996, -123.929812 49.165922, -123.929775 49.165894, -123.929723 49.165836, -123.929661 49.16578, -123.929618 49.165738, -123.929541 49.165684, -123.929437 49.165626, -123.929367 49.165595, -123.929114 49.165665, -123.929097 49.165647, -123.929082 49.165622, -123.929058 49.165565, -123.92905 49.165527, -123.929055 49.165498, -123.929113 49.165425, -123.9293 49.165236, -123.929416 49.165136, -123.929591 49.164993, -123.92916 49.164701, -123.929142 49.164687, -123.929129 49.164663, -123.929138 49.16463, -123.929164 49.164575, -123.929211 49.16452, -123.929275 49.164454, -123.929332 49.164403, -123.929378 49.164372, -123.929442 49.164344, -123.929485 49.164317, -123.929531 49.164274, -123.929549 49.164243, -123.92954 49.16421, -123.929479 49.164141, -123.929419 49.164065, -123.929387 49.163989, -123.929373 49.163934, -123.929314 49.163863, -123.928871 49.164058, -123.928921 49.164104, -123.928858 49.164134, -123.928719 49.163983, -123.928771 49.16396, -123.928824 49.16402, -123.928948 49.163967, -123.929315 49.163795, -123.929243 49.163727, -123.929199 49.163604, -123.929091 49.163636, -123.928996 49.163479, -123.928794 49.163522, -123.928771 49.163486, -123.928811 49.163475, -123.929112 49.163387, -123.929062 49.163312, -123.929039 49.163277, -123.928993 49.163245, -123.928936 49.163217, -123.928839 49.163192, -123.9293 49.163066, -123.929002 49.162602, -123.929968 49.162335, -123.931012 49.162047, -123.93108 49.162028, -123.931647 49.161896, -123.931753 49.162013, -123.932243 49.162589, -123.932548 49.162945, -123.932865 49.163286, -123.9333 49.163224, -123.933579 49.163186, -123.9337 49.163166, -123.933925 49.163114, -123.934312 49.16304, -123.934445 49.163016, -123.934767 49.162985, -123.934688 49.162872, -123.934658 49.162818, -123.93464 49.162775, -123.934628 49.162727, -123.934616 49.162655, -123.934615 49.16259, -123.934622 49.162509, -123.934625 49.162489, -123.934638 49.16242, -123.935495 49.162659, -123.936238 49.16287, -123.93679 49.163021, -123.937112 49.163122, -123.937648 49.162701, -123.93823 49.162238, -123.938744 49.161833, -123.939197 49.161476, -123.939415 49.161676, -123.939548 49.161808, -123.939934 49.1622, -123.940512 49.162787, -123.941099 49.163368, -123.941902 49.163027, -123.942269 49.162869, -123.942782 49.163374, -123.943253 49.163841, -123.943428 49.163765, -123.943625 49.163677, -123.943651 49.16366, -123.94368 49.163645, -123.943929 49.163555, -123.94401 49.163521, -123.944522 49.163301, -123.944807 49.163587, -123.945159 49.163938, -123.945546 49.164317, -123.945578 49.164353, -123.945655 49.164453, -123.945676 49.164513, -123.945727 49.164704, -123.945817 49.165064, -123.945012 49.165175, -123.945029 49.165272, -123.944661 49.165308, -123.944351 49.165335, -123.944491 49.165943, -123.94468 49.166725, -123.943507 49.166847, -123.942425 49.166959, -123.942585 49.167623, -123.94276 49.168401, -123.942687 49.168409, -123.942773 49.168727, -123.942856 49.169108, -123.942936 49.169461, -123.943027 49.1698, -123.943125 49.170202, -123.943715 49.170221, -123.944418 49.170248, -123.945375 49.170282, -123.946186 49.170308, -123.947028 49.17034, -123.947207 49.170593, -123.94738 49.170842, -123.947607 49.171164, -123.947665 49.171254, -123.947752 49.171397, -123.94782 49.171516, -123.947873 49.171622, -123.947915 49.171709, -123.947339 49.171674, -123.947072 49.171669, -123.946924 49.171682, -123.946815 49.171714, -123.946744 49.171779, -123.946718 49.171837, -123.946718 49.171947, -123.946776 49.172119, -123.946844 49.172252, -123.946898 49.172327, -123.947069 49.172504, -123.947239 49.172651, -123.94728 49.172699, -123.947313 49.172758, -123.947385 49.172962, -123.947391 49.173052, -123.947388 49.173114, -123.947366 49.173161, -123.947302 49.173214, -123.946852 49.173469, -123.946811 49.173511, -123.946758 49.173647, -123.946728 49.173763, -123.946703 49.173837, -123.946661 49.173886, -123.946592 49.173914, -123.946492 49.173919, -123.946411 49.173905, -123.946323 49.173876, -123.946234 49.173819, -123.946187 49.173772, -123.94614 49.173716, -123.946095 49.173602, -123.946048 49.173518, -123.945962 49.17344, -123.945801 49.173346, -123.945338 49.17313, -123.944888 49.172925, -123.94449 49.17278, -123.944226 49.172693, -123.944085 49.172633, -123.943683 49.172381, -123.943019 49.171926, -123.942597 49.171638, -123.942433 49.171551, -123.942286 49.171506, -123.942178 49.17148, -123.942053 49.171466, -123.941948 49.171466, -123.941657 49.171532)))"
801929,Garner Crescent,Neighborhood,N,Neighborhood,Central,Garner Crescent,,CAN,"Nanaimo, BC",49.173847,-123.964543,20220419,179138.716,Canada,British Columbia,"Nanaimo, BC",Nanaimo,"MULTIPOLYGON (((-123.966919 49.173247, -123.967257 49.173438, -123.967315 49.17347, -123.967441 49.173536, -123.967915 49.173763, -123.967862 49.174192, -123.967791 49.174839, -123.967702 49.175571, -123.967644 49.17616, -123.967627 49.176368, -123.967598 49.176554, -123.967573 49.17665, -123.967547 49.176741, -123.967531 49.176779, -123.967416 49.176963, -123.967314 49.17692, -123.966877 49.176752, -123.9666 49.176639, -123.966279 49.176502, -123.966004 49.176379, -123.965875 49.176324, -123.96561 49.17622, -123.965078 49.17599, -123.964807 49.175862, -123.964622 49.175766, -123.964526 49.175707, -123.964425 49.175638, -123.964339 49.175573, -123.9639 49.175257, -123.963405 49.17489, -123.963053 49.174628, -123.96281 49.174452, -123.962636 49.174334, -123.962463 49.174219, -123.962294 49.174121, -123.96201 49.173974, -123.961426 49.173685, -123.960889 49.173437, -123.960918 49.173326, -123.960931 49.173279, -123.960944 49.173211, -123.96095 49.173032, -123.960972 49.17237, -123.960974 49.171712, -123.960978 49.171221, -123.962579 49.171251, -123.963796 49.17178, -123.964398 49.172051, -123.965076 49.172362, -123.965778 49.172683, -123.966096 49.172825, -123.966145 49.172849, -123.966177 49.172878, -123.966248 49.172968, -123.966431 49.173005, -123.966483 49.173018, -123.966548 49.173046, -123.966607 49.173074, -123.966919 49.173247)))"
801930,Hawthrone,Neighborhood,N,Neighborhood,Central,Hawthrone,,CAN,"Nanaimo, BC",49.169285,-123.964667,20220419,212512.908,Canada,British Columbia,"Nanaimo, BC",Nanaimo,"MULTIPOLYGON (((-123.963372 49.16659, -123.96436 49.166594, -123.965527 49.166595, -123.966394 49.166601, -123.966925 49.166602, -123.966929 49.166784, -123.96693 49.167102, -123.96693 49.167545, -123.966928 49.167882, -123.966925 49.168147, -123.966916 49.168493, -123.96692 49.168838, -123.966916 49.169116, -123.966915 49.16948, -123.966908 49.169753, -123.966906 49.170017, -123.966904 49.170289, -123.966897 49.170565, -123.966897 49.170802, -123.966897 49.170966, -123.966896 49.171217, -123.966898 49.171441, -123.966861 49.171442, -123.966868 49.171718, -123.966864 49.171892, -123.966865 49.171945, -123.966865 49.171983, -123.96687 49.172002, -123.966878 49.172021, -123.966896 49.17204, -123.966913 49.172051, -123.96695 49.172069, -123.96695 49.172274, -123.966951 49.172622, -123.966957 49.17291, -123.966955 49.172962, -123.96695 49.172996, -123.966943 49.173036, -123.96693 49.173158, -123.966919 49.173247, -123.966607 49.173074, -123.966548 49.173046, -123.966483 49.173018, -123.966431 49.173005, -123.966248 49.172968, -123.966177 49.172878, -123.966145 49.172849, -123.966096 49.172825, -123.965778 49.172683, -123.965076 49.172362, -123.964398 49.172051, -123.963796 49.17178, -123.962579 49.171251, -123.962562 49.170492, -123.962561 49.170115, -123.962559 49.169707, -123.962558 49.169475, -123.96256 49.169163, -123.962564 49.168898, -123.96249 49.168899, -123.96249 49.168727, -123.962494 49.168314, -123.962495 49.167918, -123.962503 49.167634, -123.962441 49.167636, -123.961815 49.16763, -123.961322 49.167632, -123.961181 49.167634, -123.961004 49.167631, -123.961004 49.167236, -123.961011 49.16658, -123.961797 49.166582, -123.962991 49.166588, -123.963372 49.16659)))"
801931,Quarterway,Neighborhood,N,Neighborhood,Central,Quarterway,,CAN,"Nanaimo, BC",49.177805,-123.973677,20220419,442314.688,Canada,British Columbia,"Nanaimo, BC",Nanaimo,"MULTIPOLYGON (((-123.972797 49.173398, -123.972735 49.173982, -123.972749 49.174657, -123.972888 49.174661, -123.973142 49.174671, -123.973132 49.174891, -123.973385 49.175045, -123.973608 49.175175, -123.974681 49.175707, -123.975946 49.176227, -123.976285 49.176379, -123.977288 49.176813, -123.977498 49.176944, -123.978308 49.177503, -123.978451 49.17746, -123.978504 49.17745, -123.978565 49.177442, -123.978638 49.177439, -123.979044 49.177442, -123.979623 49.177442, -123.980172 49.177455, -123.980177 49.177406, -123.980699 49.177411, -123.980691 49.177746, -123.980684 49.178093, -123.980685 49.178394, -123.980681 49.178805, -123.9796 49.179226, -123.979095 49.179423, -123.978954 49.179472, -123.978848 49.179515, -123.978804 49.179535, -123.97877 49.179555, -123.978662 49.17959, -123.978605 49.179611, -123.978561 49.179636, -123.978453 49.179687, -123.978139 49.179891, -123.977926 49.180054, -123.977596 49.180326, -123.978107 49.180607, -123.977601 49.180673, -123.97737 49.180698, -123.976782 49.180759, -123.975939 49.18083, -123.974913 49.180927, -123.974645 49.180955, -123.974488 49.180962, -123.974397 49.180964, -123.97431 49.180957, -123.974198 49.180944, -123.974088 49.180926, -123.973783 49.180861, -123.973354 49.180773, -123.972798 49.180662, -123.971939 49.180496, -123.971081 49.180321, -123.970386 49.180179, -123.96964 49.180026, -123.9692 49.179937, -123.968569 49.179793, -123.968159 49.179698, -123.967842 49.179627, -123.967984 49.179467, -123.968028 49.179424, -123.968067 49.179395, -123.968108 49.17937, -123.968164 49.179346, -123.968209 49.179332, -123.968265 49.17932, -123.968335 49.179312, -123.96846 49.17931, -123.968886 49.179318, -123.96891 49.179123, -123.968924 49.179022, -123.968933 49.178916, -123.96868 49.178709, -123.968723 49.17867, -123.968798 49.178565, -123.968865 49.178452, -123.968952 49.178202, -123.969007 49.178094, -123.969072 49.177997, -123.969187 49.177848, -123.969242 49.177746, -123.969247 49.177672, -123.969231 49.177577, -123.969187 49.17746, -123.969096 49.177163, -123.969082 49.177097, -123.969072 49.177012, -123.969043 49.176841, -123.968891 49.176276, -123.968896 49.176187, -123.968922 49.176105, -123.969109 49.175873, -123.969519 49.175477, -123.969565 49.175412, -123.969635 49.175289, -123.969699 49.175142, -123.969906 49.174487, -123.969923 49.174399, -123.969912 49.174072, -123.969879 49.173815, -123.969881 49.173786, -123.969929 49.17372, -123.970002 49.173655, -123.970089 49.173608, -123.970147 49.173594, -123.970207 49.173595, -123.970267 49.173616, -123.970391 49.173679, -123.970497 49.173723, -123.970594 49.173753, -123.970688 49.173766, -123.970741 49.173766, -123.970773 49.17375, -123.970805 49.173707, -123.970886 49.173537, -123.970933 49.173442, -123.970975 49.173397, -123.971029 49.173356, -123.97108 49.173344, -123.971154 49.173352, -123.971369 49.173393, -123.971655 49.173452, -123.971911 49.173459, -123.972129 49.173455, -123.972331 49.173434, -123.972797 49.173398)))"
801932,Jingle-Pot,Neighborhood,M,Macro Neighborhood,Jingle-Pot,,,CAN,"Nanaimo, BC",49.179806,-124.002439,20220419,4591009.549,Canada,British Columbia,"Nanaimo, BC",Nanaimo,"MULTIPOLYGON (((-123.998222 49.171963, -123.99826 49.171973, -123.998398 49.172004, -123.998576 49.172038, -123.998723 49.172064, -123.998852 49.172083, -123.998942 49.172094, -123.999024 49.1721, -123.999138 49.172105, -123.999291 49.172107, -124.000096 49.172093, -124.001223 49.17209, -124.002206 49.17209, -124.003191 49.172091, -124.004192 49.172093, -124.005146 49.172098, -124.006234 49.172101, -124.007397 49.172105, -124.008463 49.172105, -124.009418 49.172108, -124.009848 49.172108, -124.010486 49.172108, -124.011488 49.172104, -124.012261 49.172105, -124.013131 49.172108, -124.014065 49.172109, -124.015001 49.172116, -124.01606 49.172122, -124.016845 49.172127, -124.017321 49.172133, -124.017586 49.17214, -124.017884 49.172154, -124.018502 49.172194, -124.019171 49.172245, -124.019585 49.172277, -124.019853 49.172298, -124.020075 49.172312, -124.020341 49.172323, -124.020992 49.172351, -124.021675 49.172386, -124.021706 49.172389, -124.021652 49.172512, -124.021629 49.172549, -124.021601 49.172575, -124.021558 49.172606, -124.021465 49.172657, -124.021329 49.172731, -124.021156 49.172809, -124.021048 49.172867, -124.020951 49.172921, -124.020857 49.172991, -124.020759 49.17308, -124.020651 49.173189, -124.020592 49.173253, -124.020532 49.173335, -124.020396 49.173527, -124.020336 49.173626, -124.020528 49.173684, -124.020014 49.174466, -124.019604 49.175043, -124.018897 49.176389, -124.018656 49.176778, -124.017999 49.177522, -124.017854 49.177743, -124.017595 49.178265, -124.017167 49.178996, -124.016668 49.179678, -124.01634 49.180366, -124.016156 49.180739, -124.016119 49.180922, -124.016037 49.182229, -124.016012 49.184555, -124.015988 49.186085, -124.015996 49.187933, -124.016009 49.188629, -124.016097 49.188629, -124.016087 49.188739, -124.016085 49.188761, -124.016078 49.188789, -124.016063 49.188819, -124.016049 49.188858, -124.016038 49.189043, -124.016013 49.18944, -124.016008 49.189604, -124.016008 49.189647, -124.016012 49.189705, -124.016012 49.189742, -124.015998 49.189952, -124.015994 49.190161, -124.015992 49.190313, -124.01599 49.190343, -124.015982 49.19037, -124.015968 49.190408, -124.01594 49.190476, -124.01626 49.190559, -124.016697 49.190685, -124.016895 49.190748, -124.017216 49.190859, -124.017652 49.191012, -124.018091 49.191163, -124.018477 49.191302, -124.018558 49.191333, -124.018648 49.191368, -124.018796 49.191432, -124.018968 49.191512, -124.019125 49.191589, -124.019236 49.191647, -124.019344 49.191709, -124.019453 49.191773, -124.019553 49.191841, -124.019668 49.191921, -124.019832 49.192042, -124.020103 49.192241, -124.020515 49.192545, -124.020918 49.192842, -124.021242 49.193086, -124.021559 49.193326, -124.021779 49.193505, -124.021657 49.193742, -124.021202 49.195005, -124.02096 49.194928, -124.020617 49.194828, -124.019745 49.194572, -124.018516 49.194212, -124.017565 49.193938, -124.016861 49.193731, -124.015487 49.193338, -124.015011 49.193199, -124.014141 49.192945, -124.013563 49.192758, -124.013164 49.192623, -124.011725 49.192136, -124.010582 49.191725, -124.009729 49.191406, -124.008886 49.191074, -124.007831 49.190636, -124.006205 49.189922, -124.004573 49.189185, -124.004047 49.188947, -124.003627 49.18878, -124.003295 49.188651, -124.002469 49.188359, -124.00197 49.188182, -124.001409 49.187998, -124.000793 49.187786, -124.000365 49.187646, -123.999868 49.187492, -123.999256 49.187312, -123.998635 49.187123, -123.998006 49.186951, -123.997374 49.18678, -123.996882 49.186658, -123.996516 49.186566, -123.99596 49.186437, -123.995555 49.186337, -123.995236 49.18627, -123.994902 49.186201, -123.994146 49.186042, -123.993326 49.185871, -123.992888 49.185766, -123.99244 49.185638, -123.991927 49.185474, -123.991541 49.185334, -123.991059 49.185126, -123.990668 49.184951, -123.99033 49.184774, -123.989991 49.184584, -123.989682 49.184397, -123.989386 49.184201, -123.98911 49.183989, -123.988933 49.183853, -123.9887 49.183645, -123.988428 49.183386, -123.988238 49.183199, -123.988056 49.182992, -123.987851 49.182734, -123.987712 49.182541, -123.987517 49.182245, -123.987398 49.182052, -123.986689 49.180878, -123.985827 49.179427, -123.98484 49.177773, -123.984315 49.176895, -123.984029 49.176417, -123.983824 49.176043, -123.983667 49.175735, -123.983491 49.175358, -123.983347 49.175006, -123.983123 49.174396, -123.982999 49.173981, -123.98289 49.173585, -123.982785 49.173168, -123.982708 49.172806, -123.982644 49.172447, -123.982438 49.170985, -123.9823 49.169721, -123.982209 49.169148, -123.982156 49.168918, -123.982106 49.168768, -123.982498 49.168773, -123.982899 49.168775, -123.98315 49.168786, -123.983442 49.168806, -123.984671 49.16891, -123.985542 49.168993, -123.986022 49.169038, -123.98615 49.16905, -123.986389 49.169071, -123.986877 49.169119, -123.987094 49.16914, -123.987557 49.169185, -123.987886 49.169221, -123.98812 49.169255, -123.988325 49.169287, -123.988584 49.169338, -123.98873 49.16937, -123.989311 49.16953, -123.990209 49.169774, -123.990442 49.169838, -123.991144 49.170034, -123.991451 49.170118, -123.9919 49.170241, -123.992448 49.170392, -123.993112 49.170569, -123.993732 49.170739, -123.994351 49.170907, -123.995096 49.171113, -123.99556 49.17124, -123.996154 49.171405, -123.996911 49.171612, -123.997402 49.171744, -123.997926 49.171887, -123.998222 49.171963)))"
801933,Buttertubs,Neighborhood,N,Neighborhood,Central,Buttertubs,,CAN,"Nanaimo, BC",49.170338,-123.970451,20220419,455176.313,Canada,British Columbia,"Nanaimo, BC",Nanaimo,"MULTIPOLYGON (((-123.972797 49.173398, -123.972331 49.173434, -123.972129 49.173455, -123.971911 49.173459, -123.971655 49.173452, -123.971369 49.173393, -123.971154 49.173352, -123.97108 49.173344, -123.971029 49.173356, -123.970975 49.173397, -123.970933 49.173442, -123.970886 49.173537, -123.970805 49.173707, -123.970773 49.17375, -123.970741 49.173766, -123.970688 49.173766, -123.970594 49.173753, -123.970497 49.173723, -123.970391 49.173679, -123.970267 49.173616, -123.970207 49.173595, -123.970147 49.173594, -123.970089 49.173608, -123.970002 49.173655, -123.969929 49.17372, -123.969881 49.173786, -123.969879 49.173815, -123.969912 49.174072, -123.969923 49.174399, -123.969906 49.174487, -123.969699 49.175142, -123.969635 49.175289, -123.969565 49.175412, -123.969519 49.175477, -123.969109 49.175873, -123.968922 49.176105, -123.968896 49.176187, -123.968891 49.176276, -123.969043 49.176841, -123.969072 49.177012, -123.969082 49.177097, -123.969096 49.177163, -123.969187 49.17746, -123.969097 49.177452, -123.968911 49.177433, -123.968758 49.177409, -123.968519 49.177366, -123.968403 49.177338, -123.968267 49.177303, -123.968148 49.177266, -123.967963 49.177197, -123.967801 49.177129, -123.967416 49.176963, -123.967531 49.176779, -123.967547 49.176741, -123.967573 49.17665, -123.967598 49.176554, -123.967627 49.176368, -123.967644 49.17616, -123.967702 49.175571, -123.967791 49.174839, -123.967862 49.174192, -123.967915 49.173763, -123.967441 49.173536, -123.967315 49.17347, -123.967257 49.173438, -123.966919 49.173247, -123.96693 49.173158, -123.966943 49.173036, -123.96695 49.172996, -123.966955 49.172962, -123.966957 49.17291, -123.966951 49.172622, -123.96695 49.172274, -123.96695 49.172069, -123.966913 49.172051, -123.966896 49.17204, -123.966878 49.172021, -123.96687 49.172002, -123.966865 49.171983, -123.966865 49.171945, -123.966864 49.171892, -123.966868 49.171718, -123.966861 49.171442, -123.966898 49.171441, -123.966896 49.171217, -123.966897 49.170966, -123.966897 49.170802, -123.966897 49.170565, -123.966904 49.170289, -123.966906 49.170017, -123.966908 49.169753, -123.966915 49.16948, -123.966916 49.169116, -123.96692 49.168838, -123.966916 49.168493, -123.966925 49.168147, -123.966928 49.167882, -123.96693 49.167545, -123.96693 49.167102, -123.966929 49.166784, -123.966925 49.166602, -123.967517 49.166604, -123.968402 49.166605, -123.969239 49.166607, -123.970045 49.166609, -123.970757 49.166607, -123.971226 49.166608, -123.971376 49.166603, -123.971464 49.166595, -123.971549 49.166582, -123.971637 49.166568, -123.97175 49.166544, -123.971907 49.166504, -123.971968 49.166484, -123.972069 49.166449, -123.972334 49.166334, -123.972941 49.166101, -123.973026 49.166182, -123.973088 49.166235, -123.973099 49.166245, -123.973204 49.166325, -123.97333 49.166408, -123.973508 49.166507, -123.973642 49.166569, -123.97373 49.1666, -123.973912 49.166653, -123.974335 49.166757, -123.975481 49.167014, -123.976238 49.167195, -123.97641 49.167235, -123.976423 49.167563, -123.976354 49.167565, -123.976338 49.167887, -123.976343 49.168225, -123.976362 49.168809, -123.976309 49.169572, -123.97553 49.169523, -123.974747 49.169422, -123.973755 49.168829, -123.972922 49.168169, -123.972915 49.168376, -123.972909 49.168759, -123.972908 49.169092, -123.972901 49.169651, -123.972891 49.169997, -123.97288 49.170062, -123.97287 49.170101, -123.972868 49.170121, -123.972872 49.17014, -123.972879 49.170171, -123.972884 49.170239, -123.972884 49.170329, -123.972875 49.170462, -123.972866 49.170616, -123.972863 49.170816, -123.972862 49.170883, -123.972855 49.170937, -123.972841 49.171053, -123.972825 49.171225, -123.972826 49.171465, -123.972825 49.1716, -123.972823 49.171819, -123.972818 49.172074, -123.972796 49.172474, -123.972778 49.172829, -123.97278 49.172925, -123.972791 49.173059, -123.972807 49.173237, -123.972807 49.173301, -123.972797 49.173398)))"
801934,Dover,Neighborhood,M,Macro Neighborhood,Dover,,,CAN,"Nanaimo, BC",49.239027,-124.039315,20220419,5681894.039,Canada,British Columbia,"Nanaimo, BC",Nanaimo,"MULTIPOLYGON (((-124.034991 49.225775, -124.035189 49.225719, -124.035362 49.225659, -124.035563 49.225571, -124.035771 49.225474, -124.035986 49.225369, -124.036174 49.22526, -124.036335 49.225162, -124.036532 49.225017, -124.036781 49.224829, -124.037383 49.224332, -124.037819 49.224956, -124.038459 49.225866, -124.038697 49.226197, -124.039003 49.226629, -124.03959 49.227455, -124.04007 49.228099, -124.040602 49.228857, -124.04102 49.229463, -124.041188 49.229706, -124.041736 49.230496, -124.042525 49.23161, -124.04314 49.232518, -124.043749 49.233387, -124.04443 49.234337, -124.04515 49.235392, -124.045271 49.235559, -124.045446 49.23579, -124.045598 49.235975, -124.045727 49.236116, -124.046004 49.236406, -124.046205 49.236611, -124.046339 49.236736, -124.046543 49.236919, -124.046773 49.23711, -124.046938 49.237235, -124.047169 49.2374, -124.047426 49.237583, -124.047693 49.237759, -124.048004 49.237944, -124.048297 49.238107, -124.048591 49.238269, -124.048824 49.238392, -124.04935 49.238645, -124.049402 49.238969, -124.049417 49.239031, -124.049463 49.239137, -124.049514 49.239236, -124.049769 49.239662, -124.050056 49.240102, -124.050576 49.240899, -124.051104 49.241697, -124.052435 49.241728, -124.053856 49.241761, -124.054082 49.241762, -124.054889 49.241748, -124.055983 49.241747, -124.057222 49.241744, -124.058436 49.241743, -124.059415 49.241744, -124.059565 49.241747, -124.059693 49.241755, -124.059794 49.241768, -124.059865 49.241781, -124.059969 49.241805, -124.06015 49.241856, -124.060793 49.242041, -124.061575 49.242264, -124.062553 49.242538, -124.063389 49.242774, -124.063577 49.242829, -124.063682 49.242864, -124.063814 49.242915, -124.063935 49.242968, -124.064154 49.243085, -124.064302 49.243167, -124.064416 49.243227, -124.064522 49.243274, -124.064589 49.243301, -124.06465 49.243318, -124.064812 49.243348, -124.065308 49.243423, -124.065797 49.243489, -124.065935 49.24351, -124.066101 49.243539, -124.066243 49.243568, -124.066412 49.243604, -124.066603 49.24366, -124.066816 49.24373, -124.067023 49.243806, -124.067718 49.244068, -124.068205 49.244278, -124.068234 49.245708, -124.068298 49.248289, -124.068379 49.249644, -124.068543 49.249651, -124.068523 49.25004, -124.068523 49.250678, -124.068516 49.251277, -124.068525 49.251517, -124.068529 49.251696, -124.068512 49.252222, -124.066931 49.252288, -124.066253 49.252288, -124.065825 49.252265, -124.064748 49.25213, -124.064426 49.252087, -124.064182 49.252033, -124.062602 49.251716, -124.061887 49.251565, -124.061376 49.251418, -124.061161 49.251344, -124.060942 49.251235, -124.060674 49.251056, -124.060335 49.250835, -124.060013 49.250614, -124.059876 49.250529, -124.059727 49.250424, -124.059019 49.249985, -124.05831 49.249605, -124.057746 49.249358, -124.057115 49.249118, -124.056632 49.248934, -124.055847 49.248709, -124.054836 49.248417, -124.053771 49.248188, -124.053119 49.248084, -124.052809 49.248041, -124.052524 49.248041, -124.052179 49.248057, -124.052054 49.248104, -124.051989 49.248143, -124.051911 49.248244, -124.051793 49.248376, -124.05171 49.248434, -124.051519 49.248484, -124.051329 49.248504, -124.051156 49.248477, -124.051073 49.248426, -124.050995 49.248368, -124.050924 49.248314, -124.050865 49.248252, -124.05057 49.248209, -124.050153 49.248159, -124.049743 49.24814, -124.048135 49.248156, -124.045427 49.24827, -124.043216 49.248387, -124.042645 49.248438, -124.042282 49.248512, -124.041676 49.248655, -124.040867 49.248886, -124.040391 49.248968, -124.040124 49.249011, -124.03926 49.249077, -124.038242 49.249151, -124.036697 49.249198, -124.036102 49.249163, -124.03549 49.249117, -124.034047 49.248946, -124.033791 49.248903, -124.033577 49.24881, -124.033452 49.248709, -124.03338 49.248632, -124.033333 49.248527, -124.033261 49.248391, -124.033154 49.248232, -124.032751 49.247833, -124.032483 49.247643, -124.032227 49.247495, -124.032013 49.24739, -124.031381 49.247149, -124.030763 49.246831, -124.029728 49.246249, -124.028787 49.245705, -124.027893 49.245168, -124.027241 49.244713, -124.026866 49.244418, -124.026694 49.244317, -124.026527 49.244235, -124.02606 49.244032, -124.025387 49.243756, -124.02506 49.243624, -124.024739 49.243527, -124.024017 49.243355, -124.023095 49.243173, -124.022525 49.243064, -124.021876 49.242959, -124.021686 49.242963, -124.021454 49.243006, -124.02127 49.24306, -124.020859 49.2432, -124.020574 49.24325, -124.020291 49.243258, -124.020023 49.243258, -124.019725 49.243239, -124.019434 49.243204, -124.019214 49.243162, -124.019592 49.242093, -124.019757 49.241841, -124.020275 49.241248, -124.020812 49.240586, -124.020894 49.240411, -124.02094 49.240273, -124.020967 49.240116, -124.021049 49.23975, -124.021095 49.239584, -124.021231 49.239359, -124.021317 49.239235, -124.021315 49.239099, -124.021308 49.238792, -124.020805 49.238791, -124.0208 49.238276, -124.020781 49.237697, -124.020781 49.237123, -124.020784 49.23647, -124.02077 49.235978, -124.02091 49.235977, -124.02091 49.235625, -124.020909 49.235231, -124.020908 49.234703, -124.020907 49.234188, -124.020771 49.234187, -124.020773 49.234099, -124.020786 49.233999, -124.020798 49.233946, -124.020827 49.233884, -124.020883 49.233806, -124.02095 49.233715, -124.020961 49.233693, -124.020966 49.233659, -124.020984 49.233217, -124.020988 49.23306, -124.020982 49.23303, -124.020968 49.232995, -124.020909 49.232892, -124.021106 49.232897, -124.02111 49.232798, -124.021122 49.232533, -124.021131 49.232391, -124.020958 49.232355, -124.02075 49.232308, -124.020599 49.232264, -124.020752 49.232095, -124.020803 49.232038, -124.02082 49.232011, -124.020842 49.231966, -124.020847 49.231932, -124.020845 49.231904, -124.020837 49.231878, -124.02082 49.231848, -124.020796 49.231816, -124.020768 49.23179, -124.02073 49.231767, -124.020663 49.231738, -124.020544 49.231699, -124.020208 49.231599, -124.019413 49.231385, -124.018879 49.23124, -124.018577 49.231153, -124.018487 49.231133, -124.018379 49.231112, -124.018285 49.231096, -124.018189 49.231084, -124.018005 49.231066, -124.017794 49.231047, -124.017639 49.231033, -124.017553 49.231022, -124.017499 49.231013, -124.017466 49.231003, -124.017433 49.230988, -124.017398 49.230967, -124.01735 49.230922, -124.017324 49.230886, -124.017306 49.230848, -124.017297 49.230802, -124.017303 49.230746, -124.017314 49.230686, -124.017415 49.230392, -124.017524 49.230103, -124.017643 49.229837, -124.01771 49.229698, -124.017805 49.229523, -124.017883 49.229401, -124.018025 49.229224, -124.018113 49.229129, -124.018226 49.229022, -124.018417 49.228856, -124.018632 49.228697, -124.019423 49.228161, -124.020032 49.22773, -124.020188 49.227619, -124.020629 49.22732, -124.02126 49.226889, -124.02173 49.22659, -124.022306 49.2262, -124.022426 49.22611, -124.022555 49.226003, -124.022704 49.225874, -124.02278 49.225805, -124.02287 49.225713, -124.022938 49.225637, -124.023018 49.225541, -124.023074 49.225467, -124.02314 49.225354, -124.023229 49.225194, -124.023304 49.225053, -124.023341 49.224971, -124.02337 49.224901, -124.023403 49.224802, -124.023426 49.224715, -124.023448 49.224609, -124.023463 49.2245, -124.023474 49.224352, -124.023486 49.224143, -124.023498 49.223727, -124.02352 49.223405, -124.023544 49.223105, -124.023856 49.223128, -124.024429 49.223194, -124.024728 49.223241, -124.024951 49.223292, -124.025184 49.223372, -124.025853 49.223615, -124.028743 49.224729, -124.02946 49.225029, -124.030993 49.225465, -124.032373 49.225901, -124.033149 49.226073, -124.033171 49.226059, -124.033252 49.226035, -124.033328 49.226022, -124.033521 49.226013, -124.033863 49.225992, -124.034129 49.22596, -124.034355 49.225926, -124.03457 49.225886, -124.034723 49.225851, -124.034991 49.225775)))"
801935,Hammond Bay,Neighborhood,M,Macro Neighborhood,Hammond Bay,,,CAN,"Nanaimo, BC",49.228683,-123.98124,20220419,7710539.082,Canada,British Columbia,"Nanaimo, BC",Nanaimo,"MULTIPOLYGON (((-123.959243 49.210264, -123.959447 49.210583, -123.95937 49.210604, -123.959295 49.210626, -123.9592 49.210661, -123.959112 49.210698, -123.959001 49.210756, -123.958604 49.21097, -123.958289 49.211119, -123.957928 49.211279, -123.957793 49.211346, -123.957634 49.211426, -123.957294 49.211619, -123.956809 49.211905, -123.956739 49.211955, -123.956653 49.212025, -123.956565 49.212116, -123.956502 49.212196, -123.956449 49.212273, -123.956412 49.212332, -123.956348 49.212453, -123.956331 49.212492, -123.956326 49.212531, -123.956323 49.212619, -123.956333 49.212834, -123.956378 49.213382, -123.956412 49.213812, -123.957381 49.213827, -123.958419 49.213862, -123.959274 49.214801, -123.959407 49.214974, -123.960288 49.215606, -123.961493 49.216075, -123.962236 49.216477, -123.963444 49.216643, -123.963158 49.216771, -123.962962 49.216844, -123.963377 49.217278, -123.962854 49.218083, -123.961582 49.220142, -123.961615 49.221216, -123.961617 49.222588, -123.961518 49.223663, -123.961336 49.225193, -123.961708 49.225639, -123.962117 49.225977, -123.962716 49.226385, -123.964359 49.227087, -123.967503 49.228345, -123.968036 49.228558, -123.968342 49.228648, -123.971436 49.22895, -123.971551 49.227985, -123.974531 49.227936, -123.97602 49.22768, -123.977585 49.227319, -123.977984 49.227067, -123.978581 49.226257, -123.979014 49.225812, -123.981094 49.223845, -123.983448 49.224105, -123.985884 49.224408, -123.98745 49.224886, -123.988944 49.225649, -123.989172 49.225771, -123.989322 49.22596, -123.989494 49.226201, -123.991079 49.227385, -123.993848 49.228547, -123.995356 49.228736, -123.999459 49.227918, -124.000373 49.227742, -124.002358 49.227259, -124.004511 49.227156, -124.007667 49.227092, -124.008993 49.227071, -124.009091 49.227044, -124.009145 49.227032, -124.009234 49.22702, -124.009573 49.226995, -124.011052 49.226884, -124.011614 49.226856, -124.011636 49.226844, -124.011656 49.226824, -124.011694 49.226742, -124.011749 49.226595, -124.012466 49.226674, -124.013467 49.226796, -124.01389 49.226857, -124.014 49.226871, -124.014121 49.226892, -124.014357 49.226945, -124.014595 49.226993, -124.014923 49.227046, -124.015393 49.227114, -124.015612 49.227142, -124.015746 49.227154, -124.015843 49.227159, -124.015962 49.227161, -124.016103 49.227158, -124.016261 49.227152, -124.016326 49.227145, -124.016368 49.227137, -124.016406 49.227126, -124.016447 49.227113, -124.01727 49.226753, -124.018487 49.227229, -124.018702 49.227128, -124.018949 49.227262, -124.019105 49.22735, -124.01916 49.227377, -124.019197 49.227392, -124.019221 49.227399, -124.019262 49.227407, -124.019306 49.227407, -124.019344 49.227408, -124.01939 49.227416, -124.019438 49.227428, -124.019621 49.227495, -124.01967 49.227517, -124.019728 49.227545, -124.019851 49.22762, -124.020032 49.22773, -124.019423 49.228161, -124.018632 49.228697, -124.018417 49.228856, -124.018226 49.229022, -124.018113 49.229129, -124.018025 49.229224, -124.017883 49.229401, -124.017805 49.229523, -124.01771 49.229698, -124.017643 49.229837, -124.017524 49.230103, -124.017415 49.230392, -124.017314 49.230686, -124.017303 49.230746, -124.017297 49.230802, -124.017306 49.230848, -124.017324 49.230886, -124.01735 49.230922, -124.017398 49.230967, -124.017433 49.230988, -124.017466 49.231003, -124.017499 49.231013, -124.017553 49.231022, -124.017639 49.231033, -124.017794 49.231047, -124.018005 49.231066, -124.018189 49.231084, -124.018285 49.231096, -124.018379 49.231112, -124.018487 49.231133, -124.018577 49.231153, -124.018879 49.23124, -124.019413 49.231385, -124.020208 49.231599, -124.020544 49.231699, -124.020663 49.231738, -124.02073 49.231767, -124.020768 49.23179, -124.020796 49.231816, -124.02082 49.231848, -124.020837 49.231878, -124.020845 49.231904, -124.020847 49.231932, -124.020842 49.231966, -124.02082 49.232011, -124.020803 49.232038, -124.020752 49.232095, -124.020599 49.232264, -124.02075 49.232308, -124.020958 49.232355, -124.021131 49.232391, -124.021122 49.232533, -124.02111 49.232798, -124.021106 49.232897, -124.020909 49.232892, -124.020968 49.232995, -124.020982 49.23303, -124.020988 49.23306, -124.020984 49.233217, -124.020966 49.233659, -124.020961 49.233693, -124.02095 49.233715, -124.020883 49.233806, -124.020827 49.233884, -124.020798 49.233946, -124.020786 49.233999, -124.020773 49.234099, -124.020771 49.234187, -124.020907 49.234188, -124.020908 49.234703, -124.020909 49.235231, -124.02091 49.235625, -124.02091 49.235977, -124.02077 49.235978, -124.020784 49.23647, -124.020781 49.237123, -124.020781 49.237697, -124.0208 49.238276, -124.020805 49.238791, -124.021308 49.238792, -124.021315 49.239099, -124.021317 49.239235, -124.021231 49.239359, -124.021095 49.239584, -124.021049 49.23975, -124.020967 49.240116, -124.02094 49.240273, -124.020894 49.240411, -124.020812 49.240586, -124.020275 49.241248, -124.019757 49.241841, -124.019592 49.242093, -124.019214 49.243162, -124.018982 49.243119, -124.018834 49.243068, -124.018495 49.242928, -124.018204 49.242789, -124.017924 49.242622, -124.017722 49.242536, -124.017347 49.242431, -124.016639 49.242179, -124.016383 49.242066, -124.016002 49.241767, -124.015865 49.241666, -124.01558 49.241561, -124.014556 49.241164, -124.013967 49.240885, -124.013693 49.240753, -124.013443 49.240667, -124.013318 49.240597, -124.013128 49.240485, -124.012944 49.240395, -124.012813 49.240345, -124.012632 49.240307, -124.012126 49.240175, -124.011662 49.24007, -124.011204 49.239992, -124.010717 49.239868, -124.01029 49.239712, -124.010058 49.239541, -124.009933 49.239417, -124.009838 49.239312, -124.009707 49.239242, -124.009457 49.239172, -124.009142 49.239063, -124.008953 49.238955, -124.00842 49.238775, -124.008137 49.238709, -124.007839 49.238693, -124.007399 49.238678, -124.007085 49.238653, -124.006654 49.238535, -124.006277 49.238453, -124.006018 49.238407, -124.005335 49.238345, -124.004384 49.23827, -124.003105 49.238188, -124.001669 49.238086, -124.001136 49.23807, -124.000979 49.238076, -124.000775 49.238142, -124.000511 49.238281, -124.000252 49.238383, -124.000024 49.23846, -123.999695 49.238547, -123.998777 49.238721, -123.997238 49.238967, -123.995757 49.239167, -123.995133 49.239263, -123.994835 49.23931, -123.994557 49.239411, -123.994445 49.239473, -123.994318 49.239523, -123.9941 49.239567, -123.993392 49.239652, -123.993042 49.239694, -123.992963 49.239694, -123.992693 49.239691, -123.992357 49.239691, -123.992186 49.239691, -123.992099 49.239694, -123.992028 49.239722, -123.991968 49.239753, -123.99188 49.239797, -123.991757 49.239821, -123.991435 49.239823, -123.990966 49.239823, -123.990609 49.23979, -123.990393 49.239786, -123.9899 49.239786, -123.989793 49.239788, -123.989733 49.239788, -123.989559 49.239783, -123.989165 49.239715, -123.989002 49.239669, -123.988848 49.239608, -123.98818 49.239304, -123.987986 49.239221, -123.987827 49.239203, -123.987608 49.239174, -123.987449 49.239148, -123.98714 49.239062, -123.986866 49.238976, -123.986758 49.238935, -123.986619 49.238888, -123.98648 49.238867, -123.98615 49.238859, -123.986011 49.238864, -123.985948 49.23889, -123.985884 49.23894, -123.985809 49.23902, -123.985777 49.239062, -123.98533 49.239224, -123.985235 49.239239, -123.985163 49.239239, -123.985135 49.239219, -123.985116 49.23919, -123.985084 49.239164, -123.984929 49.239164, -123.984631 49.239154, -123.984309 49.239107, -123.984122 49.239073, -123.983979 49.239016, -123.983872 49.238954, -123.983643 49.238819, -123.983528 49.238777, -123.983432 49.238767, -123.983241 49.238782, -123.983032 49.238795, -123.982327 49.238819, -123.981969 49.238821, -123.981782 49.238844, -123.981611 49.238899, -123.981385 49.23893, -123.9812 49.238935, -123.980862 49.238909, -123.98066 49.238865, -123.980097 49.238691, -123.979359 49.238469, -123.979081 49.238385, -123.978977 49.238318, -123.978894 49.238261, -123.978842 49.238227, -123.978509 49.238149, -123.978242 49.238097, -123.978004 49.238056, -123.977825 49.237988, -123.977651 49.237911, -123.977389 49.237678, -123.977298 49.237605, -123.977183 49.237558, -123.976972 49.237493, -123.976816 49.23741, -123.976637 49.237262, -123.976546 49.237215, -123.976435 49.237179, -123.97616 49.237101, -123.975859 49.237021, -123.975727 49.236977, -123.975438 49.236893, -123.974176 49.236455, -123.973233 49.236154, -123.97282 49.235952, -123.972772 49.235913, -123.972784 49.235885, -123.97282 49.235814, -123.972868 49.235737, -123.972848 49.235695, -123.972776 49.235635, -123.972681 49.235594, -123.97253 49.235563, -123.972367 49.23556, -123.972169 49.23556, -123.971926 49.235529, -123.971825 49.2355, -123.971741 49.235435, -123.971654 49.235308, -123.971626 49.235217, -123.971579 49.235191, -123.971436 49.235175, -123.97132 49.235175, -123.971109 49.235178, -123.970959 49.235162, -123.97082 49.235121, -123.970752 49.235082, -123.970697 49.235033, -123.970638 49.234991, -123.970046 49.234817, -123.969955 49.234809, -123.969863 49.234809, -123.969756 49.23484, -123.969629 49.234898, -123.969506 49.234952, -123.969311 49.2351, -123.969219 49.235224, -123.969156 49.235377, -123.96912 49.235468, -123.96914 49.235541, -123.96918 49.235601, -123.969366 49.235743, -123.969555 49.235934, -123.969709 49.236017, -123.970099 49.236121, -123.970162 49.23615, -123.970179 49.23617, -123.970123 49.236233, -123.970019 49.236297, -123.9698 49.236328, -123.969546 49.236369, -123.969204 49.236393, -123.968462 49.236387, -123.96839 49.236372, -123.968154 49.236268, -123.967892 49.236138, -123.967792 49.236089, -123.967713 49.236065, -123.96761 49.236065, -123.967393 49.236058, -123.966743 49.23605, -123.966202 49.236063, -123.965918 49.236098, -123.965603 49.236164, -123.96538 49.23625, -123.965306 49.236302, -123.965306 49.23633, -123.965343 49.236358, -123.965383 49.236392, -123.965385 49.236429, -123.965348 49.236487, -123.965305 49.236524, -123.964996 49.236625, -123.96491 49.236636, -123.964789 49.236617, -123.964589 49.236576, -123.964446 49.236542, -123.964361 49.236509, -123.964292 49.236445, -123.96422 49.236415, -123.964166 49.236406, -123.964094 49.236406, -123.964043 49.236419, -123.963985 49.236452, -123.963925 49.236494, -123.963787 49.236671, -123.963747 49.236733, -123.96375 49.236765, -123.963801 49.236785, -123.963925 49.23683, -123.963985 49.236866, -123.964011 49.236907, -123.963984 49.236968, -123.963861 49.237054, -123.963818 49.237055, -123.963448 49.237044, -123.963371 49.237022, -123.963348 49.236956, -123.96332 49.236921, -123.963274 49.23688, -123.963228 49.236846, -123.963222 49.236749, -123.963317 49.23673, -123.963452 49.236706, -123.963572 49.236685, -123.963675 49.236646, -123.963872 49.236386, -123.963899 49.23631, -123.963891 49.236274, -123.963875 49.236251, -123.963842 49.236226, -123.963801 49.236208, -123.963726 49.236182, -123.963367 49.235951, -123.963318 49.235914, -123.963304 49.235876, -123.963301 49.235811, -123.963327 49.235783, -123.963381 49.235761, -123.963367 49.235735, -123.963316 49.235698, -123.963245 49.235673, -123.963106 49.235641, -123.963024 49.235587, -123.962931 49.2355, -123.962648 49.235185, -123.962565 49.235148, -123.96238 49.235084, -123.9621 49.234874, -123.962061 49.234835, -123.962061 49.234816, -123.962121 49.234798, -123.962172 49.234801, -123.962326 49.234842, -123.962397 49.234848, -123.962518 49.234883, -123.962762 49.235001, -123.96287 49.235009, -123.962949 49.234968, -123.963017 49.234879, -123.96308 49.234594, -123.963029 49.23415, -123.962973 49.234043, -123.962888 49.233968, -123.962752 49.233868, -123.962514 49.233746, -123.962164 49.233588, -123.961882 49.233481, -123.961818 49.233439, -123.961756 49.233309, -123.961756 49.233256, -123.961786 49.233226, -123.96182 49.233228, -123.961869 49.233225, -123.961922 49.233211, -123.962024 49.233155, -123.962091 49.233075, -123.962153 49.233045, -123.962225 49.233042, -123.962459 49.233032, -123.962851 49.233039, -123.963463 49.23311, -123.96386 49.23316, -123.963973 49.233167, -123.964064 49.233146, -123.964172 49.233097, -123.964247 49.233044, -123.96444 49.232799, -123.964462 49.23269, -123.964419 49.232532, -123.964397 49.232487, -123.964226 49.232308, -123.964119 49.232185, -123.964027 49.23208, -123.963952 49.231919, -123.963936 49.231845, -123.964135 49.231555, -123.96421 49.231488, -123.964334 49.231485, -123.964489 49.231502, -123.964672 49.231506, -123.964838 49.231481, -123.964967 49.231439, -123.965015 49.231394, -123.965091 49.231138, -123.965113 49.230949, -123.965086 49.230756, -123.965005 49.230512, -123.964834 49.230239, -123.964705 49.230109, -123.964576 49.230032, -123.964322 49.229943, -123.964065 49.229877, -123.963834 49.229852, -123.963442 49.22987, -123.96277 49.229964, -123.962539 49.229964, -123.962426 49.229943, -123.96233 49.229901, -123.962292 49.229873, -123.962249 49.229827, -123.962255 49.229732, -123.962239 49.22955, -123.96218 49.229434, -123.962121 49.229371, -123.961917 49.229165, -123.961804 49.229052, -123.961397 49.228683, -123.960893 49.228374, -123.960759 49.228322, -123.960564 49.228285, -123.96028 49.228201, -123.960162 49.228131, -123.960108 49.228085, -123.959947 49.227896, -123.95969 49.2277, -123.959609 49.227658, -123.959437 49.227605, -123.959087 49.227511, -123.9587 49.227343, -123.958443 49.227192, -123.958351 49.227118, -123.958239 49.227055, -123.958115 49.226999, -123.957558 49.226843, -123.957064 49.226717, -123.956833 49.226681, -123.956705 49.226671, -123.956442 49.226667, -123.956077 49.226681, -123.955916 49.226699, -123.955315 49.226842, -123.954617 49.227021, -123.954098 49.227139, -123.953717 49.227191, -123.953132 49.227258, -123.952847 49.2273, -123.952766 49.227506, -123.952884 49.227619, -123.952922 49.22772, -123.952895 49.227909, -123.952834 49.228073, -123.952619 49.228353, -123.952399 49.228525, -123.951921 49.228695, -123.951132 49.228954, -123.951024 49.229003, -123.950949 49.229119, -123.950841 49.229245, -123.950766 49.229301, -123.950476 49.229375, -123.950353 49.229364, -123.95024 49.229322, -123.950122 49.229224, -123.950015 49.229122, -123.949839 49.229019, -123.949259 49.228896, -123.948889 49.228882, -123.94875 49.228896, -123.948438 49.228959, -123.94832 49.228959, -123.948261 49.228917, -123.948192 49.228825, -123.948149 49.228745, -123.948106 49.228321, -123.948139 49.227844, -123.948166 49.227683, -123.948262 49.227582, -123.94837 49.227533, -123.948499 49.227515, -123.948579 49.227508, -123.948649 49.227477, -123.948681 49.227389, -123.948676 49.227326, -123.948633 49.227294, -123.948569 49.227266, -123.948418 49.22727, -123.948247 49.227287, -123.948172 49.22728, -123.948107 49.227259, -123.947995 49.22721, -123.947893 49.227199, -123.947647 49.227225, -123.947446 49.22729, -123.947326 49.227311, -123.947247 49.22731, -123.947164 49.227307, -123.947142 49.227289, -123.947151 49.227265, -123.947153 49.227235, -123.946966 49.226953, -123.946773 49.226764, -123.946682 49.226745, -123.946559 49.226735, -123.94642 49.226715, -123.94638 49.226694, -123.946365 49.226652, -123.946391 49.226525, -123.946426 49.226473, -123.946482 49.226408, -123.94665 49.226315, -123.946744 49.226306, -123.94688 49.226347, -123.94703 49.226347, -123.947217 49.226323, -123.94731 49.226303, -123.94741 49.226185, -123.947485 49.226034, -123.947535 49.225851, -123.94756 49.225648, -123.94756 49.22542, -123.94753 49.225183, -123.947268 49.224185, -123.946982 49.223071, -123.946802 49.222469, -123.9466 49.222014, -123.946363 49.221585, -123.946307 49.221502, -123.946105 49.221315, -123.945714 49.220927, -123.945588 49.220804, -123.945384 49.220528, -123.945155 49.220219, -123.944953 49.219795, -123.944739 49.219372, -123.944593 49.219144, -123.944143 49.218718, -123.943712 49.218239, -123.943613 49.218191, -123.943519 49.218171, -123.943354 49.218129, -123.94328 49.21809, -123.943172 49.217985, -123.943144 49.217918, -123.943137 49.21785, -123.943091 49.21778, -123.942628 49.21741, -123.942376 49.217172, -123.942324 49.217082, -123.942275 49.216968, -123.942219 49.216897, -123.942085 49.216758, -123.941755 49.216499, -123.941595 49.216364, -123.941503 49.216249, -123.94135 49.215989, -123.941206 49.215741, -123.941154 49.21565, -123.941108 49.215624, -123.941052 49.215597, -123.941007 49.215558, -123.940799 49.215205, -123.940758 49.215072, -123.940751 49.214944, -123.940747 49.21487, -123.9404 49.214372, -123.940376 49.214347, -123.940305 49.214343, -123.940214 49.214343, -123.940123 49.214313, -123.940235 49.214084, -123.940313 49.213858, -123.940313 49.213799, -123.940236 49.213594, -123.940209 49.213458, -123.940214 49.21336, -123.940264 49.213058, -123.940419 49.212755, -123.940473 49.212687, -123.940569 49.212646, -123.940673 49.212577, -123.940769 49.212503, -123.940864 49.212388, -123.940937 49.212248, -123.941104 49.211898, -123.94123 49.211745, -123.941289 49.211708, -123.941418 49.211681, -123.941552 49.211649, -123.94175 49.211572, -123.941847 49.211522, -123.942058 49.2114, -123.942149 49.211299, -123.942172 49.211269, -123.942223 49.211255, -123.942295 49.21125, -123.94238 49.211252, -123.942383 49.211341, -123.942624 49.211365, -123.942866 49.211358, -123.943116 49.211346, -123.943378 49.21132, -123.943756 49.211269, -123.944343 49.211157, -123.944676 49.211113, -123.944789 49.211085, -123.944912 49.211036, -123.945155 49.21093, -123.945301 49.210872, -123.945866 49.210735, -123.946466 49.210618, -123.946626 49.210572, -123.946811 49.210559, -123.947327 49.210549, -123.947641 49.210539, -123.94796 49.210522, -123.948143 49.210506, -123.94833 49.210471, -123.948492 49.210437, -123.948756 49.210384, -123.949003 49.210361, -123.949312 49.210353, -123.949698 49.210352, -123.949855 49.210342, -123.949997 49.210315, -123.950296 49.210235, -123.950466 49.210183, -123.950594 49.210129, -123.950713 49.210058, -123.950785 49.210016, -123.950857 49.209998, -123.950978 49.209984, -123.951127 49.209968, -123.951544 49.209938, -123.951742 49.209933, -123.951863 49.209945, -123.951924 49.209957, -123.951976 49.20999, -123.951986 49.210027, -123.952001 49.210093, -123.952017 49.210128, -123.952045 49.21014, -123.952109 49.210152, -123.952171 49.210153, -123.952277 49.210153, -123.952369 49.210148, -123.952537 49.210162, -123.952768 49.210202, -123.953007 49.210241, -123.953215 49.210317, -123.953307 49.21032, -123.953367 49.21032, -123.953449 49.210303, -123.953518 49.21028, -123.953575 49.210276, -123.953629 49.210295, -123.953794 49.210364, -123.953909 49.210383, -123.953969 49.210377, -123.95403 49.210351, -123.954084 49.210299, -123.954177 49.210199, -123.954221 49.210142, -123.954335 49.209891, -123.954384 49.209816, -123.954423 49.209769, -123.9545 49.20974, -123.954564 49.209732, -123.954631 49.209733, -123.954775 49.209754, -123.95493 49.209771, -123.955134 49.209812, -123.95544 49.209747, -123.955605 49.209843, -123.956025 49.210152, -123.956387 49.210402, -123.956907 49.21006, -123.956953 49.210085, -123.956616 49.210319, -123.956811 49.210447, -123.95677 49.210468, -123.956523 49.210607, -123.956596 49.21067, -123.95674 49.210737, -123.956881 49.210766, -123.957054 49.210773, -123.957281 49.210756, -123.957469 49.210733, -123.957676 49.21067, -123.957964 49.210558, -123.958146 49.210497, -123.958335 49.21047, -123.958562 49.210443, -123.958997 49.210333, -123.959243 49.210264)))"
801936,Departure Bay,Neighborhood,M,Macro Neighborhood,Departure Bay,,,CAN,"Nanaimo, BC",49.205583,-123.972883,20220419,2612938.702,Canada,British Columbia,"Nanaimo, BC",Nanaimo,"MULTIPOLYGON (((-123.978681 49.199612, -123.978212 49.199473, -123.978174 49.199246, -123.978169 49.199157, -123.978157 49.198875, -123.978146 49.198585, -123.978182 49.198584, -123.97818 49.198367, -123.978168 49.198259, -123.978143 49.19789, -123.978114 49.197704, -123.97811 49.197511, -123.978097 49.197241, -123.978091 49.196987, -123.978455 49.196627, -123.978912 49.196848, -123.979382 49.197027, -123.979828 49.197185, -123.980861 49.197533, -123.981373 49.19771, -123.981738 49.197868, -123.982052 49.198004, -123.982249 49.198093, -123.982559 49.198295, -123.982733 49.19835, -123.982892 49.198383, -123.982952 49.198401, -123.983208 49.198528, -123.983272 49.198499, -123.983406 49.198625, -123.983391 49.198634, -123.983477 49.198712, -123.983501 49.198739, -123.983535 49.198752, -123.983557 49.198762, -123.983581 49.198774, -123.983609 49.198791, -123.983646 49.198816, -123.983745 49.198916, -123.983769 49.198946, -123.983772 49.198961, -123.983771 49.19897, -123.983769 49.198976, -123.983753 49.199006, -123.983788 49.199018, -123.983885 49.199056, -123.98392 49.199069, -123.983934 49.19907, -123.983949 49.199069, -123.983972 49.199064, -123.984059 49.199031, -123.984103 49.199049, -123.984254 49.199119, -123.984311 49.199145, -123.984294 49.199171, -123.984278 49.199199, -123.984325 49.199213, -123.984353 49.199226, -123.984377 49.199242, -123.984393 49.199254, -123.984433 49.199289, -123.984474 49.199252, -123.984658 49.199041, -123.984854 49.198815, -123.985231 49.19895, -123.985511 49.199045, -123.985772 49.198759, -123.985359 49.198589, -123.984419 49.198207, -123.98315 49.197677, -123.981763 49.197095, -123.980559 49.196573, -123.979862 49.196241, -123.978695 49.195647, -123.978652 49.195625, -123.978055 49.195319, -123.976872 49.194722, -123.975722 49.194137, -123.974611 49.193574, -123.973537 49.193029, -123.972684 49.192587, -123.97182 49.192151, -123.971438 49.191961, -123.971202 49.191843, -123.970809 49.191646, -123.970532 49.191507, -123.970488 49.191485, -123.970279 49.191376, -123.9701 49.191295, -123.969854 49.19119, -123.969642 49.191108, -123.969442 49.191029, -123.969252 49.190966, -123.969109 49.190924, -123.968829 49.190846, -123.968558 49.190774, -123.968269 49.190709, -123.967837 49.190612, -123.966932 49.190411, -123.966063 49.190215, -123.965787 49.19015, -123.965621 49.190449, -123.965593 49.19052, -123.965589 49.190572, -123.965591 49.190634, -123.965599 49.190682, -123.965615 49.190717, -123.965662 49.190779, -123.9656225 49.1908144, -123.965653 49.1908545, -123.966053 49.191284, -123.966194 49.191426, -123.967337 49.192581, -123.9673827 49.1926142, -123.967412 49.192592, -123.967554 49.192684, -123.967848 49.192885, -123.968239 49.193135, -123.968807 49.193467, -123.968464 49.193726, -123.968315 49.193836, -123.968778 49.194106, -123.969033 49.194242, -123.969116 49.194286, -123.969331 49.194394, -123.969494 49.194497, -123.969572 49.19455, -123.969691 49.194673, -123.969911 49.194893, -123.970044 49.195035, -123.970102 49.19511, -123.970207 49.195316, -123.970307 49.195546, -123.970391 49.195788, -123.970474 49.196029, -123.970559 49.196273, -123.970623 49.196476, -123.970667 49.196623, -123.970674 49.196843, -123.970806 49.196944, -123.970811 49.197091, -123.970704 49.197095, -123.970531 49.197241, -123.970461 49.197306, -123.970672 49.197383, -123.970405 49.197611, -123.970319 49.197678, -123.970274 49.197711, -123.970231 49.197735, -123.970172 49.197763, -123.969983 49.19784, -123.969892 49.19788, -123.969855 49.197902, -123.969763 49.197957, -123.969505 49.198126, -123.969893 49.198351, -123.968982 49.198705, -123.968548 49.198914, -123.967966 49.199207, -123.968075 49.19933, -123.968341 49.199682, -123.968759 49.200297, -123.968979 49.200653, -123.969049 49.200812, -123.969098 49.200956, -123.969131 49.201048, -123.969183 49.20112, -123.969244 49.201213, -123.96933 49.201333, -123.969375 49.201419, -123.969528 49.20192, -123.969711 49.202655, -123.969849 49.203319, -123.969883 49.20366, -123.969901 49.20399, -123.96988 49.204311, -123.96984 49.204626, -123.969755 49.204949, -123.969624 49.205355, -123.969444 49.20575, -123.969347 49.20587, -123.969237 49.205976, -123.96916 49.206028, -123.969108 49.206056, -123.969065 49.206067, -123.969023 49.206067, -123.968992 49.206064, -123.968894 49.206039, -123.968836 49.206013, -123.968791 49.205967, -123.968736 49.205875, -123.968696 49.205819, -123.968665 49.205777, -123.968605 49.205759, -123.968546 49.205775, -123.968513 49.205811, -123.968488 49.205901, -123.968461 49.206059, -123.968454 49.206153, -123.968409 49.206228, -123.968274 49.206356, -123.968015 49.206503, -123.967792 49.206591, -123.967642 49.206645, -123.967469 49.20671, -123.967293 49.206758, -123.967233 49.206744, -123.96688 49.206643, -123.966212 49.206508, -123.966058 49.206496, -123.965979 49.20651, -123.965923 49.206532, -123.965915 49.206552, -123.965946 49.206586, -123.966688 49.206753, -123.96706 49.206822, -123.967188 49.206874, -123.967244 49.206935, -123.967251 49.20704, -123.967138 49.207247, -123.967081 49.207335, -123.966991 49.207411, -123.966864 49.207487, -123.966278 49.207766, -123.966125 49.207823, -123.966013 49.207845, -123.965888 49.20787, -123.965576 49.207912, -123.96544 49.207938, -123.965298 49.207992, -123.964889 49.208175, -123.964472 49.208328, -123.963811 49.208529, -123.963668 49.208574, -123.96357 49.208623, -123.963475 49.208631, -123.963334 49.208621, -123.963184 49.208608, -123.963133 49.208594, -123.963092 49.208575, -123.963008 49.208563, -123.96295 49.20857, -123.962804 49.208622, -123.962586 49.20873, -123.962452 49.208873, -123.962349 49.208976, -123.962282 49.209036, -123.962208 49.20908, -123.962122 49.209114, -123.961933 49.209143, -123.961844 49.209153, -123.961757 49.209199, -123.961655 49.209299, -123.961594 49.209373, -123.961383 49.209475, -123.960319 49.209868, -123.960194 49.209915, -123.960069 49.209992, -123.959928 49.210074, -123.959633 49.210155, -123.959243 49.210264, -123.959447 49.210583, -123.95937 49.210604, -123.959295 49.210626, -123.9592 49.210661, -123.959112 49.210698, -123.959001 49.210756, -123.958604 49.21097, -123.958289 49.211119, -123.957928 49.211279, -123.957793 49.211346, -123.957634 49.211426, -123.957294 49.211619, -123.956809 49.211905, -123.956739 49.211955, -123.956653 49.212025, -123.956565 49.212116, -123.956502 49.212196, -123.956449 49.212273, -123.956412 49.212332, -123.956348 49.212453, -123.956331 49.212492, -123.956326 49.212531, -123.956323 49.212619, -123.956333 49.212834, -123.956378 49.213382, -123.956412 49.213812, -123.957381 49.213827, -123.958419 49.213862, -123.959274 49.214801, -123.959407 49.214974, -123.960288 49.215606, -123.961493 49.216075, -123.962236 49.216477, -123.963444 49.216643, -123.963538 49.216592, -123.963629 49.216536, -123.963699 49.216483, -123.963727 49.216456, -123.963751 49.216428, -123.963791 49.216362, -123.963821 49.216302, -123.963841 49.216237, -123.963847 49.216187, -123.963849 49.216126, -123.963843 49.216065, -123.963831 49.216021, -123.963811 49.215975, -123.963769 49.215904, -123.963588 49.215608, -123.964641 49.215297, -123.964925 49.214522, -123.96543 49.2132, -123.967473 49.21325, -123.969011 49.213244, -123.972377 49.213326, -123.974169 49.213365, -123.976291 49.213398, -123.976578 49.213213, -123.976859 49.212996, -123.977186 49.212788, -123.977323 49.212707, -123.977428 49.212643, -123.977651 49.212556, -123.977544 49.212422, -123.977508 49.212347, -123.97751 49.212305, -123.977604 49.211843, -123.97953 49.211867, -123.980628 49.211887, -123.981704 49.211976, -123.98283 49.212054, -123.98385 49.212116, -123.984085 49.212145, -123.985007 49.212367, -123.985857 49.212649, -123.985887 49.212208, -123.985872 49.211354, -123.985904 49.210602, -123.985919 49.210357, -123.985927 49.210123, -123.98539 49.210138, -123.985384 49.209502, -123.985396 49.208978, -123.985412 49.208449, -123.985416 49.208162, -123.985434 49.207877, -123.985452 49.207759, -123.985519 49.207563, -123.98549 49.207549, -123.985481 49.20754, -123.985477 49.20752, -123.985475 49.207495, -123.985473 49.207385, -123.98547 49.206847, -123.985472 49.20625, -123.985494 49.205748, -123.985169 49.205743, -123.984739 49.205746, -123.984035 49.205742, -123.983596 49.205748, -123.983528 49.205694, -123.983356 49.205502, -123.983023 49.205244, -123.982655 49.204923, -123.982268 49.204633, -123.98223 49.20465, -123.982013 49.204485, -123.98154 49.20414, -123.981248 49.203913, -123.981012 49.203744, -123.980586 49.203418, -123.98031 49.203206, -123.980101 49.203064, -123.97979 49.202822, -123.979759 49.202795, -123.979721 49.202739, -123.979623 49.202554, -123.979563 49.202441, -123.979427 49.202196, -123.979371 49.202097, -123.979367 49.202059, -123.979369 49.201927, -123.979365 49.201686, -123.979382 49.201458, -123.979402 49.201014, -123.979411 49.200982, -123.979582 49.200706, -123.979698 49.200454, -123.979859 49.200242, -123.9799 49.200149, -123.9799 49.200128, -123.979893 49.200108, -123.979865 49.200066, -123.979841 49.200039, -123.979763 49.199993, -123.979366 49.199819, -123.978913 49.199691, -123.978681 49.199612)))"
801937,Brechin Hill,Neighborhood,M,Macro Neighborhood,Brechin Hill,,,CAN,"Nanaimo, BC",49.184639,-123.951485,20220419,1909228.848,Canada,British Columbia,"Nanaimo, BC",Nanaimo,"MULTIPOLYGON (((-123.94449 49.17278, -123.944226 49.172693, -123.944085 49.172633, -123.943683 49.172381, -123.943019 49.171926, -123.942597 49.171638, -123.942433 49.171551, -123.942286 49.171506, -123.942178 49.17148, -123.942053 49.171466, -123.941948 49.171466, -123.941657 49.171532, -123.9417461 49.1716342, -123.941665 49.171667, -123.941631 49.171686, -123.9416054 49.1717302, -123.941462 49.171786, -123.94138 49.171834, -123.941347 49.171865, -123.941329 49.171893, -123.941273 49.17215, -123.941253 49.172257, -123.941224 49.172374, -123.941188 49.172468, -123.94114 49.172538, -123.940987 49.172736, -123.940932 49.172821, -123.940901 49.172907, -123.940863 49.173107, -123.940869 49.17347, -123.940918 49.173797, -123.940976 49.173998, -123.941245 49.174676, -123.941278 49.17474, -123.941333 49.174826, -123.941458 49.175, -123.941646 49.17541, -123.941746 49.175661, -123.941761 49.175702, -123.941776 49.175786, -123.941776 49.175841, -123.941759 49.17591, -123.9417 49.176015, -123.941679 49.176033, -123.941636 49.176055, -123.941627 49.176066, -123.941622 49.176085, -123.941627 49.176117, -123.941646 49.176139, -123.941704 49.176181, -123.941737 49.176214, -123.941758 49.176247, -123.941758 49.176288, -123.941733 49.176321, -123.94169 49.17636, -123.941606 49.176392, -123.941525 49.176401, -123.941415 49.176404, -123.941372 49.176401, -123.941312 49.176385, -123.941129 49.17632, -123.941044 49.176302, -123.940981 49.176298, -123.940891 49.1763, -123.940835 49.17631, -123.940773 49.176329, -123.940743 49.176348, -123.940733 49.176363, -123.940728 49.176386, -123.940743 49.176405, -123.940764 49.176417, -123.940809 49.176423, -123.940727 49.17652, -123.940468 49.176568, -123.940485 49.176611, -123.939878 49.176726, -123.939396 49.176818, -123.938945 49.176901, -123.938967 49.176954, -123.939017 49.176983, -123.939469 49.17738, -123.939611 49.177503, -123.939837 49.177703, -123.940234 49.178053, -123.940688 49.178451, -123.940747 49.178505, -123.940979 49.178717, -123.941079 49.178805, -123.941294 49.179151, -123.941432 49.179375, -123.941809 49.179497, -123.941881 49.179587, -123.941936 49.1797, -123.942017 49.17988, -123.942401 49.179799, -123.942685 49.179774, -123.942989 49.17971, -123.943184 49.179672, -123.943469 49.17961, -123.94401 49.179522, -123.944111 49.179621, -123.944175 49.179702, -123.944219 49.179766, -123.944255 49.179819, -123.944289 49.179898, -123.944314 49.179965, -123.944333 49.180028, -123.94445 49.180519, -123.944469 49.180602, -123.944469 49.180631, -123.944466 49.180667, -123.94446 49.18069, -123.944425 49.180741, -123.944387 49.180787, -123.944349 49.180855, -123.944314 49.180928, -123.943118 49.18092, -123.942606 49.180912, -123.942672 49.181304, -123.942771 49.181834, -123.942806 49.182092, -123.942855 49.182087, -123.942991 49.18212, -123.943135 49.182154, -123.943202 49.18216, -123.943194 49.182285, -123.943405 49.182292, -123.943402 49.182512, -123.943396 49.1826, -123.943467 49.1826, -123.943446 49.182762, -123.943619 49.182924, -123.943695 49.183067, -123.943753 49.183067, -123.943749 49.183179, -123.943839 49.183322, -123.94393 49.183324, -123.943947 49.183461, -123.944048 49.18358, -123.944105 49.183684, -123.944175 49.183772, -123.944314 49.18402, -123.94488 49.184951, -123.945069 49.185286, -123.945232 49.185708, -123.945313 49.185885, -123.945996 49.185748, -123.946052 49.185885, -123.946238 49.185859, -123.946272 49.185956, -123.946391 49.186174, -123.946561 49.186403, -123.946788 49.186704, -123.946958 49.187, -123.947057 49.187182, -123.946825 49.187235, -123.946996 49.187517, -123.947065 49.187566, -123.947097 49.187628, -123.946917 49.187673, -123.946763 49.187712, -123.946923 49.187999, -123.946646 49.188055, -123.946844 49.188407, -123.947346 49.18933, -123.947492 49.189529, -123.947647 49.189815, -123.948029 49.190096, -123.948128 49.190189, -123.948442 49.190481, -123.948297 49.19055, -123.948429 49.190655, -123.948506 49.190758, -123.948276 49.1909, -123.947933 49.191112, -123.947891 49.191117, -123.947935 49.191259, -123.948221 49.191223, -123.948181 49.191063, -123.948392 49.191037, -123.948629 49.190971, -123.948674 49.190969, -123.948762 49.190981, -123.948851 49.191007, -123.948932 49.191036, -123.949031 49.19106, -123.949151 49.191072, -123.94921 49.191084, -123.949221 49.191121, -123.949142 49.191438, -123.949093 49.191697, -123.949025 49.191864, -123.948813 49.192428, -123.948693 49.192594, -123.948581 49.192715, -123.94845 49.192801, -123.948393 49.192842, -123.94839 49.192876, -123.94844 49.19298, -123.948631 49.193185, -123.948709 49.19325, -123.948837 49.193315, -123.948951 49.19335, -123.94903 49.193361, -123.949074 49.193349, -123.94927 49.193286, -123.949349 49.193389, -123.949664 49.19328, -123.949968 49.193174, -123.949854 49.193029, -123.949921 49.193004, -123.95007 49.192946, -123.950335 49.192815, -123.950746 49.192573, -123.950832 49.192529, -123.951037 49.192451, -123.951246 49.19237, -123.951345 49.192317, -123.951599 49.192095, -123.951667 49.192004, -123.951687 49.191967, -123.951732 49.191926, -123.951836 49.191865, -123.951979 49.191808, -123.9521 49.191819, -123.952175 49.191833, -123.95219 49.191836, -123.952251 49.191678, -123.95244 49.191725, -123.952864 49.191868, -123.952961 49.191902, -123.953066 49.19196, -123.953304 49.192092, -123.953401 49.192133, -123.953525 49.19217, -123.953596 49.1922, -123.953648 49.192228, -123.953667 49.192246, -123.953701 49.192298, -123.953885 49.192826, -123.953903 49.192853, -123.953937 49.192898, -123.95402 49.193106, -123.954064 49.193232, -123.954064 49.193263, -123.954073 49.193296, -123.954088 49.193319, -123.954483 49.193366, -123.9545216 49.1933697, -123.9544923 49.1936654, -123.954507 49.193685, -123.954506 49.193714, -123.954524 49.19372, -123.954545 49.193722, -123.954576 49.193719, -123.954606 49.193712, -123.954635 49.193694, -123.954645 49.193687, -123.954711 49.193695, -123.954787 49.193701, -123.954827 49.193703, -123.95486 49.193746, -123.9549 49.193803, -123.954909 49.193862, -123.954888 49.193973, -123.954864 49.194196, -123.954834 49.194324, -123.954805 49.194521, -123.954799 49.194588, -123.954801 49.194596, -123.954814 49.194628, -123.954939 49.194627, -123.955685 49.194541, -123.95569 49.19455, -123.955704 49.194565, -123.955716 49.194572, -123.955728 49.194577, -123.955739 49.194579, -123.955754 49.194579, -123.95577 49.194579, -123.95578 49.194581, -123.955934 49.194674, -123.955935 49.194689, -123.955942 49.194714, -123.955953 49.194727, -123.955968 49.194741, -123.955989 49.194747, -123.956014 49.194753, -123.956042 49.194751, -123.956063 49.194744, -123.956079 49.19473, -123.956087 49.194715, -123.956176 49.194586, -123.9562 49.194572, -123.95625 49.194554, -123.956327 49.194548, -123.956383 49.194484, -123.9564031 49.1944745, -123.956376 49.19445, -123.956152 49.194251, -123.956134 49.194244, -123.956099 49.194233, -123.956082 49.194231, -123.956051 49.194183, -123.956035 49.194173, -123.955973 49.194043, -123.95593 49.193928, -123.95586 49.193706, -123.955762 49.193401, -123.955693 49.193188, -123.955705 49.193175, -123.955712 49.193137, -123.955718 49.192991, -123.95577 49.192923, -123.955878 49.192827, -123.955902 49.192778, -123.955923 49.192658, -123.955926 49.192554, -123.955939 49.192469, -123.95596 49.192436, -123.955992 49.192409, -123.956027 49.192396, -123.956111 49.192383, -123.956145 49.192381, -123.956194 49.19238, -123.956234 49.192381, -123.956276 49.192386, -123.956352 49.192409, -123.956474 49.192457, -123.956495 49.19247, -123.956525 49.19251, -123.95664 49.192615, -123.956747 49.192676, -123.957025 49.192852, -123.95708 49.192871, -123.957178 49.192901, -123.957399 49.192982, -123.957494 49.193015, -123.957516 49.193033, -123.957535 49.19308, -123.957633 49.193046, -123.957728 49.193029, -123.957957 49.193033, -123.958449 49.193037, -123.959994 49.193087, -123.961437 49.193124, -123.962837 49.193182, -123.964079 49.193145, -123.964799 49.193266, -123.965563 49.193262, -123.965856 49.193258, -123.966526 49.193233, -123.966661 49.19316, -123.9673827 49.1926142, -123.967337 49.192581, -123.966194 49.191426, -123.966053 49.191284, -123.965653 49.1908545, -123.9656225 49.1908144, -123.965662 49.190779, -123.965615 49.190717, -123.965599 49.190682, -123.965591 49.190634, -123.965589 49.190572, -123.965593 49.19052, -123.965621 49.190449, -123.965787 49.19015, -123.96556 49.190096, -123.965445 49.19006, -123.965177 49.189969, -123.964872 49.189856, -123.964487 49.189709, -123.964315 49.189634, -123.964128 49.189545, -123.96396 49.189463, -123.963812 49.189389, -123.963585 49.189258, -123.9634 49.189149, -123.96317 49.188995, -123.962525 49.188559, -123.961694 49.187981, -123.960679 49.187272, -123.959766 49.186627, -123.958961 49.186067, -123.958323 49.185624, -123.957257 49.184869, -123.956631 49.18441, -123.955347 49.18351, -123.954186 49.182695, -123.953195 49.182027, -123.953182 49.182019, -123.953375 49.181914, -123.953489 49.181878, -123.953535 49.181869, -123.953333 49.181724, -123.952964 49.181466, -123.952628 49.181232, -123.952326 49.181018, -123.95199 49.180781, -123.951709 49.180588, -123.951422 49.180383, -123.951114 49.180169, -123.950883 49.18001, -123.950668 49.179857, -123.950448 49.1797, -123.950242 49.179556, -123.950113 49.179465, -123.949943 49.179339, -123.94981 49.179229, -123.949681 49.179117, -123.94956 49.179006, -123.94948 49.178925, -123.949412 49.178854, -123.949353 49.178785, -123.949286 49.178704, -123.949208 49.178608, -123.94913 49.178501, -123.949081 49.178429, -123.949007 49.178314, -123.948955 49.178227, -123.948909 49.178143, -123.948854 49.178035, -123.948815 49.177955, -123.948777 49.177863, -123.948737 49.177765, -123.948709 49.177679, -123.948682 49.177591, -123.948653 49.177495, -123.948632 49.177391, -123.948611 49.177288, -123.948595 49.177185, -123.948578 49.177012, -123.948571 49.17694, -123.948543 49.176564, -123.948515 49.176223, -123.948486 49.175913, -123.948463 49.175558, -123.948437 49.175222, -123.948407 49.174838, -123.948375 49.174442, -123.948372 49.174405, -123.94835 49.174078, -123.948306 49.173663, -123.948289 49.173285, -123.948275 49.173081, -123.948244 49.17285, -123.948216 49.172645, -123.948173 49.172438, -123.948111 49.172207, -123.948036 49.171991, -123.947978 49.171849, -123.947916 49.17171, -123.947915 49.171709, -123.947339 49.171674, -123.947072 49.171669, -123.946924 49.171682, -123.946815 49.171714, -123.946744 49.171779, -123.946718 49.171837, -123.946718 49.171947, -123.946776 49.172119, -123.946844 49.172252, -123.946898 49.172327, -123.947069 49.172504, -123.947239 49.172651, -123.94728 49.172699, -123.947313 49.172758, -123.947385 49.172962, -123.947391 49.173052, -123.947388 49.173114, -123.947366 49.173161, -123.947302 49.173214, -123.946852 49.173469, -123.946811 49.173511, -123.946758 49.173647, -123.946728 49.173763, -123.946703 49.173837, -123.946661 49.173886, -123.946592 49.173914, -123.946492 49.173919, -123.946411 49.173905, -123.946323 49.173876, -123.946234 49.173819, -123.946187 49.173772, -123.94614 49.173716, -123.946095 49.173602, -123.946048 49.173518, -123.945962 49.17344, -123.945801 49.173346, -123.945338 49.17313, -123.944888 49.172925, -123.94449 49.17278)))"
801938,Harewood,Neighborhood,M,Macro Neighborhood,Harewood,,,CAN,"Nanaimo, BC",49.148572,-123.950665,20220419,5561818.782,Canada,British Columbia,"Nanaimo, BC",Nanaimo,"MULTIPOLYGON (((-123.961068 49.162776, -123.962012 49.162784, -123.963328 49.162789, -123.96331 49.163211, -123.963299 49.163998, -123.963304 49.164727, -123.963382 49.16559, -123.963372 49.16659, -123.962991 49.166588, -123.961797 49.166582, -123.961011 49.16658, -123.960419 49.166577, -123.959463 49.16657, -123.958536 49.166567, -123.957526 49.166564, -123.956657 49.166562, -123.955622 49.166558, -123.955215 49.166557, -123.955216 49.166178, -123.955222 49.165694, -123.955222 49.165106, -123.95456 49.165103, -123.953723 49.16512, -123.953492 49.165152, -123.952996 49.165157, -123.952987 49.165105, -123.952433 49.165112, -123.951633 49.165112, -123.950578 49.165106, -123.950536 49.164925, -123.950457 49.16459, -123.950293 49.163946, -123.950199 49.163583, -123.950171 49.163506, -123.950149 49.163458, -123.950015 49.163223, -123.949768 49.162794, -123.949593 49.162448, -123.949457 49.162435, -123.949404 49.162424, -123.949361 49.16241, -123.949311 49.162389, -123.949247 49.162356, -123.949195 49.162321, -123.94916 49.162294, -123.949004 49.162137, -123.948661 49.16179, -123.948255 49.161389, -123.947862 49.161, -123.947502 49.160648, -123.947086 49.160231, -123.946645 49.159802, -123.9463 49.159463, -123.945964 49.15913, -123.945568 49.158745, -123.945236 49.158415, -123.944939 49.158118, -123.94471 49.15789, -123.944481 49.157668, -123.944419 49.157612, -123.944356 49.157563, -123.944299 49.157523, -123.94425 49.157491, -123.94414 49.157431, -123.944005 49.157352, -123.943917 49.157293, -123.943877 49.157262, -123.943848 49.157233, -123.943825 49.157203, -123.943793 49.157147, -123.943774 49.157098, -123.943762 49.157021, -123.942982 49.157023, -123.942412 49.157017, -123.94214 49.156962, -123.941667 49.156825, -123.941029 49.156649, -123.940812 49.156588, -123.940439 49.156483, -123.940044 49.15638, -123.940058 49.156331, -123.940053 49.156311, -123.940034 49.156288, -123.940017 49.156274, -123.939969 49.156256, -123.939895 49.156234, -123.939374 49.156093, -123.938902 49.155966, -123.938646 49.155892, -123.938657 49.155802, -123.938677 49.1557, -123.938701 49.15559, -123.938726 49.155515, -123.93876 49.155428, -123.938794 49.155348, -123.938834 49.15527, -123.938881 49.155187, -123.938933 49.155108, -123.938995 49.155022, -123.939054 49.154948, -123.93913 49.154861, -123.939186 49.154804, -123.93935 49.154648, -123.939565 49.154438, -123.939817 49.154194, -123.939999 49.154019, -123.940144 49.153867, -123.940227 49.153774, -123.940286 49.153701, -123.940374 49.153578, -123.940448 49.153463, -123.940511 49.153365, -123.940611 49.153177, -123.94074 49.152937, -123.940882 49.152674, -123.941002 49.152448, -123.941107 49.152218, -123.941136 49.15215, -123.941156 49.15208, -123.941188 49.15196, -123.941206 49.151881, -123.941222 49.151768, -123.941228 49.151697, -123.941232 49.151624, -123.941233 49.15155, -123.941232 49.151486, -123.941228 49.151412, -123.941213 49.151294, -123.941193 49.15118, -123.941168 49.15109, -123.941139 49.151, -123.941099 49.150894, -123.941057 49.150805, -123.941024 49.150736, -123.940989 49.15067, -123.940949 49.1506, -123.940908 49.150536, -123.94086 49.150459, -123.940794 49.150364, -123.940704 49.150246, -123.940627 49.150154, -123.940576 49.150098, -123.940511 49.150028, -123.940424 49.149941, -123.940229 49.149766, -123.94017 49.149714, -123.940013 49.149596, -123.939794 49.14944, -123.939539 49.149266, -123.939425 49.149186, -123.939336 49.149114, -123.93924 49.149037, -123.939161 49.148971, -123.939086 49.148903, -123.939033 49.148854, -123.938959 49.148778, -123.938892 49.148706, -123.938832 49.148639, -123.938779 49.148577, -123.938726 49.148507, -123.938666 49.148428, -123.938627 49.148375, -123.938593 49.148323, -123.938543 49.148242, -123.938499 49.148168, -123.938464 49.148102, -123.938431 49.148035, -123.938391 49.147951, -123.938354 49.147862, -123.938329 49.147799, -123.938303 49.147716, -123.938275 49.147625, -123.938259 49.147554, -123.938239 49.147445, -123.938226 49.147342, -123.938212 49.147229, -123.938207 49.14711, -123.938205 49.146875, -123.9382 49.146722, -123.938195 49.146627, -123.938183 49.146536, -123.938166 49.146445, -123.93814 49.146337, -123.938111 49.14624, -123.938082 49.146158, -123.938044 49.146071, -123.938005 49.145988, -123.937954 49.145895, -123.937891 49.145797, -123.937825 49.145699, -123.937763 49.145614, -123.937661 49.145493, -123.937463 49.145277, -123.93726 49.145052, -123.93701 49.144781, -123.936866 49.14463, -123.936691 49.144434, -123.936536 49.144265, -123.936369 49.144085, -123.936189 49.14389, -123.936012 49.143694, -123.935809 49.143472, -123.935546 49.143185, -123.935417 49.14305, -123.935304 49.142939, -123.935169 49.142812, -123.935067 49.142721, -123.934982 49.142646, -123.934882 49.142563, -123.934783 49.142487, -123.934673 49.142405, -123.934585 49.14234, -123.934448 49.142243, -123.934176 49.142062, -123.933948 49.141909, -123.933614 49.141691, -123.933209 49.141427, -123.932911 49.141229, -123.932735 49.141109, -123.932597 49.14101, -123.932544 49.14004, -123.93251 49.139249, -123.932511 49.13889, -123.93252 49.138113, -123.932531 49.137503, -123.932544 49.136902, -123.932522 49.13627, -123.93248 49.135795, -123.932422 49.135178, -123.932461 49.132929, -123.932789 49.133215, -123.93305 49.1334, -123.933428 49.133642, -123.933954 49.133961, -123.934298 49.134142, -123.934773 49.134358, -123.935307 49.134586, -123.935693 49.134725, -123.936157 49.134868, -123.936629 49.135005, -123.937059 49.135115, -123.937545 49.135206, -123.938344 49.135316, -123.938853 49.135374, -123.939373 49.135407, -123.939998 49.135418, -123.940593 49.135418, -123.941012 49.135393, -123.941471 49.135364, -123.942124 49.135298, -123.944632 49.134998, -123.94641 49.134802, -123.947097 49.13475, -123.947757 49.134733, -123.948372 49.134746, -123.949013 49.13478, -123.949517 49.134845, -123.949954 49.134919, -123.950754 49.135078, -123.951474 49.135263, -123.952234 49.135491, -123.952702 49.135646, -123.953553 49.136093, -123.95434 49.136506, -123.954794 49.136784, -123.955907 49.137718, -123.956547 49.138233, -123.95688 49.138491, -123.957337 49.138787, -123.957692 49.13901, -123.958064 49.139203, -123.95844 49.139402, -123.958873 49.139568, -123.959292 49.139732, -123.959736 49.139905, -123.960614 49.140217, -123.961715 49.140629, -123.962948 49.141126, -123.96355 49.141385, -123.96442 49.14178, -123.965316 49.142165, -123.965274 49.142581, -123.96523 49.143003, -123.965216 49.14313, -123.965201 49.143218, -123.965173 49.143331, -123.965145 49.143422, -123.965112 49.143509, -123.965085 49.143578, -123.965043 49.143667, -123.964966 49.143794, -123.964785 49.144082, -123.964661 49.144277, -123.964517 49.144543, -123.964279 49.144993, -123.963959 49.14555, -123.96363 49.146136, -123.963411 49.146514, -123.963312 49.146679, -123.963233 49.146783, -123.963146 49.146869, -123.96306 49.146945, -123.962951 49.147024, -123.962842 49.14709, -123.962657 49.14718, -123.963125 49.147435, -123.965403 49.147502, -123.965887 49.147439, -123.96619 49.147375, -123.966558 49.147257, -123.967708 49.146864, -123.968345 49.146655, -123.971447 49.145669, -123.971635 49.145885, -123.971781 49.146076, -123.971956 49.146333, -123.972177 49.146703, -123.971423 49.147109, -123.970766 49.147468, -123.970093 49.147848, -123.969139 49.148377, -123.968177 49.148898, -123.967284 49.1494, -123.966432 49.149872, -123.965595 49.150335, -123.964692 49.15083, -123.963841 49.151299, -123.962917 49.151814, -123.962003 49.152327, -123.961145 49.152789, -123.961141 49.153027, -123.961137 49.153236, -123.961131 49.153705, -123.961131 49.154085, -123.961153 49.154453, -123.961147 49.155209, -123.961142 49.155921, -123.961133 49.156579, -123.96113 49.157371, -123.961125 49.158123, -123.961112 49.158745, -123.961107 49.159476, -123.961096 49.160285, -123.961085 49.161158, -123.961083 49.161973, -123.961068 49.162776)))"
801939,Old City,Neighborhood,M,Macro Neighborhood,Old City,,,CAN,"Nanaimo, BC",49.162887,-123.943618,20220419,1030394.154,Canada,British Columbia,"Nanaimo, BC",Nanaimo,"MULTIPOLYGON (((-123.940812 49.156588, -123.941029 49.156649, -123.941667 49.156825, -123.94214 49.156962, -123.942412 49.157017, -123.942982 49.157023, -123.943762 49.157021, -123.943774 49.157098, -123.943793 49.157147, -123.943825 49.157203, -123.943848 49.157233, -123.943877 49.157262, -123.943917 49.157293, -123.944005 49.157352, -123.94414 49.157431, -123.94425 49.157491, -123.944299 49.157523, -123.944356 49.157563, -123.944419 49.157612, -123.944481 49.157668, -123.94471 49.15789, -123.944939 49.158118, -123.945236 49.158415, -123.945568 49.158745, -123.945964 49.15913, -123.9463 49.159463, -123.946645 49.159802, -123.947086 49.160231, -123.947502 49.160648, -123.947862 49.161, -123.948255 49.161389, -123.948661 49.16179, -123.949004 49.162137, -123.94916 49.162294, -123.949195 49.162321, -123.949247 49.162356, -123.949311 49.162389, -123.949361 49.16241, -123.949404 49.162424, -123.949457 49.162435, -123.949593 49.162448, -123.949768 49.162794, -123.950015 49.163223, -123.950149 49.163458, -123.950171 49.163506, -123.950199 49.163583, -123.950293 49.163946, -123.950457 49.16459, -123.950536 49.164925, -123.950578 49.165106, -123.950659 49.165455, -123.950794 49.16605, -123.950924 49.166621, -123.951068 49.167199, -123.951192 49.167745, -123.951322 49.168332, -123.951469 49.16896, -123.951586 49.16948, -123.951718 49.170021, -123.951835 49.170508, -123.951906 49.170848, -123.950668 49.170617, -123.950259 49.170546, -123.949905 49.170499, -123.949539 49.170456, -123.949246 49.170432, -123.948819 49.170405, -123.947919 49.170364, -123.947028 49.17034, -123.946186 49.170308, -123.945375 49.170282, -123.944418 49.170248, -123.943715 49.170221, -123.943125 49.170202, -123.943027 49.1698, -123.942936 49.169461, -123.942856 49.169108, -123.942773 49.168727, -123.942687 49.168409, -123.94276 49.168401, -123.942585 49.167623, -123.942425 49.166959, -123.943507 49.166847, -123.94468 49.166725, -123.944491 49.165943, -123.944351 49.165335, -123.944661 49.165308, -123.945029 49.165272, -123.945012 49.165175, -123.945817 49.165064, -123.945727 49.164704, -123.945676 49.164513, -123.945655 49.164453, -123.945578 49.164353, -123.945546 49.164317, -123.945159 49.163938, -123.944807 49.163587, -123.944522 49.163301, -123.94401 49.163521, -123.943929 49.163555, -123.94368 49.163645, -123.943651 49.16366, -123.943625 49.163677, -123.943428 49.163765, -123.943253 49.163841, -123.942782 49.163374, -123.942269 49.162869, -123.941902 49.163027, -123.941099 49.163368, -123.940512 49.162787, -123.939934 49.1622, -123.939548 49.161808, -123.939415 49.161676, -123.939197 49.161476, -123.938744 49.161833, -123.93823 49.162238, -123.937648 49.162701, -123.937112 49.163122, -123.93679 49.163021, -123.936238 49.16287, -123.935495 49.162659, -123.934638 49.16242, -123.934665 49.162276, -123.934696 49.162097, -123.934794 49.161556, -123.934895 49.161008, -123.935006 49.160378, -123.935121 49.15976, -123.935245 49.159059, -123.93535 49.158493, -123.935483 49.157816, -123.935599 49.157121, -123.935706 49.15653, -123.935817 49.15591, -123.935952 49.155144, -123.936195 49.1552, -123.936523 49.155284, -123.936615 49.155304, -123.936693 49.155316, -123.936758 49.155322, -123.936831 49.155324, -123.936911 49.155323, -123.936959 49.155396, -123.936968 49.155404, -123.936989 49.155413, -123.937094 49.155446, -123.937756 49.15564, -123.938504 49.155851, -123.938646 49.155892, -123.938902 49.155966, -123.939374 49.156093, -123.939895 49.156234, -123.939969 49.156256, -123.940017 49.156274, -123.940034 49.156288, -123.940053 49.156311, -123.940058 49.156331, -123.940044 49.15638, -123.940439 49.156483, -123.940812 49.156588)))"
