88935,Burrard Indian Reserve,Neighborhood,N,Neighborhood,Deep Cove,Burrard Indian Reserve,,CAN,"Vancouver, BC",49.309276,-122.978553,20220419,1042976.134,Canada,British Columbia,"Vancouver, BC",Burrard Inlet 3,"MULTIPOLYGON (((-122.981158 49.312582, -122.971521 49.31233, -122.97157 49.311504, -122.968909 49.311461, -122.968925 49.309331, -122.969029 49.303059, -122.970217 49.303459, -122.970899 49.30338, -122.972631 49.304272, -122.97662 49.306451, -122.97872 49.307238, -122.979586 49.307185, -122.981239 49.307658, -122.982394 49.307579, -122.984073 49.307579, -122.986278 49.308209, -122.987327 49.308183, -122.988718 49.307238, -122.989794 49.307107, -122.990188 49.307579, -122.991106 49.307527, -122.991763 49.308261, -122.991197 49.308796, -122.988856 49.308369, -122.988511 49.308428, -122.98879 49.309308, -122.988856 49.309587, -122.989217 49.309844, -122.98934 49.310536, -122.989545 49.31112, -122.990176 49.311689, -122.991177 49.311651, -122.99178 49.311697, -122.992108 49.311895, -122.991903 49.312233, -122.991895 49.312528, -122.991977 49.312839, -122.991369 49.31288, -122.988097 49.312893, -122.981158 49.312582)))"
89007,Cove Cliff,Neighborhood,N,Neighborhood,Deep Cove,Cove Cliff,,CAN,"Vancouver, BC",49.328677,-123.122924,20220419,509498.741,Canada,British Columbia,"Vancouver, BC",North Vancouver,"MULTIPOLYGON (((-123.1221912 49.3333477, -123.121579 49.333342, -123.1212474 49.3331228, -123.120971 49.33294, -123.120179 49.332609, -123.118189 49.332618, -123.117318 49.332609, -123.117266 49.331682, -123.117275 49.330172, -123.118525 49.32829, -123.118962 49.327487, -123.119861 49.326698, -123.122533 49.324328, -123.1238284 49.3247201, -123.126825 49.325627, -123.131292 49.3267361, -123.130966 49.327495, -123.12959 49.328282, -123.124476 49.328911, -123.124269 49.331182, -123.123401 49.331211, -123.1235 49.33336, -123.1226359 49.3333519, -123.1221912 49.3333477)))"
89008,Deep Cove,Neighborhood,N,Neighborhood,Deep Cove,Deep Cove,,CAN,"Vancouver, BC",49.326958,-122.998694,20220419,1023775.804,Canada,British Columbia,"Vancouver, BC",North Vancouver,"MULTIPOLYGON (((-122.99063 49.327314, -122.990457 49.325114, -122.990441 49.324511, -122.993539 49.32458, -122.993871 49.3246, -122.994159 49.324225, -122.994589 49.32378, -122.995097 49.323589, -122.995701 49.323875, -122.996119 49.323838, -122.996329 49.323787, -122.99679 49.324123, -122.997756 49.32415, -122.997788 49.323922, -122.998131 49.323567, -122.999157 49.322781, -123.000049 49.322661, -123.000991 49.32267, -123.000998 49.32188, -123.001456 49.32191, -123.001889 49.32183, -123.002453 49.32176, -123.007621 49.321773, -123.007212 49.32259, -123.007672 49.323119, -123.008422 49.323306, -123.00892 49.324043, -123.008473 49.324499, -123.00757 49.324396, -123.007433 49.324925, -123.00665 49.325027, -123.006688 49.325542, -123.005393 49.327246, -123.003093 49.328864, -123.002288 49.329371, -123.00268 49.330104, -123.002748 49.3307, -123.001862 49.331791, -122.990775 49.331895, -122.99063 49.327314)))"
89088,Dollarton,Neighborhood,N,Neighborhood,Deep Cove,Dollarton,,CAN,"Vancouver, BC",49.305327,-123.012249,20220419,2144355.302,Canada,British Columbia,"Vancouver, BC",North Vancouver,"MULTIPOLYGON (((-123.008409 49.311486, -123.006481 49.31269, -123.005609 49.313195, -123.004866 49.312762, -123.004977 49.310426, -123.002802 49.31046, -123.001532 49.310447, -123.000802 49.308232, -123.00008 49.308302, -122.999014 49.308442, -122.99798 49.308613, -122.997062 49.308801, -122.99488 49.30886, -122.991197 49.308796, -122.991763 49.308261, -122.9926716 49.3081551, -122.9933759 49.3081551, -122.9944229 49.3077554, -122.9950511 49.3081551, -122.9957744 49.3081551, -122.9967262 49.3082693, -122.9972782 49.3081932, -122.9979826 49.3073747, -122.9993151 49.3071272, -122.9999623 49.3062516, -122.9999052 49.3060041, -123.0004572 49.3054521, -123.000381 49.3051285, -123.0005714 49.30424, -123.001023 49.30424, -123.002249 49.304001, -123.002399 49.303044, -123.0022656 49.3029013, -123.0027678 49.3026615, -123.0028176 49.302235, -123.003008 49.3021208, -123.0049136 49.3021284, -123.007093 49.302028, -123.007063 49.299994, -123.007332 49.299008, -123.008529 49.299008, -123.008379 49.298439, -123.009037 49.29832, -123.009097 49.298679, -123.009216 49.299636, -123.0095046 49.29972, -123.0094991 49.2992464, -123.009844 49.299067, -123.0109399 49.2992682, -123.0108887 49.3005409, -123.011249 49.300592, -123.013342 49.300413, -123.013993 49.299993, -123.0132257 49.2977459, -123.0131921 49.2976474, -123.013372 49.297483, -123.015765 49.297483, -123.0158752 49.2976234, -123.016422 49.29832, -123.01708 49.298619, -123.0175893 49.2981233, -123.017917 49.297871, -123.0182592 49.2975131, -123.0183127 49.2974571, -123.0181366 49.2970383, -123.018336 49.296735, -123.019083 49.296645, -123.0193025 49.2963958, -123.0203495 49.2963007, -123.0203019 49.2965386, -123.0205766 49.2965834, -123.0209382 49.2966831, -123.0217058 49.2968717, -123.0217657 49.2973509, -123.0218961 49.2983946, -123.0217731 49.2986978, -123.0230791 49.3019568, -123.0233 49.3018448, -123.0236569 49.3025348, -123.023598 49.302984, -123.023598 49.303452, -123.024232 49.303298, -123.024359 49.302942, -123.024377 49.302539, -123.023978 49.302089, -123.023725 49.301389, -123.0257 49.302619, -123.025356 49.30344, -123.023906 49.304187, -123.022619 49.304958, -123.02144 49.305693, -123.020534 49.306119, -123.020534 49.306475, -123.020625 49.306854, -123.021237 49.307948, -123.021712 49.308609, -123.021595 49.309204, -123.021187 49.310043, -123.019688 49.310849, -123.018693 49.311472, -123.017786 49.312275, -123.016906 49.313041, -123.014744 49.313854, -123.014409 49.313622, -123.013858 49.312777, -123.013781 49.312362, -123.01455 49.31155, -123.014822 49.311089, -123.01456 49.311114, -123.013753 49.311118, -123.012753 49.310805, -123.011186 49.310481, -123.009499 49.310839, -123.008409 49.311486)))"
88949,Braemar,Neighborhood,N,Neighborhood,Delbrook - Upper Lonsdale,Braemar,,CAN,"Vancouver, BC",49.336166,-123.040014,20220419,925347.317,Canada,British Columbia,"Vancouver, BC",North Vancouver,"MULTIPOLYGON (((-123.032531 49.340131, -123.032772 49.336145, -123.033404 49.336149, -123.037781 49.336265, -123.038085 49.329495, -123.038769 49.329621, -123.03944 49.329147, -123.039763 49.328867, -123.041306 49.329627, -123.043093 49.331068, -123.044367 49.330305, -123.044971 49.330651, -123.044949 49.331097, -123.045715 49.331312, -123.046809 49.330808, -123.048258 49.331779, -123.048743 49.332228, -123.048366 49.332703, -123.047866 49.333152, -123.047891 49.334654, -123.04607 49.334559, -123.043856 49.334543, -123.043671 49.340313, -123.043648 49.341754, -123.031579 49.341504, -123.031521 49.340696, -123.032531 49.340131)))"
89019,Delbrook,Neighborhood,N,Neighborhood,Delbrook - Upper Lonsdale,Delbrook,,CAN,"Vancouver, BC",49.312064,-122.993848,20220419,574227.14,Canada,British Columbia,"Vancouver, BC",North Vancouver,"MULTIPOLYGON (((-122.980715 49.314067, -122.981158 49.312582, -122.988097 49.312893, -122.991369 49.31288, -122.991977 49.312839, -122.991895 49.312528, -122.991903 49.312233, -122.992108 49.311895, -122.99178 49.311697, -122.991177 49.311651, -122.990176 49.311689, -122.989545 49.31112, -122.98934 49.310536, -122.989217 49.309844, -122.988856 49.309587, -122.98879 49.309308, -122.988511 49.308428, -122.988856 49.308369, -122.991197 49.308796, -122.99488 49.30886, -122.997062 49.308801, -122.99798 49.308613, -122.998011 49.308889, -122.998271 49.309862, -122.996408 49.311122, -122.995489 49.312329, -122.995463 49.313982, -122.994439 49.314796, -122.994199 49.315897, -122.986617 49.315758, -122.980244 49.315667, -122.98019 49.315, -122.980715 49.314067)))"
89027,Norwood Queens,Neighborhood,N,Neighborhood,Delbrook - Upper Lonsdale,Norwood Queens,,CAN,"Vancouver, BC",49.321301,-123.009329,20220419,935559.228,Canada,British Columbia,"Vancouver, BC",North Vancouver,"MULTIPOLYGON (((-123.007433 49.324925, -123.00757 49.324396, -123.008473 49.324499, -123.00892 49.324043, -123.008422 49.323306, -123.007672 49.323119, -123.007212 49.32259, -123.007621 49.321773, -123.008324 49.320976, -123.008647 49.320056, -123.007983 49.318864, -123.007659 49.318233, -123.007216 49.317364, -123.007131 49.316887, -123.00737 49.316768, -123.007335 49.316257, -123.006943 49.316104, -123.007114 49.315644, -123.006143 49.315763, -123.005802 49.315473, -123.0057 49.315166, -123.005751 49.314349, -123.006586 49.313735, -123.007489 49.313156, -123.008136 49.313446, -123.008971 49.313514, -123.008971 49.313071, -123.008715 49.312117, -123.008409 49.311486, -123.009499 49.310839, -123.011186 49.310481, -123.012753 49.310805, -123.013753 49.311118, -123.01456 49.311114, -123.014822 49.311089, -123.01455 49.31155, -123.013781 49.312362, -123.013858 49.312777, -123.014409 49.313622, -123.014744 49.313854, -123.013774 49.314028, -123.012249 49.314757, -123.01148 49.315444, -123.011528 49.316105, -123.011593 49.317474, -123.012017 49.3185, -123.012604 49.319169, -123.013288 49.319706, -123.013842 49.320375, -123.013681 49.322109, -123.013482 49.32426, -123.012243 49.325791, -123.010287 49.328818, -123.008225 49.330091, -123.006949 49.331061, -123.005202 49.331311, -123.005271 49.331782, -123.001862 49.331791, -123.002748 49.3307, -123.00268 49.330104, -123.002288 49.329371, -123.003093 49.328864, -123.005393 49.327246, -123.006688 49.325542, -123.00665 49.325027, -123.007433 49.324925)))"
89051,Carisbrooke,Neighborhood,N,Neighborhood,Delbrook - Upper Lonsdale,Carisbrooke,,CAN,"Vancouver, BC",49.316274,-123.015512,20220419,347642.701,Canada,British Columbia,"Vancouver, BC",North Vancouver,"MULTIPOLYGON (((-123.013681 49.322109, -123.013842 49.320375, -123.013288 49.319706, -123.012604 49.319169, -123.012017 49.3185, -123.011593 49.317474, -123.011528 49.316105, -123.01148 49.315444, -123.012249 49.314757, -123.013774 49.314028, -123.014744 49.313854, -123.016906 49.313041, -123.017786 49.312275, -123.018693 49.311472, -123.019688 49.310849, -123.020224 49.311158, -123.021092 49.311772, -123.020549 49.312044, -123.019998 49.31233, -123.020889 49.312858, -123.020507 49.313234, -123.019186 49.314416, -123.017621 49.315394, -123.016741 49.316828, -123.015861 49.317675, -123.015535 49.318751, -123.016157 49.320456, -123.01627 49.322135, -123.013681 49.322109)))"
89081,Upper Delbrook,Neighborhood,N,Neighborhood,Delbrook - Upper Lonsdale,Upper Delbrook,,CAN,"Vancouver, BC",49.327456,-123.046008,20220419,57325858.45,Canada,British Columbia,"Vancouver, BC",North Vancouver,"MULTIPOLYGON (((-123.090187 49.363872, -123.082046 49.35778, -123.0815968 49.3574217, -123.080168 49.356282, -123.071175 49.351424, -123.068251 49.349621, -123.066675 49.349623, -123.052652 49.349641, -123.052647 49.349177, -123.0453489 49.3491862, -123.0443589 49.3491875, -123.041544 49.349191, -123.041517 49.349726, -123.0411067 49.3497353, -123.04063 49.349746, -123.0406384 49.3503009, -123.0406466 49.3508437, -123.04065 49.351067, -123.0401603 49.3510888, -123.039618 49.351113, -123.0395869 49.3515708, -123.0395684 49.3518439, -123.039552 49.352086, -123.0392275 49.3520945, -123.039053 49.352099, -123.0390512 49.3522178, -123.0390505 49.3522663, -123.038934 49.360105, -123.038619 49.365968, -123.03436 49.365902, -123.033229 49.36393, -123.031382 49.3614792, -123.028608 49.357798, -123.0277512 49.3572123, -123.027031 49.35672, -123.025874 49.355353, -123.025138 49.355195, -123.024541 49.354568, -123.023981 49.353802, -123.024007 49.353433, -123.021273 49.353618, -123.020142 49.352513, -123.019904 49.3523274, -123.018828 49.351488, -123.0188679 49.3513119, -123.0189066 49.3511413, -123.018959 49.35091, -123.019617 49.350173, -123.020276 49.349513, -123.02033 49.34835, -123.020467 49.347939, -123.02049 49.347299, -123.020124 49.346408, -123.020101 49.345746, -123.019781 49.345289, -123.019736 49.344763, -123.019279 49.344055, -123.018708 49.343552, -123.01816 49.343347, -123.017451 49.343621, -123.0172 49.343438, -123.016674 49.342958, -123.015966 49.342113, -123.016012 49.341542, -123.016217 49.341039, -123.01608 49.340445, -123.015167 49.339646, -123.014641 49.338983, -123.014687 49.338526, -123.014938 49.337909, -123.014801 49.337155, -123.014458 49.33679, -123.015121 49.336059, -123.016112 49.335763, -123.017437 49.334835, -123.019336 49.334482, -123.019336 49.334128, -123.019159 49.333643, -123.020219 49.332936, -123.022118 49.332406, -123.023619 49.332009, -123.023266 49.331258, -123.023929 49.330684, -123.02437 49.329668, -123.024502 49.328961, -123.024326 49.328608, -123.023575 49.328122, -123.023178 49.327372, -123.023443 49.326532, -123.023814 49.325596, -123.022576 49.325694, -123.016197 49.325736, -123.016197 49.324154, -123.013482 49.32426, -123.012243 49.325791, -123.010287 49.328818, -123.008225 49.330091, -123.006949 49.331061, -123.005202 49.331311, -123.005271 49.331782, -123.001862 49.331791, -122.990775 49.331895, -122.99063 49.327314, -122.979626 49.327314, -122.974775 49.327386, -122.974437 49.32389, -122.973188 49.323908, -122.973081 49.322178, -122.973011 49.321681, -122.970849 49.321638, -122.969054 49.321396, -122.967866 49.321389, -122.966401 49.321356, -122.966361 49.324568, -122.966374 49.327088, -122.965781 49.327708, -122.965059 49.328835, -122.959685 49.328934, -122.955615 49.328934, -122.954162 49.328918, -122.954294 49.330874, -122.951128 49.330786, -122.946446 49.334611, -122.935499 49.334677, -122.935477 49.332918, -122.936554 49.332479, -122.93717 49.332567, -122.938027 49.332567, -122.938511 49.332149, -122.938664 49.331753, -122.939983 49.331643, -122.940093 49.331951, -122.940445 49.332039, -122.940928 49.331951, -122.941654 49.331797, -122.9420402 49.331566, -122.942204 49.331468, -122.9423148 49.3315171, -122.942599 49.331643, -122.942599 49.3314665, -122.942599 49.331314, -122.943105 49.331116, -122.944314 49.331072, -122.9444971 49.3311284, -122.945171 49.331336, -122.946556 49.330786, -122.947765 49.330215, -122.948688 49.329511, -122.949106 49.329203, -122.949084 49.32839, -122.948864 49.327928, -122.948402 49.327269, -122.948227 49.326807, -122.947919 49.326126, -122.947743 49.325884, -122.946996 49.32584, -122.945567 49.325686, -122.944797 49.325466, -122.944446 49.326126, -122.943654 49.326324, -122.9434141 49.3263404, -122.942687 49.32639, -122.941324 49.326412, -122.9405932 49.3259913, -122.940445 49.325906, -122.9399595 49.3258898, -122.9398594 49.3258865, -122.939785 49.325884, -122.9396993 49.3258466, -122.938928 49.32551, -122.9382114 49.3254758, -122.938005 49.325466, -122.937236 49.325247, -122.9372136 49.3252272, -122.936862 49.324917, -122.936884 49.324455, -122.936708 49.323686, -122.93684 49.323246, -122.93684 49.322785, -122.936651 49.321765, -122.936725 49.321628, -122.936715 49.32149, -122.93717 49.321013, -122.937372 49.320981, -122.937965 49.320155, -122.938262 49.319731, -122.938739 49.319148, -122.939364 49.318735, -122.939809 49.318374, -122.940466 49.318268, -122.941346 49.318109, -122.941632 49.318035, -122.942088 49.318183, -122.94283 49.318268, -122.943253 49.318268, -122.943349 49.318523, -122.943656 49.318448, -122.943741 49.318183, -122.944377 49.317961, -122.944525 49.31742, -122.943984 49.317219, -122.943889 49.31688, -122.943783 49.316657, -122.943921 49.316424, -122.944292 49.316339, -122.944461 49.316106, -122.944811 49.316043, -122.945246 49.31582, -122.945468 49.315831, -122.945797 49.315714, -122.946369 49.315757, -122.9464109 49.3157731, -122.946507 49.31581, -122.946909 49.315661, -122.947333 49.31529, -122.947768 49.315407, -122.948351 49.315545, -122.94856 49.315104, -122.948297 49.314055, -122.9480034 49.3132754, -122.947615 49.312244, -122.948166 49.311771, -122.948061 49.311142, -122.947641 49.310564, -122.947615 49.309619, -122.948586 49.308334, -122.948612 49.307441, -122.948009 49.306339, -122.948324 49.304764, -122.949741 49.304502, -122.951368 49.303688, -122.952234 49.303715, -122.954228 49.302035, -122.955147 49.300985, -122.956223 49.300382, -122.956774 49.300723, -122.961786 49.303111, -122.962311 49.302875, -122.963125 49.302849, -122.963151 49.302639, -122.964201 49.302691, -122.964279 49.303374, -122.964437 49.30298, -122.964726 49.30277, -122.965198 49.303111, -122.965618 49.303374, -122.966274 49.303426, -122.967507 49.303216, -122.969029 49.303059, -122.970217 49.303459, -122.970899 49.30338, -122.972631 49.304272, -122.97662 49.306451, -122.97872 49.307238, -122.979586 49.307185, -122.981239 49.307658, -122.982394 49.307579, -122.984073 49.307579, -122.986278 49.308209, -122.987327 49.308183, -122.988718 49.307238, -122.989794 49.307107, -122.990188 49.307579, -122.991106 49.307527, -122.991763 49.308261, -122.9926716 49.3081551, -122.9933759 49.3081551, -122.9944229 49.3077554, -122.9950511 49.3081551, -122.9957744 49.3081551, -122.9967262 49.3082693, -122.9972782 49.3081932, -122.9979826 49.3073747, -122.9993151 49.3071272, -122.9999623 49.3062516, -122.9999052 49.3060041, -123.0004572 49.3054521, -123.000381 49.3051285, -123.0005714 49.30424, -123.001023 49.30424, -123.002249 49.304001, -123.002399 49.303044, -123.0022656 49.3029013, -123.0027678 49.3026615, -123.0028176 49.302235, -123.003008 49.3021208, -123.0049136 49.3021284, -123.007093 49.302028, -123.007063 49.299994, -123.007332 49.299008, -123.008529 49.299008, -123.008379 49.298439, -123.009037 49.29832, -123.009097 49.298679, -123.009216 49.299636, -123.0095046 49.29972, -123.0094991 49.2992464, -123.009844 49.299067, -123.0109399 49.2992682, -123.0108887 49.3005409, -123.011249 49.300592, -123.013342 49.300413, -123.013993 49.299993, -123.0132257 49.2977459, -123.0131921 49.2976474, -123.013372 49.297483, -123.015765 49.297483, -123.0158752 49.2976234, -123.016422 49.29832, -123.01708 49.298619, -123.0175893 49.2981233, -123.017917 49.297871, -123.0182592 49.2975131, -123.0183127 49.2974571, -123.0181366 49.2970383, -123.018336 49.296735, -123.019083 49.296645, -123.0193025 49.2963958, -123.0203495 49.2963007, -123.0203019 49.2965386, -123.0205766 49.2965834, -123.0209382 49.2966831, -123.0217058 49.2968717, -123.0217657 49.2973509, -123.022817 49.2973023, -123.0228479 49.2970859, -123.0233952 49.2968955, -123.0235658 49.2972677, -123.0239187 49.2980377, -123.0242756 49.2980853, -123.0242996 49.298533, -123.0247277 49.2981091, -123.0248467 49.297657, -123.025302 49.297691, -123.0280114 49.2976332, -123.028093 49.297927, -123.0292249 49.2974904, -123.029938 49.296973, -123.0334832 49.297605, -123.0342931 49.2974904, -123.0406463 49.2984184, -123.0406225 49.2985611, -123.0398611 49.2987753, -123.0395237 49.2989956, -123.039779 49.29917, -123.04137 49.299487, -123.041392 49.299473, -123.041413 49.299465, -123.04144 49.299461, -123.041491 49.29946, -123.041524 49.29946, -123.041565 49.299466, -123.041667 49.299484, -123.041799 49.299291, -123.042224 49.299417, -123.042131 49.29954, -123.042085 49.299526, -123.042018 49.299619, -123.04262 49.299839, -123.042492 49.300005, -123.042181 49.300393, -123.042621 49.300534, -123.043762 49.300885, -123.043899 49.3007, -123.04534 49.301153, -123.046742 49.301584, -123.047229 49.30173, -123.0485 49.302121, -123.048828 49.302223, -123.04808 49.302731, -123.047028 49.303436, -123.046804 49.303301, -123.046298 49.303649, -123.046495 49.303761, -123.04652 49.303799, -123.046409 49.303964, -123.047253 49.30422, -123.047922 49.303859, -123.048833 49.303407, -123.049453 49.303097, -123.049661 49.303268, -123.050361 49.302926, -123.050903 49.302859, -123.051871 49.303144, -123.052389 49.303316, -123.053789 49.303697, -123.054407 49.303891, -123.055259 49.304148, -123.055938 49.304341, -123.056101 49.304662, -123.056023 49.305282, -123.0569 49.305341, -123.060571 49.304349, -123.061099 49.305387, -123.061238 49.305413, -123.06132 49.305428, -123.061352 49.305429, -123.061408 49.305424, -123.061464 49.305414, -123.06162 49.305373, -123.061678 49.305356, -123.061711 49.305338, -123.061932 49.30518, -123.061996 49.305146, -123.062034 49.305134, -123.062117 49.305126, -123.06278 49.305074, -123.063452 49.305035, -123.063944 49.305032, -123.064293 49.305024, -123.064408 49.305019, -123.064505 49.305009, -123.064754 49.30475, -123.065674 49.304695, -123.067126 49.304611, -123.067832 49.304582, -123.067871 49.304892, -123.068299 49.30488, -123.068984 49.304843, -123.069254 49.304825, -123.069389 49.304818, -123.069496 49.304803, -123.069597 49.304784, -123.0697 49.304785, -123.069781 49.304788, -123.069966 49.304806, -123.070337 49.304873, -123.070585 49.304907, -123.070708 49.304918, -123.070798 49.304918, -123.07106 49.304901, -123.071135 49.304899, -123.071184 49.304903, -123.071225 49.304914, -123.071307 49.30494, -123.072072 49.305256, -123.072636 49.305505, -123.073064 49.305694, -123.073464 49.305868, -123.074 49.306091, -123.074158 49.306174, -123.074244 49.306236, -123.074272 49.306262, -123.07429 49.306299, -123.0743 49.30632, -123.074302 49.306345, -123.07429 49.306375, -123.074221 49.306557, -123.07421 49.306596, -123.074215 49.306609, -123.074231 49.306619, -123.07427 49.306637, -123.074337 49.306671, -123.074559 49.306789, -123.074651 49.30684, -123.074706 49.306863, -123.074744 49.306871, -123.07478 49.306873, -123.074913 49.306737, -123.0758 49.305862, -123.076231 49.305578, -123.077509 49.306146, -123.078196 49.30545, -123.078958 49.305753, -123.078569 49.306142, -123.078797 49.306225, -123.078359 49.306687, -123.08076 49.307619, -123.080942 49.307698, -123.079812 49.308809, -123.080203 49.308972, -123.079998 49.309169, -123.080023 49.309181, -123.080003 49.309204, -123.080126 49.309294, -123.080148 49.309291, -123.080179 49.309292, -123.080208 49.309299, -123.080235 49.309317, -123.080289 49.309345, -123.080415 49.309418, -123.080551 49.309487, -123.081092 49.309718, -123.081985 49.308856, -123.082051 49.308886, -123.081944 49.308989, -123.082443 49.309184, -123.082222 49.30942, -123.082459 49.30952, -123.08293 49.309727, -123.083094 49.309574, -123.083221 49.309634, -123.083469 49.309387, -123.084001 49.309296, -123.084219 49.309393, -123.084305 49.309744, -123.084057 49.309993, -123.084175 49.310038, -123.084035 49.310193, -123.084082 49.310215, -123.0846 49.310439, -123.084641 49.310405, -123.085095 49.310646, -123.084878 49.310851, -123.085566 49.311159, -123.085859 49.310857, -123.086001 49.310908, -123.085705 49.311194, -123.085728 49.311227, -123.085769 49.311232, -123.085791 49.311236, -123.085831 49.311247, -123.085864 49.311263, -123.085896 49.311282, -123.085915 49.311296, -123.08593 49.31132, -123.085973 49.311323, -123.086016 49.311333, -123.086052 49.311347, -123.086104 49.311379, -123.086156 49.311412, -123.086199 49.311414, -123.086227 49.311419, -123.086242 49.311423, -123.086264 49.311433, -123.086299 49.311451, -123.086344 49.311489, -123.086365 49.311496, -123.086388 49.311499, -123.086415 49.311506, -123.086487 49.311539, -123.086569 49.311583, -123.086593 49.311592, -123.086622 49.311597, -123.086653 49.311606, -123.086703 49.311627, -123.086736 49.311647, -123.086805 49.311682, -123.086882 49.311726, -123.086966 49.311778, -123.086995 49.311806, -123.087015 49.311838, -123.087027 49.311869, -123.087027 49.311904, -123.087023 49.311991, -123.087025 49.312016, -123.087036 49.312035, -123.087054 49.312051, -123.087079 49.312067, -123.087135 49.312094, -123.087157 49.312113, -123.087172 49.312128, -123.08718 49.312148, -123.087182 49.312189, -123.08835 49.310853, -123.090782 49.310623, -123.091744 49.310531, -123.092881 49.310506, -123.09418 49.310515, -123.094275 49.31113, -123.094264 49.311761, -123.093345 49.311765, -123.09332 49.312575, -123.093309 49.313262, -123.093843 49.313244, -123.094727 49.313217, -123.094824 49.313216, -123.094866 49.313214, -123.094917 49.313195, -123.094949 49.313178, -123.094994 49.313153, -123.095032 49.313141, -123.095102 49.313141, -123.095956 49.313157, -123.097102 49.313163, -123.098372 49.313158, -123.099932 49.313204, -123.100938 49.313204, -123.102246 49.313199, -123.102169 49.313512, -123.102126 49.313645, -123.102105 49.313724, -123.102092 49.313802, -123.102081 49.313878, -123.102082 49.31396, -123.102481 49.31396, -123.105347 49.314044, -123.105403 49.312825, -123.107272 49.312853, -123.10741 49.31061, -123.108462 49.310596, -123.108504 49.310375, -123.108462 49.308907, -123.108739 49.308893, -123.108711 49.310582, -123.109764 49.310388, -123.109764 49.309876, -123.110193 49.309835, -123.110166 49.309378, -123.110498 49.309489, -123.110553 49.310568, -123.113516 49.310887, -123.113391 49.312673, -123.113654 49.313434, -123.114277 49.313005, -123.114153 49.312784, -123.114374 49.312756, -123.114416 49.312991, -123.114748 49.312617, -123.11461 49.310887, -123.11418 49.310153, -123.113973 49.308672, -123.114471 49.308422, -123.1158 49.308727, -123.119511 49.310416, -123.119663 49.310901, -123.119995 49.311067, -123.120383 49.310873, -123.120688 49.310928, -123.120964 49.310582, -123.120369 49.310388, -123.12048 49.310208, -123.123318 49.311275, -123.126156 49.312451, -123.12444 49.314888, -123.12131 49.317754, -123.120286 49.317754, -123.120112 49.322219, -123.123313 49.322239, -123.122533 49.324328, -123.1238284 49.3247201, -123.126825 49.325627, -123.131292 49.3267361, -123.130966 49.327495, -123.12959 49.328282, -123.124476 49.328911, -123.124269 49.331182, -123.123401 49.331211, -123.1235 49.33336, -123.1226359 49.3333519, -123.1221912 49.3333477, -123.121579 49.333342, -123.1212474 49.3331228, -123.120971 49.33294, -123.120179 49.332609, -123.118189 49.332618, -123.117921 49.348751, -123.117782 49.355898, -123.1177845 49.3565639, -123.117796 49.359702, -123.117178 49.359758, -123.108018 49.359505, -123.108019 49.360189, -123.106773 49.360438, -123.106164 49.360687, -123.1060691 49.3609369, -123.105943 49.361269, -123.106275 49.361795, -123.106026 49.362459, -123.105998 49.362903, -123.105887 49.363179, -123.105472 49.364315, -123.106192 49.364813, -123.106358 49.365395, -123.104724 49.36545, -123.103008 49.367471, -123.1021697 49.3687085, -123.101263 49.370047, -123.100654 49.371016, -123.0983 49.371016, -123.094645 49.367804, -123.093399 49.366779, -123.090187 49.363872)))"
89013,Keith Lynn,Neighborhood,N,Neighborhood,Grand Boulevard,Keith Lynn,,CAN,"Vancouver, BC",49.321915,-122.961315,20220419,1285274.531,Canada,British Columbia,"Vancouver, BC",North Vancouver,"MULTIPOLYGON (((-122.954746 49.32264, -122.954789 49.320287, -122.954683 49.315878, -122.969054 49.315973, -122.968995 49.318295, -122.968989 49.320892, -122.969054 49.321396, -122.967866 49.321389, -122.966401 49.321356, -122.966361 49.324568, -122.966374 49.327088, -122.965781 49.327708, -122.965059 49.328835, -122.959685 49.328934, -122.955615 49.328934, -122.955467 49.322618, -122.954746 49.32264)))"
88909,Lions Gate,Neighborhood,N,Neighborhood,Lions Gate,Lions Gate,,CAN,"Vancouver, BC",49.331365,-123.026982,20220419,877480.931,Canada,British Columbia,"Vancouver, BC",North Vancouver,"MULTIPOLYGON (((-123.032772 49.336145, -123.031197 49.336095, -123.016112 49.335763, -123.017437 49.334835, -123.019336 49.334482, -123.019336 49.334128, -123.019159 49.333643, -123.020219 49.332936, -123.022118 49.332406, -123.023619 49.332009, -123.023266 49.331258, -123.023929 49.330684, -123.02437 49.329668, -123.024502 49.328961, -123.024326 49.328608, -123.023575 49.328122, -123.023178 49.327372, -123.023443 49.326532, -123.025121 49.326003, -123.026578 49.32481, -123.027727 49.324015, -123.029969 49.32442, -123.029915 49.324946, -123.030047 49.325351, -123.030455 49.325882, -123.031207 49.326624, -123.031428 49.327507, -123.032289 49.328456, -123.032841 49.329671, -123.032355 49.330929, -123.031605 49.331261, -123.031163 49.331768, -123.0305 49.332078, -123.030677 49.332608, -123.03081 49.333358, -123.031671 49.333712, -123.032731 49.333557, -123.033525 49.33391, -123.034092 49.333836, -123.034466 49.333736, -123.034254 49.334153, -123.033901 49.33539, -123.033404 49.336149, -123.032772 49.336145)))"
88952,Capilano,Neighborhood,N,Neighborhood,Lions Gate,Capilano,,CAN,"Vancouver, BC",49.346411,-123.048957,20220419,404239.594,Canada,British Columbia,"Vancouver, BC",North Vancouver,"MULTIPOLYGON (((-123.04155 49.348133, -123.041533 49.347341, -123.043792 49.347246, -123.046221 49.347287, -123.046221 49.34672, -123.047153 49.346639, -123.047233 49.345829, -123.046889 49.344898, -123.046128 49.343966, -123.045388 49.343892, -123.045307 49.343522, -123.047838 49.343527, -123.049198 49.343509, -123.051156 49.343008, -123.0529 49.342656, -123.053724 49.342525, -123.054298 49.343198, -123.0535 49.343234, -123.053506 49.34371, -123.054451 49.343998, -123.054826 49.344173, -123.05491 49.344511, -123.053926 49.344736, -123.053772 49.34527, -123.053673 49.345719, -123.052675 49.34652, -123.052647 49.349177, -123.0453489 49.3491862, -123.0443589 49.3491875, -123.041544 49.349191, -123.04155 49.348133)))"
88969,Norgate,Neighborhood,N,Neighborhood,Lions Gate,Norgate,,CAN,"Vancouver, BC",49.340258,-123.111337,20220419,1667881.147,Canada,British Columbia,"Vancouver, BC",North Vancouver,"MULTIPOLYGON (((-123.11127 49.348452, -123.111251 49.348246, -123.109995 49.348255, -123.109976 49.347897, -123.109948 49.3472, -123.108575 49.347207, -123.107451 49.347222, -123.107026 49.34716, -123.106663 49.346883, -123.105988 49.346315, -123.105568 49.345967, -123.104902 49.346275, -123.103949 49.346648, -123.102772 49.346587, -123.10172 49.345574, -123.101495 49.345167, -123.102189 49.344838, -123.102958 49.344632, -123.103439 49.344428, -123.103831 49.344049, -123.104482 49.343186, -123.10469 49.34268, -123.10469 49.342403, -123.105304 49.341928, -123.106021 49.341447, -123.106984 49.341292, -123.107314 49.340916, -123.107307 49.340674, -123.107277 49.340022, -123.107563 49.339576, -123.107362 49.339171, -123.107626 49.338757, -123.107739 49.338474, -123.107777 49.3379, -123.107082 49.33693, -123.107413 49.336344, -123.107698 49.335682, -123.107503 49.335412, -123.105443 49.335442, -123.105301 49.3353884, -123.104526 49.335096, -123.103773 49.334582, -123.102887 49.334479, -123.101775 49.334149, -123.100406 49.333713, -123.099128 49.333397, -123.098271 49.332299, -123.102217 49.332454, -123.117318 49.332609, -123.118189 49.332618, -123.117921 49.348751, -123.113116 49.349009, -123.111406 49.34902, -123.111111 49.348632, -123.11127 49.348452)))"
88993,Pemberton Heights,Neighborhood,N,Neighborhood,Lions Gate,Pemberton Heights,,CAN,"Vancouver, BC",49.351168,-123.092601,20220419,998099.454,Canada,British Columbia,"Vancouver, BC",North Vancouver,"MULTIPOLYGON (((-123.087234 49.346197, -123.088012 49.345516, -123.090596 49.345808, -123.094049 49.345832, -123.096072 49.345796, -123.096924 49.345299, -123.097382 49.345267, -123.097243 49.347431, -123.097997 49.349118, -123.098652 49.350329, -123.09901 49.352037, -123.099396 49.352915, -123.099459 49.353799, -123.099438 49.354555, -123.099055 49.355129, -123.098936 49.355734, -123.098992 49.356242, -123.090039 49.35625, -123.088074 49.355221, -123.085482 49.353712, -123.084473 49.353178, -123.085192 49.352454, -123.085418 49.351903, -123.086197 49.351644, -123.086618 49.350801, -123.08665 49.350023, -123.086813 49.348953, -123.087201 49.348564, -123.087104 49.347851, -123.087169 49.347073, -123.087234 49.346197)))"
88921,Lynn Valley Centre,Neighborhood,N,Neighborhood,Lynn Valley,Lynn Valley Centre,,CAN,"Vancouver, BC",49.32861,-123.045587,20220419,435849.315,Canada,British Columbia,"Vancouver, BC",North Vancouver,"MULTIPOLYGON (((-123.053037 49.329166, -123.05267 49.32937, -123.050468 49.330604, -123.048258 49.331779, -123.046809 49.330808, -123.045715 49.331312, -123.044949 49.331097, -123.044971 49.330651, -123.044367 49.330305, -123.043093 49.331068, -123.041306 49.329627, -123.039763 49.328867, -123.03944 49.329147, -123.038769 49.329621, -123.038085 49.329495, -123.038168 49.329108, -123.038218 49.32731, -123.038297 49.324982, -123.03907 49.324956, -123.039019 49.325833, -123.040592 49.325833, -123.040854 49.3259, -123.040851 49.325957, -123.040785 49.325955, -123.040752 49.326402, -123.040747 49.326481, -123.040741 49.326536, -123.040728 49.326594, -123.040698 49.326679, -123.040534 49.326928, -123.041082 49.327191, -123.041268 49.327275, -123.041375 49.327174, -123.042608 49.32722, -123.043874 49.327268, -123.045405 49.327256, -123.046146 49.327251, -123.04615 49.326981, -123.046147 49.326884, -123.04614 49.326832, -123.046125 49.326768, -123.046104 49.326704, -123.046082 49.32666, -123.04605 49.326594, -123.046021 49.32654, -123.046404 49.326485, -123.046507 49.326474, -123.046612 49.326473, -123.046683 49.326475, -123.046782 49.326483, -123.046864 49.326493, -123.046978 49.326512, -123.047072 49.32653, -123.04714 49.32655, -123.047222 49.326578, -123.047364 49.326638, -123.047562 49.326721, -123.048054 49.326128, -123.048116 49.326147, -123.048805 49.326348, -123.049479 49.326546, -123.050213 49.326766, -123.050411 49.326836, -123.050825 49.326995, -123.051127 49.327127, -123.051428 49.327272, -123.051688 49.327407, -123.051936 49.327542, -123.052122 49.327661, -123.052323 49.327789, -123.052487 49.327903, -123.052662 49.328037, -123.052874 49.328205, -123.053071 49.328382, -123.053251 49.32854, -123.053421 49.328709, -123.053572 49.328877, -123.053037 49.329166)))"
88941,West Lynn Terrace,Neighborhood,N,Neighborhood,Lynn Valley,West Lynn Terrace,,CAN,"Vancouver, BC",49.335819,-123.048944,20220419,549986.273,Canada,British Columbia,"Vancouver, BC",North Vancouver,"MULTIPOLYGON (((-123.043671 49.340313, -123.043856 49.334543, -123.04607 49.334559, -123.047891 49.334654, -123.047866 49.333152, -123.048366 49.332703, -123.048743 49.332228, -123.048258 49.331779, -123.050468 49.330604, -123.05267 49.32937, -123.053037 49.329166, -123.053072 49.32933, -123.053086 49.329379, -123.053091 49.329394, -123.053105 49.329413, -123.053117 49.329428, -123.053155 49.329467, -123.053169 49.329489, -123.053174 49.329502, -123.053179 49.329527, -123.053183 49.329552, -123.053185 49.32959, -123.053184 49.329625, -123.053183 49.329649, -123.053182 49.329666, -123.053178 49.329686, -123.053171 49.329704, -123.053156 49.329722, -123.053134 49.329738, -123.053086 49.329766, -123.053033 49.329799, -123.053062 49.329818, -123.053046 49.330066, -123.053048 49.330346, -123.053165 49.330346, -123.053163 49.330743, -123.05316 49.331074, -123.053153 49.33133, -123.053147 49.331476, -123.053374 49.331484, -123.053366 49.331679, -123.053354 49.33192, -123.05335 49.332122, -123.05334 49.332581, -123.05333 49.332853, -123.053315 49.333125, -123.052887 49.333115, -123.052994 49.33323, -123.053004 49.333246, -123.053008 49.33326, -123.053009 49.333274, -123.053006 49.33349, -123.053001 49.333871, -123.052999 49.333911, -123.052993 49.333938, -123.052983 49.333972, -123.052956 49.334031, -123.053055 49.334057, -123.053048 49.334377, -123.053029 49.334746, -123.053021 49.335062, -123.053012 49.335274, -123.053014 49.335557, -123.053013 49.337358, -123.051474 49.337297, -123.051585 49.338892, -123.052031 49.340516, -123.051699 49.340582, -123.049871 49.340399, -123.049277 49.339668, -123.04745 49.339623, -123.046101 49.340308, -123.044936 49.340262, -123.043671 49.340313)))"
88964,Kirkstone,Neighborhood,N,Neighborhood,Lynn Valley,Kirkstone,,CAN,"Vancouver, BC",49.321635,-122.992749,20220419,335220.762,Canada,British Columbia,"Vancouver, BC",North Vancouver,"MULTIPOLYGON (((-122.988884 49.324654, -122.987963 49.324479, -122.988401 49.323962, -122.989711 49.323065, -122.989806 49.322048, -122.989027 49.321555, -122.987979 49.320681, -122.989456 49.320221, -122.990235 49.319919, -122.991236 49.318504, -122.991299 49.31833, -122.991649 49.318568, -122.991983 49.318298, -122.995252 49.318299, -122.995104 49.318918, -122.996693 49.320475, -122.996948 49.321238, -122.997075 49.321873, -122.997297 49.322128, -122.996801 49.322685, -122.996176 49.323169, -122.996029 49.323516, -122.996329 49.323787, -122.996119 49.323838, -122.995701 49.323875, -122.995097 49.323589, -122.994589 49.32378, -122.994159 49.324225, -122.993871 49.3246, -122.993539 49.32458, -122.990441 49.324511, -122.990457 49.325114, -122.988884 49.324654)))"
88967,Boundary,Neighborhood,N,Neighborhood,Lynn Valley,Boundary,,CAN,"Vancouver, BC",49.317162,-123.113047,20220419,2116472.491,Canada,British Columbia,"Vancouver, BC",North Vancouver,"MULTIPOLYGON (((-123.110628 49.323962, -123.10231 49.323853, -123.102141 49.323853, -123.102141 49.323661, -123.102162 49.323225, -123.10219 49.322475, -123.102199 49.322304, -123.102206 49.322277, -123.102219 49.322248, -123.102238 49.322216, -123.102183 49.322159, -123.101979 49.321969, -123.102093 49.321889, -123.102138 49.321855, -123.102167 49.321828, -123.102187 49.321799, -123.102204 49.321773, -123.102217 49.32174, -123.102225 49.321701, -123.102249 49.321142, -123.102281 49.320412, -123.102322 49.319465, -123.102359 49.318664, -123.102375 49.318112, -123.102438 49.318108, -123.102449 49.317389, -123.102443 49.317068, -123.102389 49.317068, -123.10234 49.317068, -123.102289 49.317062, -123.102242 49.317047, -123.10221 49.317027, -123.102161 49.316993, -123.102109 49.316944, -123.102079 49.316905, -123.10206 49.316851, -123.102055 49.316796, -123.102058 49.316668, -123.102111 49.315599, -123.102146 49.314593, -123.10213 49.314293, -123.102111 49.314151, -123.102082 49.31396, -123.102481 49.31396, -123.105347 49.314044, -123.105403 49.312825, -123.107272 49.312853, -123.10741 49.31061, -123.108462 49.310596, -123.108504 49.310375, -123.108462 49.308907, -123.108739 49.308893, -123.108711 49.310582, -123.109764 49.310388, -123.109764 49.309876, -123.110193 49.309835, -123.110166 49.309378, -123.110498 49.309489, -123.110553 49.310568, -123.113516 49.310887, -123.113391 49.312673, -123.113654 49.313434, -123.114277 49.313005, -123.114153 49.312784, -123.114374 49.312756, -123.114416 49.312991, -123.114748 49.312617, -123.11461 49.310887, -123.11418 49.310153, -123.113973 49.308672, -123.114471 49.308422, -123.1158 49.308727, -123.119511 49.310416, -123.119663 49.310901, -123.119995 49.311067, -123.120383 49.310873, -123.120688 49.310928, -123.120964 49.310582, -123.120369 49.310388, -123.12048 49.310208, -123.123318 49.311275, -123.126156 49.312451, -123.12444 49.314888, -123.12131 49.317754, -123.120286 49.317754, -123.120112 49.322219, -123.123313 49.322239, -123.122533 49.324328, -123.121162 49.324005, -123.118912 49.32399, -123.11477 49.323976, -123.110628 49.323962)))"
88989,Upper West Lynn,Neighborhood,N,Neighborhood,Lynn Valley,Upper West Lynn,,CAN,"Vancouver, BC",49.351373,-123.107157,20220419,1368581.192,Canada,British Columbia,"Vancouver, BC",North Vancouver,"MULTIPOLYGON (((-123.098992 49.356242, -123.098936 49.355734, -123.099055 49.355129, -123.099438 49.354555, -123.099459 49.353799, -123.099396 49.352915, -123.09901 49.352037, -123.098652 49.350329, -123.097997 49.349118, -123.097243 49.347431, -123.097382 49.345267, -123.099763 49.345015, -123.100848 49.345046, -123.101495 49.345167, -123.10172 49.345574, -123.102772 49.346587, -123.103949 49.346648, -123.104902 49.346275, -123.105568 49.345967, -123.105988 49.346315, -123.106663 49.346883, -123.107026 49.34716, -123.107451 49.347222, -123.108575 49.347207, -123.109948 49.3472, -123.109976 49.347897, -123.109995 49.348255, -123.111251 49.348246, -123.11127 49.348452, -123.111111 49.348632, -123.111406 49.34902, -123.113116 49.349009, -123.117921 49.348751, -123.117782 49.355898, -123.106048 49.355819, -123.106088 49.356236, -123.098992 49.356242)))"
89046,Upper Lynn,Neighborhood,N,Neighborhood,Lynn Valley,Upper Lynn,,CAN,"Vancouver, BC",49.319035,-122.972721,20220419,340490.394,Canada,British Columbia,"Vancouver, BC",North Vancouver,"MULTIPOLYGON (((-122.973081 49.322178, -122.973011 49.321681, -122.970849 49.321638, -122.969054 49.321396, -122.968989 49.320892, -122.968995 49.318295, -122.969054 49.315973, -122.97474 49.315776, -122.974651 49.316436, -122.975596 49.317113, -122.975578 49.317969, -122.974811 49.318076, -122.974829 49.318754, -122.976915 49.31879, -122.977647 49.318772, -122.9777 49.319503, -122.97704 49.319574, -122.976951 49.321197, -122.974971 49.322232, -122.973081 49.322178)))"
89063,Lower West Lynn,Neighborhood,N,Neighborhood,Lynn Valley,Lower West Lynn,,CAN,"Vancouver, BC",49.33115,-123.034967,20220419,434117.326,Canada,British Columbia,"Vancouver, BC",North Vancouver,"MULTIPOLYGON (((-123.034254 49.334153, -123.034466 49.333736, -123.034092 49.333836, -123.033525 49.33391, -123.032731 49.333557, -123.031671 49.333712, -123.03081 49.333358, -123.030677 49.332608, -123.0305 49.332078, -123.031163 49.331768, -123.031605 49.331261, -123.032355 49.330929, -123.032841 49.329671, -123.032289 49.328456, -123.031428 49.327507, -123.031207 49.326624, -123.0321 49.326366, -123.033437 49.326359, -123.03474 49.32669, -123.036261 49.327094, -123.038218 49.32731, -123.038168 49.329108, -123.038085 49.329495, -123.037781 49.336265, -123.033404 49.336149, -123.033901 49.33539, -123.034254 49.334153)))"
89070,Lynn Canyon,Neighborhood,N,Neighborhood,Lynn Valley,Lynn Canyon,,CAN,"Vancouver, BC",49.313965,-122.974336,20220419,340243.928,Canada,British Columbia,"Vancouver, BC",North Vancouver,"MULTIPOLYGON (((-122.968831 49.312292, -122.968909 49.311461, -122.97157 49.311504, -122.971521 49.31233, -122.981158 49.312582, -122.980715 49.314067, -122.98019 49.315, -122.980244 49.315667, -122.97474 49.315776, -122.969054 49.315973, -122.969092 49.315536, -122.96875 49.314964, -122.968831 49.312292)))"
89085,Central Lynn,Neighborhood,N,Neighborhood,Lynn Valley,Central Lynn,,CAN,"Vancouver, BC",49.329213,-123.107486,20220419,997563.006,Canada,British Columbia,"Vancouver, BC",North Vancouver,"MULTIPOLYGON (((-123.092311 49.332054, -123.092051 49.331679, -123.091644 49.331122, -123.092478 49.331101, -123.093112 49.331118, -123.093128 49.331099, -123.093152 49.331082, -123.093179 49.33107, -123.093209 49.331057, -123.093233 49.331051, -123.093267 49.331047, -123.093361 49.331045, -123.093472 49.331046, -123.09364 49.331049, -123.094341 49.331077, -123.094669 49.331091, -123.094806 49.331103, -123.095342 49.331174, -123.097502 49.331287, -123.101051 49.33133, -123.101085 49.331304, -123.101117 49.331287, -123.10116 49.331265, -123.101211 49.331236, -123.101236 49.331212, -123.101249 49.331163, -123.101338 49.330748, -123.101394 49.330401, -123.101421 49.330241, -123.101423 49.330157, -123.10142 49.330086, -123.101394 49.330022, -123.10138 49.329997, -123.101364 49.329979, -123.10129 49.329946, -123.101212 49.329921, -123.101105 49.32989, -123.101038 49.329867, -123.10099 49.329848, -123.100928 49.329801, -123.100886 49.329759, -123.100852 49.329713, -123.100827 49.329649, -123.100823 49.329597, -123.100822 49.329527, -123.100828 49.329445, -123.100819 49.329272, -123.100797 49.329054, -123.10079 49.328994, -123.100759 49.328904, -123.10072 49.328824, -123.100654 49.32872, -123.100565 49.328606, -123.100414 49.328421, -123.100281 49.328233, -123.099938 49.32771, -123.099901 49.327658, -123.099866 49.327589, -123.099837 49.327513, -123.099822 49.327453, -123.099795 49.327391, -123.099729 49.32729, -123.09969 49.327232, -123.099671 49.327188, -123.099621 49.327, -123.09957 49.326743, -123.099567 49.326694, -123.099582 49.32665, -123.099608 49.326608, -123.099666 49.326543, -123.099729 49.326481, -123.099809 49.326397, -123.100182 49.325974, -123.100227 49.325917, -123.100253 49.325858, -123.100265 49.32581, -123.100265 49.325763, -123.100252 49.325711, -123.100211 49.325628, -123.100182 49.325575, -123.100122 49.325487, -123.100068 49.325408, -123.10003 49.325338, -123.100497 49.325365, -123.10049 49.325329, -123.100488 49.3253, -123.100492 49.325262, -123.100499 49.325233, -123.10051 49.325202, -123.100527 49.325168, -123.100543 49.325142, -123.100618 49.325054, -123.100812 49.324834, -123.100844 49.32479, -123.10089 49.324713, -123.10115 49.324721, -123.101685 49.324727, -123.102251 49.324736, -123.10569 49.324727, -123.107994 49.325045, -123.111928 49.326833, -123.114829 49.327071, -123.116538 49.32731, -123.117449 49.327544, -123.118044 49.328006, -123.118525 49.32829, -123.117275 49.330172, -123.117266 49.331682, -123.117318 49.332609, -123.102217 49.332454, -123.098271 49.332299, -123.094164 49.332167, -123.092311 49.332054)))"
89006,Lynnmour South,Neighborhood,N,Neighborhood,Lynnmour,Lynnmour South,,CAN,"Vancouver, BC",49.318504,-123.00203,20220419,718114.407,Canada,British Columbia,"Vancouver, BC",North Vancouver,"MULTIPOLYGON (((-122.996801 49.322685, -122.997297 49.322128, -122.997075 49.321873, -122.996948 49.321238, -122.996693 49.320475, -122.995104 49.318918, -122.995252 49.318299, -122.995366 49.31779, -122.995517 49.317138, -122.995422 49.316566, -122.995605 49.315923, -122.998459 49.315912, -122.999696 49.315907, -123.001446 49.315303, -123.003589 49.314366, -123.005609 49.313195, -123.006481 49.31269, -123.008409 49.311486, -123.008715 49.312117, -123.008971 49.313071, -123.008971 49.313514, -123.008136 49.313446, -123.007489 49.313156, -123.006586 49.313735, -123.005751 49.314349, -123.0057 49.315166, -123.005802 49.315473, -123.006143 49.315763, -123.007114 49.315644, -123.006943 49.316104, -123.007335 49.316257, -123.00737 49.316768, -123.007131 49.316887, -123.007216 49.317364, -123.007659 49.318233, -123.007983 49.318864, -123.008647 49.320056, -123.008324 49.320976, -123.007621 49.321773, -123.002453 49.32176, -123.001889 49.32183, -123.001456 49.32191, -123.000998 49.32188, -123.000991 49.32267, -123.000049 49.322661, -122.999157 49.322781, -122.998131 49.323567, -122.997788 49.323922, -122.997756 49.32415, -122.99679 49.324123, -122.996329 49.323787, -122.996029 49.323516, -122.996176 49.323169, -122.996801 49.322685)))"
89021,Lynnmour North,Neighborhood,N,Neighborhood,Lynnmour,Lynnmour North,,CAN,"Vancouver, BC",49.304617,-123.033995,20220419,1046438.265,Canada,British Columbia,"Vancouver, BC",North Vancouver,"MULTIPOLYGON (((-123.030136 49.312654, -123.029924 49.31223, -123.029833 49.311546, -123.029402 49.311545, -123.029512 49.308722, -123.029635 49.307866, -123.029736 49.307235, -123.029704 49.305638, -123.029517 49.304896, -123.029677 49.303281, -123.029938 49.296973, -123.0334832 49.297605, -123.0342931 49.2974904, -123.0406463 49.2984184, -123.0406225 49.2985611, -123.0398611 49.2987753, -123.0395237 49.2989956, -123.039779 49.29917, -123.039168 49.300735, -123.038974 49.301268, -123.038824 49.301721, -123.038777 49.301915, -123.038771 49.302082, -123.038774 49.302458, -123.038802 49.302905, -123.038803 49.303054, -123.038798 49.303158, -123.038783 49.303239, -123.038732 49.303331, -123.038619 49.30352, -123.038348 49.30402, -123.038256 49.304243, -123.038184 49.30445, -123.038164 49.304564, -123.038145 49.304733, -123.038145 49.304801, -123.038157 49.304866, -123.038178 49.304924, -123.038217 49.304982, -123.038289 49.305051, -123.038434 49.305156, -123.038545 49.305247, -123.038596 49.305294, -123.038669 49.305361, -123.038796 49.305501, -123.038933 49.305656, -123.039347 49.306238, -123.03939 49.306307, -123.039399 49.30636, -123.039399 49.306426, -123.039395 49.306487, -123.039364 49.30656, -123.039338 49.306597, -123.039296 49.306638, -123.039237 49.306685, -123.039139 49.306736, -123.038724 49.306966, -123.038631 49.307028, -123.038587 49.307082, -123.038532 49.307173, -123.038465 49.307304, -123.03844 49.30738, -123.038416 49.307527, -123.038406 49.308055, -123.038438 49.308474, -123.038464 49.308578, -123.038533 49.308852, -123.038315 49.308974, -123.038124 49.309284, -123.038063 49.309693, -123.037583 49.310074, -123.03694 49.310176, -123.03633 49.310223, -123.035877 49.310427, -123.035173 49.310838, -123.03417 49.311441, -123.033804 49.312428, -123.03327 49.313962, -123.032662 49.31354, -123.030136 49.312654)))"
88919,Maplewood,Neighborhood,N,Neighborhood,Maplewood,Maplewood,,CAN,"Vancouver, BC",49.31934,-122.947651,20220419,737482.935,Canada,British Columbia,"Vancouver, BC",North Vancouver,"MULTIPOLYGON (((-122.936651 49.321765, -122.936725 49.321628, -122.936715 49.32149, -122.93717 49.321013, -122.937372 49.320981, -122.937965 49.320155, -122.938262 49.319731, -122.938739 49.319148, -122.939364 49.318735, -122.939809 49.318374, -122.940466 49.318268, -122.941346 49.318109, -122.941632 49.318035, -122.942088 49.318183, -122.94283 49.318268, -122.943253 49.318268, -122.943349 49.318523, -122.943656 49.318448, -122.943741 49.318183, -122.944377 49.317961, -122.944525 49.31742, -122.943984 49.317219, -122.943889 49.31688, -122.943783 49.316657, -122.943921 49.316424, -122.944292 49.316339, -122.944461 49.316106, -122.944811 49.316043, -122.945246 49.31582, -122.945468 49.315831, -122.945797 49.315714, -122.946369 49.315757, -122.9464109 49.3157731, -122.946507 49.31581, -122.946909 49.315661, -122.947333 49.31529, -122.947768 49.315407, -122.948351 49.315545, -122.948796 49.315629, -122.949889 49.315819, -122.952338 49.315811, -122.954683 49.315878, -122.954789 49.320287, -122.954746 49.32264, -122.954741 49.323111, -122.952791 49.323101, -122.95206 49.323122, -122.952058 49.322718, -122.949336 49.32274, -122.949379 49.321787, -122.946697 49.321765, -122.940381 49.321691, -122.938569 49.321871, -122.937997 49.322062, -122.936651 49.321765)))"
88938,North Vancouver,Neighborhood,M,Macro Neighborhood,North Vancouver,,,CAN,"Vancouver, BC",49.328159,-122.952285,20220419,1158869.919,Canada,British Columbia,"Vancouver, BC",North Vancouver,"MULTIPOLYGON (((-122.935477 49.332918, -122.936554 49.332479, -122.93717 49.332567, -122.938027 49.332567, -122.938511 49.332149, -122.938664 49.331753, -122.939983 49.331643, -122.940093 49.331951, -122.940445 49.332039, -122.940928 49.331951, -122.941654 49.331797, -122.9420402 49.331566, -122.942204 49.331468, -122.9423148 49.3315171, -122.942599 49.331643, -122.942599 49.3314665, -122.942599 49.331314, -122.943105 49.331116, -122.944314 49.331072, -122.9444971 49.3311284, -122.945171 49.331336, -122.946556 49.330786, -122.947765 49.330215, -122.948688 49.329511, -122.949106 49.329203, -122.949084 49.32839, -122.948864 49.327928, -122.948402 49.327269, -122.948227 49.326807, -122.947919 49.326126, -122.947743 49.325884, -122.946996 49.32584, -122.945567 49.325686, -122.944797 49.325466, -122.944446 49.326126, -122.943654 49.326324, -122.9434141 49.3263404, -122.942687 49.32639, -122.941324 49.326412, -122.9405932 49.3259913, -122.940445 49.325906, -122.9399595 49.3258898, -122.9398594 49.3258865, -122.939785 49.325884, -122.9396993 49.3258466, -122.938928 49.32551, -122.9382114 49.3254758, -122.938005 49.325466, -122.937236 49.325247, -122.9372136 49.3252272, -122.936862 49.324917, -122.936884 49.324455, -122.936708 49.323686, -122.93684 49.323246, -122.93684 49.322785, -122.936651 49.321765, -122.937997 49.322062, -122.938569 49.321871, -122.940381 49.321691, -122.946697 49.321765, -122.949379 49.321787, -122.949336 49.32274, -122.952058 49.322718, -122.95206 49.323122, -122.952791 49.323101, -122.954741 49.323111, -122.954746 49.32264, -122.955467 49.322618, -122.955615 49.328934, -122.954162 49.328918, -122.954294 49.330874, -122.951128 49.330786, -122.946446 49.334611, -122.935499 49.334677, -122.935477 49.332918)))"
88910,Blueridge,Neighborhood,N,Neighborhood,Seymour,Blueridge,,CAN,"Vancouver, BC",49.316255,-123.045356,20220419,1075715.21,Canada,British Columbia,"Vancouver, BC",North Vancouver,"MULTIPOLYGON (((-123.041802 49.320698, -123.040888 49.320717, -123.04092 49.319676, -123.038866 49.316784, -123.03763 49.315459, -123.036261 49.31484, -123.03392 49.314222, -123.03327 49.313962, -123.033804 49.312428, -123.03417 49.311441, -123.035173 49.310838, -123.035877 49.310427, -123.03633 49.310223, -123.03694 49.310176, -123.037583 49.310074, -123.038063 49.309693, -123.038124 49.309284, -123.038315 49.308974, -123.038533 49.308852, -123.038564 49.309007, -123.038573 49.309118, -123.038565 49.309251, -123.038545 49.309376, -123.038503 49.309481, -123.038347 49.309806, -123.038298 49.309894, -123.03826 49.309963, -123.038623 49.309995, -123.038523 49.310114, -123.038421 49.310217, -123.038366 49.310279, -123.038316 49.310336, -123.038292 49.310378, -123.038223 49.310554, -123.038203 49.310629, -123.038176 49.310869, -123.038181 49.311215, -123.038169 49.312153, -123.03815 49.312831, -123.038124 49.313258, -123.039638 49.313272, -123.041095 49.313297, -123.042529 49.313309, -123.043714 49.313323, -123.044877 49.313335, -123.04622 49.313352, -123.047586 49.313371, -123.048987 49.313386, -123.050404 49.313411, -123.051538 49.313426, -123.052822 49.313441, -123.053672 49.313453, -123.0548 49.313476, -123.054789 49.314183, -123.054767 49.314948, -123.05475 49.315745, -123.054744 49.316541, -123.054732 49.317191, -123.054718 49.317872, -123.054704 49.318638, -123.054701 49.319358, -123.054675 49.320074, -123.054658 49.320735, -123.053652 49.320723, -123.052517 49.320718, -123.051238 49.320706, -123.049967 49.320697, -123.048775 49.320693, -123.047512 49.320687, -123.046382 49.320685, -123.046349 49.32069, -123.046324 49.320698, -123.046293 49.320718, -123.046146 49.320674, -123.046124 49.320665, -123.046111 49.3206605, -123.046093 49.320662, -123.046075 49.320664, -123.046053 49.320665, -123.045907 49.320666, -123.043755 49.320643, -123.041802 49.320698)))"
88925,Windsor Park,Neighborhood,N,Neighborhood,Seymour,Windsor Park,,CAN,"Vancouver, BC",49.343392,-123.086354,20220419,1124071.782,Canada,British Columbia,"Vancouver, BC",North Vancouver,"MULTIPOLYGON (((-123.077292 49.348939, -123.077413 49.348354, -123.07734 49.347696, -123.077389 49.34716, -123.07795 49.346794, -123.078973 49.34638, -123.080021 49.345893, -123.080021 49.345088, -123.080192 49.343992, -123.080801 49.343992, -123.081751 49.344016, -123.082214 49.343724, -123.082287 49.343139, -123.081873 49.342676, -123.081678 49.342457, -123.082141 49.342018, -123.08275 49.341701, -123.083213 49.341531, -123.083676 49.341068, -123.083993 49.340678, -123.08431 49.340239, -123.084773 49.339898, -123.085358 49.339606, -123.085894 49.339337, -123.086381 49.338899, -123.086966 49.338387, -123.087039 49.337924, -123.08738 49.337607, -123.087795 49.337315, -123.088209 49.337096, -123.088186 49.335628, -123.089708 49.335616, -123.091145 49.335614, -123.091193 49.335013, -123.091295 49.334387, -123.091354 49.334213, -123.091412 49.334107, -123.091486 49.334004, -123.091657 49.333783, -123.091986 49.333386, -123.092824 49.333437, -123.092887 49.33337, -123.092945 49.333332, -123.093084 49.333264, -123.093139 49.333228, -123.093167 49.333188, -123.093174 49.333139, -123.093174 49.333099, -123.09316 49.333062, -123.093131 49.33302, -123.093082 49.332959, -123.093021 49.332888, -123.092893 49.332746, -123.092311 49.332054, -123.094164 49.332167, -123.094257 49.3329125, -123.0943899 49.3340151, -123.094488 49.334825, -123.095088 49.335052, -123.095429 49.335701, -123.095331 49.336608, -123.095299 49.337143, -123.095039 49.337695, -123.093921 49.338246, -123.093362 49.338773, -123.093102 49.339486, -123.092551 49.340329, -123.091384 49.341334, -123.090444 49.342242, -123.089957 49.342533, -123.088953 49.343182, -123.088628 49.34396, -123.088661 49.345062, -123.088012 49.345516, -123.087234 49.346197, -123.087169 49.347073, -123.087104 49.347851, -123.087201 49.348564, -123.086813 49.348953, -123.08665 49.350023, -123.086618 49.350801, -123.086197 49.351644, -123.085418 49.351903, -123.085192 49.352454, -123.084473 49.353178, -123.083701 49.353691, -123.082434 49.352886, -123.081995 49.352034, -123.081348 49.350922, -123.080167 49.350498, -123.078973 49.34967, -123.077292 49.348939)))"
88928,Riverside East,Neighborhood,N,Neighborhood,Seymour,Riverside East,,CAN,"Vancouver, BC",49.318972,-123.023591,20220419,1504178.284,Canada,British Columbia,"Vancouver, BC",North Vancouver,"MULTIPOLYGON (((-123.013482 49.32426, -123.013681 49.322109, -123.01627 49.322135, -123.016157 49.320456, -123.015535 49.318751, -123.015861 49.317675, -123.016741 49.316828, -123.017621 49.315394, -123.019186 49.314416, -123.020507 49.313234, -123.020889 49.312858, -123.021485 49.312619, -123.022478 49.312232, -123.028861 49.312434, -123.030136 49.312654, -123.032662 49.31354, -123.03327 49.313962, -123.03392 49.314222, -123.032728 49.316673, -123.031337 49.318285, -123.031116 49.319036, -123.030277 49.320184, -123.029173 49.321354, -123.028665 49.321906, -123.028863 49.322591, -123.028356 49.323518, -123.027727 49.324015, -123.026578 49.32481, -123.025121 49.326003, -123.023443 49.326532, -123.023814 49.325596, -123.022576 49.325694, -123.016197 49.325736, -123.016197 49.324154, -123.013482 49.32426)))"
88937,Riverside West,Neighborhood,N,Neighborhood,Seymour,Riverside West,,CAN,"Vancouver, BC",49.362708,-123.104872,20220419,944643.96,Canada,British Columbia,"Vancouver, BC",North Vancouver,"MULTIPOLYGON (((-123.093399 49.366779, -123.094645 49.365478, -123.095143 49.365229, -123.095974 49.365395, -123.096447 49.365239, -123.096223 49.364619, -123.096223 49.364204, -123.096971 49.364149, -123.098106 49.363982, -123.098909 49.363595, -123.099075 49.362875, -123.100155 49.362432, -123.100626 49.363013, -123.101734 49.362903, -123.102177 49.361213, -123.103146 49.361158, -123.103534 49.360632, -123.104724 49.35958, -123.106026 49.359164, -123.106856 49.358611, -123.106912 49.357891, -123.106389 49.357156, -123.106088 49.356236, -123.106048 49.355819, -123.117782 49.355898, -123.1177845 49.3565639, -123.117796 49.359702, -123.117178 49.359758, -123.108018 49.359505, -123.108019 49.360189, -123.106773 49.360438, -123.106164 49.360687, -123.1060691 49.3609369, -123.105943 49.361269, -123.106275 49.361795, -123.106026 49.362459, -123.105998 49.362903, -123.105887 49.363179, -123.105472 49.364315, -123.106192 49.364813, -123.106358 49.365395, -123.104724 49.36545, -123.103008 49.367471, -123.1021697 49.3687085, -123.101263 49.370047, -123.100654 49.371016, -123.0983 49.371016, -123.094645 49.367804, -123.093399 49.366779)))"
88939,Indian River,Neighborhood,N,Neighborhood,Seymour,Indian River,,CAN,"Vancouver, BC",49.340422,-123.078397,20220419,1049158.927,Canada,British Columbia,"Vancouver, BC",North Vancouver,"MULTIPOLYGON (((-123.0741 49.345527, -123.073368 49.345283, -123.07207 49.345328, -123.071963 49.345113, -123.072185 49.335651, -123.072467 49.335653, -123.073461 49.335671, -123.074064 49.335676, -123.07446 49.335674, -123.074743 49.335669, -123.075136 49.335659, -123.07591 49.335656, -123.0767 49.335656, -123.077836 49.33565, -123.078039 49.335649, -123.078112 49.335645, -123.078136 49.335641, -123.078166 49.335629, -123.078191 49.335615, -123.078209 49.335599, -123.07823 49.335576, -123.079108 49.335605, -123.079855 49.335627, -123.080717 49.335623, -123.081357 49.335621, -123.081355 49.335574, -123.08172 49.335575, -123.081875 49.335575, -123.081945 49.33558, -123.081978 49.335583, -123.082026 49.335594, -123.082117 49.335618, -123.08217 49.33563, -123.082214 49.335639, -123.082263 49.335646, -123.082291 49.335649, -123.08234 49.335648, -123.083279 49.335648, -123.084463 49.335641, -123.084464 49.335686, -123.08526 49.33569, -123.08601 49.335688, -123.086798 49.335685, -123.08755 49.335679, -123.087552 49.335645, -123.087603 49.335632, -123.087643 49.335622, -123.08772 49.335605, -123.087851 49.335582, -123.087903 49.335569, -123.087939 49.335557, -123.088102 49.335561, -123.088102 49.335628, -123.088186 49.335628, -123.088209 49.337096, -123.087795 49.337315, -123.08738 49.337607, -123.087039 49.337924, -123.086966 49.338387, -123.086381 49.338899, -123.085894 49.339337, -123.085358 49.339606, -123.084773 49.339898, -123.08431 49.340239, -123.083993 49.340678, -123.083676 49.341068, -123.083213 49.341531, -123.08275 49.341701, -123.082141 49.342018, -123.081678 49.342457, -123.081873 49.342676, -123.082287 49.343139, -123.082214 49.343724, -123.081751 49.344016, -123.080801 49.343992, -123.080192 49.343992, -123.080021 49.345088, -123.080021 49.345893, -123.078973 49.34638, -123.07795 49.346794, -123.077389 49.34716, -123.07734 49.347696, -123.077413 49.348354, -123.077292 49.348939, -123.076863 49.348768, -123.076467 49.348448, -123.076197 49.34824, -123.075147 49.347257, -123.0741 49.345527)))"
88968,McCartney Woods,Neighborhood,N,Neighborhood,Seymour,McCartney Woods,,CAN,"Vancouver, BC",49.339794,-123.098746,20220419,1315911.064,Canada,British Columbia,"Vancouver, BC",North Vancouver,"MULTIPOLYGON (((-123.088661 49.345062, -123.088628 49.34396, -123.088953 49.343182, -123.089957 49.342533, -123.090444 49.342242, -123.091384 49.341334, -123.092551 49.340329, -123.093102 49.339486, -123.093362 49.338773, -123.093921 49.338246, -123.095039 49.337695, -123.095299 49.337143, -123.095331 49.336608, -123.095429 49.335701, -123.095088 49.335052, -123.094488 49.334825, -123.0943899 49.3340151, -123.094257 49.3329125, -123.094164 49.332167, -123.098271 49.332299, -123.099128 49.333397, -123.100406 49.333713, -123.101775 49.334149, -123.102887 49.334479, -123.103773 49.334582, -123.104526 49.335096, -123.105301 49.3353884, -123.105443 49.335442, -123.107503 49.335412, -123.107698 49.335682, -123.107413 49.336344, -123.107082 49.33693, -123.107777 49.3379, -123.107739 49.338474, -123.107626 49.338757, -123.107362 49.339171, -123.107563 49.339576, -123.107277 49.340022, -123.107307 49.340674, -123.107314 49.340916, -123.106984 49.341292, -123.106021 49.341447, -123.105304 49.341928, -123.10469 49.342403, -123.10469 49.34268, -123.104482 49.343186, -123.103831 49.344049, -123.103439 49.344428, -123.102958 49.344632, -123.102189 49.344838, -123.101495 49.345167, -123.100848 49.345046, -123.099763 49.345015, -123.097382 49.345267, -123.096924 49.345299, -123.096072 49.345796, -123.094049 49.345832, -123.090596 49.345808, -123.088012 49.345516, -123.088661 49.345062)))"
88987,Parkgate,Neighborhood,N,Neighborhood,Seymour,Parkgate,,CAN,"Vancouver, BC",49.359361,-123.093511,20220419,1366008.993,Canada,British Columbia,"Vancouver, BC",North Vancouver,"MULTIPOLYGON (((-123.090187 49.363872, -123.082046 49.35778, -123.0815968 49.3574217, -123.080168 49.356282, -123.080289 49.355908, -123.080606 49.355445, -123.080947 49.355469, -123.081093 49.355128, -123.081654 49.354836, -123.082385 49.354617, -123.083116 49.354373, -123.083408 49.354032, -123.083701 49.353691, -123.084473 49.353178, -123.085482 49.353712, -123.088074 49.355221, -123.090039 49.35625, -123.098992 49.356242, -123.106088 49.356236, -123.106389 49.357156, -123.106912 49.357891, -123.106856 49.358611, -123.106026 49.359164, -123.104724 49.35958, -123.103534 49.360632, -123.103146 49.361158, -123.102177 49.361213, -123.101734 49.362903, -123.100626 49.363013, -123.100155 49.362432, -123.099075 49.362875, -123.098909 49.363595, -123.098106 49.363982, -123.096971 49.364149, -123.096223 49.364204, -123.096223 49.364619, -123.096447 49.365239, -123.095974 49.365395, -123.095143 49.365229, -123.094645 49.365478, -123.093399 49.366779, -123.090187 49.363872)))"
88990,Parkway,Neighborhood,N,Neighborhood,Seymour,Parkway,,CAN,"Vancouver, BC",49.354679,-123.032043,20220419,1811918.866,Canada,British Columbia,"Vancouver, BC",North Vancouver,"MULTIPOLYGON (((-123.023981 49.353802, -123.024007 49.353433, -123.021273 49.353618, -123.020142 49.352513, -123.019904 49.3523274, -123.018828 49.351488, -123.0188679 49.3513119, -123.0189066 49.3511413, -123.018959 49.35091, -123.019617 49.350173, -123.020276 49.349513, -123.020563 49.349586, -123.020907 49.349445, -123.02161 49.349111, -123.022385 49.348761, -123.02308 49.348772, -123.0231 49.347911, -123.024981 49.347801, -123.037711 49.348125, -123.04155 49.348133, -123.041544 49.349191, -123.041517 49.349726, -123.0411067 49.3497353, -123.04063 49.349746, -123.0406384 49.3503009, -123.0406466 49.3508437, -123.04065 49.351067, -123.0401603 49.3510888, -123.039618 49.351113, -123.0395869 49.3515708, -123.0395684 49.3518439, -123.039552 49.352086, -123.0392275 49.3520945, -123.039053 49.352099, -123.0390512 49.3522178, -123.0390505 49.3522663, -123.038934 49.360105, -123.038619 49.365968, -123.03436 49.365902, -123.033229 49.36393, -123.031382 49.3614792, -123.028608 49.357798, -123.0277512 49.3572123, -123.027031 49.35672, -123.025874 49.355353, -123.025138 49.355195, -123.024541 49.354568, -123.023981 49.353802)))"
88923,Roche Point,Neighborhood,N,Neighborhood,Seymour,Roche Point,,CAN,"Vancouver, BC",49.30599,-122.964519,20220419,412195.333,Canada,British Columbia,"Vancouver, BC",North Vancouver,"MULTIPOLYGON (((-122.967822 49.309173, -122.966799 49.308832, -122.965145 49.308885, -122.964489 49.30899, -122.962757 49.308727, -122.96113 49.308701, -122.959792 49.306838, -122.960579 49.306496, -122.960002 49.305473, -122.958795 49.305473, -122.958139 49.305499, -122.958258 49.304285, -122.958742 49.304082, -122.962469 49.304108, -122.962311 49.302875, -122.963125 49.302849, -122.963151 49.302639, -122.964201 49.302691, -122.964279 49.303374, -122.964437 49.30298, -122.964726 49.30277, -122.965198 49.303111, -122.965618 49.303374, -122.966274 49.303426, -122.967507 49.303216, -122.969029 49.303059, -122.968925 49.309331, -122.967822 49.309173)))"
89043,Seymour Creek Indian Reserve,Neighborhood,N,Neighborhood,Seymour,Seymour Creek Indian Reserve,,CAN,"Vancouver, BC",49.305704,-123.025884,20220419,857376.246,Canada,British Columbia,"Vancouver, BC",Seymour Creek 2,"MULTIPOLYGON (((-123.019688 49.310849, -123.021187 49.310043, -123.021595 49.309204, -123.021712 49.308609, -123.021237 49.307948, -123.020625 49.306854, -123.020534 49.306475, -123.020534 49.306119, -123.02144 49.305693, -123.022619 49.304958, -123.023906 49.304187, -123.025356 49.30344, -123.0257 49.302619, -123.0250846 49.3015831, -123.0242756 49.3009882, -123.0238473 49.3006789, -123.0234904 49.3003933, -123.0235618 49.2998699, -123.0227052 49.2988705, -123.0229431 49.2983232, -123.0227052 49.2982756, -123.0227765 49.2975856, -123.022817 49.2973023, -123.0228479 49.2970859, -123.0233952 49.2968955, -123.0235658 49.2972677, -123.0239187 49.2980377, -123.0242756 49.2980853, -123.0242996 49.298533, -123.0247277 49.2981091, -123.0248467 49.297657, -123.025302 49.297691, -123.0280114 49.2976332, -123.028093 49.297927, -123.0292249 49.2974904, -123.029938 49.296973, -123.029677 49.303281, -123.029517 49.304896, -123.029704 49.305638, -123.029736 49.307235, -123.029635 49.307866, -123.029512 49.308722, -123.029402 49.311545, -123.029833 49.311546, -123.029924 49.31223, -123.030136 49.312654, -123.028861 49.312434, -123.022478 49.312232, -123.021485 49.312619, -123.020889 49.312858, -123.019998 49.31233, -123.020549 49.312044, -123.021092 49.311772, -123.020224 49.311158, -123.019688 49.310849)))"
89000,Seymour Heights,Neighborhood,N,Neighborhood,Seymour,Seymour Heights,,CAN,"Vancouver, BC",49.342554,-123.062359,20220419,2163954.953,Canada,British Columbia,"Vancouver, BC",North Vancouver,"MULTIPOLYGON (((-123.052647 49.349177, -123.052675 49.34652, -123.053673 49.345719, -123.053772 49.34527, -123.053926 49.344736, -123.05491 49.344511, -123.054826 49.344173, -123.054451 49.343998, -123.053506 49.34371, -123.0535 49.343234, -123.054298 49.343198, -123.053724 49.342525, -123.052031 49.340516, -123.051585 49.338892, -123.051474 49.337297, -123.053013 49.337358, -123.053014 49.335557, -123.053243 49.33556, -123.054335 49.335567, -123.055707 49.335578, -123.057194 49.335591, -123.058789 49.335601, -123.060798 49.335619, -123.062533 49.335629, -123.064236 49.335637, -123.065852 49.335642, -123.06761 49.335639, -123.069309 49.335637, -123.070865 49.335639, -123.071205 49.335642, -123.072185 49.335651, -123.071963 49.345113, -123.071103 49.345086, -123.071175 49.351424, -123.068251 49.349621, -123.066675 49.349623, -123.052652 49.349641, -123.052647 49.349177)))"
89069,Northlands,Neighborhood,N,Neighborhood,Seymour,Northlands,,CAN,"Vancouver, BC",49.32141,-123.035278,20220419,907362.895,Canada,British Columbia,"Vancouver, BC",North Vancouver,"MULTIPOLYGON (((-123.040854 49.3259, -123.040592 49.325833, -123.039019 49.325833, -123.03907 49.324956, -123.038297 49.324982, -123.038218 49.32731, -123.036261 49.327094, -123.03474 49.32669, -123.033437 49.326359, -123.0321 49.326366, -123.031207 49.326624, -123.030455 49.325882, -123.030047 49.325351, -123.029915 49.324946, -123.029969 49.32442, -123.027727 49.324015, -123.028356 49.323518, -123.028863 49.322591, -123.028665 49.321906, -123.029173 49.321354, -123.030277 49.320184, -123.031116 49.319036, -123.031337 49.318285, -123.032728 49.316673, -123.03392 49.314222, -123.036261 49.31484, -123.03763 49.315459, -123.038866 49.316784, -123.04092 49.319676, -123.040888 49.320717, -123.040885 49.321463, -123.040835 49.322407, -123.040827 49.322494, -123.040954 49.32257, -123.040909 49.323268, -123.041188 49.323353, -123.041399 49.323416, -123.041453 49.323436, -123.041492 49.323454, -123.041546 49.323492, -123.041617 49.323552, -123.041647 49.323592, -123.041726 49.323707, -123.041721 49.323912, -123.041636 49.324056, -123.041575 49.324095, -123.04165 49.324165, -123.040888 49.324465, -123.040883 49.325369, -123.040854 49.3259)))"
89075,Windridge,Neighborhood,N,Neighborhood,Seymour,Windridge,,CAN,"Vancouver, BC",49.3213,-122.983192,20220419,1478848.04,Canada,British Columbia,"Vancouver, BC",North Vancouver,"MULTIPOLYGON (((-122.973081 49.322178, -122.974971 49.322232, -122.976951 49.321197, -122.97704 49.319574, -122.9777 49.319503, -122.977647 49.318772, -122.976915 49.31879, -122.974829 49.318754, -122.974811 49.318076, -122.975578 49.317969, -122.975596 49.317113, -122.974651 49.316436, -122.97474 49.315776, -122.980244 49.315667, -122.986617 49.315758, -122.994199 49.315897, -122.995605 49.315923, -122.995422 49.316566, -122.995517 49.317138, -122.995366 49.31779, -122.995252 49.318299, -122.991983 49.318298, -122.991649 49.318568, -122.991299 49.31833, -122.991236 49.318504, -122.990235 49.319919, -122.989456 49.320221, -122.987979 49.320681, -122.989027 49.321555, -122.989806 49.322048, -122.989711 49.323065, -122.988401 49.323962, -122.987963 49.324479, -122.988884 49.324654, -122.990457 49.325114, -122.99063 49.327314, -122.979626 49.327314, -122.974775 49.327386, -122.974437 49.32389, -122.973188 49.323908, -122.973081 49.322178)))"
88962,Canyon Heights,Neighborhood,N,Neighborhood,Upper Capilano,Canyon Heights,,CAN,"Vancouver, BC",49.340412,-123.023196,20220419,1145544.474,Canada,British Columbia,"Vancouver, BC",North Vancouver,"MULTIPOLYGON (((-123.020276 49.349513, -123.02033 49.34835, -123.020467 49.347939, -123.02049 49.347299, -123.020124 49.346408, -123.020101 49.345746, -123.019781 49.345289, -123.019736 49.344763, -123.019279 49.344055, -123.018708 49.343552, -123.01816 49.343347, -123.017451 49.343621, -123.0172 49.343438, -123.016674 49.342958, -123.015966 49.342113, -123.016012 49.341542, -123.016217 49.341039, -123.01608 49.340445, -123.015167 49.339646, -123.014641 49.338983, -123.014687 49.338526, -123.014938 49.337909, -123.014801 49.337155, -123.014458 49.33679, -123.015121 49.336059, -123.016112 49.335763, -123.031197 49.336095, -123.032772 49.336145, -123.032531 49.340131, -123.031521 49.340696, -123.029937 49.341622, -123.025952 49.343668, -123.024825 49.34502, -123.023489 49.346757, -123.022986 49.347499, -123.022688 49.347874, -123.0231 49.347911, -123.02308 49.348772, -123.022385 49.348761, -123.02161 49.349111, -123.020907 49.349445, -123.020563 49.349586, -123.020276 49.349513)))"
88970,Handsworth,Neighborhood,N,Neighborhood,Upper Capilano,Handsworth,,CAN,"Vancouver, BC",49.312647,-122.999794,20220419,429948.085,Canada,British Columbia,"Vancouver, BC",North Vancouver,"MULTIPOLYGON (((-122.996408 49.311122, -122.998271 49.309862, -122.998011 49.308889, -122.99798 49.308613, -122.999014 49.308442, -123.00008 49.308302, -123.000802 49.308232, -123.001532 49.310447, -123.002802 49.31046, -123.004977 49.310426, -123.004866 49.312762, -123.005609 49.313195, -123.003589 49.314366, -123.001446 49.315303, -122.999696 49.315907, -122.998459 49.315912, -122.995605 49.315923, -122.994199 49.315897, -122.994439 49.314796, -122.995463 49.313982, -122.995489 49.312329, -122.996408 49.311122)))"
89023,Grousewoods,Neighborhood,N,Neighborhood,Upper Capilano,Grousewoods,,CAN,"Vancouver, BC",49.350943,-123.076351,20220419,544903.068,Canada,British Columbia,"Vancouver, BC",North Vancouver,"MULTIPOLYGON (((-123.080168 49.356282, -123.071175 49.351424, -123.071103 49.345086, -123.071963 49.345113, -123.07207 49.345328, -123.073368 49.345283, -123.0741 49.345527, -123.075147 49.347257, -123.076197 49.34824, -123.076467 49.348448, -123.076863 49.348768, -123.077292 49.348939, -123.078973 49.34967, -123.080167 49.350498, -123.081348 49.350922, -123.081995 49.352034, -123.082434 49.352886, -123.083701 49.353691, -123.083408 49.354032, -123.083116 49.354373, -123.082385 49.354617, -123.081654 49.354836, -123.081093 49.355128, -123.080947 49.355469, -123.080606 49.355445, -123.080289 49.355908, -123.080168 49.356282)))"
89034,Highlands,Neighborhood,N,Neighborhood,Upper Capilano,Highlands,,CAN,"Vancouver, BC",49.344387,-123.037712,20220419,1257665.177,Canada,British Columbia,"Vancouver, BC",North Vancouver,"MULTIPOLYGON (((-123.037711 49.348125, -123.024981 49.347801, -123.0231 49.347911, -123.022688 49.347874, -123.022986 49.347499, -123.023489 49.346757, -123.024825 49.34502, -123.025952 49.343668, -123.029937 49.341622, -123.031521 49.340696, -123.031579 49.341504, -123.043648 49.341754, -123.043671 49.340313, -123.044936 49.340262, -123.046101 49.340308, -123.04745 49.339623, -123.049277 49.339668, -123.049871 49.340399, -123.051699 49.340582, -123.052031 49.340516, -123.053724 49.342525, -123.0529 49.342656, -123.051156 49.343008, -123.049198 49.343509, -123.047838 49.343527, -123.045307 49.343522, -123.045388 49.343892, -123.046128 49.343966, -123.046889 49.344898, -123.047233 49.345829, -123.047153 49.346639, -123.046221 49.34672, -123.046221 49.347287, -123.043792 49.347246, -123.041533 49.347341, -123.04155 49.348133, -123.037711 49.348125)))"
89044,Cleveland,Neighborhood,N,Neighborhood,Upper Capilano,Cleveland,,CAN,"Vancouver, BC",49.310006,-122.95729,20220419,1797271.563,Canada,British Columbia,"Vancouver, BC",North Vancouver,"MULTIPOLYGON (((-122.954683 49.315878, -122.952338 49.315811, -122.949889 49.315819, -122.948796 49.315629, -122.948351 49.315545, -122.94856 49.315104, -122.948297 49.314055, -122.9480034 49.3132754, -122.947615 49.312244, -122.948166 49.311771, -122.948061 49.311142, -122.947641 49.310564, -122.947615 49.309619, -122.948586 49.308334, -122.948612 49.307441, -122.948009 49.306339, -122.948324 49.304764, -122.949741 49.304502, -122.951368 49.303688, -122.952234 49.303715, -122.954228 49.302035, -122.955147 49.300985, -122.956223 49.300382, -122.956774 49.300723, -122.961786 49.303111, -122.962311 49.302875, -122.962469 49.304108, -122.958742 49.304082, -122.958258 49.304285, -122.958139 49.305499, -122.958795 49.305473, -122.960002 49.305473, -122.960579 49.306496, -122.959792 49.306838, -122.96113 49.308701, -122.962757 49.308727, -122.964489 49.30899, -122.965145 49.308885, -122.966799 49.308832, -122.967822 49.309173, -122.968925 49.309331, -122.968909 49.311461, -122.968831 49.312292, -122.96875 49.314964, -122.969092 49.315536, -122.969054 49.315973, -122.954683 49.315878)))"
,,,,,,,,,,,,,,,,,,
,,,,,,,,,,,,,,,,,,
88966,Ambleside,Neighborhood,N,Neighborhood,Central,Ambleside,,CAN,"Vancouver, BC",49.346827,-123.161844,20220419,565789.884,Canada,British Columbia,"Vancouver, BC",West Vancouver,"MULTIPOLYGON (((-123.1705 49.34396, -123.169404 49.345225, -123.170303 49.345899, -123.170331 49.346995, -123.169369 49.346415, -123.169145 49.346746, -123.1686607 49.3481092, -123.168144 49.348097, -123.16704 49.348014, -123.166913 49.348385, -123.165147 49.348545, -123.163359 49.348742, -123.16294 49.349061, -123.162859 49.349531, -123.161825 49.349706, -123.160745 49.349949, -123.160095 49.349964, -123.158922 49.349584, -123.157749 49.34944, -123.156773 49.349524, -123.155275 49.349615, -123.154148 49.349569, -123.153893 49.349516, -123.15405 49.348502, -123.154086 49.347152, -123.15405 49.345413, -123.156589 49.345426, -123.158185 49.345413, -123.160668 49.345459, -123.160573 49.343748, -123.1674964 49.3442297, -123.1705 49.34396)))"
89012,Sentinel Hill,Neighborhood,N,Neighborhood,Central,Sentinel Hill,,CAN,"Vancouver, BC",49.356812,-123.268983,20220419,3195495.345,Canada,British Columbia,"Vancouver, BC",West Vancouver,"MULTIPOLYGON (((-123.2761639 49.3681783, -123.2748815 49.3660494, -123.2752146 49.364812, -123.2758809 49.3629085, -123.2752622 49.3620519, -123.2742629 49.3611953, -123.27274 49.3608621, -123.269949 49.361071, -123.266597 49.361652, -123.264027 49.361909, -123.261715 49.361775, -123.2611774 49.3617001, -123.260028 49.36154, -123.258017 49.360881, -123.2565231 49.3603805, -123.255883 49.360166, -123.254743 49.359563, -123.253928 49.358792, -123.253615 49.358055, -123.253548 49.357284, -123.254006 49.355619, -123.254341 49.35458, -123.254263 49.353921, -123.253693 49.352904, -123.252978 49.352223, -123.251581 49.351653, -123.252062 49.350904, -123.252462 49.350689, -123.254079 49.350002, -123.255135 49.350345, -123.255328 49.350605, -123.255631 49.350585, -123.256043 49.350488, -123.256375 49.3503, -123.256781 49.35006, -123.257545 49.349782, -123.258418 49.349626, -123.258264 49.34926, -123.257581 49.348748, -123.257783 49.348065, -123.257857 49.3472, -123.257783 49.346873, -123.257932 49.346714, -123.258567 49.346474, -123.259201 49.346182, -123.259563 49.345888, -123.260396 49.34591, -123.261983 49.346044, -123.262128 49.345497, -123.26281 49.345352, -123.263 49.34619, -123.264742 49.346201, -123.265145 49.345475, -123.266022 49.3451, -123.267608 49.345145, -123.2680969 49.3448631, -123.2681009 49.3448877, -123.2682259 49.3449412, -123.2683151 49.3449782, -123.268725 49.345525, -123.2687652 49.3455636, -123.2688112 49.3456336, -123.2689219 49.3457264, -123.2689365 49.3457285, -123.2692054 49.3459871, -123.2692288 49.3460298, -123.2692716 49.3461762, -123.2693252 49.3462475, -123.269418 49.3463582, -123.2694646 49.3463966, -123.2696068 49.3467013, -123.2695465 49.3467972, -123.2695893 49.34689, -123.2696857 49.3469435, -123.2697273 49.3469595, -123.269798 49.347111, -123.269977 49.347022, -123.270446 49.34662, -123.2704859 49.3465773, -123.2705102 49.3465723, -123.2705922 49.3465224, -123.2707065 49.3465188, -123.270785 49.3464938, -123.2708885 49.3465224, -123.2709492 49.3465616, -123.2710313 49.3466473, -123.2710884 49.3466294, -123.2711812 49.3466544, -123.2712954 49.3467115, -123.2713953 49.3468079, -123.2714058 49.3468175, -123.271429 49.34691, -123.271407 49.347201, -123.271675 49.347469, -123.2723294 49.3473205, -123.272359 49.3473576, -123.2723733 49.3474289, -123.2723983 49.3474611, -123.2724518 49.3475003, -123.2725053 49.3475753, -123.272516 49.3476859, -123.2724546 49.3477913, -123.27223 49.3478737, -123.272055 49.347938, -123.271809 49.347849, -123.271407 49.34796, -123.270938 49.348251, -123.2701909 49.3482917, -123.2701746 49.3482391, -123.2701282 49.3481678, -123.2699641 49.3481499, -123.2697963 49.3481606, -123.2696714 49.3482784, -123.2696143 49.3484176, -123.2695286 49.3485497, -123.2695393 49.3486532, -123.2695857 49.3488209, -123.2695929 49.3489994, -123.2698177 49.3490172, -123.2698177 49.3490494, -123.2696999 49.3495205, -123.2695108 49.3495312, -123.2694608 49.3495919, -123.2693752 49.3496811, -123.2693537 49.349806, -123.2692788 49.3498596, -123.2691788 49.3499095, -123.2690789 49.3500166, -123.2690718 49.3501522, -123.2690682 49.350345, -123.2690682 49.3504128, -123.2690646 49.3505163, -123.2690646 49.3506591, -123.2690682 49.3507411, -123.2691443 49.3507908, -123.26915 49.350865, -123.2699645 49.350906, -123.2699962 49.3509589, -123.2700533 49.3510338, -123.2700533 49.3511338, -123.2700283 49.3512373, -123.2699319 49.3513372, -123.2698534 49.3514514, -123.269782 49.3515585, -123.2697383 49.3516197, -123.268949 49.351647, -123.268848 49.351927, -123.269072 49.352463, -123.268714 49.352753, -123.26829 49.353401, -123.269005 49.35396, -123.270435 49.353781, -123.270993 49.353066, -123.271418 49.352887, -123.2714598 49.3528814, -123.2714738 49.3529076, -123.2715131 49.3530611, -123.2719878 49.3530611, -123.2719557 49.3529505, -123.2720449 49.3528541, -123.2721377 49.352797, -123.272155 49.3527886, -123.2724172 49.3528572, -123.2724411 49.3528684, -123.2725184 49.3528843, -123.272674 49.352926, -123.2727124 49.352855, -123.2727802 49.3528113, -123.2728658 49.3527185, -123.2728795 49.3526538, -123.2729622 49.3526007, -123.2731406 49.3525079, -123.273288 49.3524578, -123.27398 49.352471, -123.274263 49.3522621, -123.2744006 49.3522224, -123.2744192 49.3521969, -123.2751516 49.3519808, -123.2751706 49.35198, -123.275564 49.35259, -123.275425 49.352827, -123.275742 49.35354, -123.2760708 49.3533485, -123.2763384 49.3531927, -123.2763589 49.3531836, -123.2768322 49.3532599, -123.2768312 49.3532753, -123.2769133 49.3533074, -123.2769693 49.3532822, -123.2774181 49.3536595, -123.2774074 49.3537195, -123.2772871 49.3537652, -123.27689 49.353916, -123.2766044 49.3540025, -123.2764957 49.3539391, -123.2764256 49.3540567, -123.2761589 49.3541375, -123.2760281 49.3541711, -123.2754927 49.3543282, -123.275325 49.3545388, -123.2752572 49.3546228, -123.2752231 49.3546554, -123.2750537 49.3547351, -123.275764 49.3549885, -123.2758644 49.3549364, -123.275887 49.354943, -123.2761965 49.3549947, -123.2762137 49.3550135, -123.2762717 49.3550073, -123.276394 49.3550277, -123.276557 49.355055, -123.2774956 49.3553807, -123.2775522 49.3554061, -123.2776186 49.3554234, -123.277652 49.355435, -123.2776744 49.355438, -123.2777984 49.3554703, -123.2779746 49.3554782, -123.278736 49.35558, -123.2792833 49.3557308, -123.2793653 49.3557666, -123.2795081 49.3558558, -123.2796687 49.3558594, -123.2798543 49.3559736, -123.2799185 49.3560414, -123.2799328 49.3561413, -123.2799464 49.3561738, -123.279652 49.356988, -123.279915 49.3571195, -123.2800363 49.3572121, -123.2801969 49.3573156, -123.2803897 49.3574441, -123.2805539 49.357569, -123.2807323 49.3576618, -123.2809607 49.3577368, -123.2812165 49.3577703, -123.281752 49.358038, -123.282132 49.35777, -123.2821768 49.3577534, -123.2822898 49.3577114, -123.2824134 49.3577011, -123.2824919 49.3576797, -123.2825597 49.3576475, -123.2825725 49.3576064, -123.282735 49.357546, -123.2827987 49.3575692, -123.2829612 49.3576283, -123.283227 49.357725, -123.2837513 49.3577526, -123.2844308 49.3577883, -123.284501 49.357792, -123.284567 49.357902, -123.2847075 49.3581365, -123.2846442 49.3582186, -123.2846477 49.3582864, -123.284612 49.3583721, -123.2846085 49.3584506, -123.284637 49.3585148, -123.2846552 49.3585902, -123.284641 49.3586341, -123.2845906 49.3586719, -123.2846202 49.358698, -123.284501 49.359066, -123.284498 49.3591169, -123.28448 49.3591395, -123.2844193 49.3592608, -123.2844157 49.3593786, -123.2844336 49.3595428, -123.28443 49.3596641, -123.2843301 49.3597783, -123.2841909 49.3599211, -123.2840831 49.3600085, -123.2840588 49.3600282, -123.2839232 49.3601031, -123.283857 49.3601756, -123.283272 49.360518, -123.2832537 49.3611234, -123.2832308 49.3611632, -123.2831237 49.3612596, -123.2830773 49.3613702, -123.2830383 49.3614675, -123.282132 49.362283, -123.2828914 49.3621689, -123.2832612 49.3621134, -123.283317 49.362105, -123.283696 49.362328, -123.284791 49.362261, -123.2856136 49.3625289, -123.2856721 49.3625944, -123.2857328 49.3626373, -123.2858363 49.3626123, -123.2859469 49.3625587, -123.2860468 49.3624481, -123.2860718 49.3623339, -123.2861396 49.3622839, -123.2862967 49.3622411, -123.2864359 49.3622054, -123.2865572 49.3621697, -123.2866393 49.3622125, -123.2866857 49.3622696, -123.2867999 49.3622589, -123.2868963 49.3623339, -123.2869142 49.3624481, -123.28694 49.362502, -123.2869607 49.3625915, -123.2869677 49.3626944, -123.2869784 49.362805, -123.2869927 49.3628693, -123.2870426 49.3628835, -123.2871354 49.3628907, -123.2872068 49.3628764, -123.2872925 49.3628657, -123.2873076 49.3628606, -123.2874589 49.3629032, -123.287471 49.3629585, -123.287446 49.3630513, -123.287446 49.3631227, -123.2875245 49.3631762, -123.2875423 49.3632654, -123.2874995 49.3633404, -123.2875138 49.3634189, -123.2875311 49.363457, -123.2874266 49.3637259, -123.287249 49.364183, -123.2876801 49.3647344, -123.287808 49.364898, -123.2877441 49.3651311, -123.287428 49.366283, -123.2870782 49.366487, -123.286743 49.3666825, -123.286087 49.367065, -123.28564 49.367378, -123.2848119 49.3677094, -123.284523 49.367825, -123.284342 49.368392, -123.277067 49.368141, -123.2761639 49.3681783)))"
89020,Cedardale,Neighborhood,N,Neighborhood,Central,Cedardale,,CAN,"Vancouver, BC",49.341696,-123.196185,20220419,1031151.325,Canada,British Columbia,"Vancouver, BC",West Vancouver,"MULTIPOLYGON (((-123.190077 49.347093, -123.190779 49.346475, -123.191004 49.345604, -123.190807 49.344508, -123.19092 49.343328, -123.191229 49.342036, -123.190835 49.339507, -123.190308 49.338383, -123.190379 49.337428, -123.190389 49.336925, -123.190361 49.336068, -123.1905575 49.3348907, -123.1907407 49.334867, -123.191407 49.3349265, -123.1920256 49.3349265, -123.1927038 49.3349146, -123.1933375 49.3349304, -123.193894 49.334958, -123.1942954 49.3349515, -123.1947382 49.3350097, -123.19504 49.3351324, -123.1953224 49.3353209, -123.1954282 49.3354023, -123.1957614 49.3355927, -123.1961302 49.3356522, -123.1965585 49.3360567, -123.1965829 49.3360798, -123.1967612 49.3362984, -123.1973024 49.336878, -123.1975041 49.3370331, -123.1976221 49.3371489, -123.1979124 49.3373678, -123.1981932 49.3375629, -123.1982776 49.3376098, -123.1984502 49.3377057, -123.1986643 49.3378389, -123.1988547 49.3378817, -123.1991069 49.3379484, -123.1993734 49.3380435, -123.1995257 49.3380673, -123.1996542 49.3380769, -123.1997969 49.3381197, -123.1999445 49.338134, -123.2001301 49.3381911, -123.200249 49.3382149, -123.2004346 49.3382149, -123.2005101 49.3382256, -123.2006012 49.3382387, -123.2006681 49.3382578, -123.2008677 49.3383148, -123.2010914 49.3383481, -123.2012627 49.338429, -123.2014483 49.3384719, -123.2014929 49.338457, -123.2015625 49.3384338, -123.2018433 49.3383957, -123.2020479 49.3383386, -123.2021478 49.3382482, -123.2022763 49.3381768, -123.2024429 49.3381007, -123.2026047 49.338015, -123.2026418 49.3379276, -123.2026723 49.3379118, -123.202531 49.339275, -123.202784 49.339767, -123.202826 49.340483, -123.202728 49.341214, -123.203008 49.341916, -123.202475 49.342408, -123.202573 49.343068, -123.202376 49.343265, -123.202376 49.343756, -123.20232 49.344066, -123.20239 49.344698, -123.202685 49.345934, -123.20257 49.346893, -123.195851 49.347332, -123.194885 49.347363, -123.191903 49.347458, -123.190077 49.347093)))"
89059,Dundarave,Neighborhood,N,Neighborhood,Central,Dundarave,,CAN,"Vancouver, BC",49.350009,-123.241536,20220419,2468177.491,Canada,British Columbia,"Vancouver, BC",West Vancouver,"MULTIPOLYGON (((-123.240477 49.359351, -123.239999 49.357609, -123.240364 49.35463, -123.24101 49.35272, -123.240111 49.351596, -123.237611 49.351455, -123.23733 49.349179, -123.233619 49.349143, -123.229968 49.348898, -123.223674 49.347493, -123.221114 49.346772, -123.217957 49.346458, -123.21726 49.348513, -123.216276 49.348279, -123.215149 49.348192, -123.213837 49.348312, -123.212473 49.34846, -123.211469 49.348446, -123.210567 49.348292, -123.209255 49.348158, -123.208384 49.348172, -123.207349 49.348339, -123.205729 49.348708, -123.204417 49.348942, -123.202757 49.348929, -123.201332 49.348815, -123.199641 49.348641, -123.19795 49.348487, -123.196258 49.348279, -123.195766 49.348078, -123.195336 49.34785, -123.194885 49.347363, -123.195851 49.347332, -123.20257 49.346893, -123.2115 49.346237, -123.216425 49.346412, -123.216783 49.345954, -123.217335 49.345683, -123.218303 49.345561, -123.219034 49.345483, -123.220292 49.345377, -123.220215 49.344797, -123.220305 49.344513, -123.220459 49.344328, -123.220746 49.34408, -123.220643 49.343657, -123.220517 49.343526, -123.219839 49.343458, -123.219289 49.343456, -123.218341 49.343462, -123.217809 49.343458, -123.217198 49.343377, -123.21717 49.342731, -123.217661 49.34245, -123.218574 49.342099, -123.219346 49.342008, -123.219333 49.340989, -123.220921 49.341143, -123.221432 49.339969, -123.221759 49.340133, -123.222776 49.340591, -123.224102 49.341032, -123.224609 49.341366, -123.224972 49.34172, -123.225493 49.342434, -123.226225 49.342899, -123.226751 49.34307, -123.22753 49.343077, -123.228765 49.343071, -123.229969 49.343257, -123.231553 49.343532, -123.231944 49.343572, -123.232588 49.343514, -123.233093 49.343356, -123.234283 49.342912, -123.234795 49.342773, -123.235726 49.342741, -123.237361 49.342766, -123.238936 49.34278, -123.239633 49.342852, -123.240104 49.343079, -123.241108 49.343598, -123.241773 49.343858, -123.242195 49.344787, -123.242823 49.345279, -123.243297 49.345484, -123.243617 49.346094, -123.244147 49.346781, -123.244865 49.347109, -123.245116 49.347483, -123.245046 49.348034, -123.245847 49.348903, -123.245624 49.349026, -123.245088 49.34914, -123.244739 49.349186, -123.244754 49.349422, -123.245268 49.349768, -123.246013 49.35025, -123.246451 49.350997, -123.248078 49.351228, -123.250152 49.351313, -123.251581 49.351653, -123.252978 49.352223, -123.253693 49.352904, -123.254263 49.353921, -123.254341 49.35458, -123.254006 49.355619, -123.253548 49.357284, -123.251912 49.357665, -123.249945 49.358423, -123.248147 49.357861, -123.247754 49.358648, -123.245478 49.359435, -123.241657 49.359941, -123.240477 49.359351)))"
88911,Eagle Ridge and Gleneagles,Neighborhood,N,Neighborhood,East,Eagle Ridge and Gleneagles,,CAN,"Vancouver, BC",49.350522,-123.157285,20220419,1065615.496,Canada,British Columbia,"Vancouver, BC",West Vancouver,"MULTIPOLYGON (((-123.153075 49.35435, -123.153121 49.354048, -123.151969 49.354104, -123.149199 49.354372, -123.148897 49.353754, -123.148814 49.353556, -123.148521 49.353442, -123.148229 49.353289, -123.147141 49.351015, -123.146834 49.351094, -123.146717 49.350502, -123.146673 49.350135, -123.146483 49.349607, -123.145864 49.348348, -123.145605 49.348093, -123.145396 49.347816, -123.145084 49.34731, -123.144957 49.346947, -123.14467 49.346259, -123.145327 49.346133, -123.145928 49.346021, -123.146788 49.345537, -123.147229 49.345239, -123.147302 49.345615, -123.147371 49.346077, -123.147683 49.346201, -123.148097 49.346243, -123.149384 49.346317, -123.151693 49.346772, -123.152514 49.346882, -123.153517 49.346921, -123.154086 49.347152, -123.15405 49.348502, -123.153893 49.349516, -123.154148 49.349569, -123.155275 49.349615, -123.156773 49.349524, -123.157749 49.34944, -123.158922 49.349584, -123.160095 49.349964, -123.160745 49.349949, -123.161825 49.349706, -123.162859 49.349531, -123.16294 49.349061, -123.163359 49.348742, -123.165147 49.348545, -123.166913 49.348385, -123.16704 49.348014, -123.168144 49.348097, -123.1686607 49.3481092, -123.169145 49.346746, -123.169369 49.346415, -123.170331 49.346995, -123.172662 49.349638, -123.169712 49.350351, -123.170127 49.352804, -123.163187 49.352804, -123.163272 49.353478, -123.162176 49.353647, -123.161895 49.35331, -123.160827 49.353366, -123.159422 49.353506, -123.15886 49.353113, -123.15723 49.353928, -123.155067 49.354686, -123.153494 49.354546, -123.153075 49.35435)))"
89078,Lower Capilano Marine,Neighborhood,N,Neighborhood,East,Lower Capilano Marine,,CAN,"Vancouver, BC",49.333389,-123.156314,20220419,3503457.151,Canada,British Columbia,"Vancouver, BC",West Vancouver,"MULTIPOLYGON (((-123.152241 49.342025, -123.150262 49.340926, -123.14779 49.339268, -123.145823 49.338594, -123.143133 49.338348, -123.143108 49.334532, -123.145944 49.334537, -123.145946 49.330413, -123.143153 49.330343, -123.143173 49.331334, -123.141427 49.331362, -123.140683 49.33136, -123.140207 49.331516, -123.139033 49.331952, -123.138071 49.332475, -123.137454 49.333064, -123.13711 49.333361, -123.136553 49.333547, -123.135865 49.333547, -123.134965 49.333561, -123.135011 49.330826, -123.135021 49.329906, -123.135645 49.329841, -123.136056 49.329679, -123.136716 49.329418, -123.137518 49.329133, -123.13852 49.329085, -123.139385 49.329165, -123.140262 49.329028, -123.142079 49.329085, -123.1428085 49.3286067, -123.1428211 49.3285984, -123.143206 49.328346, -123.143861 49.327977, -123.144231 49.327426, -123.14509 49.326621, -123.1481595 49.3221228, -123.148516 49.3216004, -123.1485291 49.3216015, -123.1485495 49.3216101, -123.1487551 49.3216967, -123.1497043 49.3224389, -123.1503453 49.3229106, -123.1506111 49.3227555, -123.1508371 49.3226722, -123.1509442 49.3227436, -123.1509442 49.3228745, -123.1505233 49.3231517, -123.1505431 49.3231785, -123.1505972 49.3232227, -123.1510039 49.323737, -123.1512744 49.3242131, -123.1518903 49.3252969, -123.1524191 49.3259005, -123.152586 49.3261462, -123.1527686 49.3262993, -123.1529129 49.3264204, -123.1529549 49.3264556, -123.1534427 49.3266221, -123.1538591 49.3266697, -123.1542279 49.3266102, -123.154335 49.3263723, -123.1543825 49.3262533, -123.1543325 49.3260033, -123.1544182 49.3260196, -123.1544182 49.3256941, -123.1549298 49.3256704, -123.1549179 49.3258012, -123.154561 49.3258131, -123.1545649 49.3260429, -123.154959 49.3263117, -123.1553421 49.3264419, -123.1559982 49.3264753, -123.1571149 49.3264566, -123.1579547 49.326382, -123.1592909 49.3263384, -123.1601463 49.3263615, -123.160392 49.326266, -123.1608366 49.3263428, -123.1613857 49.3264376, -123.161457 49.3264499, -123.1621922 49.3266432, -123.1628603 49.3267116, -123.1638171 49.3267887, -123.1640551 49.3268482, -123.1642811 49.3268363, -123.1643506 49.326876, -123.1644477 49.3269315, -123.1646261 49.3268958, -123.1648998 49.3268958, -123.1650901 49.3270029, -123.1652837 49.3271348, -123.1653519 49.3271813, -123.1658991 49.3272765, -123.1661682 49.327281, -123.166364 49.3272842, -123.166613 49.3272884, -123.1676004 49.3272527, -123.1685284 49.3272051, -123.1693256 49.3272289, -123.169742 49.3273241, -123.1701346 49.3274668, -123.1702006 49.327491, -123.1706224 49.3276453, -123.1707302 49.327727, -123.171015 49.3279427, -123.1712774 49.3281253, -123.171216 49.328296, -123.170921 49.331878, -123.170809 49.336711, -123.170597 49.341825, -123.166058 49.341843, -123.161201 49.341869, -123.156638 49.341839, -123.152241 49.342025)))"
88907,Cammeray,Neighborhood,N,Neighborhood,North,Cammeray,,CAN,"Vancouver, BC",49.362368,-123.125158,20220419,696567.497,Canada,British Columbia,"Vancouver, BC",West Vancouver,"MULTIPOLYGON (((-123.1275806 49.365823, -123.126618 49.365068, -123.1246378 49.365068, -123.1229841 49.365068, -123.121504 49.365068, -123.1204624 49.36506, -123.118256 49.3650431, -123.117852 49.36504, -123.117346 49.364928, -123.11715 49.360966, -123.117178 49.359758, -123.117796 49.359702, -123.134935 49.359646, -123.1346396 49.359714, -123.13457 49.35973, -123.134738 49.360348, -123.134261 49.360573, -123.134128 49.3609515, -123.133896 49.361612, -123.1328443 49.3623132, -123.132294 49.36268, -123.131198 49.362231, -123.131226 49.362736, -123.131479 49.363383, -123.131114 49.363945, -123.130215 49.364478, -123.129934 49.364703, -123.129906 49.365883, -123.129906 49.36653, -123.1296999 49.36689, -123.129681 49.366923, -123.1295618 49.3671607, -123.129484 49.367316, -123.1292724 49.36715, -123.128956 49.3669019, -123.1276751 49.3658972, -123.1275806 49.365823)))"
88963,Chartwell,Neighborhood,N,Neighborhood,North,Chartwell,,CAN,"Vancouver, BC",49.348653,-123.130651,20220419,4828788.739,Canada,British Columbia,"Vancouver, BC",West Vancouver,"MULTIPOLYGON (((-123.117782 49.355898, -123.117921 49.348751, -123.118189 49.332618, -123.120179 49.332609, -123.120971 49.33294, -123.1212474 49.3331228, -123.121579 49.333342, -123.1221912 49.3333477, -123.1221238 49.3337031, -123.123261 49.334344, -123.124195 49.334857, -123.129672 49.337684, -123.1349 49.337835, -123.136435 49.337979, -123.137131 49.33888, -123.137401 49.339349, -123.137451 49.339603, -123.136989 49.340773, -123.137152 49.341225, -123.13843 49.34173, -123.139174 49.34218, -123.139329 49.342699, -123.139975 49.343233, -123.14152 49.344455, -123.142968 49.345158, -123.144344 49.345706, -123.14467 49.346259, -123.144957 49.346947, -123.145084 49.34731, -123.145396 49.347816, -123.145605 49.348093, -123.145864 49.348348, -123.146483 49.349607, -123.146673 49.350135, -123.146717 49.350502, -123.146834 49.351094, -123.147141 49.351015, -123.148229 49.353289, -123.148521 49.353442, -123.148814 49.353556, -123.148897 49.353754, -123.149199 49.354372, -123.151969 49.354104, -123.153121 49.354048, -123.153075 49.35435, -123.152657 49.354522, -123.152239 49.354623, -123.152108 49.35481, -123.151977 49.355032, -123.151891 49.355224, -123.151683 49.355365, -123.151049 49.355446, -123.150063 49.355634, -123.149247 49.355725, -123.149255 49.356306, -123.143747 49.357458, -123.141275 49.358413, -123.134935 49.359646, -123.117796 49.359702, -123.1177845 49.3565639, -123.117782 49.355898)))"
88972,Glenmore,Neighborhood,N,Neighborhood,North,Glenmore,,CAN,"Vancouver, BC",49.341225,-123.251605,20220419,3499513.551,Canada,British Columbia,"Vancouver, BC",West Vancouver,"MULTIPOLYGON (((-123.246013 49.35025, -123.245268 49.349768, -123.244754 49.349422, -123.244739 49.349186, -123.245088 49.34914, -123.245624 49.349026, -123.245847 49.348903, -123.245046 49.348034, -123.245116 49.347483, -123.244865 49.347109, -123.244147 49.346781, -123.243617 49.346094, -123.243297 49.345484, -123.242823 49.345279, -123.242195 49.344787, -123.241773 49.343858, -123.241108 49.343598, -123.240104 49.343079, -123.239633 49.342852, -123.238936 49.34278, -123.237361 49.342766, -123.235726 49.342741, -123.234795 49.342773, -123.234283 49.342912, -123.233093 49.343356, -123.232588 49.343514, -123.231944 49.343572, -123.231553 49.343532, -123.229969 49.343257, -123.228765 49.343071, -123.22753 49.343077, -123.226751 49.34307, -123.226225 49.342899, -123.225493 49.342434, -123.224972 49.34172, -123.224609 49.341366, -123.224102 49.341032, -123.222776 49.340591, -123.221759 49.340133, -123.221432 49.339969, -123.220969 49.339712, -123.220292 49.33948, -123.219864 49.33955, -123.219543 49.339665, -123.219222 49.339694, -123.219044 49.339662, -123.218817 49.339762, -123.218282 49.339929, -123.217633 49.340143, -123.216883 49.340301, -123.216558 49.340549, -123.216285 49.340808, -123.215774 49.341051, -123.215384 49.341216, -123.215111 49.341511, -123.214648 49.341505, -123.213833 49.34161, -123.212948 49.341439, -123.212378 49.3408541, -123.2124652 49.3408323, -123.2126555 49.3407133, -123.2126889 49.3405134, -123.2126841 49.3403374, -123.2126317 49.3401755, -123.2125604 49.3400946, -123.2126365 49.3399709, -123.2128078 49.3398995, -123.2128784 49.339745, -123.2130728 49.339631, -123.2133082 49.3394539, -123.2133611 49.3394274, -123.2136219 49.3393245, -123.2137396 49.3393514, -123.2137725 49.3393775, -123.213987 49.3394001, -123.214007 49.3393987, -123.2141356 49.3394427, -123.2142498 49.339376, -123.2144116 49.3393237, -123.2144813 49.3393649, -123.2145163 49.3393856, -123.2146162 49.3394522, -123.2147399 49.3395093, -123.2149113 49.3395188, -123.2151587 49.3394617, -123.2153253 49.3393285, -123.2154014 49.3391857, -123.215549 49.3390715, -123.2157569 49.3389596, -123.2159487 49.3388193, -123.2161581 49.3387241, -123.2164246 49.3386622, -123.2165293 49.3385956, -123.2167006 49.3385099, -123.2170195 49.3384052, -123.2173574 49.3383338, -123.217838 49.3382815, -123.2181377 49.3382121, -123.2181569 49.3382149, -123.2183948 49.3382054, -123.2185804 49.3382101, -123.2186803 49.3381863, -123.2188231 49.338134, -123.2190991 49.338153, -123.2193038 49.3380721, -123.2194418 49.3380578, -123.2196987 49.3381625, -123.2199081 49.338172, -123.2201508 49.3382149, -123.2204316 49.3382149, -123.2206981 49.338219, -123.2207409 49.3382196, -123.2207729 49.3382332, -123.2209979 49.3383291, -123.2211693 49.3384147, -123.2214595 49.3386432, -123.22155 49.3387669, -123.221569 49.3389287, -123.2217023 49.3390191, -123.2219735 49.3391095, -123.2221369 49.3391884, -123.2222495 49.3392428, -123.2224399 49.3392904, -123.2226588 49.3393047, -123.222737 49.3393102, -123.222792 49.3393142, -123.2229872 49.3392428, -123.2231299 49.3392095, -123.2232965 49.3392238, -123.2234596 49.3391632, -123.2235594 49.3391234, -123.2236296 49.3390953, -123.2238057 49.3391048, -123.2240151 49.3391905, -123.2240721 49.3392018, -123.2241817 49.3392238, -123.224372 49.3393237, -123.2244642 49.3393348, -123.2246423 49.3393951, -123.2246861 49.3393951, -123.2248289 49.3394665, -123.2249145 49.3395902, -123.2249179 49.3396041, -123.2249478 49.3397282, -123.2249907 49.3397806, -123.2251334 49.3398757, -123.2252667 49.339871, -123.2253999 49.3398662, -123.225576 49.3399043, -123.2256331 49.3399138, -123.2256728 49.3399237, -123.2257664 49.3399471, -123.2258004 49.339989, -123.2258282 49.3400233, -123.2258901 49.3400946, -123.2258996 49.3401993, -123.225971 49.3402945, -123.226128 49.3404183, -123.2264707 49.3405753, -123.2267895 49.3407228, -123.227018 49.3408323, -123.227194 49.3409846, -123.2273749 49.3409798, -123.22757 49.3409465, -123.2277223 49.3409608, -123.2278365 49.3409893, -123.2280316 49.3409798, -123.2282315 49.3409084, -123.2283981 49.340975, -123.2286027 49.3410655, -123.2288168 49.3411035, -123.22905 49.3411131, -123.2294355 49.3411178, -123.229545 49.3411083, -123.2296544 49.3410702, -123.2299542 49.3411131, -123.2300624 49.3410872, -123.2301774 49.3410598, -123.2304777 49.3409988, -123.2307714 49.3409838, -123.2310202 49.3409275, -123.2312582 49.3409179, -123.2314105 49.3408561, -123.2315961 49.3407847, -123.2318102 49.3406181, -123.2318358 49.3405285, -123.2318774 49.3405107, -123.2318922 49.3404739, -123.2319706 49.3404708, -123.2320773 49.3404251, -123.2321195 49.3404468, -123.2323099 49.340404, -123.2330332 49.3402612, -123.2329428 49.3399995, -123.2330285 49.3399662, -123.2330458 49.3399679, -123.2331617 49.3402136, -123.2333093 49.340166, -123.233218 49.3399851, -123.2331676 49.3397803, -123.2332426 49.3396188, -123.233295 49.3395887, -123.2334663 49.3394903, -123.2336567 49.3394379, -123.2338298 49.3393579, -123.2340992 49.3392333, -123.2346798 49.3389763, -123.2350473 49.3387942, -123.2351986 49.3387193, -123.2358029 49.3384766, -123.2367071 49.3381578, -123.2370433 49.3380799, -123.2373712 49.3379626, -123.2379349 49.3378151, -123.238525 49.3378294, -123.2391199 49.3378532, -123.2397148 49.337896, -123.2399311 49.3378552, -123.2401431 49.3378151, -123.240519 49.3377199, -123.2409378 49.3375772, -123.2414375 49.3375867, -123.242118 49.3377533, -123.2427129 49.337996, -123.2428279 49.338054, -123.2432221 49.3382529, -123.2440311 49.3386765, -123.2446978 49.3390345, -123.2448021 49.3390905, -123.2456444 49.3395141, -123.2464724 49.3399662, -123.2470911 49.3401422, -123.2477336 49.3402089, -123.2484522 49.3401993, -123.2491993 49.3400423, -123.2494437 49.3398891, -123.2495163 49.3395192, -123.2495347 49.339459, -123.2495724 49.3393626, -123.2496466 49.3390762, -123.2496608 49.339066, -123.2497847 49.3389763, -123.249856 49.3388288, -123.2500131 49.3387336, -123.2501701 49.3386099, -123.2502605 49.3384052, -123.250142 49.3383519, -123.2500702 49.3383196, -123.249956 49.3382149, -123.2498956 49.3381048, -123.2498751 49.3380673, -123.2498599 49.3380029, -123.249837 49.3379055, -123.2498401 49.3378456, -123.2498465 49.3377199, -123.2498717 49.3376695, -123.2499322 49.3375486, -123.2501083 49.3374154, -123.250251 49.3373345, -123.2503437 49.3373458, -123.2504461 49.3373583, -123.2506508 49.3374154, -123.2507222 49.3373963, -123.250746 49.3372441, -123.2507766 49.3371399, -123.2508333 49.3371417, -123.2509058 49.3371014, -123.2510734 49.337141, -123.2511318 49.3371514, -123.251732 49.337171, -123.2519117 49.3371976, -123.25195 49.3372393, -123.2520975 49.3372488, -123.2522165 49.3373107, -123.252345 49.3373678, -123.2525543 49.3374201, -123.2527114 49.3375058, -123.252897 49.3374915, -123.2529684 49.3374106, -123.2530873 49.3372964, -123.2532111 49.3372678, -123.2533776 49.3372726, -123.2536203 49.3373297, -123.2537041 49.3373457, -123.2538197 49.3373677, -123.2538357 49.3373773, -123.2539677 49.3374582, -123.2540344 49.3375629, -123.2539749 49.3376034, -123.2539154 49.3376438, -123.2538488 49.3377533, -123.2538535 49.3378913, -123.2539725 49.3380007, -123.254101 49.3380531, -123.2541771 49.3381816, -123.2542438 49.3383672, -123.254396 49.3385099, -123.2545531 49.3385623, -123.2547482 49.3385623, -123.2549195 49.3385242, -123.2549638 49.3384567, -123.2550099 49.3383862, -123.2550099 49.3382672, -123.2549243 49.3381197, -123.2548481 49.338015, -123.2548434 49.337877, -123.254772 49.3377104, -123.2547054 49.3375819, -123.2546483 49.3374344, -123.254615 49.337225, -123.2545483 49.337106, -123.2545483 49.3369585, -123.2545436 49.3368491, -123.2544912 49.3367491, -123.2544389 49.3366302, -123.2544341 49.3364874, -123.2543532 49.3363637, -123.2542961 49.336259, -123.25422 49.3360972, -123.2542247 49.3359496, -123.2542009 49.3358735, -123.2541962 49.3357926, -123.2542723 49.3356546, -123.2542961 49.3355166, -123.2542247 49.3353881, -123.2541391 49.335369, -123.2541819 49.3352643, -123.2541391 49.3351739, -123.2541153 49.3351311, -123.2541058 49.3350074, -123.2542342 49.3349645, -123.254396 49.3348931, -123.2545572 49.334806, -123.2545721 49.334798, -123.2546047 49.3347111, -123.254615 49.3346838, -123.2546292 49.3345553, -123.2547006 49.334403, -123.254795 49.3343309, -123.2548152 49.3342906, -123.2548196 49.3342031, -123.2548719 49.3341079, -123.2549624 49.3340556, -123.2549814 49.3339842, -123.2550956 49.3339318, -123.2552574 49.3338747, -123.2553478 49.3338034, -123.2555144 49.3337224, -123.2556667 49.3336796, -123.2557523 49.3336463, -123.2558761 49.3336178, -123.2559665 49.3335273, -123.2559998 49.3334369, -123.2561283 49.3334084, -123.2562711 49.3333322, -123.2563758 49.3332656, -123.2564947 49.3332132, -123.2565528 49.3331551, -123.2566042 49.3331038, -123.256611 49.3330646, -123.2566232 49.3329943, -123.2565947 49.3328611, -123.2566851 49.3328087, -123.2567898 49.3327945, -123.2568945 49.3327754, -123.2569849 49.3327374, -123.2570087 49.3326755, -123.2570706 49.3325708, -123.2572324 49.332547, -123.2573513 49.3324851, -123.2574263 49.3324774, -123.2574893 49.3324709, -123.2575893 49.332528, -123.2576702 49.3325755, -123.2577368 49.3326517, -123.2577749 49.3327421, -123.2578367 49.3327897, -123.2578748 49.3328801, -123.2578843 49.3329991, -123.2579414 49.3330657, -123.2579557 49.3331752, -123.2580699 49.3332513, -123.2582032 49.3332656, -123.2583079 49.333199, -123.2584411 49.3331894, -123.2584999 49.3331683, -123.2585982 49.3331799, -123.2587505 49.3331276, -123.2587171 49.3330324, -123.2586505 49.3329277, -123.2585934 49.3328515, -123.2585791 49.3328325, -123.2586294 49.3327196, -123.2586981 49.3326279, -123.2588218 49.3326184, -123.2590027 49.3326374, -123.2591217 49.3325993, -123.2592053 49.3325497, -123.2592739 49.3325089, -123.2594643 49.3325089, -123.2594816 49.3325151, -123.2596118 49.3325613, -123.2597594 49.3325565, -123.2598092 49.3325451, -123.2599878 49.3325042, -123.2601543 49.3325137, -123.2603399 49.3325565, -123.2604922 49.3326707, -123.2605498 49.3327164, -123.2606302 49.3327802, -123.2607254 49.3328849, -123.2608729 49.3329182, -123.2610109 49.3329658, -123.2612203 49.3330752, -123.2613631 49.3331323, -123.2614708 49.3330929, -123.2615059 49.33308, -123.2615773 49.3330134, -123.2616106 49.3328516, -123.2616153 49.3326755, -123.2616534 49.3325232, -123.2616486 49.3323709, -123.2616391 49.3322615, -123.2616538 49.3321954, -123.2616772 49.3320901, -123.261701 49.3318903, -123.2616534 49.3316285, -123.2616391 49.3315, -123.2616153 49.3313097, -123.2615656 49.3311499, -123.26155 49.330916, -123.2616041 49.3308619, -123.26163 49.3308572, -123.2617656 49.3308358, -123.2617906 49.3307394, -123.2618513 49.3307108, -123.2620155 49.3306644, -123.2621582 49.3306573, -123.2622546 49.3306288, -123.2623189 49.3304967, -123.2624117 49.3304896, -123.2625401 49.3305145, -123.2626651 49.3305288, -123.2627686 49.330511, -123.2628649 49.3304717, -123.2629495 49.3304075, -123.2630505 49.3303611, -123.263179 49.3303753, -123.2632504 49.3303611, -123.2633325 49.3303254, -123.2634788 49.3302754, -123.2634432 49.3301612, -123.2636145 49.3301469, -123.2637001 49.3302254, -123.2638036 49.3301897, -123.2639346 49.330165, -123.2640356 49.3301398, -123.2640356 49.330121, -123.2640356 49.3300291, -123.2640999 49.3299792, -123.2641963 49.3299542, -123.264364 49.3298542, -123.2644782 49.3298364, -123.2646246 49.32984, -123.2646887 49.3298384, -123.2647709 49.3298364, -123.2648637 49.3297864, -123.2649815 49.3297472, -123.2651385 49.3297936, -123.2651635 49.3298935, -123.265135 49.329997, -123.2651849 49.330022, -123.2652741 49.3300256, -123.2652884 49.3301362, -123.2653098 49.3302254, -123.2653848 49.3302326, -123.2654669 49.3302254, -123.2654919 49.3302861, -123.2655918 49.3303361, -123.2656353 49.3303022, -123.2656561 49.3302861, -123.2657132 49.3303396, -123.2657081 49.3303932, -123.2657025 49.3304539, -123.2656703 49.3305003, -123.2656917 49.3305538, -123.2657524 49.3305824, -123.265781 49.3306573, -123.2657381 49.3307251, -123.2658095 49.3308286, -123.2659344 49.3308822, -123.2661165 49.3308465, -123.2663164 49.3308322, -123.2663503 49.330782, -123.2663984 49.3307108, -123.2665341 49.3306787, -123.2667244 49.3307104, -123.2667482 49.3307144, -123.2668981 49.3308072, -123.2668767 49.3309179, -123.2668232 49.3310071, -123.266866 49.3310713, -123.2669303 49.3311784, -123.2669874 49.3312462, -123.2670552 49.3313033, -123.2671979 49.3313711, -123.2672551 49.3314068, -123.267355 49.3314568, -123.2674228 49.331439, -123.2674439 49.331453, -123.267487 49.3314818, -123.267537 49.3315139, -123.2675513 49.3316103, -123.267587 49.331646, -123.2676619 49.3317352, -123.2676726 49.3318102, -123.267593 49.3319037, -123.2676066 49.3319195, -123.2676655 49.3319672, -123.2677155 49.3320493, -123.2677056 49.3320845, -123.2677362 49.3321354, -123.2676834 49.3322135, -123.2677226 49.3322991, -123.2677512 49.3323955, -123.267794 49.3324954, -123.2678475 49.3326025, -123.2679189 49.3326525, -123.2680545 49.3326739, -123.2680831 49.3327453, -123.2680724 49.3328345, -123.2681331 49.3329095, -123.2681485 49.3329896, -123.2681509 49.3330023, -123.2682009 49.3330915, -123.268283 49.3332057, -123.2684257 49.3332378, -123.2685828 49.3332128, -123.2687006 49.3333342, -123.2686886 49.333433, -123.2686817 49.3334558, -123.2685542 49.3335626, -123.2684365 49.3336804, -123.2683865 49.3338089, -123.2682509 49.333916, -123.2681295 49.3340052, -123.268125 49.3340545, -123.2681152 49.3341623, -123.2681295 49.3343514, -123.2680296 49.3344228, -123.2680168 49.3344405, -123.2679475 49.334537, -123.2679618 49.3346477, -123.2680328 49.3347365, -123.2681081 49.3348511, -123.2681652 49.3349225, -123.2682045 49.3349796, -123.2683151 49.335001, -123.2683472 49.3350724, -123.2683536 49.3351142, -123.2683651 49.3351902, -123.26844 49.335208, -123.26844 49.3352973, -123.2684365 49.3353793, -123.2683365 49.335415, -123.2682473 49.335515, -123.2682223 49.3356078, -123.2682362 49.3357329, -123.2683222 49.3357648, -123.26844 49.335772, -123.2686042 49.3358112, -123.2687006 49.3358612, -123.2687363 49.3359326, -123.2687755 49.3359361, -123.2688057 49.3359681, -123.2688362 49.3360004, -123.268854 49.3360539, -123.2689115 49.3360884, -123.2689433 49.3361075, -123.2690289 49.3361503, -123.2690646 49.3362467, -123.269086 49.3363216, -123.2690076 49.3363626, -123.2689004 49.3364216, -123.2688433 49.3364751, -123.2689397 49.3365429, -123.2690111 49.3365715, -123.2691075 49.3365893, -123.2692145 49.3366214, -123.269284 49.3366313, -123.2693644 49.3366428, -123.269418 49.3366857, -123.2695286 49.3367142, -123.2696179 49.3367214, -123.2696179 49.3368106, -123.26965 49.3368713, -123.2697214 49.3368963, -123.2697713 49.3369319, -123.2697385 49.3369866, -123.2697071 49.337039, -123.2696678 49.3371033, -123.2698499 49.3371247, -123.2699034 49.3372425, -123.2698391 49.3373042, -123.2698142 49.3373281, -123.2696999 49.3373924, -123.2696286 49.3374852, -123.2695857 49.3375815, -123.2695179 49.3377136, -123.2694501 49.3378635, -123.2693359 49.3379813, -123.2692931 49.3380884, -123.2692966 49.3381705, -123.2693609 49.3382133, -123.2693537 49.3383132, -123.2693038 49.3383596, -123.2693038 49.3384381, -123.2693752 49.3385345, -123.2693359 49.3386059, -123.2692502 49.3387879, -123.2692382 49.3388341, -123.2692252 49.3388843, -123.2691574 49.3389735, -123.2691396 49.3390842, -123.2690718 49.3392484, -123.2690218 49.3393947, -123.2690004 49.3395303, -123.2689804 49.3395771, -123.2689576 49.3396303, -123.2689718 49.339773, -123.2690432 49.3398765, -123.2691646 49.3399336, -123.269255 49.3399146, -123.2692669 49.3399292, -123.2694155 49.3399103, -123.2697605 49.3399345, -123.2698372 49.3400225, -123.2699006 49.3402145, -123.2699289 49.3402628, -123.2699319 49.3403834, -123.2698713 49.3405154, -123.2698606 49.3406725, -123.2697999 49.3408616, -123.269675 49.3409794, -123.2694679 49.3413149, -123.2693859 49.3414541, -123.2693252 49.341629, -123.2692324 49.3418039, -123.2690753 49.3419574, -123.2689219 49.3420751, -123.2687398 49.3421644, -123.2686363 49.3423393, -123.2683187 49.342814, -123.2683743 49.3428183, -123.2684579 49.3428247, -123.26844 49.3428711, -123.2680081 49.3433422, -123.2679796 49.3433779, -123.2679054 49.3433675, -123.2678011 49.3433529, -123.267719 49.3434422, -123.2676227 49.3436099, -123.2675691 49.3437384, -123.2675727 49.3438419, -123.2676262 49.3439204, -123.2677833 49.343974, -123.2679974 49.344081, -123.2680296 49.3441631, -123.267951 49.3442095, -123.2677904 49.3442238, -123.2676227 49.344181, -123.2674906 49.3442488, -123.2675049 49.3443559, -123.2675513 49.344438, -123.2676262 49.3444272, -123.2677547 49.3444058, -123.2679225 49.3444736, -123.2680367 49.3445522, -123.268076 49.3447378, -123.2680969 49.3448631, -123.267608 49.345145, -123.266022 49.3451, -123.265145 49.345475, -123.264742 49.346201, -123.263 49.34619, -123.26281 49.345352, -123.262128 49.345497, -123.261983 49.346044, -123.260396 49.34591, -123.259563 49.345888, -123.259201 49.346182, -123.258567 49.346474, -123.257932 49.346714, -123.257783 49.346873, -123.257857 49.3472, -123.257783 49.348065, -123.257581 49.348748, -123.258264 49.34926, -123.258418 49.349626, -123.257545 49.349782, -123.256781 49.35006, -123.256375 49.3503, -123.256043 49.350488, -123.255631 49.350585, -123.255328 49.350605, -123.255135 49.350345, -123.254079 49.350002, -123.252462 49.350689, -123.252062 49.350904, -123.251581 49.351653, -123.250152 49.351313, -123.248078 49.351228, -123.246451 49.350997, -123.246013 49.35025)))"
88978,British Properties,Neighborhood,N,Neighborhood,North,British Properties,,CAN,"Vancouver, BC",49.334606,-123.140435,20220419,481102.434,Canada,British Columbia,"Vancouver, BC",West Vancouver,"MULTIPOLYGON (((-123.1349 49.337835, -123.134965 49.333561, -123.135865 49.333547, -123.136553 49.333547, -123.13711 49.333361, -123.137454 49.333064, -123.138071 49.332475, -123.139033 49.331952, -123.140207 49.331516, -123.140683 49.33136, -123.141427 49.331362, -123.143173 49.331334, -123.143153 49.330343, -123.145946 49.330413, -123.145944 49.334537, -123.143108 49.334532, -123.143133 49.338348, -123.136435 49.337979, -123.1349 49.337835)))"
89022,Panorama,Neighborhood,N,Neighborhood,North,Panorama,,CAN,"Vancouver, BC",49.332506,-123.129919,20220419,815962.156,Canada,British Columbia,"Vancouver, BC",West Vancouver,"MULTIPOLYGON (((-123.1221912 49.3333477, -123.1226359 49.3333519, -123.1235 49.33336, -123.123401 49.331211, -123.124269 49.331182, -123.124476 49.328911, -123.12959 49.328282, -123.130966 49.327495, -123.131292 49.3267361, -123.131304 49.326708, -123.1319586 49.3268455, -123.13358 49.327186, -123.135063 49.327174, -123.1350488 49.3280985, -123.135021 49.329906, -123.135011 49.330826, -123.134965 49.333561, -123.1349 49.337835, -123.129672 49.337684, -123.124195 49.334857, -123.123261 49.334344, -123.1221238 49.3337031, -123.1221912 49.3333477)))"
89026,Upper Levels Highway,Neighborhood,N,Neighborhood,North,Upper Levels Highway,,CAN,"Vancouver, BC",49.345587,-123.175081,20220419,242303.561,Canada,British Columbia,"Vancouver, BC",West Vancouver,"MULTIPOLYGON (((-123.176118 49.347358, -123.175873 49.346766, -123.174973 49.346818, -123.174112 49.346839, -123.173304 49.346934, -123.17261 49.346991, -123.171258 49.34699, -123.170331 49.346995, -123.170303 49.345899, -123.169404 49.345225, -123.1705 49.34396, -123.17331 49.343946, -123.175911 49.344086, -123.180242 49.344501, -123.180032 49.347311, -123.178332 49.347353, -123.177042 49.347304, -123.176118 49.347358)))"
89061,Wentworth and Cypress Bowl,Neighborhood,N,Neighborhood,North,Wentworth and Cypress Bowl,,CAN,"Vancouver, BC",49.342655,-123.150678,20220419,1157859.122,Canada,British Columbia,"Vancouver, BC",West Vancouver,"MULTIPOLYGON (((-123.147302 49.345615, -123.147229 49.345239, -123.146788 49.345537, -123.145928 49.346021, -123.145327 49.346133, -123.14467 49.346259, -123.144344 49.345706, -123.142968 49.345158, -123.14152 49.344455, -123.139975 49.343233, -123.139329 49.342699, -123.139174 49.34218, -123.13843 49.34173, -123.137152 49.341225, -123.136989 49.340773, -123.137451 49.339603, -123.137401 49.339349, -123.137131 49.33888, -123.136435 49.337979, -123.143133 49.338348, -123.145823 49.338594, -123.14779 49.339268, -123.150262 49.340926, -123.152241 49.342025, -123.156638 49.341839, -123.161201 49.341869, -123.166058 49.341843, -123.170597 49.341825, -123.1705 49.34396, -123.1674964 49.3442297, -123.160573 49.343748, -123.160668 49.345459, -123.158185 49.345413, -123.156589 49.345426, -123.15405 49.345413, -123.154086 49.347152, -123.153517 49.346921, -123.152514 49.346882, -123.151693 49.346772, -123.149384 49.346317, -123.148097 49.346243, -123.147683 49.346201, -123.147371 49.346077, -123.147302 49.345615)))"
88924,Cypress Park and Upper Caulfeild,Neighborhood,N,Neighborhood,West,Cypress Park and Upper Caulfeild,,CAN,"Vancouver, BC",49.343187,-123.210532,20220419,846998.72,Canada,British Columbia,"Vancouver, BC",West Vancouver,"MULTIPOLYGON (((-123.2026723 49.3379118, -123.202716 49.3378879, -123.2029105 49.3378778, -123.2029235 49.3378771, -123.203177 49.337842, -123.2032508 49.3378844, -123.203329 49.3379293, -123.2033756 49.3380007, -123.2034747 49.3380131, -123.2034899 49.338015, -123.2035911 49.3380683, -123.2037611 49.3381578, -123.2037637 49.3381783, -123.2037659 49.3381958, -123.2037183 49.3382625, -123.203842 49.3383434, -123.2039182 49.3383719, -123.2040942 49.3384385, -123.2041656 49.3385194, -123.2041276 49.3386384, -123.204237 49.3387193, -123.2043512 49.3387764, -123.2043496 49.3388046, -123.2043465 49.3388573, -123.2043465 49.3388883, -123.2043465 49.338962, -123.2044321 49.3391143, -123.2045797 49.3393189, -123.2047795 49.3395093, -123.2049794 49.3396568, -123.2052031 49.3397472, -123.2053649 49.3397425, -123.2055219 49.3397044, -123.2057123 49.3397758, -123.2057741 49.3398472, -123.205717 49.3399424, -123.2057292 49.3399586, -123.2057473 49.3399827, -123.2057599 49.3399995, -123.2059407 49.3400899, -123.2062198 49.3401934, -123.2062691 49.3402231, -123.2065594 49.3402802, -123.2067402 49.3402231, -123.2068449 49.340147, -123.2069639 49.3401232, -123.2071304 49.340128, -123.2073541 49.3400756, -123.2075873 49.3400566, -123.2076825 49.3399709, -123.2077681 49.3400137, -123.2080727 49.3399947, -123.2082059 49.3399424, -123.2084106 49.3399424, -123.2085676 49.3399376, -123.2087437 49.3398995, -123.2088817 49.3399471, -123.2090007 49.3400375, -123.2091863 49.3401327, -123.2093766 49.3401042, -123.2095147 49.340009, -123.2097193 49.3399281, -123.2098906 49.3399757, -123.2100096 49.340028, -123.2101381 49.3401422, -123.2101528 49.3401564, -123.210222 49.3402229, -123.2102618 49.3402612, -123.2102951 49.3403945, -123.210376 49.3405182, -123.2104712 49.3406086, -123.2106758 49.3406467, -123.2108091 49.3407181, -123.210909 49.3407752, -123.2110423 49.3407752, -123.2112992 49.3407466, -123.2114753 49.3407514, -123.2116657 49.3407704, -123.211837 49.3408751, -123.2120178 49.3409132, -123.2122368 49.3408894, -123.212378 49.3408541, -123.212948 49.341439, -123.213833 49.34161, -123.214648 49.341505, -123.215111 49.341511, -123.215384 49.341216, -123.215774 49.341051, -123.216285 49.340808, -123.216558 49.340549, -123.216883 49.340301, -123.217633 49.340143, -123.218282 49.339929, -123.218817 49.339762, -123.219044 49.339662, -123.219222 49.339694, -123.219543 49.339665, -123.219864 49.33955, -123.220292 49.33948, -123.220969 49.339712, -123.221432 49.339969, -123.220921 49.341143, -123.219333 49.340989, -123.219346 49.342008, -123.218574 49.342099, -123.217661 49.34245, -123.21717 49.342731, -123.217198 49.343377, -123.217809 49.343458, -123.218341 49.343462, -123.219289 49.343456, -123.219839 49.343458, -123.220517 49.343526, -123.220643 49.343657, -123.220746 49.34408, -123.220459 49.344328, -123.220305 49.344513, -123.220215 49.344797, -123.220292 49.345377, -123.219034 49.345483, -123.218303 49.345561, -123.217335 49.345683, -123.216783 49.345954, -123.216425 49.346412, -123.2115 49.346237, -123.20257 49.346893, -123.202685 49.345934, -123.20239 49.344698, -123.20232 49.344066, -123.202376 49.343756, -123.202376 49.343265, -123.202573 49.343068, -123.202475 49.342408, -123.203008 49.341916, -123.202728 49.341214, -123.202826 49.340483, -123.202784 49.339767, -123.202531 49.339275, -123.2026723 49.3379118)))"
88914,Altamont,Neighborhood,N,Neighborhood,West,Altamont,,CAN,"Vancouver, BC",49.373802,-123.281257,20220419,1218572.696,Canada,British Columbia,"Vancouver, BC",West Vancouver,"MULTIPOLYGON (((-123.2747908 49.3807079, -123.2746576 49.3806603, -123.2745053 49.3807269, -123.2743244 49.3806603, -123.2742099 49.3804808, -123.274069 49.379855, -123.2741791 49.3796349, -123.274334 49.3794801, -123.2742896 49.3794141, -123.274893 49.378208, -123.275419 49.376675, -123.274733 49.375416, -123.2744552 49.375313, -123.272697 49.374661, -123.2711626 49.3743789, -123.2720262 49.3725215, -123.2745008 49.3711414, -123.2761639 49.3681783, -123.277067 49.368141, -123.284342 49.368392, -123.284182 49.368919, -123.284594 49.369422, -123.2846751 49.3696946, -123.2847226 49.3698542, -123.284846 49.370269, -123.2848559 49.3703567, -123.2848335 49.3704067, -123.2848121 49.3704067, -123.2848621 49.3705352, -123.2848806 49.370574, -123.2849475 49.3711649, -123.2849413 49.3713055, -123.284525 49.371984, -123.285715 49.372328, -123.2857458 49.3723072, -123.2859471 49.3723127, -123.2862755 49.3722056, -123.2863183 49.37202, -123.2864754 49.37192, -123.2866895 49.3718201, -123.2867395 49.3717559, -123.2869179 49.3716274, -123.2871718 49.3714814, -123.2877069 49.3712405, -123.2877745 49.3713204, -123.2879387 49.3713061, -123.2884313 49.3711063, -123.2889238 49.3710349, -123.2893093 49.3710777, -123.2896876 49.3711134, -123.2901659 49.3711134, -123.2902468 49.3710844, -123.291114 49.371252, -123.291183 49.371801, -123.2912948 49.3718825, -123.291358 49.3719629, -123.2915222 49.3721342, -123.2918006 49.3723055, -123.2918956 49.3723201, -123.291938 49.372351, -123.2919685 49.3723314, -123.292079 49.3723483, -123.2922289 49.3722199, -123.2923375 49.3720941, -123.2923822 49.3720653, -123.2925144 49.3720842, -123.2926643 49.3719986, -123.2928285 49.3719058, -123.2929142 49.3720057, -123.2930784 49.3721699, -123.2932568 49.3722341, -123.2934571 49.3722141, -123.293471 49.3722127, -123.2935424 49.3723198, -123.2935495 49.3725911, -123.2935424 49.3728195, -123.2934424 49.3729979, -123.2933353 49.3731407, -123.2930998 49.3732978, -123.2930641 49.3734762, -123.2930835 49.3736024, -123.2930343 49.373645, -123.292259 49.374318, -123.2918097 49.3745875, -123.2914493 49.3748018, -123.2913437 49.3748396, -123.291151 49.3749396, -123.2909583 49.3750823, -123.2909583 49.3750983, -123.290657 49.375279, -123.2909797 49.3754176, -123.2910868 49.3754678, -123.2911317 49.3755227, -123.2910314 49.3761218, -123.291 49.376309, -123.290268 49.376926, -123.290232 49.37693, -123.289808 49.3769774, -123.2896577 49.3769673, -123.2894959 49.3768626, -123.2895244 49.3766628, -123.289572 49.3764153, -123.2896767 49.3762821, -123.2897052 49.3759109, -123.289742 49.375828, -123.28814 49.375256, -123.287454 49.375508, -123.287202 49.375966, -123.286035 49.376263, -123.285572 49.3768481, -123.285166 49.377361, -123.2850666 49.3774192, -123.284092 49.3779894, -123.2835282 49.3782713, -123.2834554 49.3783036, -123.2810918 49.3790714, -123.2810228 49.3790729, -123.2808536 49.3790766, -123.2800393 49.3786007, -123.2799971 49.3785187, -123.2797401 49.3783855, -123.2793879 49.378376, -123.2793389 49.3783938, -123.279286 49.378391, -123.2792355 49.3784314, -123.2790738 49.3784902, -123.2787978 49.3787186, -123.2778746 49.3794991, -123.277294 49.3798988, -123.2766373 49.3803081, -123.2760852 49.3804604, -123.2760771 49.3804809, -123.2752191 49.3807364, -123.2748194 49.380765, -123.2747908 49.3807079)))"
88979,Caulfeild,Neighborhood,N,Neighborhood,West,Caulfeild,,CAN,"Vancouver, BC",49.338563,-123.180347,20220419,2008078.44,Canada,British Columbia,"Vancouver, BC",West Vancouver,"MULTIPOLYGON (((-123.175911 49.344086, -123.17331 49.343946, -123.1705 49.34396, -123.170597 49.341825, -123.170809 49.336711, -123.170921 49.331878, -123.171216 49.328296, -123.1712774 49.3281253, -123.1715622 49.3283235, -123.1719787 49.3287161, -123.1723832 49.3290373, -123.1726687 49.3293228, -123.1729773 49.3295778, -123.1733136 49.3299161, -123.1739521 49.3304419, -123.1744396 49.3308249, -123.1755817 49.3313567, -123.1758273 49.3314322, -123.1759999 49.3315238, -123.1760195 49.3315303, -123.17669 49.3317499, -123.1772492 49.3319521, -123.1777845 49.3320235, -123.1780225 49.3319878, -123.1784746 49.332083, -123.1784932 49.3320824, -123.1788553 49.3320711, -123.1792955 49.3321306, -123.1797952 49.3321544, -123.1798162 49.3321666, -123.180164 49.3323685, -123.1804971 49.3325708, -123.1806973 49.3325935, -123.1811277 49.3326422, -123.1815441 49.3326779, -123.1820438 49.3327849, -123.182484 49.3327849, -123.1825058 49.3325099, -123.1825418 49.3320568, -123.1825435 49.3320354, -123.1827219 49.3320354, -123.1827301 49.3321251, -123.1827457 49.3322972, -123.1827914 49.3323466, -123.1828885 49.3324518, -123.183174 49.3327374, -123.183519 49.3330467, -123.1840663 49.3333322, -123.1843994 49.333356, -123.184685 49.333356, -123.1849824 49.3333203, -123.1855297 49.3334393, -123.1859818 49.3336891, -123.1863744 49.333939, -123.1869217 49.3341769, -123.1873381 49.3345219, -123.1877069 49.334748, -123.1881882 49.3348574, -123.1882304 49.334867, -123.1885992 49.3349146, -123.1887721 49.3349362, -123.1887895 49.3349384, -123.1893844 49.3349621, -123.1900983 49.3349503, -123.1905575 49.3348907, -123.190361 49.336068, -123.190389 49.336925, -123.190379 49.337428, -123.190308 49.338383, -123.190835 49.339507, -123.191229 49.342036, -123.19092 49.343328, -123.190807 49.344508, -123.191004 49.345604, -123.190779 49.346475, -123.190077 49.347093, -123.18866 49.346524, -123.187527 49.345885, -123.1857 49.34507, -123.182497 49.344592, -123.180242 49.344501, -123.175911 49.344086)))"
89048,Westmount,Neighborhood,N,Neighborhood,West,Westmount,,CAN,"Vancouver, BC",49.348819,-123.180497,20220419,828288.848,Canada,British Columbia,"Vancouver, BC",West Vancouver,"MULTIPOLYGON (((-123.170331 49.346995, -123.171258 49.34699, -123.17261 49.346991, -123.173304 49.346934, -123.174112 49.346839, -123.174973 49.346818, -123.175873 49.346766, -123.176118 49.347358, -123.177042 49.347304, -123.178332 49.347353, -123.180032 49.347311, -123.180242 49.344501, -123.182497 49.344592, -123.1857 49.34507, -123.187527 49.345885, -123.18866 49.346524, -123.190077 49.347093, -123.190387 49.347458, -123.190533 49.347975, -123.190877 49.349013, -123.191213 49.35101, -123.190189 49.351016, -123.188709 49.350999, -123.187817 49.350994, -123.187123 49.35101, -123.186305 49.350956, -123.185478 49.350816, -123.184478 49.350535, -123.183462 49.350195, -123.182119 49.349884, -123.180152 49.349604, -123.179832 49.352126, -123.177471 49.351564, -123.175814 49.352295, -123.174015 49.352604, -123.170127 49.352804, -123.169712 49.350351, -123.172662 49.349638, -123.170331 49.346995)))"
89058,Horseshoe Bay,Neighborhood,N,Neighborhood,West,Horseshoe Bay,,CAN,"Vancouver, BC",49.325308,-123.114099,20220419,346593.739,Canada,British Columbia,"Vancouver, BC",North Vancouver,"MULTIPOLYGON (((-123.107994 49.325045, -123.10569 49.324727, -123.102251 49.324736, -123.102251 49.324453, -123.102253 49.324126, -123.102142 49.324122, -123.102141 49.323853, -123.10231 49.323853, -123.110628 49.323962, -123.11477 49.323976, -123.118912 49.32399, -123.121162 49.324005, -123.122533 49.324328, -123.119861 49.326698, -123.118962 49.327487, -123.118525 49.32829, -123.118044 49.328006, -123.117449 49.327544, -123.116538 49.32731, -123.114829 49.327071, -123.111928 49.326833, -123.107994 49.325045)))"
