135136,Lansdowne,Neighborhood,N,Neighborhood,Central,Lansdowne,,CAN,"Prince George, BC",53.88135,-122.76407,20220419,913047.883,Canada,British Columbia,"Prince George, BC",Prince George,"MULTIPOLYGON (((-122.7623141 53.886294, -122.7615631 53.886277, -122.7612769 53.88629, -122.7609389 53.88619, -122.7589132 53.886124, -122.757066 53.88609, -122.758236 53.885203, -122.7596062 53.883327, -122.7601688 53.881332, -122.759645 53.878892, -122.7575902 53.875021, -122.7571672 53.874429, -122.7620581 53.874139, -122.7622208 53.874271, -122.7625531 53.874528, -122.7626539 53.874637, -122.762826 53.874808, -122.7630521 53.87506, -122.7634549 53.875456, -122.7636382 53.875601, -122.7637688 53.875672, -122.7639629 53.875738, -122.7641821 53.875798, -122.764459 53.875962, -122.7648038 53.876117, -122.76504 53.876221, -122.7653989 53.876332, -122.7657539 53.876442, -122.76616 53.876567, -122.7668332 53.876758, -122.767353 53.876894, -122.7678908 53.87702, -122.7681569 53.877069, -122.7684211 53.877111, -122.7686681 53.877152, -122.768933 53.877189, -122.769225 53.87723, -122.7694759 53.877262, -122.7705363 53.8774209, -122.7700086 53.8810146, -122.7697231 53.883099, -122.7688171 53.884601, -122.7675245 53.8862113, -122.7673389 53.8868681, -122.7672856 53.8888695, -122.76495 53.888853, -122.7629761 53.888831, -122.7624559 53.888828, -122.7624548 53.888394, -122.7624772 53.887558, -122.7624941 53.887038, -122.7625459 53.886819, -122.7626269 53.886684, -122.7627619 53.88652, -122.7623141 53.886294)))"
135137,Emerald Estates,Neighborhood,S,Sub Neighborhood,,,Emerald Estates,CAN,"Prince George, BC",54.000291,-122.793826,20220419,402214.809,Canada,British Columbia,"Prince George, BC",Prince George,"MULTIPOLYGON (((-122.7914039 54.003448, -122.7909082 54.003441, -122.7901072 54.003444, -122.7890851 54.003426, -122.7890819 54.003254, -122.78898 54.002644, -122.7889019 54.001562, -122.78893 54.00011, -122.7889328 53.998849, -122.7889238 53.997674, -122.7888889 53.996142, -122.790033 53.996148, -122.790816 53.996148, -122.790816 53.996685, -122.7908182 53.99731, -122.7908279 53.998003, -122.7908362 53.998373, -122.7905971 53.998656, -122.7907552 53.99879, -122.7909481 53.998782, -122.7915191 53.998777, -122.7921199 53.998782, -122.7935621 53.998779, -122.7941669 53.998773, -122.7945809 53.998762, -122.7952559 53.998773, -122.795258 53.997984, -122.795266 53.997325, -122.795595 53.99733, -122.7965789 53.997341, -122.7971779 53.997357, -122.7983108 53.997362, -122.7997822 53.997371, -122.8002232 53.997919, -122.8006199 53.998575, -122.8007745 53.999109, -122.8008748 53.9994556, -122.8006688 53.99948, -122.8000219 53.99949, -122.800014 53.999703, -122.7991799 53.999698, -122.7982388 53.999687, -122.7977449 53.999687, -122.7975558 53.9996784, -122.7975149 54.003445, -122.7971318 54.003456, -122.7965918 54.003446, -122.7962639 54.003453, -122.795226 54.003461, -122.7942158 54.003469, -122.7924151 54.003471, -122.7917902 54.003456, -122.7914039 54.003448)))"
135138,Pulpmill Road,Neighborhood,N,Neighborhood,East,Pulpmill Road,,CAN,"Prince George, BC",53.924878,-122.701981,20220419,7051532.512,Canada,British Columbia,"Prince George, BC",Prince George,"MULTIPOLYGON (((-122.730232 53.932531, -122.7298979 53.932289, -122.72585 53.932288, -122.725413 53.932479, -122.7244921 53.932574, -122.7234668 53.932168, -122.7228998 53.932184, -122.722245 53.932512, -122.7221939 53.933398, -122.7197002 53.933449, -122.7166582 53.933461, -122.7133141 53.933487, -122.7090769 53.933512, -122.7055432 53.933539, -122.7007289 53.933538, -122.700235 53.93285, -122.6987438 53.931924, -122.6949952 53.930735, -122.6895908 53.929449, -122.6854379 53.928877, -122.681462 53.928828, -122.6774279 53.929253, -122.6731511 53.929867, -122.6709331 53.929794, -122.667552 53.929318, -122.6650579 53.927907, -122.664456 53.926529, -122.6644589 53.925199, -122.6656732 53.9233, -122.6682389 53.921169, -122.671355 53.918581, -122.675189 53.916351, -122.678982 53.915024, -122.682208 53.914574, -122.6862799 53.9146, -122.6957191 53.915792, -122.7022499 53.917078, -122.7078911 53.916961, -122.7118432 53.916084, -122.714091 53.915549, -122.717056 53.919228, -122.7188369 53.921577, -122.719774 53.922323, -122.7209461 53.92282, -122.7236659 53.923401, -122.7258709 53.924037, -122.7282149 53.925225, -122.7306071 53.926358, -122.733356 53.926846, -122.7360751 53.92703, -122.7380288 53.927064, -122.741266 53.926847, -122.7436448 53.926814, -122.7452872 53.926964, -122.7484829 53.927465, -122.7503239 53.927698, -122.7516671 53.927694, -122.7519608 53.929033, -122.7527741 53.930131, -122.750514 53.931206, -122.7498772 53.931358, -122.749313 53.930771, -122.7461749 53.931259, -122.745456 53.931571, -122.7448598 53.931692, -122.744133 53.931795, -122.7438749 53.931909, -122.7434861 53.932082, -122.7432892 53.932102, -122.743066 53.932069, -122.742599 53.931906, -122.7420068 53.93169, -122.7416861 53.931561, -122.741266 53.931362, -122.74079 53.931307, -122.740321 53.9313, -122.7399019 53.93134, -122.739512 53.931337, -122.7389602 53.931336, -122.737513 53.930878, -122.736501 53.930635, -122.7360899 53.930756, -122.7356359 53.931043, -122.734751 53.931724, -122.7342971 53.931966, -122.7334702 53.932117, -122.7332491 53.932355, -122.7326069 53.932347, -122.730232 53.932531)))"
135139,Blackburn,Neighborhood,N,Neighborhood,East,Blackburn,,CAN,"Prince George, BC",53.903214,-122.640309,20220419,17740669.61,Canada,British Columbia,"Prince George, BC",Prince George,"MULTIPOLYGON (((-122.6166052 53.915862, -122.6166239 53.915074, -122.6166149 53.912841, -122.610753 53.912824, -122.604538 53.912871, -122.6045182 53.909183, -122.6045221 53.906039, -122.604547 53.904325, -122.604619 53.902624, -122.604674 53.900498, -122.6047399 53.899045, -122.6047612 53.898381, -122.6047601 53.89744, -122.6047568 53.896909, -122.604755 53.896177, -122.6047388 53.89551, -122.6047129 53.894856, -122.6046769 53.892843, -122.6046359 53.89105, -122.6063311 53.891024, -122.6078251 53.891023, -122.609164 53.891036, -122.6106158 53.891032, -122.6109679 53.89103, -122.6114399 53.891047, -122.611892 53.891042, -122.61235 53.891031, -122.6126369 53.891037, -122.61308 53.89106, -122.6134148 53.891066, -122.6143109 53.891047, -122.6155838 53.891043, -122.6165749 53.891028, -122.6169709 53.890984, -122.617174 53.89097, -122.6179559 53.890974, -122.6187112 53.890977, -122.619569 53.891012, -122.6205839 53.891035, -122.623952 53.891047, -122.6269901 53.891025, -122.628888 53.89103, -122.6288639 53.887707, -122.628821 53.886498, -122.6287991 53.885908, -122.6289391 53.885647, -122.6289791 53.885143, -122.6289622 53.884106, -122.6289532 53.883062, -122.6289121 53.882137, -122.6289172 53.881399, -122.628928 53.881172, -122.6288048 53.881033, -122.628785 53.880905, -122.6287811 53.880733, -122.628812 53.880258, -122.628892 53.879127, -122.6289049 53.877606, -122.62887 53.876553, -122.6310289 53.876557, -122.6320762 53.876558, -122.633023 53.876557, -122.633878 53.876555, -122.634792 53.876543, -122.6356711 53.876541, -122.636196 53.876547, -122.6376731 53.876592, -122.6385022 53.876613, -122.639031 53.876618, -122.6400001 53.876609, -122.6411032 53.876615, -122.6423408 53.876562, -122.646375 53.876521, -122.648265 53.876527, -122.6485822 53.876605, -122.6488342 53.876616, -122.6496161 53.876617, -122.650663 53.876609, -122.6531768 53.876565, -122.6532769 53.877869, -122.653373 53.878615, -122.6534101 53.879173, -122.653373 53.880191, -122.6544548 53.880192, -122.6555888 53.880168, -122.656351 53.880193, -122.6573482 53.880219, -122.6580592 53.880277, -122.659155 53.880273, -122.6611739 53.880277, -122.6614421 53.880275, -122.6617229 53.880248, -122.661954 53.880488, -122.662121 53.880711, -122.6623471 53.881042, -122.6625592 53.881424, -122.6627258 53.881828, -122.6628472 53.882184, -122.6632471 53.883623, -122.663776 53.885497, -122.664352 53.887557, -122.6647141 53.888816, -122.664956 53.889695, -122.6653441 53.89109, -122.665586 53.891972, -122.665631 53.892165, -122.6656559 53.892355, -122.665676 53.892689, -122.665676 53.894676, -122.665676 53.896709, -122.6656789 53.89825, -122.6656951 53.899833, -122.66573 53.901266, -122.6655652 53.901933, -122.665522 53.902158, -122.6655299 53.903187, -122.6655439 53.904878, -122.665568 53.906373, -122.665581 53.906579, -122.665621 53.90672, -122.665693 53.906858, -122.66581 53.907006, -122.6662898 53.907507, -122.666396 53.907641, -122.666486 53.907818, -122.6666106 53.908471, -122.6666408 53.90899, -122.6666171 53.909721, -122.666557 53.910248, -122.6665019 53.910855, -122.6665102 53.911029, -122.6665328 53.911165, -122.6666801 53.911668, -122.666805 53.912174, -122.6668691 53.912481, -122.6669861 53.912661, -122.667701 53.91442, -122.6679239 53.915055, -122.6680891 53.91649, -122.6682389 53.921169, -122.6656732 53.9233, -122.6644589 53.925199, -122.664456 53.926529, -122.6650579 53.927907, -122.667552 53.929318, -122.667673 53.931563, -122.6630279 53.93157, -122.6556929 53.931646, -122.6500319 53.931702, -122.6500409 53.929803, -122.650083 53.927204, -122.6468081 53.927222, -122.6411791 53.927237, -122.641186 53.92587, -122.6411932 53.924507, -122.641218 53.922478, -122.6412112 53.921262, -122.6402629 53.921268, -122.6402489 53.920044, -122.6376331 53.920047, -122.6327332 53.920057, -122.6272331 53.920077, -122.6232151 53.920093, -122.6193851 53.9201, -122.6166221 53.920105, -122.6166149 53.917855, -122.6166052 53.915862)))"
135140,Kenworth Industrial Area,Neighborhood,S,Sub Neighborhood,,,Kenworth Industrial Area,CAN,"Prince George, BC",53.962314,-122.762706,20220419,317052.664,Canada,British Columbia,"Prince George, BC",Prince George,"MULTIPOLYGON (((-122.7679819 53.962673, -122.767938 53.962864, -122.7645146 53.9628788, -122.76454 53.965526, -122.764387 53.965526, -122.764064 53.965523, -122.763802 53.965516, -122.763569 53.965502, -122.763307 53.965485, -122.76288 53.965439, -122.7625369 53.965399, -122.7622309 53.965354, -122.7620491 53.965328, -122.7618029 53.965292, -122.7614332 53.965217, -122.7609832 53.965119, -122.7602099 53.964948, -122.7595 53.964787, -122.7587602 53.964621, -122.7581251 53.964474, -122.7572561 53.964284, -122.7557531 53.963951, -122.7541889 53.963603, -122.7542069 53.963156, -122.7541979 53.962883, -122.7553582 53.962937, -122.755532 53.962925, -122.755599 53.962788, -122.7557729 53.96277, -122.7570772 53.962767, -122.758618 53.96276, -122.7592649 53.962757, -122.7595151 53.962637, -122.7597811 53.962508, -122.7599212 53.962464, -122.7602362 53.962474, -122.760378 53.962473, -122.7607222 53.962315, -122.7609421 53.9622, -122.7610069 53.96202, -122.7610699 53.961828, -122.760963 53.961667, -122.7608431 53.961525, -122.7610552 53.961087, -122.76122 53.961015, -122.761458 53.961147, -122.7619271 53.960508, -122.7622399 53.960086, -122.7640601 53.960057, -122.76441 53.960048, -122.7644489 53.959886, -122.7644438 53.959168, -122.764442 53.958699, -122.764451 53.958199, -122.764459 53.957674, -122.764784 53.957675, -122.7653539 53.957677, -122.7658561 53.957682, -122.7659479 53.957994, -122.766088 53.958271, -122.7662258 53.958498, -122.766484 53.958898, -122.7666938 53.959187, -122.7669271 53.959521, -122.767011 53.959643, -122.7673199 53.960082, -122.7675481 53.960443, -122.7677558 53.960753, -122.7678581 53.960975, -122.7679171 53.961111, -122.7679589 53.961233, -122.768005 53.961422, -122.7680348 53.961593, -122.768055 53.961775, -122.76806 53.962039, -122.768041 53.96227, -122.7679819 53.962673)))"
135141,Aberdeen,Neighborhood,S,Sub Neighborhood,,,Aberdeen,CAN,"Prince George, BC",53.947224,-122.745611,20220419,3257844.946,Canada,British Columbia,"Prince George, BC",Prince George,"MULTIPOLYGON (((-122.7610019 53.94241, -122.7608438 53.943118, -122.7605872 53.943798, -122.760554 53.944062, -122.7601699 53.944849, -122.7599939 53.945145, -122.7595709 53.945697, -122.75906 53.946319, -122.7587411 53.946714, -122.758259 53.947289, -122.757727 53.947951, -122.757061 53.948758, -122.756395 53.949557, -122.7559219 53.950122, -122.7553841 53.950813, -122.754919 53.951348, -122.7543728 53.952005, -122.7538321 53.95264, -122.7532972 53.953287, -122.752737 53.953986, -122.7516919 53.955231, -122.7509392 53.95619, -122.7491471 53.956204, -122.7484688 53.956208, -122.7483 53.956211, -122.7482489 53.956473, -122.7464572 53.956481, -122.7443969 53.956471, -122.7408779 53.956519, -122.7393151 53.956483, -122.73646 53.95651, -122.731411 53.956487, -122.730161 53.956482, -122.73003 53.956444, -122.729953 53.956337, -122.729922 53.95598, -122.7298979 53.954202, -122.729891 53.952229, -122.7298792 53.950391, -122.729886 53.949598, -122.729873 53.948411, -122.729864 53.946356, -122.7298612 53.944731, -122.7299051 53.944321, -122.7301312 53.94421, -122.7302798 53.944183, -122.7308198 53.944155, -122.7333521 53.944143, -122.7356021 53.944166, -122.738215 53.944143, -122.7419341 53.944127, -122.7419741 53.944005, -122.7419759 53.943845, -122.7419842 53.943597, -122.742005 53.94336, -122.7419831 53.943159, -122.741996 53.942868, -122.7420158 53.942637, -122.7420281 53.942345, -122.7420439 53.941975, -122.7420421 53.941524, -122.742076 53.941044, -122.7420781 53.940791, -122.7420788 53.940543, -122.746248 53.940465, -122.7462458 53.938274, -122.746275 53.936232, -122.7511519 53.936217, -122.7561329 53.936222, -122.7570232 53.936222, -122.7580369 53.936236, -122.7584099 53.936234, -122.7594161 53.937453, -122.7601879 53.938268, -122.760832 53.939842, -122.7610019 53.94241)))"
135142,Fox Estates,Neighborhood,S,Sub Neighborhood,North West,Chief Lake,Fox Estates,CAN,"Prince George, BC",54.014786,-122.831915,20220419,296616.01,Canada,British Columbia,"Prince George, BC",Prince George,"MULTIPOLYGON (((-122.8317638 54.018065, -122.8312917 54.0180505, -122.827648 54.018055, -122.8275421 54.016332, -122.828004 54.015733, -122.8284781 54.015026, -122.828721 54.0146229, -122.829043 54.0141244, -122.8293119 54.013751, -122.8295819 54.0132901, -122.8298371 54.012895, -122.830087 54.012705, -122.8303328 54.012339, -122.8307321 54.011716, -122.830947 54.011359, -122.831235 54.011471, -122.831473 54.011535, -122.8316839 54.011585, -122.831901 54.011625, -122.8321789 54.011661, -122.8325141 54.011687, -122.832787 54.011689, -122.8331171 54.011681, -122.8334422 54.011661, -122.8336819 54.011635, -122.8339688 54.011599, -122.834228 54.011555, -122.834488 54.011492, -122.8347382 54.011425, -122.8350308 54.011321, -122.8352738 54.01123, -122.8356799 54.011123, -122.836171 54.012205, -122.8363099 54.012757, -122.836306 54.013828, -122.8343101 54.015395, -122.8339109 54.016145, -122.833575 54.017467, -122.8332712 54.018048, -122.8326041 54.018073, -122.8317638 54.018065)))"
135143,Highglen,Neighborhood,N,Neighborhood,West Bowl,Highglen,,CAN,"Prince George, BC",53.922983,-122.800492,20220419,431146.221,Canada,British Columbia,"Prince George, BC",Prince George,"MULTIPOLYGON (((-122.803128 53.926799, -122.8031071 53.927099, -122.802696 53.927099, -122.8024418 53.927078, -122.8022348 53.927034, -122.802044 53.92695, -122.8018259 53.926835, -122.8012909 53.926527, -122.800873 53.926296, -122.800392 53.926022, -122.7998581 53.925714, -122.799209 53.925345, -122.7985211 53.924944, -122.7983011 53.924861, -122.79812 53.924848, -122.7972931 53.924851, -122.7963499 53.924857, -122.7952249 53.924848, -122.79411 53.924849, -122.7941161 53.924434, -122.794141 53.923631, -122.7941629 53.922393, -122.794204 53.920598, -122.7949049 53.920612, -122.7959129 53.920603, -122.7978292 53.920601, -122.799704 53.9206, -122.801967 53.920615, -122.8033418 53.920613, -122.805427 53.92062, -122.806557 53.92063, -122.807587 53.920633, -122.807578 53.920848, -122.8075898 53.92122, -122.8075718 53.921441, -122.8075628 53.921648, -122.8074919 53.921859, -122.8074142 53.922015, -122.807304 53.922187, -122.8071431 53.922333, -122.806714 53.9227, -122.8060778 53.923258, -122.8055699 53.923729, -122.8051462 53.924068, -122.804329 53.924778, -122.8037429 53.925307, -122.8033951 53.925643, -122.803254 53.925831, -122.80316 53.926079, -122.803124 53.926312, -122.803128 53.926799)))"
135144,Houghtaling,Neighborhood,S,Sub Neighborhood,,,Houghtaling,CAN,"Prince George, BC",53.951814,-122.761037,20220419,80056.37,Canada,British Columbia,"Prince George, BC",Prince George,"MULTIPOLYGON (((-122.7633502 53.951478, -122.7636922 53.951954, -122.7639802 53.952426, -122.7641512 53.952734, -122.7639139 53.952792, -122.763717 53.952835, -122.7635831 53.952869, -122.763406 53.952938, -122.763222 53.953041, -122.762979 53.952926, -122.762704 53.952817, -122.7625229 53.952825, -122.7622882 53.952844, -122.7619598 53.952844, -122.7610861 53.952832, -122.7602452 53.952837, -122.759554 53.952842, -122.758502 53.952794, -122.7584459 53.952502, -122.7584588 53.952243, -122.7584779 53.951833, -122.7584891 53.951152, -122.7585179 53.950705, -122.758646 53.950689, -122.7589042 53.950686, -122.7596108 53.950675, -122.7601991 53.950669, -122.7612859 53.950667, -122.7621892 53.950669, -122.7627428 53.950661, -122.7628231 53.950775, -122.7633502 53.951478)))"
135145,Perrin,Neighborhood,S,Sub Neighborhood,,,Perrin,CAN,"Prince George, BC",53.95791,-122.768277,20220419,101062.782,Canada,British Columbia,"Prince George, BC",Prince George,"MULTIPOLYGON (((-122.7654968 53.956407, -122.7658111 53.956427, -122.766237 53.956419, -122.7665509 53.956415, -122.7671341 53.956439, -122.7685 53.956454, -122.7698701 53.956448, -122.7705311 53.956493, -122.7705368 53.95746, -122.7705278 53.958083, -122.7705311 53.958806, -122.770534 53.959304, -122.7705091 53.959498, -122.770089 53.959594, -122.7697088 53.959644, -122.7694129 53.959589, -122.7692059 53.959503, -122.767947 53.959519, -122.7675431 53.959521, -122.7669271 53.959521, -122.7666938 53.959187, -122.766484 53.958898, -122.7662258 53.958498, -122.766088 53.958271, -122.7659479 53.957994, -122.7658561 53.957682, -122.7657409 53.957318, -122.7656171 53.956913, -122.7654968 53.956407)))"
135146,Weisbrod,Neighborhood,S,Sub Neighborhood,,,Weisbrod,CAN,"Prince George, BC",53.996981,-122.794042,20220419,152298.905,Canada,British Columbia,"Prince George, BC",Prince George,"MULTIPOLYGON (((-122.7907552 53.99879, -122.7905971 53.998656, -122.7908362 53.998373, -122.7908279 53.998003, -122.7908182 53.99731, -122.790816 53.996685, -122.790816 53.996148, -122.790033 53.996148, -122.7888889 53.996142, -122.7888878 53.995633, -122.7895358 53.995627, -122.7902962 53.995621, -122.7910669 53.995624, -122.791374 53.995627, -122.7917671 53.99563, -122.7925732 53.995633, -122.7927449 53.995626, -122.7928889 53.995626, -122.79316 53.995636, -122.7939419 53.995635, -122.794501 53.99565, -122.794735 53.995754, -122.794938 53.995753, -122.7971138 53.995743, -122.7979811 53.995735, -122.798263 53.995946, -122.7986251 53.996229, -122.799047 53.996602, -122.7993952 53.996945, -122.7997822 53.997371, -122.7983108 53.997362, -122.7971779 53.997357, -122.7965789 53.997341, -122.795595 53.99733, -122.795266 53.997325, -122.795258 53.997984, -122.7952559 53.998773, -122.7945809 53.998762, -122.7941669 53.998773, -122.7935621 53.998779, -122.7921199 53.998782, -122.7915191 53.998777, -122.7909481 53.998782, -122.7907552 53.99879)))"
135149,Recreation Place,Neighborhood,N,Neighborhood,West Bowl,Recreation Place,,CAN,"Prince George, BC",53.895652,-122.773375,20220419,1987391.91,Canada,British Columbia,"Prince George, BC",Prince George,"MULTIPOLYGON (((-122.780475 53.897172, -122.7807608 53.897439, -122.781235 53.897897, -122.7814762 53.898112, -122.781685 53.898311, -122.7819121 53.898551, -122.7821422 53.898772, -122.7822941 53.898907, -122.7823751 53.899051, -122.7823999 53.899207, -122.7823898 53.89936, -122.782379 53.899611, -122.7817181 53.89961, -122.7805211 53.899623, -122.7802529 53.899631, -122.780066 53.899648, -122.7798292 53.899675, -122.77939 53.899764, -122.7791498 53.899844, -122.7786188 53.89999, -122.7790609 53.900132, -122.779539 53.900328, -122.7799681 53.90054, -122.7802612 53.900713, -122.780547 53.900912, -122.780749 53.901085, -122.780975 53.901288, -122.781222 53.901547, -122.7814049 53.901809, -122.7816421 53.902249, -122.7816968 53.902409, -122.781663 53.902573, -122.781677 53.90272, -122.781703 53.902903, -122.7816878 53.903625, -122.7811561 53.903618, -122.78111 53.903129, -122.7809531 53.903032, -122.7807371 53.902983, -122.7805801 53.902976, -122.7804491 53.902995, -122.780308 53.90305, -122.780142 53.903174, -122.7789439 53.904197, -122.7784259 53.904657, -122.7782588 53.904777, -122.7780911 53.904873, -122.777888 53.904954, -122.7776501 53.90503, -122.7774269 53.905063, -122.7772001 53.905089, -122.7769268 53.905095, -122.7764549 53.905078, -122.776043 53.905051, -122.7745411 53.904975, -122.7740119 53.905163, -122.7730939 53.905342, -122.7717061 53.90577, -122.7708551 53.906099, -122.7704929 53.906128, -122.769774 53.906522, -122.769211 53.90683, -122.7689939 53.907512, -122.7688582 53.907363, -122.7686969 53.907253, -122.7685241 53.907151, -122.7681911 53.906961, -122.7678689 53.906774, -122.7671651 53.906353, -122.766817 53.906144, -122.766367 53.905871, -122.766061 53.90572, -122.7659011 53.905651, -122.7656549 53.905561, -122.7654202 53.905496, -122.765234 53.90546, -122.7649669 53.905424, -122.764793 53.905406, -122.764608 53.905391, -122.7637051 53.905394, -122.763199 53.905392, -122.7629369 53.905377, -122.7627652 53.905353, -122.762569 53.905278, -122.762381 53.905145, -122.762479 53.90504, -122.7626201 53.90496, -122.7627979 53.904846, -122.7630391 53.904671, -122.7639488 53.903948, -122.765198 53.902981, -122.765926 53.902428, -122.766156 53.902251, -122.766782 53.901767, -122.7673012 53.901356, -122.767834 53.900938, -122.7680849 53.900727, -122.7682642 53.900568, -122.7684532 53.900373, -122.7686101 53.900179, -122.7687052 53.90004, -122.768802 53.899849, -122.7688801 53.899657, -122.7689449 53.899411, -122.7689618 53.899238, -122.7689629 53.899074, -122.7689449 53.898907, -122.768896 53.898691, -122.7687959 53.898439, -122.768275 53.89737, -122.7675721 53.8963954, -122.7672294 53.8955388, -122.7672856 53.8888695, -122.7673389 53.8868681, -122.7675245 53.8862113, -122.7688171 53.884601, -122.7692992 53.884599, -122.7706492 53.884597, -122.7719059 53.884601, -122.773221 53.8846, -122.7746171 53.884596, -122.775628 53.884594, -122.776663 53.884594, -122.7781159 53.8846, -122.779219 53.884599, -122.7795245 53.8845956, -122.7795241 53.8881994, -122.7795479 53.8943979, -122.7797264 53.8964561, -122.780047 53.896759, -122.780475 53.897172)))"
135150,Toombs,Neighborhood,S,Sub Neighborhood,,,Toombs,CAN,"Prince George, BC",53.9757,-122.869771,20220419,2295154.967,Canada,British Columbia,"Prince George, BC",Prince George,"MULTIPOLYGON (((-122.8503031 53.971496, -122.850266 53.971152, -122.8502869 53.970849, -122.849464 53.970837, -122.8476881 53.970841, -122.8458352 53.970846, -122.8446169 53.970844, -122.844226 53.970841, -122.8435312 53.970844, -122.8434412 53.970679, -122.8433429 53.970461, -122.8432601 53.970263, -122.8431769 53.970093, -122.8430959 53.969981, -122.8429919 53.969849, -122.8428742 53.969696, -122.8428202 53.969549, -122.8428101 53.969353, -122.842881 53.969135, -122.842913 53.968982, -122.8429019 53.968836, -122.8428241 53.968641, -122.8427341 53.968439, -122.842615 53.96821, -122.84258 53.96807, -122.8425199 53.967903, -122.8423792 53.967695, -122.8421441 53.967458, -122.841967 53.967274, -122.8418561 53.96718, -122.842436 53.967179, -122.8436471 53.967179, -122.8451119 53.967181, -122.846747 53.967181, -122.8486201 53.967181, -122.850297 53.967172, -122.8503161 53.966471, -122.8504208 53.96551, -122.850779 53.965779, -122.8524671 53.96693, -122.853978 53.967769, -122.8562881 53.968804, -122.8583131 53.969454, -122.8603529 53.969925, -122.8616539 53.970065, -122.8629218 53.970092, -122.8652669 53.970345, -122.867253 53.970792, -122.8689731 53.971565, -122.8699868 53.972612, -122.8708411 53.974387, -122.8716619 53.97516, -122.8746179 53.97694, -122.8765799 53.978033, -122.8783799 53.978504, -122.8798991 53.978615, -122.881135 53.978614, -122.8830289 53.978263, -122.8864298 53.977116, -122.8880189 53.976699, -122.8898491 53.976517, -122.8923371 53.976486, -122.8953892 53.976662, -122.8968191 53.976924, -122.8982119 53.977259, -122.8995619 53.977877, -122.8994831 53.981536, -122.8908802 53.981587, -122.8781531 53.981584, -122.8716691 53.981625, -122.8691149 53.98164, -122.866313 53.981633, -122.8646588 53.981668, -122.8625662 53.981671, -122.8625701 53.981383, -122.8625662 53.980772, -122.862559 53.979681, -122.8625521 53.977806, -122.8625341 53.975248, -122.8625201 53.974475, -122.862362 53.974451, -122.8613062 53.974445, -122.859967 53.974446, -122.8589651 53.97444, -122.8568749 53.974441, -122.8548949 53.974425, -122.853681 53.974407, -122.852506 53.974425, -122.8506271 53.974445, -122.8503712 53.974398, -122.8503539 53.974148, -122.8503611 53.973995, -122.850373 53.973849, -122.8503661 53.973612, -122.850311 53.973465, -122.8502761 53.973234, -122.850266 53.972446, -122.8503031 53.971496)))"
135151,North Meadows,Neighborhood,S,Sub Neighborhood,,,North Meadows,CAN,"Prince George, BC",53.957517,-122.807498,20220419,264757.47,Canada,British Columbia,"Prince George, BC",Prince George,"MULTIPOLYGON (((-122.8010969 53.955654, -122.801098 53.955484, -122.8010828 53.954684, -122.8010872 53.953823, -122.8011232 53.953378, -122.8019231 53.953286, -122.8023641 53.953191, -122.802498 53.953341, -122.802718 53.953561, -122.802898 53.953723, -122.8033771 53.954097, -122.8041821 53.954731, -122.8047728 53.955193, -122.805256 53.955563, -122.8056109 53.955789, -122.805954 53.955984, -122.8064648 53.956231, -122.8069058 53.956391, -122.8072309 53.956497, -122.807462 53.956571, -122.8076381 53.956617, -122.8078271 53.956664, -122.808416 53.956795, -122.8100411 53.957153, -122.8112482 53.957421, -122.8120009 53.957589, -122.813208 53.957863, -122.813843 53.957996, -122.813771 53.958244, -122.8136468 53.958729, -122.8135388 53.959158, -122.8134139 53.959635, -122.813258 53.960273, -122.8131061 53.960889, -122.8130291 53.961205, -122.8116038 53.96075, -122.8094258 53.959997, -122.8084088 53.959954, -122.807003 53.959146, -122.8057099 53.958379, -122.8035589 53.95709, -122.8023659 53.956419, -122.8017049 53.956009, -122.8010969 53.955654)))"
135152,Heritage North,Neighborhood,S,Sub Neighborhood,,,Heritage North,CAN,"Prince George, BC",53.936362,-122.808692,20220419,222988.901,Canada,British Columbia,"Prince George, BC",Prince George,"MULTIPOLYGON (((-122.812807 53.937965, -122.81252 53.938148, -122.8124099 53.938409, -122.812196 53.938463, -122.8119818 53.938462, -122.811304 53.938459, -122.8113551 53.938622, -122.8114058 53.93883, -122.8114912 53.93907, -122.8110739 53.939186, -122.8107589 53.939267, -122.810305 53.939322, -122.8097981 53.939344, -122.8096721 53.939156, -122.809266 53.939184, -122.809099 53.939185, -122.8086068 53.939179, -122.8084492 53.939176, -122.808303 53.938957, -122.8081298 53.938645, -122.8079459 53.938359, -122.807677 53.938022, -122.8074671 53.937754, -122.80729 53.937622, -122.807003 53.937406, -122.80684 53.937286, -122.806696 53.937185, -122.8065451 53.937112, -122.806238 53.936996, -122.8060199 53.936915, -122.8057492 53.936812, -122.805436 53.936736, -122.804955 53.936614, -122.8044179 53.93649, -122.803934 53.936361, -122.8039042 53.936182, -122.803889 53.936017, -122.8038638 53.935848, -122.8038649 53.935645, -122.803942 53.935485, -122.8039718 53.935298, -122.8039819 53.93508, -122.8039808 53.934753, -122.8040021 53.934444, -122.8039988 53.934311, -122.804141 53.934309, -122.8045612 53.934311, -122.804851 53.934298, -122.80527 53.934287, -122.805491 53.934292, -122.8056548 53.934295, -122.8060289 53.934306, -122.8064 53.934509, -122.806602 53.934604, -122.8069199 53.934756, -122.8070909 53.93485, -122.8072291 53.934934, -122.807434 53.935053, -122.807628 53.935173, -122.8080712 53.934906, -122.807641 53.934603, -122.807907 53.934439, -122.8084049 53.93413, -122.8086029 53.934037, -122.808942 53.933915, -122.809217 53.933823, -122.809423 53.933753, -122.809599 53.933692, -122.809747 53.93364, -122.810112 53.933836, -122.810499 53.934086, -122.8109519 53.934337, -122.811521 53.934653, -122.8119188 53.934886, -122.8122292 53.935062, -122.8123951 53.935131, -122.8128059 53.935343, -122.8124329 53.935525, -122.8115452 53.93595, -122.8111639 53.936129, -122.8116488 53.936556, -122.8118918 53.936808, -122.812128 53.937041, -122.812385 53.937356, -122.8126381 53.937669, -122.812807 53.937965)))"
135153,Foothills,Neighborhood,N,Neighborhood,West Bowl,Foothills,,CAN,"Prince George, BC",53.911649,-122.813088,20220419,1508215.349,Canada,British Columbia,"Prince George, BC",Prince George,"MULTIPOLYGON (((-122.8193431 53.907713, -122.8193359 53.909853, -122.8193521 53.911397, -122.8193809 53.911894, -122.8193899 53.912101, -122.8192819 53.912239, -122.8192211 53.912455, -122.8191728 53.912748, -122.8191052 53.912958, -122.819017 53.913057, -122.8187891 53.913197, -122.8185428 53.913307, -122.8184032 53.913378, -122.818235 53.913487, -122.8181569 53.913648, -122.8181389 53.913818, -122.8181242 53.914173, -122.8181152 53.914361, -122.8181558 53.91453, -122.8181839 53.91471, -122.8182952 53.914854, -122.8184341 53.915018, -122.8186411 53.915248, -122.818765 53.915455, -122.8188712 53.915612, -122.8189831 53.91582, -122.8189889 53.915971, -122.8188859 53.916205, -122.8190101 53.916337, -122.8191181 53.916483, -122.8192268 53.916665, -122.819279 53.916815, -122.819314 53.916961, -122.8193179 53.917507, -122.8192999 53.918046, -122.8193122 53.919027, -122.819319 53.920241, -122.8193269 53.92066, -122.8181681 53.920645, -122.8162421 53.920648, -122.815526 53.920644, -122.8143499 53.920628, -122.8135882 53.920622, -122.8121219 53.920626, -122.8108079 53.920621, -122.8090838 53.920624, -122.807587 53.920633, -122.8075582 53.919978, -122.8075639 53.919721, -122.807552 53.919583, -122.8075351 53.919456, -122.8074451 53.919182, -122.8072381 53.918459, -122.8070599 53.917801, -122.807025 53.917602, -122.807034 53.917465, -122.8070419 53.916816, -122.8070459 53.915148, -122.8070542 53.913329, -122.8070221 53.912495, -122.807002 53.910833, -122.8069879 53.910371, -122.807997 53.910368, -122.809892 53.910366, -122.8108709 53.910357, -122.81162 53.910349, -122.811619 53.909731, -122.8115869 53.909299, -122.8115711 53.908868, -122.811503 53.908564, -122.8114598 53.908313, -122.8113878 53.908089, -122.8112359 53.907729, -122.811097 53.907558, -122.8109231 53.90741, -122.8106812 53.907346, -122.808397 53.907334, -122.806309 53.907327, -122.8063028 53.906166, -122.806301 53.904475, -122.8062719 53.903214, -122.8048589 53.903168, -122.8048859 53.902107, -122.8048808 53.901246, -122.8055821 53.901248, -122.8066081 53.901255, -122.8071409 53.901248, -122.807317 53.901217, -122.807619 53.901729, -122.807853 53.902033, -122.8080161 53.902195, -122.808271 53.902423, -122.8085651 53.902666, -122.8086799 53.902792, -122.808757 53.902943, -122.8087951 53.90319, -122.811817 53.903201, -122.8151671 53.903191, -122.819332 53.903268, -122.8193431 53.907713)))"
135154,Valleyview Park,Neighborhood,S,Sub Neighborhood,North,Austin East,Valleyview Park,CAN,"Prince George, BC",53.9909,-122.763275,20220419,3116526.474,Canada,British Columbia,"Prince George, BC",Prince George,"MULTIPOLYGON (((-122.7523658 53.999077, -122.752404 53.992198, -122.7524249 53.984694, -122.7524429 53.981757, -122.7603802 53.981762, -122.7645691 53.98175, -122.7676298 53.981741, -122.7722861 53.981733, -122.7766921 53.981717, -122.7766085 53.9823906, -122.776457 53.983611, -122.7764509 53.983996, -122.776479 53.984553, -122.7766568 53.984517, -122.7770978 53.984426, -122.7776152 53.984307, -122.777716 53.98447, -122.777923 53.984822, -122.7780158 53.984972, -122.7781069 53.985226, -122.777338 53.985382, -122.7769139 53.985473, -122.777096 53.985795, -122.7772339 53.986057, -122.777365 53.986268, -122.777473 53.98651, -122.7774881 53.986812, -122.777487 53.987071, -122.7775079 53.987258, -122.777797 53.98725, -122.7781192 53.987256, -122.7784421 53.98715, -122.778783 53.987035, -122.778958 53.987183, -122.779148 53.987333, -122.7793741 53.987478, -122.7795232 53.987573, -122.779715 53.987687, -122.7798788 53.987785, -122.7801031 53.987882, -122.7805492 53.988079, -122.7807601 53.988167, -122.780938 53.988296, -122.7810481 53.988384, -122.7810989 53.988591, -122.7811028 53.988925, -122.7811061 53.98923, -122.7811072 53.989588, -122.7823661 53.989589, -122.7835159 53.989581, -122.7844811 53.989578, -122.784467 53.989918, -122.784503 53.990096, -122.7846262 53.990204, -122.7847882 53.990296, -122.784962 53.990398, -122.7843922 53.990694, -122.7842089 53.990846, -122.7837571 53.990857, -122.7828679 53.990852, -122.7816202 53.990851, -122.7806341 53.99085, -122.7806399 53.990696, -122.780641 53.99047, -122.7806392 53.990332, -122.780353 53.990332, -122.7801751 53.990333, -122.7801712 53.990718, -122.780173 53.990852, -122.779939 53.990851, -122.7792031 53.990855, -122.778113 53.990859, -122.7773858 53.990855, -122.7773891 53.990637, -122.7773992 53.990123, -122.7773981 53.989565, -122.7767839 53.989565, -122.77629 53.989566, -122.775664 53.989566, -122.7750271 53.989568, -122.774738 53.989569, -122.7745109 53.98957, -122.7742819 53.98958, -122.7740051 53.989618, -122.7738038 53.989667, -122.773613 53.98972, -122.7733852 53.989817, -122.773154 53.989918, -122.772938 53.99003, -122.772897 53.990237, -122.7728459 53.990482, -122.7726911 53.991211, -122.7725888 53.991752, -122.7724981 53.992052, -122.772398 53.992198, -122.7721871 53.992416, -122.7717472 53.992855, -122.7712162 53.993392, -122.7709609 53.993685, -122.7709249 53.993936, -122.770786 53.995137, -122.7706492 53.996062, -122.7705131 53.996166, -122.770345 53.996182, -122.76909 53.996199, -122.7654461 53.996194, -122.7650249 53.996198, -122.7648938 53.996214, -122.764694 53.996304, -122.7646411 53.996668, -122.7646462 53.997105, -122.764671 53.999133, -122.7646451 54.002696, -122.76464 54.003399, -122.7597818 54.0034, -122.7530138 54.003422, -122.7523799 54.003436, -122.752373 54.001867, -122.7523658 53.999077)))"
135156,Fraserview,Neighborhood,N,Neighborhood,Central,Fraserview,,CAN,"Prince George, BC",53.890038,-122.755574,20220419,450835.303,Canada,British Columbia,"Prince George, BC",Prince George,"MULTIPOLYGON (((-122.7624548 53.888394, -122.7624559 53.888828, -122.7608348 53.88882, -122.760356 53.888817, -122.7580988 53.888799, -122.7580801 53.890033, -122.7580358 53.891779, -122.758015 53.893747, -122.7579772 53.894579, -122.756197 53.894237, -122.753709 53.893744, -122.752858 53.893551, -122.752561 53.893461, -122.7523849 53.893406, -122.7522622 53.893368, -122.7517852 53.893153, -122.751216 53.892876, -122.7505079 53.892424, -122.748084 53.890562, -122.7494279 53.889997, -122.756544 53.886485, -122.757066 53.88609, -122.7589132 53.886124, -122.7609389 53.88619, -122.7612769 53.88629, -122.7615631 53.886277, -122.7623141 53.886294, -122.7627619 53.88652, -122.7626269 53.886684, -122.7625459 53.886819, -122.7624941 53.887038, -122.7624772 53.887558, -122.7624548 53.888394)))"
135157,Spruceland,Neighborhood,N,Neighborhood,West Bowl,Spruceland,,CAN,"Prince George, BC",53.915194,-122.788951,20220419,1094601.725,Canada,British Columbia,"Prince George, BC",Prince George,"MULTIPOLYGON (((-122.7974119 53.910945, -122.797417 53.911184, -122.797417 53.91162, -122.797413 53.912199, -122.7974198 53.912749, -122.7974029 53.913087, -122.797373 53.913297, -122.7972431 53.913717, -122.796995 53.914242, -122.7967499 53.914702, -122.7966109 53.914985, -122.79631 53.915568, -122.7962131 53.915744, -122.796009 53.916137, -122.795892 53.916352, -122.795748 53.916584, -122.7954629 53.917169, -122.795321 53.917456, -122.7952141 53.917652, -122.7950572 53.917991, -122.7948469 53.918371, -122.794682 53.918675, -122.7945802 53.918872, -122.7945031 53.919009, -122.7944401 53.919128, -122.794339 53.919388, -122.7942889 53.919559, -122.794245 53.919728, -122.7942112 53.919905, -122.794204 53.920598, -122.7933659 53.920594, -122.7924518 53.920588, -122.790195 53.920585, -122.788206 53.920585, -122.785308 53.920582, -122.7842629 53.920596, -122.7838252 53.920594, -122.7825922 53.920611, -122.7816241 53.920562, -122.7816331 53.919788, -122.7816299 53.918902, -122.7816331 53.918104, -122.78164 53.917175, -122.7816338 53.916878, -122.781618 53.915968, -122.7816472 53.914998, -122.7816371 53.913777, -122.7816382 53.912676, -122.781654 53.911051, -122.7816619 53.910357, -122.7827722 53.910342, -122.7833651 53.910326, -122.7836131 53.910319, -122.7837668 53.910306, -122.7840548 53.91029, -122.784507 53.910283, -122.7849829 53.910272, -122.786019 53.910272, -122.7871771 53.910261, -122.7879799 53.910261, -122.7893249 53.910263, -122.7904042 53.91026, -122.7915439 53.910263, -122.792692 53.910253, -122.7932899 53.910245, -122.794367 53.91025, -122.7960562 53.910268, -122.7965918 53.910268, -122.7974641 53.910274, -122.7974119 53.910945)))"
135158,Starlane,Neighborhood,S,Sub Neighborhood,,,Starlane,CAN,"Prince George, BC",53.876384,-122.77598,20220419,143114.55,Canada,British Columbia,"Prince George, BC",Prince George,"MULTIPOLYGON (((-122.7794562 53.8772608, -122.779084 53.877406, -122.7780022 53.877779, -122.777176 53.878065, -122.7767321 53.87774, -122.7765859 53.877647, -122.776159 53.877776, -122.775971 53.877857, -122.7755149 53.877889, -122.7753029 53.877889, -122.7751088 53.877858, -122.774972 53.877808, -122.7747218 53.877768, -122.7745148 53.87779, -122.7743269 53.87781, -122.7741959 53.877823, -122.7740339 53.87781, -122.7739 53.877771, -122.773694 53.877738, -122.773442 53.87772, -122.773216 53.87769, -122.7730118 53.877653, -122.772645 53.877525, -122.7725032 53.877452, -122.7723682 53.87736, -122.771218 53.876626, -122.7710508 53.876546, -122.7715356 53.8761725, -122.7721968 53.8758142, -122.7729629 53.875645, -122.7731874 53.8756211, -122.7734291 53.875574, -122.7739203 53.8755431, -122.7739781 53.875537, -122.7753933 53.875421, -122.7755761 53.875406, -122.7759934 53.8752851, -122.7763467 53.8751827, -122.7779741 53.874327, -122.778369 53.874257, -122.7785929 53.874224, -122.778959 53.874189, -122.7791513 53.8741727, -122.7794562 53.8772608)))"
135159,Lalonde,Neighborhood,N,Neighborhood,Southwest Prince George,Lalonde,,CAN,"Prince George, BC",53.859034,-122.79782,20220419,910228.717,Canada,British Columbia,"Prince George, BC",Prince George,"MULTIPOLYGON (((-122.7978918 53.8565119, -122.7990565 53.8551663, -122.7995629 53.855018, -122.7998869 53.854953, -122.7999121 53.854318, -122.7999539 53.853045, -122.7999049 53.852458, -122.8000252 53.852229, -122.800252 53.852229, -122.80041 53.852221, -122.8005439 53.852207, -122.8007909 53.852195, -122.8010029 53.852187, -122.801319 53.852182, -122.8018471 53.852189, -122.8024631 53.852205, -122.8037018 53.852209, -122.8039261 53.852208, -122.8041889 53.852209, -122.8045342 53.85221, -122.804923 53.852224, -122.805153 53.852227, -122.8055782 53.852244, -122.8056098 53.852946, -122.8056199 53.853869, -122.80558 53.854478, -122.8055962 53.855083, -122.8056109 53.856199, -122.805594 53.856771, -122.8055951 53.857588, -122.8055951 53.858162, -122.805612 53.85846, -122.8064468 53.858445, -122.8064602 53.859033, -122.806476 53.859181, -122.806571 53.859436, -122.8062931 53.859487, -122.8059518 53.859572, -122.8056458 53.859642, -122.805522 53.859676, -122.8052408 53.859757, -122.8048402 53.85988, -122.8047008 53.859929, -122.8044899 53.860008, -122.8040039 53.860205, -122.803749 53.860318, -122.8032871 53.860552, -122.8029649 53.860716, -122.8025858 53.860915, -122.802305 53.861049, -122.801778 53.861322, -122.801243 53.861604, -122.8005878 53.861946, -122.800046 53.86223, -122.799694 53.862427, -122.7989138 53.86284, -122.7984919 53.863066, -122.798047 53.863295, -122.7976801 53.863487, -122.7972802 53.863689, -122.7970541 53.863796, -122.7967481 53.863929, -122.796459 53.864039, -122.7962059 53.864129, -122.7959791 53.8642, -122.7957761 53.864256, -122.7954769 53.864334, -122.7951979 53.864398, -122.7947648 53.864486, -122.794024 53.864636, -122.793224 53.864797, -122.7923089 53.86498, -122.791752 53.865097, -122.791486 53.864652, -122.791406 53.864492, -122.7913261 53.864362, -122.79123 53.864238, -122.7911011 53.864099, -122.790947 53.86397, -122.7907829 53.863851, -122.790262 53.863515, -122.7897022 53.863188, -122.789461 53.863068, -122.7891251 53.862922, -122.788634 53.862704, -122.7883849 53.862602, -122.788107 53.862496, -122.7878471 53.862414, -122.7875879 53.862355, -122.7872711 53.862294, -122.786905 53.862246, -122.7868589 53.861924, -122.7868229 53.861723, -122.786825 53.861588, -122.7868481 53.861457, -122.786914 53.861322, -122.7870079 53.861188, -122.7871811 53.861003, -122.7872999 53.860862, -122.7873841 53.860745, -122.7874421 53.860596, -122.7874381 53.86042, -122.7873971 53.860227, -122.787328 53.859959, -122.787297 53.859745, -122.7872722 53.859551, -122.7872729 53.859391, -122.7885469 53.859395, -122.7889361 53.859411, -122.789164 53.85942, -122.789381 53.859421, -122.7896078 53.859411, -122.7899149 53.859397, -122.7903631 53.859389, -122.7908491 53.859384, -122.7911389 53.859381, -122.7912829 53.859387, -122.7915011 53.8594, -122.7917459 53.859408, -122.7921329 53.859404, -122.7928921 53.859396, -122.7936359 53.859381, -122.7938771 53.858724, -122.7939998 53.858383, -122.7940769 53.858031, -122.794209 53.857249, -122.7950399 53.856748, -122.795348 53.856393, -122.7967662 53.8562371, -122.7969465 53.856566, -122.7978918 53.8565119)))"
135160,Prince George Airport,Neighborhood,N,Neighborhood,South East,Prince George Airport,,CAN,"Prince George, BC",53.888922,-122.699221,20220419,26794924.75,Canada,British Columbia,"Prince George, BC",Prince George,"MULTIPOLYGON (((-122.6666408 53.90899, -122.6666106 53.908471, -122.666486 53.907818, -122.666396 53.907641, -122.6662898 53.907507, -122.66581 53.907006, -122.665693 53.906858, -122.665621 53.90672, -122.665581 53.906579, -122.665568 53.906373, -122.6655439 53.904878, -122.6655299 53.903187, -122.665522 53.902158, -122.6655652 53.901933, -122.66573 53.901266, -122.6656951 53.899833, -122.6656789 53.89825, -122.665676 53.896709, -122.665676 53.894676, -122.665676 53.892689, -122.6656559 53.892355, -122.665631 53.892165, -122.665586 53.891972, -122.6653441 53.89109, -122.664956 53.889695, -122.6647141 53.888816, -122.664352 53.887557, -122.663776 53.885497, -122.6632471 53.883623, -122.6628472 53.882184, -122.6627258 53.881828, -122.6625592 53.881424, -122.6623471 53.881042, -122.662121 53.880711, -122.661954 53.880488, -122.6617229 53.880248, -122.6594369 53.87867, -122.6586398 53.877997, -122.6571599 53.876719, -122.656819 53.875845, -122.6567048 53.865824, -122.6652412 53.865689, -122.6661509 53.865756, -122.6730931 53.865756, -122.6812882 53.865824, -122.6934652 53.865824, -122.6996111 53.865891, -122.7057559 53.866025, -122.70587 53.863267, -122.707463 53.862998, -122.7099668 53.862326, -122.7114472 53.861787, -122.7133001 53.860526, -122.7134851 53.860526, -122.713663 53.860538, -122.713853 53.860576, -122.714068 53.860655, -122.7141968 53.860814, -122.7143452 53.861059, -122.7144499 53.861166, -122.714564 53.861242, -122.7147739 53.861354, -122.715005 53.861484, -122.7151289 53.861584, -122.7152531 53.861711, -122.7154028 53.861836, -122.715527 53.861959, -122.7157261 53.861946, -122.7160631 53.861908, -122.716355 53.861851, -122.7165419 53.861777, -122.7168961 53.861678, -122.7172619 53.861627, -122.7175279 53.861566, -122.717772 53.861522, -122.7180038 53.861506, -122.718299 53.861469, -122.718515 53.861429, -122.718929 53.861303, -122.719414 53.861145, -122.719824 53.861043, -122.7201908 53.860954, -122.7208219 53.860863, -122.7211009 53.860826, -122.7213979 53.860773, -122.7216791 53.860733, -122.7219581 53.860753, -122.7223109 53.860806, -122.7226291 53.860795, -122.7229801 53.860733, -122.7231979 53.860754, -122.723352 53.860794, -122.7235709 53.860883, -122.7237631 53.860951, -122.7240068 53.861004, -122.724302 53.861066, -122.7244748 53.86112, -122.7246401 53.861213, -122.7248719 53.861374, -122.7251711 53.861516, -122.7256409 53.861676, -122.7261589 53.861814, -122.7263951 53.86187, -122.7268501 53.861941, -122.7272231 53.861973, -122.7277508 53.861982, -122.7280421 53.862095, -122.7282739 53.862194, -122.728504 53.862293, -122.7287081 53.862398, -122.72891 53.862509, -122.7291862 53.862671, -122.7293489 53.862778, -122.729513 53.862899, -122.729683 53.863026, -122.729863 53.863164, -122.7301549 53.863419, -122.7304411 53.863663, -122.7306769 53.863852, -122.7309311 53.864064, -122.73133 53.864407, -122.7304231 53.864856, -122.730493 53.86656, -122.7304069 53.868091, -122.7303871 53.869736, -122.7304462 53.870094, -122.730408 53.871175, -122.7333841 53.871186, -122.732797 53.872119, -122.732716 53.872722, -122.732824 53.873284, -122.7326591 53.874748, -122.7328679 53.875282, -122.7333899 53.876341, -122.7338809 53.877327, -122.7345311 53.878213, -122.7348421 53.878577, -122.7349552 53.878724, -122.735214 53.878838, -122.735875 53.878416, -122.7364751 53.878805, -122.736699 53.878962, -122.736974 53.879185, -122.7372862 53.879517, -122.7377351 53.879961, -122.7380242 53.880327, -122.7384241 53.880835, -122.739277 53.881883, -122.7397079 53.8824, -122.7404812 53.883313, -122.7407281 53.883585, -122.7412951 53.884295, -122.7418808 53.885008, -122.742464 53.885714, -122.742855 53.886223, -122.7432031 53.886641, -122.7434198 53.886877, -122.7436229 53.88707, -122.7438151 53.887259, -122.7439732 53.887388, -122.7442511 53.887612, -122.744849 53.888077, -122.7460039 53.888972, -122.747175 53.889877, -122.748084 53.890562, -122.7445121 53.892063, -122.7381188 53.894501, -122.7362648 53.895854, -122.7345311 53.898063, -122.7333211 53.899962, -122.731344 53.904071, -122.7302669 53.905395, -122.7285608 53.907491, -122.7240389 53.911047, -122.7233333 53.9115928, -122.7212809 53.913166, -122.7182152 53.914566, -122.714091 53.915549, -122.7118432 53.916084, -122.7078911 53.916961, -122.7022499 53.917078, -122.6957191 53.915792, -122.6862799 53.9146, -122.682208 53.914574, -122.678982 53.915024, -122.675189 53.916351, -122.671355 53.918581, -122.6682389 53.921169, -122.6680891 53.91649, -122.6679239 53.915055, -122.667701 53.91442, -122.6669861 53.912661, -122.6668691 53.912481, -122.666805 53.912174, -122.6666801 53.911668, -122.6665328 53.911165, -122.6665102 53.911029, -122.6665019 53.910855, -122.666557 53.910248, -122.6666171 53.909721, -122.6666408 53.90899)))"
135161,Nechako Heights,Neighborhood,S,Sub Neighborhood,,,Nechako Heights,CAN,"Prince George, BC",53.986027,-122.806314,20220419,224144.485,Canada,British Columbia,"Prince George, BC",Prince George,"MULTIPOLYGON (((-122.8119458 53.986765, -122.811269 53.98679, -122.810917 53.986767, -122.8101649 53.986703, -122.8096058 53.986658, -122.8075589 53.986702, -122.8076201 53.988813, -122.8072741 53.988829, -122.8064198 53.988822, -122.8059518 53.988822, -122.8054691 53.988823, -122.8046468 53.988825, -122.8046479 53.988244, -122.8046281 53.987898, -122.8046101 53.987658, -122.804618 53.987187, -122.804159 53.987192, -122.8026589 53.987183, -122.801832 53.987185, -122.8018342 53.986981, -122.8018349 53.98669, -122.8018259 53.986386, -122.801819 53.986184, -122.801823 53.985909, -122.8018201 53.985667, -122.801845 53.985522, -122.8018478 53.985241, -122.8018489 53.984887, -122.8018489 53.984546, -122.8019029 53.984395, -122.802035 53.98411, -122.8021661 53.984117, -122.8024739 53.984139, -122.8026751 53.984156, -122.802885 53.984193, -122.803083 53.984231, -122.8033339 53.984277, -122.8035982 53.984313, -122.8038368 53.984339, -122.8040971 53.984368, -122.8043531 53.984372, -122.804546 53.984362, -122.8047199 53.984342, -122.8049078 53.984299, -122.80527 53.984184, -122.805549 53.984094, -122.8057132 53.984046, -122.8059011 53.984032, -122.8060501 53.984049, -122.8061869 53.984049, -122.8064108 53.984096, -122.8064879 53.984249, -122.8065559 53.984425, -122.806602 53.984567, -122.8070131 53.984554, -122.8074761 53.984544, -122.807894 53.984531, -122.8079149 53.984237, -122.807943 53.984019, -122.808128 53.984015, -122.808839 53.984017, -122.8095191 53.984021, -122.809738 53.984254, -122.8098668 53.984386, -122.8101232 53.984335, -122.8104371 53.984296, -122.8106441 53.984568, -122.81099 53.985114, -122.811588 53.986128, -122.8119458 53.986765)))"
135162,Parkridge,Neighborhood,N,Neighborhood,Southwest Prince George,Parkridge,,CAN,"Prince George, BC",53.849072,-122.8174,20220419,544963.266,Canada,British Columbia,"Prince George, BC",Prince George,"MULTIPOLYGON (((-122.8126522 53.852231, -122.8119818 53.852216, -122.8114238 53.852224, -122.8110901 53.85222, -122.8112359 53.851912, -122.8113112 53.851771, -122.811386 53.85165, -122.8114598 53.851488, -122.811498 53.851348, -122.8115228 53.851211, -122.8115459 53.851063, -122.8115419 53.850879, -122.8115189 53.850749, -122.8115041 53.850585, -122.8115002 53.850288, -122.8115002 53.850115, -122.811494 53.849739, -122.8114739 53.849566, -122.811485 53.849138, -122.811493 53.848794, -122.8114868 53.848523, -122.8114951 53.848209, -122.811493 53.848028, -122.811489 53.847885, -122.8115149 53.847748, -122.8115819 53.84758, -122.81162 53.847327, -122.8117111 53.847175, -122.8118231 53.847106, -122.8119599 53.847053, -122.8121032 53.847026, -122.812061 53.846125, -122.8120459 53.845663, -122.8169632 53.84583, -122.8176248 53.845894, -122.8186508 53.845898, -122.8188796 53.845895, -122.822829 53.845898, -122.8227975 53.8485871, -122.8243061 53.8485864, -122.8242972 53.8490525, -122.8239169 53.849336, -122.8244191 53.849539, -122.8242481 53.849705, -122.8241009 53.849862, -122.8239389 53.850039, -122.823837 53.850158, -122.823751 53.850265, -122.823671 53.850371, -122.823558 53.850516, -122.8234669 53.850652, -122.8234028 53.850764, -122.8233121 53.850928, -122.8232138 53.851089, -122.8231339 53.85125, -122.8230169 53.851482, -122.8228841 53.851797, -122.8227509 53.852166, -122.8217321 53.852143, -122.8194961 53.852153, -122.818855 53.85216, -122.8184392 53.852185, -122.8180169 53.852217, -122.8176562 53.852222, -122.8169048 53.852222, -122.8163018 53.852227, -122.8150879 53.852226, -122.8140061 53.852231, -122.8133509 53.852232, -122.8126522 53.852231)))"
135163,Mytting,Neighborhood,S,Sub Neighborhood,,,Mytting,CAN,"Prince George, BC",53.963784,-122.772483,20220419,520678.853,Canada,British Columbia,"Prince George, BC",Prince George,"MULTIPOLYGON (((-122.7673012 53.965568, -122.7673778 53.965212, -122.7675211 53.964584, -122.76769 53.963829, -122.767938 53.962864, -122.7679819 53.962673, -122.768041 53.96227, -122.76806 53.962039, -122.768055 53.961775, -122.7680348 53.961593, -122.768005 53.961422, -122.7679589 53.961233, -122.7679171 53.961111, -122.7678581 53.960975, -122.7677558 53.960753, -122.7675481 53.960443, -122.7673199 53.960082, -122.767011 53.959643, -122.7669271 53.959521, -122.7675431 53.959521, -122.767947 53.959519, -122.7692059 53.959503, -122.7694129 53.959589, -122.7697088 53.959644, -122.770089 53.959594, -122.7705091 53.959498, -122.771191 53.960096, -122.772776 53.960102, -122.773874 53.960039, -122.774009 53.96002, -122.7741959 53.960015, -122.774333 53.960018, -122.7745789 53.96004, -122.7747308 53.960052, -122.7749479 53.960068, -122.775269 53.960095, -122.7754019 53.960103, -122.775723 53.960127, -122.775989 53.960162, -122.776164 53.960226, -122.7763361 53.960287, -122.7765391 53.960333, -122.7765758 53.961066, -122.7765802 53.962941, -122.7765719 53.96462, -122.776569 53.965327, -122.7772508 53.965306, -122.7779618 53.965253, -122.7786368 53.965193, -122.77895 53.965168, -122.779229 53.965199, -122.779535 53.965262, -122.7796852 53.965315, -122.7796819 53.96683, -122.7796931 53.96717, -122.7778859 53.967177, -122.777725 53.967181, -122.7774442 53.967175, -122.7765071 53.967189, -122.7753388 53.9670964, -122.7744822 53.9668347, -122.7734352 53.9671678, -122.772656 53.9671832, -122.770642 53.967223, -122.7703889 53.967234, -122.7702269 53.967254, -122.7699788 53.967248, -122.7698906 53.967246, -122.769715 53.967242, -122.769481 53.967239, -122.7689881 53.967244, -122.7683869 53.967259, -122.7676039 53.967267, -122.7673091 53.967325, -122.7672479 53.966906, -122.767195 53.96639, -122.767195 53.966262, -122.7672191 53.966088, -122.7673012 53.965568)))"
135164,Peden Hill,Neighborhood,N,Neighborhood,West Bowl,Peden Hill,,CAN,"Prince George, BC",53.883087,-122.780769,20220419,1144719.893,Canada,British Columbia,"Prince George, BC",Prince George,"MULTIPOLYGON (((-122.7811702 53.888222, -122.7806888 53.888225, -122.7796589 53.888204, -122.7795241 53.8881994, -122.7795245 53.8845956, -122.779219 53.884599, -122.7781159 53.8846, -122.776663 53.884594, -122.775628 53.884594, -122.7746171 53.884596, -122.773221 53.8846, -122.7719059 53.884601, -122.7706492 53.884597, -122.7692992 53.884599, -122.7688171 53.884601, -122.7697231 53.883099, -122.7700086 53.8810146, -122.7705363 53.8774209, -122.7708081 53.8768743, -122.7710508 53.876546, -122.771218 53.876626, -122.7723682 53.87736, -122.7725032 53.877452, -122.772645 53.877525, -122.7730118 53.877653, -122.773216 53.87769, -122.773442 53.87772, -122.773694 53.877738, -122.7739 53.877771, -122.7740339 53.87781, -122.7741959 53.877823, -122.7743269 53.87781, -122.7745148 53.87779, -122.7747218 53.877768, -122.774972 53.877808, -122.7751088 53.877858, -122.7753029 53.877889, -122.7755149 53.877889, -122.775971 53.877857, -122.776159 53.877776, -122.7765859 53.877647, -122.7767321 53.87774, -122.777176 53.878065, -122.7780022 53.877779, -122.779084 53.877406, -122.7794562 53.8772608, -122.779517 53.8788041, -122.7796628 53.878876, -122.7801089 53.879033, -122.7806539 53.879227, -122.7808379 53.879239, -122.7812591 53.879084, -122.7813869 53.879021, -122.7819619 53.8790574, -122.7817211 53.8807387, -122.7817792 53.8811478, -122.78272 53.882291, -122.7839602 53.881725, -122.7841984 53.8815873, -122.7848069 53.88161, -122.7852641 53.881307, -122.7857738 53.881008, -122.786609 53.881006, -122.7878521 53.880992, -122.7887989 53.880991, -122.7888061 53.881168, -122.7888 53.881332, -122.7887662 53.881513, -122.7896881 53.88149, -122.7904499 53.8815, -122.791792 53.881505, -122.791788 53.882704, -122.7917858 53.883331, -122.791783 53.884207, -122.7917851 53.887059, -122.7918391 53.887848, -122.792121 53.887943, -122.7918758 53.888216, -122.791127 53.88823, -122.790047 53.888221, -122.7883388 53.888243, -122.787333 53.888303, -122.7869111 53.888252, -122.7850121 53.888236, -122.7833291 53.888231, -122.7811702 53.888222)))"
135165,Domagala,Neighborhood,S,Sub Neighborhood,North West,Chief Lake,Domagala,CAN,"Prince George, BC",54.006372,-122.819573,20220419,523752.986,Canada,British Columbia,"Prince George, BC",Prince George,"MULTIPOLYGON (((-122.8134931 54.009396, -122.8135889 54.003424, -122.817902 54.003463, -122.8254401 54.003476, -122.82592 54.003473, -122.8258919 54.004475, -122.825916 54.0059, -122.8258822 54.007347, -122.8258592 54.008847, -122.825507 54.008872, -122.8233892 54.009034, -122.8225291 54.009104, -122.8217763 54.0091532, -122.8213361 54.009182, -122.8203982 54.0092551, -122.8194929 54.009322, -122.8142408 54.009602, -122.81395 54.009555, -122.813721 54.009498, -122.8134931 54.009396)))"
135166,Ingala Heights,Neighborhood,S,Sub Neighborhood,,,Ingala Heights,CAN,"Prince George, BC",53.979491,-122.78637,20220419,222385.898,Canada,British Columbia,"Prince George, BC",Prince George,"MULTIPOLYGON (((-122.7840419 53.98096, -122.783378 53.980691, -122.7831631 53.980635, -122.7828769 53.980561, -122.7827171 53.979225, -122.7831041 53.979229, -122.7835411 53.97922, -122.78353 53.979024, -122.783508 53.978855, -122.7833939 53.978736, -122.783071 53.978605, -122.783026 53.977328, -122.78362 53.976331, -122.783755 53.976217, -122.7846038 53.97621, -122.7847331 53.976231, -122.7847939 53.976376, -122.7848749 53.976544, -122.7860849 53.976647, -122.786636 53.976698, -122.786698 53.97691, -122.7868358 53.97708, -122.7869842 53.977238, -122.7870821 53.977338, -122.787198 53.977475, -122.7872981 53.977673, -122.7874219 53.977894, -122.7874871 53.978007, -122.7875839 53.978206, -122.7876869 53.978305, -122.787868 53.978441, -122.7880051 53.978522, -122.7881401 53.978579, -122.7883259 53.978649, -122.788517 53.978729, -122.7886949 53.97881, -122.7889721 53.978908, -122.789187 53.978995, -122.789331 53.979076, -122.7894721 53.979221, -122.7895621 53.979356, -122.789686 53.979548, -122.7897968 53.979715, -122.78993 53.979879, -122.790078 53.980009, -122.790222 53.980117, -122.7904358 53.98029, -122.790569 53.980416, -122.7907141 53.980573, -122.7908992 53.980679, -122.7910529 53.980764, -122.7912599 53.980847, -122.7914579 53.980898, -122.791698 53.980976, -122.7918848 53.981038, -122.7912419 53.981698, -122.790546 53.981695, -122.788678 53.981704, -122.7858239 53.981722, -122.7840142 53.981726, -122.7840232 53.981141, -122.7840419 53.98096)))"
135167,Nechako,Neighborhood,S,Sub Neighborhood,,,Nechako,CAN,"Prince George, BC",53.92517,-122.775208,20220419,274592.467,Canada,British Columbia,"Prince George, BC",Prince George,"MULTIPOLYGON (((-122.769725 53.927064, -122.769567 53.926289, -122.7692279 53.925253, -122.7692171 53.925004, -122.769292 53.92481, -122.7693251 53.9246, -122.7693089 53.924279, -122.769297 53.923906, -122.7692959 53.92361, -122.7703522 53.923602, -122.771484 53.923606, -122.7730849 53.923615, -122.7746369 53.923606, -122.7759941 53.92361, -122.777582 53.923612, -122.7787582 53.923608, -122.7798338 53.923623, -122.7809362 53.923619, -122.7816259 53.923581, -122.7815978 53.923843, -122.781542 53.924175, -122.7814571 53.924507, -122.7813761 53.92479, -122.781271 53.92513, -122.7811259 53.925478, -122.7810449 53.925671, -122.7808609 53.926066, -122.780754 53.926418, -122.7805841 53.926778, -122.78048 53.927014, -122.7799091 53.926878, -122.777955 53.926612, -122.7754339 53.926612, -122.771848 53.926946, -122.769725 53.927064)))"
135168,Mount Alder Estates,Neighborhood,S,Sub Neighborhood,,,Mount Alder Estates,CAN,"Prince George, BC",53.957773,-122.760756,20220419,461495.746,Canada,British Columbia,"Prince George, BC",Prince George,"MULTIPOLYGON (((-122.7584621 53.956978, -122.7584459 53.956602, -122.7584441 53.956451, -122.7575261 53.95646, -122.7566711 53.956392, -122.7567589 53.956221, -122.7576139 53.955031, -122.757926 53.954649, -122.7586111 53.954408, -122.760355 53.953888, -122.7602318 53.95364, -122.7602002 53.953476, -122.760202 53.953306, -122.7602452 53.952837, -122.7610861 53.952832, -122.7619598 53.952844, -122.7622882 53.952844, -122.7625229 53.952825, -122.762704 53.952817, -122.762979 53.952926, -122.763222 53.953041, -122.763406 53.952938, -122.7635831 53.952869, -122.763717 53.952835, -122.7639139 53.952792, -122.7641512 53.952734, -122.7642682 53.952946, -122.7645929 53.953565, -122.764702 53.953839, -122.765008 53.954582, -122.765171 53.95514, -122.765346 53.955816, -122.7654968 53.956407, -122.7656171 53.956913, -122.7657409 53.957318, -122.7658561 53.957682, -122.7653539 53.957677, -122.764784 53.957675, -122.764459 53.957674, -122.764451 53.958199, -122.764442 53.958699, -122.7644438 53.959168, -122.7644489 53.959886, -122.76441 53.960048, -122.7640601 53.960057, -122.7622399 53.960086, -122.7619271 53.960508, -122.761458 53.961147, -122.76122 53.961015, -122.7610552 53.961087, -122.7608431 53.961525, -122.760963 53.961667, -122.7610699 53.961828, -122.7610069 53.96202, -122.7609421 53.9622, -122.7607222 53.962315, -122.760378 53.962473, -122.7602362 53.962474, -122.7599212 53.962464, -122.7597811 53.962508, -122.7595151 53.962637, -122.7592649 53.962757, -122.758618 53.96276, -122.7570772 53.962767, -122.7557729 53.96277, -122.755599 53.962788, -122.755532 53.962925, -122.7553582 53.962937, -122.7541979 53.962883, -122.7541928 53.962639, -122.7541612 53.962459, -122.7541471 53.962232, -122.7541792 53.962048, -122.7546191 53.961978, -122.7547631 53.961971, -122.7549679 53.961987, -122.755122 53.961996, -122.7552509 53.96199, -122.7555119 53.961955, -122.7557959 53.961873, -122.7559489 53.96176, -122.756022 53.961649, -122.75627 53.961424, -122.756413 53.961316, -122.7565591 53.960997, -122.7567931 53.960546, -122.7570689 53.95994, -122.7573479 53.959407, -122.7577028 53.958617, -122.7579581 53.958059, -122.7581791 53.957572, -122.7584621 53.956978)))"
135169,Assman,Neighborhood,N,Neighborhood,Central,Assman,,CAN,"Prince George, BC",53.898978,-122.761728,20220419,564891.359,Canada,British Columbia,"Prince George, BC",Prince George,"MULTIPOLYGON (((-122.7578544 53.902263, -122.757897 53.9010444, -122.755234 53.900998, -122.7551227 53.9009902, -122.7551894 53.8959362, -122.755306 53.895936, -122.7577439 53.895916, -122.7580441 53.895948, -122.7581701 53.896004, -122.7583598 53.896034, -122.7589672 53.896023, -122.760751 53.89601, -122.760752 53.895422, -122.7607538 53.895124, -122.7619058 53.895373, -122.7626791 53.895562, -122.763496 53.895789, -122.7645112 53.896099, -122.7655372 53.896465, -122.7674189 53.897106, -122.768275 53.89737, -122.7687959 53.898439, -122.768896 53.898691, -122.7689449 53.898907, -122.7689629 53.899074, -122.7689618 53.899238, -122.7689449 53.899411, -122.7688801 53.899657, -122.768802 53.899849, -122.7687052 53.90004, -122.7686101 53.900179, -122.7684532 53.900373, -122.7682642 53.900568, -122.7680849 53.900727, -122.767834 53.900938, -122.7673012 53.901356, -122.766782 53.901767, -122.766156 53.902251, -122.7650339 53.902231, -122.7630121 53.902242, -122.760288 53.902262, -122.757989 53.902263, -122.7578544 53.902263)))"
135170,Exhibition Grounds,Neighborhood,N,Neighborhood,West Bowl,Exhibition Grounds,,CAN,"Prince George, BC",53.90639,-122.802936,20220419,679409.26,Canada,British Columbia,"Prince George, BC",Prince George,"MULTIPOLYGON (((-122.8048589 53.903168, -122.8062719 53.903214, -122.806301 53.904475, -122.8063028 53.906166, -122.806309 53.907327, -122.808397 53.907334, -122.8106812 53.907346, -122.8109231 53.90741, -122.811097 53.907558, -122.8112359 53.907729, -122.8113878 53.908089, -122.8114598 53.908313, -122.811503 53.908564, -122.8115711 53.908868, -122.8115869 53.909299, -122.811619 53.909731, -122.81162 53.910349, -122.8108709 53.910357, -122.809892 53.910366, -122.807997 53.910368, -122.8069879 53.910371, -122.8066859 53.910372, -122.8065001 53.910367, -122.8061992 53.910364, -122.8059389 53.910346, -122.8056052 53.910328, -122.8053229 53.910303, -122.8048808 53.910277, -122.8042069 53.910266, -122.8024372 53.91026, -122.8003949 53.910248, -122.7990031 53.910255, -122.7974641 53.910274, -122.7974191 53.910021, -122.797422 53.909726, -122.7974378 53.909332, -122.797444 53.908622, -122.7974468 53.908135, -122.7974501 53.907508, -122.797454 53.906871, -122.797453 53.906265, -122.7974512 53.905617, -122.797476 53.904623, -122.7974749 53.903945, -122.7974731 53.903632, -122.7974551 53.90346, -122.797422 53.903319, -122.7973702 53.903173, -122.7972769 53.903002, -122.7971329 53.902772, -122.7970141 53.902647, -122.7968809 53.902515, -122.7967189 53.902361, -122.7966131 53.902258, -122.797062 53.902019, -122.7975278 53.901751, -122.7978331 53.901592, -122.7980131 53.901508, -122.798196 53.901441, -122.7984581 53.901369, -122.798804 53.901295, -122.7990971 53.901266, -122.8001029 53.901259, -122.8021139 53.901261, -122.804194 53.901245, -122.8048808 53.901246, -122.8048859 53.902107, -122.8048589 53.903168)))"
135171,Lakewood,Neighborhood,N,Neighborhood,West Bowl,Lakewood,,CAN,"Prince George, BC",53.915799,-122.801572,20220419,830690.451,Canada,British Columbia,"Prince George, BC",Prince George,"MULTIPOLYGON (((-122.807025 53.917602, -122.8070599 53.917801, -122.8072381 53.918459, -122.8074451 53.919182, -122.8075351 53.919456, -122.807552 53.919583, -122.8075639 53.919721, -122.8075582 53.919978, -122.807587 53.920633, -122.806557 53.92063, -122.805427 53.92062, -122.8033418 53.920613, -122.801967 53.920615, -122.799704 53.9206, -122.7978292 53.920601, -122.7959129 53.920603, -122.7949049 53.920612, -122.794204 53.920598, -122.7942112 53.919905, -122.794245 53.919728, -122.7942889 53.919559, -122.794339 53.919388, -122.7944401 53.919128, -122.7945031 53.919009, -122.7945802 53.918872, -122.794682 53.918675, -122.7948469 53.918371, -122.7950572 53.917991, -122.7952141 53.917652, -122.795321 53.917456, -122.7954629 53.917169, -122.795748 53.916584, -122.795892 53.916352, -122.796009 53.916137, -122.7962131 53.915744, -122.79631 53.915568, -122.7966109 53.914985, -122.7967499 53.914702, -122.796995 53.914242, -122.7972431 53.913717, -122.797373 53.913297, -122.7974029 53.913087, -122.7974198 53.912749, -122.797413 53.912199, -122.797417 53.91162, -122.797417 53.911184, -122.7974119 53.910945, -122.7974641 53.910274, -122.7990031 53.910255, -122.8003949 53.910248, -122.8024372 53.91026, -122.8042069 53.910266, -122.8048808 53.910277, -122.8053229 53.910303, -122.8056052 53.910328, -122.8059389 53.910346, -122.8061992 53.910364, -122.8065001 53.910367, -122.8066859 53.910372, -122.8069879 53.910371, -122.807002 53.910833, -122.8070221 53.912495, -122.8070542 53.913329, -122.8070459 53.915148, -122.8070419 53.916816, -122.807034 53.917465, -122.807025 53.917602)))"
135172,Seymour,Neighborhood,N,Neighborhood,Central,Seymour,,CAN,"Prince George, BC",53.907572,-122.776062,20220419,491901.129,Canada,British Columbia,"Prince George, BC",Prince George,"MULTIPOLYGON (((-122.7740119 53.905163, -122.7745411 53.904975, -122.776043 53.905051, -122.7764549 53.905078, -122.7769268 53.905095, -122.7772001 53.905089, -122.7774269 53.905063, -122.7776501 53.90503, -122.777888 53.904954, -122.7780911 53.904873, -122.7782588 53.904777, -122.7784259 53.904657, -122.7789439 53.904197, -122.780142 53.903174, -122.780308 53.90305, -122.7804491 53.902995, -122.7805801 53.902976, -122.7807371 53.902983, -122.7809531 53.903032, -122.78111 53.903129, -122.7811561 53.903618, -122.7816878 53.903625, -122.7816832 53.903884, -122.7816832 53.904832, -122.7816821 53.905717, -122.7816871 53.906611, -122.7816871 53.907469, -122.7816731 53.908416, -122.7816788 53.909405, -122.7816641 53.910162, -122.7816619 53.910357, -122.780021 53.910365, -122.7777991 53.910383, -122.775894 53.91037, -122.773981 53.91035, -122.771849 53.910345, -122.7694756 53.9103186, -122.7693036 53.9103167, -122.7692405 53.9102753, -122.7692418 53.9101323, -122.7692459 53.909687, -122.76923 53.909008, -122.769234 53.908384, -122.7692048 53.90789, -122.7691069 53.907662, -122.7689939 53.907512, -122.769211 53.90683, -122.769774 53.906522, -122.7704929 53.906128, -122.7708551 53.906099, -122.7717061 53.90577, -122.7730939 53.905342, -122.7740119 53.905163)))"
135173,East Central Fort George,Neighborhood,N,Neighborhood,Central,East Central Fort George,,CAN,"Prince George, BC",53.917702,-122.774652,20220419,1607250.052,Canada,British Columbia,"Prince George, BC",Prince George,"MULTIPOLYGON (((-122.769725 53.927064, -122.769567 53.926289, -122.7692279 53.925253, -122.7692171 53.925004, -122.769292 53.92481, -122.7693251 53.9246, -122.7693089 53.924279, -122.769297 53.923906, -122.7692959 53.92361, -122.7692891 53.923333, -122.7692869 53.922807, -122.769284 53.922299, -122.769293 53.921856, -122.7692858 53.921179, -122.7692549 53.920614, -122.7692678 53.91995, -122.7692711 53.919139, -122.769266 53.918313, -122.7692542 53.9177, -122.7692581 53.916872, -122.7692581 53.916033, -122.7692599 53.915285, -122.7692419 53.914658, -122.7692362 53.913921, -122.7692408 53.913178, -122.7692318 53.912296, -122.7692318 53.911772, -122.7692351 53.910773, -122.7692373 53.9105681, -122.7692395 53.9103683, -122.7691823 53.9103168, -122.7688533 53.9103217, -122.767537 53.910341, -122.7658241 53.910342, -122.7636371 53.910336, -122.7630899 53.91032, -122.762767 53.910287, -122.7624469 53.910243, -122.7620182 53.910149, -122.762124 53.909915, -122.7622399 53.909795, -122.762435 53.90962, -122.7625999 53.909491, -122.7634088 53.908935, -122.7666892 53.906671, -122.7671651 53.906353, -122.7678689 53.906774, -122.7681911 53.906961, -122.7685241 53.907151, -122.7686969 53.907253, -122.7688582 53.907363, -122.7689939 53.907512, -122.7691069 53.907662, -122.7692048 53.90789, -122.769234 53.908384, -122.76923 53.909008, -122.7692459 53.909687, -122.7692418 53.9101323, -122.7692405 53.9102753, -122.7693036 53.9103167, -122.7694756 53.9103186, -122.771849 53.910345, -122.773981 53.91035, -122.775894 53.91037, -122.7777991 53.910383, -122.780021 53.910365, -122.7816619 53.910357, -122.781654 53.911051, -122.7816382 53.912676, -122.7816371 53.913777, -122.7816472 53.914998, -122.781618 53.915968, -122.7816338 53.916878, -122.78164 53.917175, -122.7816331 53.918104, -122.7816299 53.918902, -122.7816331 53.919788, -122.7816241 53.920562, -122.781605 53.92093, -122.7816061 53.92176, -122.7816202 53.922219, -122.7816439 53.922984, -122.7816259 53.923581, -122.7815978 53.923843, -122.781542 53.924175, -122.7814571 53.924507, -122.7813761 53.92479, -122.781271 53.92513, -122.7811259 53.925478, -122.7810449 53.925671, -122.7808609 53.926066, -122.780754 53.926418, -122.7805841 53.926778, -122.78048 53.927014, -122.7799091 53.926878, -122.777955 53.926612, -122.7754339 53.926612, -122.771848 53.926946, -122.769725 53.927064)))"
135174,Veterans Land Act,Neighborhood,N,Neighborhood,Central,Veterans Land Act,,CAN,"Prince George, BC",53.897954,-122.753947,20220419,722765.8,Canada,British Columbia,"Prince George, BC",Prince George,"MULTIPOLYGON (((-122.757897 53.9010444, -122.7578544 53.902263, -122.757655 53.902263, -122.756117 53.902263, -122.755108 53.902251, -122.755113 53.903315, -122.755099 53.904653, -122.755082 53.905406, -122.7537101 53.905424, -122.7511508 53.905425, -122.7491161 53.905433, -122.7491129 53.904874, -122.7490909 53.904105, -122.7490751 53.903275, -122.7491032 53.902945, -122.7490639 53.897815, -122.7493705 53.8977418, -122.7493668 53.8933747, -122.7495211 53.893385, -122.749681 53.893391, -122.7498091 53.89338, -122.7500662 53.893337, -122.7502991 53.893297, -122.7505129 53.893252, -122.750744 53.893199, -122.75091 53.893183, -122.7510788 53.893178, -122.7512351 53.893174, -122.7514039 53.893193, -122.7516091 53.893231, -122.751958 53.893311, -122.7522622 53.893368, -122.7523849 53.893406, -122.752561 53.893461, -122.752858 53.893551, -122.753709 53.893744, -122.756197 53.894237, -122.7579772 53.894579, -122.758015 53.893747, -122.7580358 53.891779, -122.7580801 53.890033, -122.7580988 53.888799, -122.760356 53.888817, -122.7608348 53.88882, -122.7607538 53.895124, -122.760752 53.895422, -122.760751 53.89601, -122.7589672 53.896023, -122.7583598 53.896034, -122.7581701 53.896004, -122.7580441 53.895948, -122.7577439 53.895916, -122.755306 53.895936, -122.7551894 53.8959362, -122.7551227 53.9009902, -122.755234 53.900998, -122.757897 53.9010444)))"
135175,Old Summit Lake,Neighborhood,N,Neighborhood,North,Old Summit Lake,,CAN,"Prince George, BC",53.996619,-122.713427,20220419,40595818.68,Canada,British Columbia,"Prince George, BC",Prince George,"MULTIPOLYGON (((-122.7414139 54.039772, -122.7408188 54.039469, -122.740254 54.03962, -122.740092 54.039535, -122.7399401 54.039518, -122.7392179 54.03954, -122.7388691 54.039534, -122.7381548 54.039537, -122.7374309 54.039542, -122.7354851 54.039547, -122.7328769 54.03954, -122.7308288 54.039533, -122.727758 54.039535, -122.7277699 54.039143, -122.7277508 54.038816, -122.7277508 54.038582, -122.7278261 54.038198, -122.7278801 54.037717, -122.72778 54.035949, -122.727704 54.030784, -122.7274909 54.025954, -122.7274729 54.02532, -122.727555 54.02301, -122.7276562 54.016104, -122.7277001 54.012257, -122.727222 54.0124, -122.7269869 54.012442, -122.7266071 54.01249, -122.7259811 54.012556, -122.7253072 54.012616, -122.724828 54.012644, -122.7243791 54.012674, -122.7240421 54.012689, -122.723757 54.012688, -122.723532 54.012676, -122.722987 54.012628, -122.7227558 54.012615, -122.7224351 54.012615, -122.722196 54.012598, -122.7219109 54.012566, -122.721534 54.012518, -122.721232 54.012497, -122.7209681 54.012486, -122.7206801 54.012484, -122.7205109 54.012499, -122.7203359 54.012542, -122.719779 54.012705, -122.719585 54.012752, -122.7193769 54.012786, -122.7190882 54.012801, -122.7188099 54.012805, -122.7185921 54.012797, -122.7183728 54.012764, -122.718087 54.012681, -122.717912 54.012644, -122.7177551 54.01264, -122.7175981 54.01265, -122.717444 54.012685, -122.717277 54.012735, -122.7169591 54.012872, -122.71671 54.012889, -122.716534 54.012879, -122.716359 54.012829, -122.7161182 54.012707, -122.715931 54.012644, -122.7157448 54.012614, -122.7154118 54.012573, -122.7150248 54.012539, -122.7146321 54.012508, -122.7142609 54.01247, -122.7119479 54.012463, -122.707845 54.012492, -122.701792 54.01249, -122.692208 54.012552, -122.6809771 54.012717, -122.6688379 54.012731, -122.651618 54.012728, -122.6446319 54.012781, -122.644697 54.012629, -122.6446751 54.01238, -122.644643 54.011987, -122.6445772 54.01173, -122.644517 54.011535, -122.6446448 54.011246, -122.6446819 54.011041, -122.6445952 54.01037, -122.6445818 54.009554, -122.6445232 54.009384, -122.6445091 54.009214, -122.644517 54.008869, -122.644584 54.008747, -122.6445779 54.008372, -122.6445869 54.007659, -122.6446031 54.007158, -122.643477 54.006915, -122.6425792 54.006676, -122.6416241 54.006418, -122.639765 54.005932, -122.639378 54.005844, -122.639004 54.005781, -122.638658 54.005751, -122.6382649 54.005751, -122.6379589 54.005773, -122.6376518 54.005836, -122.6372569 54.005955, -122.6365729 54.006254, -122.6359969 54.006481, -122.6356099 54.006599, -122.635305 54.00667, -122.634738 54.006765, -122.6342009 54.006825, -122.6339039 54.006847, -122.633582 54.006852, -122.63323 54.006837, -122.6321629 54.006742, -122.6312399 54.006663, -122.630823 54.006637, -122.630454 54.00663, -122.630157 54.006637, -122.629891 54.006662, -122.6295101 54.006687, -122.6290252 54.006719, -122.628591 54.006761, -122.628299 54.006801, -122.623583 54.007019, -122.627475 54.003333, -122.6304562 54.001672, -122.634563 54.000416, -122.6375161 53.999629, -122.639989 53.999364, -122.642172 53.999352, -122.64529 53.999721, -122.6498242 54.000049, -122.6538241 53.999968, -122.6576149 53.999703, -122.6607721 53.999065, -122.6676859 53.997208, -122.670576 53.996674, -122.6792761 53.994894, -122.682622 53.994341, -122.6842088 53.993888, -122.6852399 53.993132, -122.6860999 53.991519, -122.6870842 53.988616, -122.6871299 53.986801, -122.6867029 53.985615, -122.685719 53.98448, -122.6836631 53.983143, -122.6795929 53.981174, -122.676903 53.979279, -122.6755339 53.977664, -122.6744662 53.975798, -122.6732681 53.974663, -122.6713831 53.97383, -122.667827 53.973071, -122.6647411 53.972766, -122.661526 53.972864, -122.6575379 53.973466, -122.6549599 53.973556, -122.6529029 53.973428, -122.6512321 53.972998, -122.6503771 53.972418, -122.649822 53.971484, -122.6493961 53.970223, -122.649701 53.96817, -122.6505211 53.965952, -122.651725 53.96434, -122.6536139 53.963005, -122.6563589 53.961873, -122.659875 53.960968, -122.6635178 53.960568, -122.6688322 53.96047, -122.6722169 53.960599, -122.678086 53.961712, -122.6854379 53.963052, -122.6898079 53.963761, -122.6940188 53.964166, -122.6980901 53.964521, -122.7018611 53.964573, -122.7049859 53.964268, -122.7053221 53.969444, -122.7069619 53.969406, -122.7091219 53.969372, -122.7100579 53.969316, -122.710221 53.969221, -122.710469 53.96906, -122.7107722 53.968866, -122.7109781 53.968713, -122.7111649 53.968565, -122.7114428 53.968316, -122.71167 53.968106, -122.7118381 53.967931, -122.712012 53.967738, -122.7122021 53.967517, -122.712304 53.967373, -122.712493 53.967093, -122.712872 53.966547, -122.7133379 53.965864, -122.713709 53.96532, -122.714032 53.964823, -122.714239 53.964503, -122.7144031 53.964275, -122.714757 53.963729, -122.715036 53.963304, -122.7152452 53.962995, -122.7154331 53.962702, -122.715563 53.962534, -122.7157679 53.96231, -122.715914 53.962166, -122.7160721 53.962034, -122.7162701 53.961889, -122.71649 53.961743, -122.716719 53.961619, -122.716935 53.961513, -122.717156 53.961424, -122.7174631 53.961318, -122.717669 53.961255, -122.718069 53.961158, -122.718366 53.961102, -122.718569 53.96107, -122.718848 53.961034, -122.7190748 53.961019, -122.719352 53.961012, -122.7196321 53.961008, -122.7201581 53.961021, -122.7204158 53.961038, -122.720643 53.961065, -122.7209749 53.961113, -122.7212201 53.961162, -122.7214699 53.961225, -122.7217669 53.961319, -122.7219901 53.961397, -122.7222389 53.961493, -122.722429 53.96157, -122.7226219 53.961655, -122.723172 53.961903, -122.7235478 53.962078, -122.7241012 53.962324, -122.72436 53.962427, -122.7246631 53.962543, -122.7249461 53.96263, -122.7252841 53.962727, -122.7254911 53.962779, -122.7257021 53.962828, -122.725985 53.962886, -122.7264041 53.962961, -122.7266309 53.962992, -122.726867 53.963021, -122.7273329 53.963072, -122.728234 53.963149, -122.7298522 53.963291, -122.7312382 53.963413, -122.732456 53.963528, -122.7339248 53.963666, -122.7349789 53.963761, -122.7363469 53.963879, -122.737473 53.963991, -122.7378989 53.964029, -122.7383438 53.96406, -122.73881 53.964081, -122.7393461 53.964088, -122.740016 53.964072, -122.74043 53.964047, -122.7408098 53.964011, -122.7411832 53.963962, -122.741505 53.963912, -122.7418981 53.963833, -122.7423172 53.963757, -122.742536 53.963703, -122.742796 53.963627, -122.743129 53.963529, -122.7433471 53.963445, -122.743715 53.963306, -122.7442849 53.963615, -122.7442802 53.9641956, -122.744255 53.967296, -122.752292 53.967249, -122.7522938 53.971532, -122.7523072 53.976136, -122.7525131 53.97975, -122.7524429 53.981757, -122.7524249 53.984694, -122.752404 53.992198, -122.7523658 53.999077, -122.752373 54.001867, -122.7523799 54.003436, -122.7523619 54.008713, -122.7523612 54.010696, -122.7524681 54.017954, -122.762673 54.017875, -122.7768142 54.017829, -122.7769582 54.021438, -122.7817681 54.021478, -122.7858069 54.0215478, -122.7618821 54.0384923, -122.7604011 54.0395416, -122.7601091 54.03951, -122.758686 54.03954, -122.7569918 54.039573, -122.7552869 54.039564, -122.752723 54.039561, -122.7511778 54.039552, -122.7501 54.039567, -122.748817 54.03957, -122.7477848 54.03957, -122.747485 54.039576, -122.7468391 54.039582, -122.7461821 54.039582, -122.745623 54.039579, -122.7452969 54.039588, -122.7449279 54.039634, -122.7440729 54.039743, -122.7434602 54.039788, -122.7422491 54.039891, -122.741725 54.03993, -122.7414139 54.039772)))"
135176,Downtown Prince George,Neighborhood,N,Neighborhood,Central,Downtown Prince George,,CAN,"Prince George, BC",53.915841,-122.747056,20220419,1436552.543,Canada,British Columbia,"Prince George, BC",Prince George,"MULTIPOLYGON (((-122.7649201 53.924774, -122.7636911 53.924403, -122.7623069 53.923973, -122.761071 53.923603, -122.7594442 53.923145, -122.758114 53.92278, -122.7570098 53.922456, -122.755504 53.922025, -122.7549229 53.921862, -122.753722 53.921528, -122.7514838 53.92089, -122.750464 53.92062, -122.7477269 53.919921, -122.7475336 53.9198695, -122.7456781 53.919375, -122.7434911 53.918751, -122.7412501 53.918121, -122.7402858 53.9178502, -122.7384871 53.917345, -122.7369449 53.916902, -122.735074 53.916377, -122.733049 53.9158, -122.730786 53.915158, -122.729481 53.914792, -122.727982 53.914383, -122.7273739 53.914204, -122.7268102 53.913992, -122.727271 53.913665, -122.728135 53.913099, -122.7283859 53.912934, -122.7285101 53.912846, -122.728721 53.912733, -122.729035 53.91259, -122.729459 53.912429, -122.7298669 53.912285, -122.7301909 53.912185, -122.7304411 53.912116, -122.730692 53.912069, -122.730962 53.912017, -122.731096 53.911965, -122.7312511 53.911853, -122.7313991 53.91177, -122.7315679 53.911696, -122.7317551 53.911663, -122.7319121 53.911655, -122.7321551 53.911697, -122.7323221 53.9117, -122.7332999 53.911616, -122.7336491 53.911603, -122.73408 53.91163, -122.734575 53.911693, -122.7349051 53.91177, -122.7352619 53.911854, -122.7360488 53.912083, -122.7376159 53.912503, -122.7398051 53.912928, -122.740097 53.91293, -122.7408631 53.912941, -122.7411119 53.912961, -122.741402 53.912955, -122.741761 53.912927, -122.742419 53.912849, -122.743006 53.9127645, -122.7432668 53.912727, -122.7441441 53.912561, -122.7444188 53.912509, -122.7462869 53.912124, -122.7475811 53.911836, -122.7478381 53.9118, -122.748008 53.911796, -122.7482032 53.911843, -122.7484019 53.911933, -122.7488422 53.911746, -122.7491521 53.911659, -122.7504269 53.911409, -122.752795 53.9109, -122.7545662 53.91056, -122.7549899 53.910473, -122.756584 53.910146, -122.758105 53.909841, -122.7591742 53.909615, -122.7593812 53.909584, -122.7595511 53.909571, -122.7597091 53.909564, -122.7598841 53.90958, -122.760049 53.9096, -122.7602081 53.909635, -122.760536 53.90973, -122.7614641 53.909997, -122.7620182 53.910149, -122.76135 53.910875, -122.759748 53.912847, -122.7583429 53.912441, -122.7571621 53.912113, -122.7561919 53.911822, -122.755343 53.912888, -122.7544718 53.913934, -122.753374 53.9152931, -122.7532658 53.915427, -122.7519979 53.916992, -122.7514799 53.917628, -122.7533422 53.9181358, -122.7534458 53.918164, -122.756747 53.919105, -122.7569699 53.919169, -122.7572708 53.919249, -122.757548 53.919301, -122.757678 53.919323, -122.7583321 53.919349, -122.7587051 53.91937, -122.758826 53.919427, -122.7588581 53.919558, -122.7588491 53.91986, -122.7588199 53.920481, -122.7584948 53.920425, -122.758412 53.921, -122.7588998 53.921235, -122.759068 53.9213, -122.7592681 53.921372, -122.75969 53.921493, -122.7600551 53.921594, -122.7609169 53.92183, -122.761881 53.922112, -122.7632029 53.922479, -122.7635579 53.922576, -122.7638149 53.922614, -122.765027 53.92262, -122.7650461 53.923171, -122.7655231 53.923461, -122.7657449 53.923608, -122.7649201 53.924774)))"
135177,Central Hart,Neighborhood,N,Neighborhood,North,Central Hart,,CAN,"Prince George, BC",53.955551,-122.744488,20220419,15881431.65,Canada,British Columbia,"Prince George, BC",Prince George,"MULTIPOLYGON (((-122.7523072 53.976136, -122.7522938 53.971532, -122.752292 53.967249, -122.744255 53.967296, -122.7442802 53.9641956, -122.7442849 53.963615, -122.743715 53.963306, -122.7433471 53.963445, -122.743129 53.963529, -122.742796 53.963627, -122.742536 53.963703, -122.7423172 53.963757, -122.7418981 53.963833, -122.741505 53.963912, -122.7411832 53.963962, -122.7408098 53.964011, -122.74043 53.964047, -122.740016 53.964072, -122.7393461 53.964088, -122.73881 53.964081, -122.7383438 53.96406, -122.7378989 53.964029, -122.737473 53.963991, -122.7363469 53.963879, -122.7349789 53.963761, -122.7339248 53.963666, -122.732456 53.963528, -122.7312382 53.963413, -122.7298522 53.963291, -122.728234 53.963149, -122.7273329 53.963072, -122.726867 53.963021, -122.7266309 53.962992, -122.7264041 53.962961, -122.725985 53.962886, -122.7257021 53.962828, -122.7254911 53.962779, -122.7252841 53.962727, -122.7249461 53.96263, -122.7246631 53.962543, -122.72436 53.962427, -122.7241012 53.962324, -122.7235478 53.962078, -122.723172 53.961903, -122.7226219 53.961655, -122.722429 53.96157, -122.7222389 53.961493, -122.7219901 53.961397, -122.7217669 53.961319, -122.7214699 53.961225, -122.7212201 53.961162, -122.7209749 53.961113, -122.720643 53.961065, -122.7204158 53.961038, -122.7201581 53.961021, -122.7196321 53.961008, -122.719352 53.961012, -122.7190748 53.961019, -122.718848 53.961034, -122.718569 53.96107, -122.718366 53.961102, -122.718069 53.961158, -122.717669 53.961255, -122.7174631 53.961318, -122.717156 53.961424, -122.716935 53.961513, -122.716719 53.961619, -122.71649 53.961743, -122.7162701 53.961889, -122.7160721 53.962034, -122.715914 53.962166, -122.7157679 53.96231, -122.715563 53.962534, -122.7154331 53.962702, -122.7152452 53.962995, -122.715036 53.963304, -122.714757 53.963729, -122.7144031 53.964275, -122.714239 53.964503, -122.714032 53.964823, -122.713709 53.96532, -122.7133379 53.965864, -122.712872 53.966547, -122.712493 53.967093, -122.712304 53.967373, -122.7122021 53.967517, -122.712012 53.967738, -122.7118381 53.967931, -122.71167 53.968106, -122.7114428 53.968316, -122.7111649 53.968565, -122.7109781 53.968713, -122.7107722 53.968866, -122.710469 53.96906, -122.710221 53.969221, -122.7100579 53.969316, -122.7091219 53.969372, -122.7069619 53.969406, -122.7053221 53.969444, -122.7049859 53.964268, -122.705204 53.964247, -122.706662 53.963617, -122.7078202 53.962432, -122.7084649 53.961071, -122.708552 53.959634, -122.7074821 53.958297, -122.703277 53.953357, -122.7017459 53.951029, -122.700942 53.949153, -122.7008221 53.947894, -122.7010252 53.946921, -122.7015911 53.945971, -122.7030851 53.945188, -122.703691 53.944785, -122.7038929 53.944191, -122.7036931 53.942696, -122.703129 53.941651, -122.702126 53.940792, -122.7420788 53.940543, -122.746248 53.940465, -122.7462458 53.938274, -122.746275 53.936232, -122.7511519 53.936217, -122.7561329 53.936222, -122.7570232 53.936222, -122.7580369 53.936236, -122.7584099 53.936234, -122.7581066 53.9357351, -122.7580342 53.9351362, -122.7586471 53.935114, -122.7601012 53.93519, -122.77066 53.935213, -122.770557 53.936055, -122.77057 53.937749, -122.77075 53.941845, -122.7706909 53.943436, -122.7707219 53.946277, -122.770503 53.946312, -122.7705991 53.946524, -122.770647 53.946716, -122.770692 53.946896, -122.770741 53.947072, -122.770759 53.947257, -122.7707561 53.947385, -122.770728 53.94754, -122.7706531 53.947707, -122.770615 53.94799, -122.77057 53.948172, -122.770512 53.948319, -122.770562 53.948488, -122.7707269 53.948592, -122.770912 53.948626, -122.771146 53.948648, -122.7712021 53.948828, -122.771187 53.94898, -122.7711719 53.949138, -122.7711211 53.949331, -122.7710401 53.949504, -122.7709469 53.949716, -122.770881 53.949935, -122.770804 53.950155, -122.7707809 53.950293, -122.7707701 53.950475, -122.7707669 53.950675, -122.770777 53.950883, -122.7706891 53.951619, -122.7707212 53.952825, -122.773369 53.952821, -122.7749378 53.952807, -122.7766381 53.952804, -122.7765938 53.960062, -122.7765391 53.960333, -122.7765758 53.961066, -122.7765802 53.962941, -122.7765719 53.96462, -122.776569 53.965327, -122.7772508 53.965306, -122.7779618 53.965253, -122.7786368 53.965193, -122.77895 53.965168, -122.779229 53.965199, -122.779535 53.965262, -122.7796852 53.965315, -122.7796819 53.96683, -122.7796931 53.96717, -122.7778859 53.967177, -122.777725 53.967181, -122.7774442 53.967175, -122.7765071 53.967189, -122.7765182 53.9675716, -122.7765421 53.9683951, -122.7766032 53.970504, -122.776669 53.9727747, -122.7766811 53.9731927, -122.7766937 53.9736262, -122.7767111 53.974227, -122.7767189 53.9744966, -122.776616 53.9744985, -122.7755803 53.9745177, -122.7742599 53.9745422, -122.7724402 53.974576, -122.7724222 53.975188, -122.770301 53.975216, -122.770301 53.974492, -122.768001 53.974458, -122.768033 53.974846, -122.7680899 53.975193, -122.7681479 53.975399, -122.768212 53.975564, -122.7682822 53.97573, -122.7684359 53.975982, -122.768537 53.976125, -122.7686389 53.976267, -122.7687379 53.976398, -122.768915 53.976572, -122.7692138 53.976852, -122.7695159 53.977077, -122.7698759 53.977323, -122.770467 53.97768, -122.7709508 53.977984, -122.7714721 53.978296, -122.7719542 53.978587, -122.7723952 53.978842, -122.7729161 53.979153, -122.7733391 53.97942, -122.773788 53.979693, -122.7742088 53.979939, -122.7745501 53.980148, -122.7748381 53.980322, -122.77507 53.980469, -122.775376 53.980675, -122.775561 53.980803, -122.7757561 53.980953, -122.7759329 53.981093, -122.7762299 53.981321, -122.7766921 53.981717, -122.7722861 53.981733, -122.7676298 53.981741, -122.7645691 53.98175, -122.7603802 53.981762, -122.7524429 53.981757, -122.7525131 53.97975, -122.7523072 53.976136)))"
135178,Charella Gardens,Neighborhood,S,Sub Neighborhood,,,Charella Gardens,CAN,"Prince George, BC",53.875694,-122.78521,20220419,904869.554,Canada,British Columbia,"Prince George, BC",Prince George,"MULTIPOLYGON (((-122.78272 53.882291, -122.7817792 53.8811478, -122.7817211 53.8807387, -122.7819619 53.8790574, -122.7813869 53.879021, -122.7812591 53.879084, -122.7808379 53.879239, -122.7806539 53.879227, -122.7801089 53.879033, -122.7796628 53.878876, -122.779517 53.8788041, -122.7794562 53.8772608, -122.7791513 53.8741727, -122.778959 53.874189, -122.7785929 53.874224, -122.778369 53.874257, -122.7779741 53.874327, -122.7780979 53.874171, -122.7781951 53.874082, -122.778315 53.873963, -122.7784471 53.873802, -122.7785551 53.873666, -122.7786721 53.873479, -122.7787841 53.873279, -122.7788798 53.873094, -122.7789821 53.872842, -122.7792071 53.872361, -122.7794569 53.871791, -122.7796949 53.871208, -122.7800149 53.870505, -122.7802432 53.870001, -122.7804188 53.869596, -122.7805639 53.869246, -122.7812911 53.869332, -122.7825101 53.869486, -122.784273 53.869707, -122.7853289 53.869846, -122.7858739 53.869919, -122.7865151 53.869989, -122.7868268 53.870001, -122.7870248 53.869992, -122.787499 53.869941, -122.787869 53.869867, -122.7882038 53.869769, -122.7885199 53.869672, -122.7887579 53.86959, -122.7891139 53.869486, -122.7895898 53.869381, -122.7901259 53.869307, -122.7905258 53.869267, -122.7915371 53.869223, -122.7920821 53.869244, -122.7917351 53.869802, -122.7913808 53.870233, -122.7910702 53.870503, -122.790694 53.87076, -122.7902339 53.87105, -122.7892921 53.871645, -122.78862 53.872094, -122.788355 53.872256, -122.7880159 53.872473, -122.7878341 53.87261, -122.787688 53.872749, -122.7876008 53.872845, -122.7875011 53.87306, -122.787468 53.873242, -122.787468 53.873371, -122.787508 53.873607, -122.7876041 53.873866, -122.7876638 53.874062, -122.7876959 53.874219, -122.787711 53.874379, -122.7876901 53.874508, -122.7876289 53.874689, -122.787544 53.874871, -122.788004 53.87504, -122.7881779 53.875136, -122.7886178 53.875343, -122.7888878 53.875463, -122.7890498 53.87555, -122.788858 53.875663, -122.7887809 53.875831, -122.788665 53.875997, -122.788566 53.876227, -122.788274 53.876323, -122.787932 53.876547, -122.78794 53.87671, -122.788534 53.876715, -122.7905888 53.87672, -122.7922909 53.87671, -122.7922229 53.877128, -122.7921098 53.877328, -122.7919961 53.877441, -122.7926221 53.879016, -122.7926382 53.8802463, -122.7926476 53.8809596, -122.7926547 53.881508, -122.791792 53.881505, -122.7904499 53.8815, -122.7896881 53.88149, -122.7887662 53.881513, -122.7888 53.881332, -122.7888061 53.881168, -122.7887989 53.880991, -122.7878521 53.880992, -122.786609 53.881006, -122.7857738 53.881008, -122.7852641 53.881307, -122.7848069 53.88161, -122.7841984 53.8815873, -122.7839602 53.881725, -122.78272 53.882291)))"
135179,South Kelly Gardens,Neighborhood,S,Sub Neighborhood,,,South Kelly Gardens,CAN,"Prince George, BC",53.990924,-122.804205,20220419,188755.557,Canada,British Columbia,"Prince George, BC",Prince George,"MULTIPOLYGON (((-122.8072849 53.989969, -122.807268 53.990471, -122.8072691 53.99086, -122.807286 53.991325, -122.8072882 53.992406, -122.8072921 53.993011, -122.806922 53.993028, -122.8060771 53.993027, -122.8052189 53.993029, -122.8039531 53.993023, -122.8024451 53.993026, -122.801144 53.993018, -122.8011289 53.992241, -122.8011271 53.991379, -122.8011289 53.990445, -122.8011221 53.98951, -122.801117 53.988825, -122.8021949 53.988822, -122.804469 53.988825, -122.8046468 53.988825, -122.8054691 53.988823, -122.8059518 53.988822, -122.8064198 53.988822, -122.8072741 53.988829, -122.8072799 53.989063, -122.8072849 53.989969)))"
135180,Haldi,Neighborhood,N,Neighborhood,Southwest Prince George,Haldi,,CAN,"Prince George, BC",53.828594,-122.822647,20220419,7315106.271,Canada,British Columbia,"Prince George, BC",Prince George,"MULTIPOLYGON (((-122.8246621 53.849618, -122.8244191 53.849539, -122.8239169 53.849336, -122.8242972 53.8490525, -122.8243061 53.8485864, -122.824287 53.847686, -122.824287 53.845759, -122.824287 53.844971, -122.8242499 53.842473, -122.8243601 53.837695, -122.8238618 53.83774, -122.823499 53.837745, -122.8219099 53.837762, -122.8203068 53.837781, -122.8193057 53.8377869, -122.8183558 53.8377963, -122.817334 53.837812, -122.8168551 53.8378113, -122.816855 53.8378113, -122.8159069 53.83781, -122.8151851 53.837828, -122.8150192 53.838125, -122.814922 53.838226, -122.814756 53.838338, -122.814563 53.838439, -122.8142531 53.838577, -122.8137469 53.838816, -122.8122641 53.839527, -122.812137 53.837548, -122.8121399 53.835265, -122.8121489 53.834133, -122.8091242 53.834125, -122.807128 53.83413, -122.805059 53.834142, -122.8044121 53.834079, -122.8029008 53.834057, -122.8018619 53.834051, -122.8014331 53.834066, -122.8010731 53.834048, -122.799883 53.834083, -122.7998581 53.833665, -122.7998311 53.833195, -122.799802 53.832295, -122.799794 53.830521, -122.799762 53.827616, -122.7998362 53.824519, -122.799794 53.82355, -122.799731 53.82143, -122.799757 53.820868, -122.799798 53.820694, -122.7997951 53.82046, -122.799825 53.820237, -122.7997969 53.820015, -122.7998138 53.819766, -122.7997969 53.819569, -122.799753 53.819425, -122.7997321 53.819245, -122.7998009 53.818962, -122.7997591 53.818746, -122.7997861 53.818487, -122.799749 53.818307, -122.7997051 53.817939, -122.79973 53.815966, -122.802224 53.815973, -122.8039448 53.815984, -122.810215 53.815931, -122.8117129 53.815918, -122.8123469 53.815928, -122.8189489 53.815919, -122.823729 53.815976, -122.8243972 53.815966, -122.825516 53.815981, -122.8265258 53.815987, -122.827667 53.815984, -122.828405 53.815976, -122.8299991 53.815978, -122.8313498 53.815966, -122.8323949 53.815958, -122.8328572 53.815965, -122.8333838 53.815972, -122.834192 53.815973, -122.8356821 53.815974, -122.836153 53.815974, -122.8365601 53.815964, -122.836963 53.815962, -122.837954 53.815962, -122.839844 53.815951, -122.841958 53.815954, -122.8435319 53.815965, -122.8443901 53.815964, -122.8449892 53.815969, -122.8465552 53.815973, -122.8473079 53.81597, -122.8480441 53.815974, -122.848546 53.815974, -122.8488649 53.815978, -122.8502182 53.815977, -122.8504151 53.815998, -122.8506008 53.816054, -122.8501958 53.816348, -122.8493761 53.816852, -122.848812 53.817221, -122.848348 53.817506, -122.8476751 53.817921, -122.846962 53.81835, -122.8463971 53.818646, -122.845999 53.81883, -122.8455698 53.818999, -122.8450072 53.819203, -122.8444661 53.819371, -122.8441961 53.819458, -122.8436842 53.819579, -122.8432432 53.819664, -122.842782 53.819749, -122.8419742 53.819867, -122.8413488 53.819969, -122.841058 53.820026, -122.840653 53.820133, -122.8404229 53.820211, -122.8401299 53.820343, -122.8398199 53.820517, -122.8396309 53.820643, -122.8394869 53.820766, -122.839308 53.820955, -122.8391032 53.821246, -122.839011 53.821448, -122.8389509 53.821628, -122.838935 53.821906, -122.8389721 53.822181, -122.839033 53.822493, -122.8390859 53.822763, -122.839151 53.823065, -122.839177 53.823364, -122.8391399 53.823627, -122.8390981 53.823765, -122.839052 53.8239, -122.8389671 53.824121, -122.83888 53.824339, -122.8387871 53.824576, -122.8386899 53.824839, -122.838638 53.825007, -122.8385801 53.825216, -122.83853 53.825639, -122.8385311 53.825805, -122.8385459 53.825971, -122.8385761 53.826153, -122.8386049 53.826278, -122.8386668 53.826495, -122.838754 53.826691, -122.838836 53.826851, -122.838912 53.826996, -122.8390391 53.827197, -122.8391438 53.827332, -122.839227 53.827446, -122.8393462 53.82757, -122.839686 53.827939, -122.840105 53.828386, -122.84028 53.828595, -122.840415 53.828787, -122.840518 53.828958, -122.8406731 53.829258, -122.8407559 53.82948, -122.8408268 53.829766, -122.840851 53.829907, -122.84087 53.8301, -122.840869 53.830361, -122.8417589 53.830414, -122.8423342 53.830404, -122.842517 53.830393, -122.8426999 53.830409, -122.8428709 53.83045, -122.8430588 53.830504, -122.8436842 53.830799, -122.844082 53.831007, -122.84442 53.831149, -122.8448239 53.831386, -122.844191 53.83167, -122.8437652 53.831873, -122.843439 53.83204, -122.8432 53.832178, -122.8427431 53.832438, -122.8421959 53.832778, -122.8416959 53.833108, -122.84127 53.833411, -122.8409039 53.83371, -122.8405939 53.833977, -122.8401389 53.834402, -122.8394149 53.835084, -122.8390369 53.835459, -122.8375732 53.836854, -122.8369561 53.837454, -122.836018 53.838359, -122.8348829 53.839458, -122.8337482 53.840541, -122.8323481 53.841896, -122.8312771 53.842927, -122.8305841 53.843596, -122.8300369 53.844125, -122.8294771 53.844667, -122.832184 53.844671, -122.8364309 53.844647, -122.8395038 53.844653, -122.839438 53.846079, -122.8393958 53.846336, -122.83938 53.846499, -122.8394002 53.846735, -122.839421 53.847054, -122.8394138 53.847436, -122.8394671 53.847807, -122.8395881 53.84954, -122.838435 53.849557, -122.836194 53.849586, -122.8348271 53.849577, -122.833894 53.849571, -122.832846 53.849576, -122.831411 53.849576, -122.8307281 53.849572, -122.829916 53.849578, -122.8290188 53.849575, -122.827414 53.849583, -122.82718 53.849583, -122.8267631 53.849601, -122.8257079 53.849631, -122.8252928 53.849643, -122.8250138 53.849655, -122.8248641 53.849652, -122.8246621 53.849618)))"
135181,Van Bow,Neighborhood,N,Neighborhood,Central,Van Bow,,CAN,"Prince George, BC",53.906016,-122.759932,20220419,534309.555,Canada,British Columbia,"Prince George, BC",Prince George,"MULTIPOLYGON (((-122.766156 53.902251, -122.765926 53.902428, -122.765198 53.902981, -122.7639488 53.903948, -122.7630391 53.904671, -122.7627979 53.904846, -122.7626201 53.90496, -122.762479 53.90504, -122.762381 53.905145, -122.762569 53.905278, -122.7627652 53.905353, -122.7629369 53.905377, -122.763199 53.905392, -122.7637051 53.905394, -122.764608 53.905391, -122.764793 53.905406, -122.7649669 53.905424, -122.765234 53.90546, -122.7654202 53.905496, -122.7656549 53.905561, -122.7659011 53.905651, -122.766061 53.90572, -122.766367 53.905871, -122.766817 53.906144, -122.7671651 53.906353, -122.7666892 53.906671, -122.7634088 53.908935, -122.7625999 53.909491, -122.762435 53.90962, -122.7622399 53.909795, -122.762124 53.909915, -122.7620182 53.910149, -122.7614641 53.909997, -122.760536 53.90973, -122.7602081 53.909635, -122.760049 53.9096, -122.7598841 53.90958, -122.7597091 53.909564, -122.7595511 53.909571, -122.7593812 53.909584, -122.7591742 53.909615, -122.758105 53.909841, -122.756584 53.910146, -122.7549899 53.910473, -122.7550781 53.910224, -122.7551 53.910076, -122.755126 53.909854, -122.755126 53.909699, -122.755117 53.909564, -122.7550979 53.908831, -122.75509 53.907673, -122.7550709 53.905949, -122.755082 53.905406, -122.755099 53.904653, -122.755113 53.903315, -122.755108 53.902251, -122.756117 53.902263, -122.757655 53.902263, -122.757989 53.902263, -122.760288 53.902262, -122.7630121 53.902242, -122.7650339 53.902231, -122.766156 53.902251)))"
135182,La Freniere,Neighborhood,N,Neighborhood,Southwest Prince George,La Freniere,,CAN,"Prince George, BC",53.855217,-122.813205,20220419,753990.966,Canada,British Columbia,"Prince George, BC",Prince George,"MULTIPOLYGON (((-122.8056109 53.856199, -122.8055962 53.855083, -122.80558 53.854478, -122.8056199 53.853869, -122.8056098 53.852946, -122.8055782 53.852244, -122.8057441 53.852249, -122.80599 53.852253, -122.806134 53.852255, -122.806615 53.852231, -122.806597 53.851778, -122.8089218 53.851723, -122.8096192 53.851707, -122.8103078 53.851678, -122.81098 53.851658, -122.8111621 53.851656, -122.811386 53.85165, -122.8113112 53.851771, -122.8112359 53.851912, -122.8110901 53.85222, -122.8114238 53.852224, -122.8119818 53.852216, -122.8126522 53.852231, -122.8133509 53.852232, -122.8140061 53.852231, -122.8150879 53.852226, -122.8163018 53.852227, -122.8169048 53.852222, -122.8176562 53.852222, -122.8180169 53.852217, -122.8184392 53.852185, -122.818855 53.85216, -122.8194961 53.852153, -122.8217321 53.852143, -122.8227509 53.852166, -122.8226828 53.852385, -122.8225831 53.852725, -122.8224931 53.853069, -122.8224262 53.853293, -122.8223149 53.853682, -122.8221878 53.854177, -122.822014 53.854776, -122.821938 53.855033, -122.8218671 53.855196, -122.8218091 53.855361, -122.8217321 53.855496, -122.8216658 53.855631, -122.8215481 53.855835, -122.8214131 53.856018, -122.8212709 53.856185, -122.821056 53.856406, -122.8209149 53.85654, -122.8207478 53.856688, -122.8205182 53.856861, -122.8202842 53.857027, -122.8199962 53.857192, -122.8196869 53.857349, -122.8193939 53.857494, -122.8190782 53.85762, -122.8189169 53.857688, -122.818711 53.857767, -122.818253 53.857906, -122.8179071 53.857989, -122.8175122 53.858072, -122.8171331 53.858148, -122.816722 53.858191, -122.815598 53.858313, -122.814607 53.858424, -122.813825 53.858531, -122.8127029 53.858679, -122.8121978 53.858739, -122.8116229 53.858796, -122.8110361 53.858868, -122.8103881 53.858946, -122.8096091 53.859043, -122.808883 53.859129, -122.808245 53.859202, -122.807646 53.859272, -122.8071629 53.859336, -122.8068022 53.859394, -122.806571 53.859436, -122.806476 53.859181, -122.8064602 53.859033, -122.8064468 53.858445, -122.805612 53.85846, -122.8055951 53.858162, -122.8055951 53.857588, -122.805594 53.856771, -122.8056109 53.856199)))"
135183,Austin East,Neighborhood,N,Neighborhood,North,Austin East,,CAN,"Prince George, BC",54.001723,-122.7742,20220419,11282087.14,Canada,British Columbia,"Prince George, BC",Prince George,"MULTIPOLYGON (((-122.7769582 54.021438, -122.7768142 54.017829, -122.762673 54.017875, -122.7524681 54.017954, -122.7523612 54.010696, -122.7523619 54.008713, -122.7523799 54.003436, -122.752373 54.001867, -122.7523658 53.999077, -122.752404 53.992198, -122.7524249 53.984694, -122.7524429 53.981757, -122.7603802 53.981762, -122.7645691 53.98175, -122.7676298 53.981741, -122.7722861 53.981733, -122.7766921 53.981717, -122.77706 53.981995, -122.7774532 53.982307, -122.7776558 53.982466, -122.7778661 53.982628, -122.778081 53.982818, -122.778302 53.983021, -122.7784702 53.983189, -122.7786188 53.98335, -122.7787351 53.983475, -122.778824 53.983599, -122.7789209 53.983756, -122.7790058 53.983911, -122.779085 53.984077, -122.7791671 53.984294, -122.779269 53.984628, -122.7793651 53.984941, -122.7794648 53.985202, -122.7795818 53.985496, -122.77966 53.985643, -122.7797899 53.985858, -122.779966 53.986079, -122.780214 53.986349, -122.7805049 53.986585, -122.7808019 53.986786, -122.7810892 53.986949, -122.7812209 53.987023, -122.781469 53.987147, -122.7819229 53.987334, -122.7823859 53.987512, -122.7829691 53.987731, -122.783494 53.987922, -122.7840869 53.988149, -122.784543 53.988329, -122.784939 53.988496, -122.7852619 53.988651, -122.7861119 53.989087, -122.7871051 53.989645, -122.7880339 53.990156, -122.7895189 53.990962, -122.7909488 53.99176, -122.7922178 53.992457, -122.7937028 53.993274, -122.7947242 53.993847, -122.7958139 53.99445, -122.796572 53.994874, -122.7972121 53.995245, -122.7977618 53.995587, -122.7979811 53.995735, -122.798263 53.995946, -122.7986251 53.996229, -122.799047 53.996602, -122.7993952 53.996945, -122.7997822 53.997371, -122.8002232 53.997919, -122.8006199 53.998575, -122.8007745 53.999109, -122.8008748 53.9994556, -122.8010965 54.0001686, -122.8011107 54.003338, -122.8010394 54.0062585, -122.8010251 54.0085919, -122.8007253 54.0096769, -122.8001975 54.0106783, -122.7994546 54.0115614, -122.7984981 54.0124609, -122.7945577 54.0152877, -122.7909296 54.0178831, -122.7858069 54.0215478, -122.7817681 54.021478, -122.7769582 54.021438)))"
135184,Heritage,Neighborhood,N,Neighborhood,West,Heritage,,CAN,"Prince George, BC",53.931313,-122.812992,20220419,2335216.628,Canada,British Columbia,"Prince George, BC",Prince George,"MULTIPOLYGON (((-122.819535 53.930956, -122.8195379 53.931436, -122.8195508 53.931679, -122.8195541 53.932091, -122.8195508 53.93248, -122.8195559 53.932819, -122.8195721 53.932984, -122.819607 53.933156, -122.8196981 53.933404, -122.8198201 53.933653, -122.8199378 53.933841, -122.8203259 53.93438, -122.820691 53.934869, -122.8209412 53.935209, -122.8210841 53.935392, -122.821389 53.93579, -122.8216522 53.936133, -122.821826 53.936368, -122.821947 53.936587, -122.8220431 53.936762, -122.8221799 53.937037, -122.822267 53.93729, -122.8223509 53.937554, -122.8223992 53.937839, -122.822492 53.938445, -122.8225658 53.938871, -122.8225889 53.939248, -122.822568 53.939541, -122.822483 53.939842, -122.822388 53.940087, -122.8222688 53.940278, -122.8221061 53.940515, -122.8215661 53.941152, -122.820903 53.941924, -122.8201751 53.942763, -122.8196002 53.943409, -122.8190918 53.94402, -122.8189471 53.944146, -122.818666 53.943947, -122.8184392 53.943761, -122.8179719 53.943416, -122.817366 53.943029, -122.816993 53.942806, -122.8165751 53.942588, -122.8160779 53.942328, -122.8158832 53.942235, -122.8157348 53.942176, -122.8155649 53.942114, -122.8152668 53.94202, -122.815035 53.941954, -122.8147589 53.941869, -122.8145602 53.941812, -122.8142851 53.941733, -122.81387 53.941581, -122.81359 53.941466, -122.8132699 53.94134, -122.8128541 53.941164, -122.8121741 53.940849, -122.8117928 53.94067, -122.8112561 53.940356, -122.810521 53.939892, -122.810202 53.939697, -122.8099921 53.939546, -122.8097981 53.939344, -122.8096721 53.939156, -122.809266 53.939184, -122.809099 53.939185, -122.8086068 53.939179, -122.8084492 53.939176, -122.808303 53.938957, -122.8081298 53.938645, -122.8079459 53.938359, -122.807677 53.938022, -122.8074671 53.937754, -122.80729 53.937622, -122.807003 53.937406, -122.80684 53.937286, -122.806696 53.937185, -122.8065451 53.937112, -122.806238 53.936996, -122.8060199 53.936915, -122.8057492 53.936812, -122.805436 53.936736, -122.804955 53.936614, -122.8044179 53.93649, -122.803934 53.936361, -122.8039042 53.936182, -122.803889 53.936017, -122.8038638 53.935848, -122.8038649 53.935645, -122.803942 53.935485, -122.8039718 53.935298, -122.8039819 53.93508, -122.8039808 53.934753, -122.8040021 53.934444, -122.8039988 53.934311, -122.8039909 53.933888, -122.8039999 53.933426, -122.8040039 53.932882, -122.8040039 53.932368, -122.8040078 53.931837, -122.80401 53.931256, -122.8040021 53.930449, -122.80401 53.929897, -122.8039729 53.929743, -122.803925 53.929609, -122.8038772 53.929477, -122.80378 53.929248, -122.8036568 53.928966, -122.8034981 53.928597, -122.803326 53.928184, -122.8031651 53.92779, -122.8031111 53.927595, -122.8030999 53.927445, -122.8031071 53.927099, -122.803128 53.926799, -122.803124 53.926312, -122.80316 53.926079, -122.803254 53.925831, -122.8033951 53.925643, -122.8037429 53.925307, -122.804329 53.924778, -122.8051462 53.924068, -122.8055699 53.923729, -122.8060778 53.923258, -122.806714 53.9227, -122.8071431 53.922333, -122.807304 53.922187, -122.8074142 53.922015, -122.8074919 53.921859, -122.8075628 53.921648, -122.8075718 53.921441, -122.8075898 53.92122, -122.807578 53.920848, -122.807587 53.920633, -122.8090838 53.920624, -122.8108079 53.920621, -122.8121219 53.920626, -122.8135882 53.920622, -122.8143499 53.920628, -122.815526 53.920644, -122.8162421 53.920648, -122.8181681 53.920645, -122.8193269 53.92066, -122.8193348 53.921078, -122.819319 53.922129, -122.8193269 53.923014, -122.819332 53.92338, -122.819332 53.923756, -122.819346 53.923922, -122.8194011 53.924109, -122.819494 53.924414, -122.8196221 53.924739, -122.819729 53.924997, -122.8198651 53.925268, -122.8199699 53.925511, -122.8200689 53.925751, -122.8201229 53.925881, -122.8201852 53.926021, -122.8202438 53.926161, -122.8202849 53.926291, -122.8203292 53.926495, -122.8203428 53.92679, -122.8202881 53.927255, -122.820197 53.927688, -122.8201261 53.928055, -122.8200451 53.928503, -122.8199119 53.929077, -122.8197848 53.929635, -122.8196671 53.930124, -122.8196171 53.930347, -122.8195919 53.930529, -122.8195591 53.930757, -122.819535 53.930956)))"
135185,Glenview Estates,Neighborhood,S,Sub Neighborhood,North,Austin Estates,Glenview Estates,CAN,"Prince George, BC",53.997544,-122.777808,20220419,1975855.991,Canada,British Columbia,"Prince George, BC",Prince George,"MULTIPOLYGON (((-122.7773992 53.990123, -122.7773891 53.990637, -122.7773858 53.990855, -122.778113 53.990859, -122.7792031 53.990855, -122.779939 53.990851, -122.780173 53.990852, -122.7801712 53.990718, -122.7801751 53.990333, -122.780353 53.990332, -122.7806392 53.990332, -122.780641 53.99047, -122.7806399 53.990696, -122.7806341 53.99085, -122.7816202 53.990851, -122.7828679 53.990852, -122.7837571 53.990857, -122.7842089 53.990846, -122.7843922 53.990694, -122.784962 53.990398, -122.7856882 53.990796, -122.78632 53.991137, -122.7870461 53.991523, -122.787711 53.991879, -122.788107 53.992096, -122.7882859 53.992198, -122.7881272 53.992292, -122.7876869 53.992533, -122.7881491 53.99274, -122.788373 53.992833, -122.7885019 53.992914, -122.7888878 53.99316, -122.7888979 53.993373, -122.788899 53.99391, -122.7888878 53.99541, -122.7888878 53.995633, -122.7888889 53.996142, -122.7889238 53.997674, -122.7889328 53.998849, -122.78893 54.00011, -122.7889019 54.001562, -122.78898 54.002644, -122.7890819 54.003254, -122.7890851 54.003426, -122.7888518 54.003422, -122.7884731 54.00338, -122.7861 54.00338, -122.7834151 54.00339, -122.7802349 54.003392, -122.7772681 54.003388, -122.773829 54.0034, -122.7683351 54.003395, -122.76464 54.003399, -122.7646451 54.002696, -122.764671 53.999133, -122.7646462 53.997105, -122.7646411 53.996668, -122.764694 53.996304, -122.7648938 53.996214, -122.7650249 53.996198, -122.7654461 53.996194, -122.76909 53.996199, -122.770345 53.996182, -122.7705131 53.996166, -122.7706492 53.996062, -122.770786 53.995137, -122.7709249 53.993936, -122.7709609 53.993685, -122.7712162 53.993392, -122.7717472 53.992855, -122.7721871 53.992416, -122.772398 53.992198, -122.7724981 53.992052, -122.7725888 53.991752, -122.7726911 53.991211, -122.7728459 53.990482, -122.772897 53.990237, -122.772938 53.99003, -122.773154 53.989918, -122.7733852 53.989817, -122.773613 53.98972, -122.7738038 53.989667, -122.7740051 53.989618, -122.7742819 53.98958, -122.7745109 53.98957, -122.774738 53.989569, -122.7750271 53.989568, -122.775664 53.989566, -122.77629 53.989566, -122.7767839 53.989565, -122.7773981 53.989565, -122.7773992 53.990123)))"
135186,College Heights,Neighborhood,N,Neighborhood,South,College Heights,,CAN,"Prince George, BC",53.857012,-122.768539,20220419,9383838.455,Canada,British Columbia,"Prince George, BC",Prince George,"MULTIPOLYGON (((-122.7622208 53.874271, -122.7620581 53.874139, -122.7571672 53.874429, -122.7540848 53.870122, -122.7486488 53.863547, -122.7466361 53.860103, -122.7457102 53.857135, -122.7458851 53.850361, -122.74709 53.84494, -122.7478021 53.841632, -122.7507266 53.8424234, -122.7935569 53.8424234, -122.7935689 53.844943, -122.7935279 53.846147, -122.7935171 53.852076, -122.792333 53.852066, -122.792297 53.852276, -122.7919 53.852673, -122.7917221 53.852788, -122.7915479 53.852899, -122.7910792 53.853127, -122.79024 53.853358, -122.7894379 53.853496, -122.7885541 53.854328, -122.78831 53.854608, -122.787747 53.855534, -122.7873161 53.856332, -122.7871469 53.856939, -122.787167 53.857655, -122.7872239 53.858266, -122.7872581 53.859023, -122.7872729 53.859391, -122.7872722 53.859551, -122.787297 53.859745, -122.787328 53.859959, -122.7873971 53.860227, -122.7874381 53.86042, -122.7874421 53.860596, -122.7873841 53.860745, -122.7872999 53.860862, -122.7871811 53.861003, -122.7870079 53.861188, -122.786914 53.861322, -122.7868481 53.861457, -122.786825 53.861588, -122.7868229 53.861723, -122.7868589 53.861924, -122.786905 53.862246, -122.7872711 53.862294, -122.7875879 53.862355, -122.7878471 53.862414, -122.788107 53.862496, -122.7883849 53.862602, -122.788634 53.862704, -122.7891251 53.862922, -122.789461 53.863068, -122.7897022 53.863188, -122.790262 53.863515, -122.7907829 53.863851, -122.790947 53.86397, -122.7911011 53.864099, -122.79123 53.864238, -122.7913261 53.864362, -122.791406 53.864492, -122.791486 53.864652, -122.791752 53.865097, -122.7906518 53.865314, -122.7887089 53.865699, -122.7873449 53.865975, -122.786442 53.866153, -122.7856129 53.866319, -122.785083 53.866428, -122.7846121 53.866533, -122.7844109 53.866577, -122.7841391 53.86665, -122.7838478 53.866735, -122.7835958 53.866825, -122.7833212 53.866926, -122.7831001 53.867012, -122.7827999 53.867157, -122.7825248 53.8673, -122.782235 53.867461, -122.7820241 53.867592, -122.7818761 53.867699, -122.7816518 53.867863, -122.7814369 53.868054, -122.7812681 53.868216, -122.7810982 53.868398, -122.780983 53.86854, -122.7808339 53.868732, -122.780723 53.868908, -122.7805639 53.869246, -122.7804188 53.869596, -122.7802432 53.870001, -122.7800149 53.870505, -122.7796949 53.871208, -122.7794569 53.871791, -122.7792071 53.872361, -122.7789821 53.872842, -122.7788798 53.873094, -122.7787841 53.873279, -122.7786721 53.873479, -122.7785551 53.873666, -122.7784471 53.873802, -122.778315 53.873963, -122.7781951 53.874082, -122.7780979 53.874171, -122.7779741 53.874327, -122.7763467 53.8751827, -122.7759934 53.8752851, -122.7755761 53.875406, -122.7753933 53.875421, -122.7739781 53.875537, -122.7739203 53.8755431, -122.7734291 53.875574, -122.7731874 53.8756211, -122.7729629 53.875645, -122.7721968 53.8758142, -122.7715356 53.8761725, -122.7710508 53.876546, -122.7708081 53.8768743, -122.7705363 53.8774209, -122.7694759 53.877262, -122.769225 53.87723, -122.768933 53.877189, -122.7686681 53.877152, -122.7684211 53.877111, -122.7681569 53.877069, -122.7678908 53.87702, -122.767353 53.876894, -122.7668332 53.876758, -122.76616 53.876567, -122.7657539 53.876442, -122.7653989 53.876332, -122.76504 53.876221, -122.7648038 53.876117, -122.764459 53.875962, -122.7641821 53.875798, -122.7639629 53.875738, -122.7637688 53.875672, -122.7636382 53.875601, -122.7634549 53.875456, -122.7630521 53.87506, -122.762826 53.874808, -122.7626539 53.874637, -122.7625531 53.874528, -122.7622208 53.874271)))"
135187,North Nechako,Neighborhood,N,Neighborhood,North,North Nechako,,CAN,"Prince George, BC",53.954359,-122.802319,20220419,20777057.7,Canada,British Columbia,"Prince George, BC",Prince George,"MULTIPOLYGON (((-122.7586471 53.935114, -122.7580342 53.9351362, -122.7581066 53.9357351, -122.7584099 53.936234, -122.7580369 53.936236, -122.7570232 53.936222, -122.7561329 53.936222, -122.7511519 53.936217, -122.746275 53.936232, -122.7462458 53.938274, -122.746248 53.940465, -122.7420788 53.940543, -122.702126 53.940792, -122.701437 53.940202, -122.7008729 53.939465, -122.700753 53.938325, -122.7013621 53.935344, -122.7011209 53.934086, -122.7007289 53.933538, -122.7055432 53.933539, -122.7090769 53.933512, -122.7133141 53.933487, -122.7166582 53.933461, -122.7197002 53.933449, -122.7221939 53.933398, -122.722245 53.932512, -122.7228998 53.932184, -122.7234668 53.932168, -122.7244921 53.932574, -122.725413 53.932479, -122.72585 53.932288, -122.7298979 53.932289, -122.730232 53.932531, -122.7326069 53.932347, -122.7332491 53.932355, -122.7334702 53.932117, -122.7342971 53.931966, -122.734751 53.931724, -122.7356359 53.931043, -122.7360899 53.930756, -122.736501 53.930635, -122.737513 53.930878, -122.7389602 53.931336, -122.739512 53.931337, -122.7399019 53.93134, -122.740321 53.9313, -122.74079 53.931307, -122.741266 53.931362, -122.7416861 53.931561, -122.7420068 53.93169, -122.742599 53.931906, -122.743066 53.932069, -122.7432892 53.932102, -122.7434861 53.932082, -122.7438749 53.931909, -122.744133 53.931795, -122.7448598 53.931692, -122.745456 53.931571, -122.7461749 53.931259, -122.749313 53.930771, -122.7498772 53.931358, -122.750514 53.931206, -122.7527741 53.930131, -122.7519608 53.929033, -122.7516671 53.927694, -122.7535531 53.927481, -122.7557902 53.927381, -122.7592141 53.927398, -122.764937 53.927231, -122.7688459 53.927113, -122.769725 53.927064, -122.771848 53.926946, -122.7754339 53.926612, -122.777955 53.926612, -122.7799091 53.926878, -122.78048 53.927014, -122.782662 53.927532, -122.785807 53.928699, -122.787252 53.929449, -122.7882719 53.930399, -122.7891521 53.932016, -122.7896921 53.933484, -122.790425 53.934541, -122.791815 53.935657, -122.792162 53.935998, -122.7938101 53.937611, -122.7946601 53.938361, -122.795172 53.938626, -122.796531 53.939328, -122.8005281 53.941328, -122.8036349 53.94337, -122.8050961 53.944021, -122.8055468 53.944155, -122.8064918 53.944436, -122.8087231 53.944916, -122.810665 53.945236, -122.8126702 53.945481, -122.8152391 53.945871, -122.8170301 53.946337, -122.8184179 53.946899, -122.8214992 53.948273, -122.8233938 53.949236, -122.8247759 53.950122, -122.8267411 53.951511, -122.8271918 53.951891, -122.828782 53.953229, -122.83151 53.955253, -122.8329878 53.956092, -122.8361461 53.957522, -122.8380091 53.958333, -122.840807 53.959558, -122.8431359 53.960567, -122.8448452 53.961454, -122.8459208 53.962133, -122.8504208 53.96551, -122.850779 53.965779, -122.8524671 53.96693, -122.853978 53.967769, -122.8562881 53.968804, -122.8583131 53.969454, -122.8603529 53.969925, -122.8616539 53.970065, -122.8629218 53.970092, -122.8652669 53.970345, -122.867253 53.970792, -122.8689731 53.971565, -122.8699868 53.972612, -122.8708411 53.974387, -122.8716619 53.97516, -122.8746179 53.97694, -122.8765799 53.978033, -122.8783799 53.978504, -122.8798991 53.978615, -122.881135 53.978614, -122.8830289 53.978263, -122.8864298 53.977116, -122.8880189 53.976699, -122.8898491 53.976517, -122.8923371 53.976486, -122.8953892 53.976662, -122.8968191 53.976924, -122.8982119 53.977259, -122.8995619 53.977877, -122.8994831 53.981536, -122.8908802 53.981587, -122.8781531 53.981584, -122.8716691 53.981625, -122.8691149 53.98164, -122.866313 53.981633, -122.8646588 53.981668, -122.8625662 53.981671, -122.8602211 53.981674, -122.8546231 53.981729, -122.8529581 53.981711, -122.8492462 53.981782, -122.849064 53.981762, -122.8485899 53.981763, -122.8480859 53.981782, -122.8448149 53.981809, -122.8337122 53.981774, -122.825696 53.981762, -122.8257439 53.974501, -122.8258012 53.9712, -122.8257749 53.9672, -122.8255031 53.967232, -122.825304 53.967244, -122.8250711 53.967257, -122.8248929 53.967281, -122.8245682 53.967343, -122.8242949 53.967376, -122.8241272 53.967372, -122.823914 53.96736, -122.8236509 53.967328, -122.8232891 53.967264, -122.8230259 53.967228, -122.8226872 53.967179, -122.822307 53.967165, -122.8213282 53.967176, -122.8202381 53.967201, -122.8176029 53.967213, -122.8144579 53.967242, -122.8069282 53.967245, -122.801017 53.967218, -122.8009961 53.96695, -122.8009651 53.966749, -122.8008938 53.966582, -122.8008139 53.966399, -122.80073 53.966193, -122.8006519 53.965912, -122.800576 53.965737, -122.800392 53.965459, -122.8001249 53.965147, -122.8000241 53.965007, -122.7999712 53.964883, -122.7998851 53.964722, -122.799793 53.964547, -122.7999172 53.964516, -122.8004651 53.964402, -122.8009871 53.964329, -122.8012891 53.964302, -122.801287 53.964101, -122.8012679 53.963926, -122.8012459 53.963752, -122.801225 53.963579, -122.8012088 53.963432, -122.8011052 53.961545, -122.8010749 53.960027, -122.795563 53.959999, -122.793138 53.96003, -122.7907429 53.96002, -122.788359 53.960025, -122.7867728 53.960015, -122.786447 53.960017, -122.786217 53.960019, -122.7854279 53.960062, -122.784894 53.960068, -122.7840361 53.960048, -122.7835501 53.960045, -122.7827851 53.960039, -122.7825518 53.960044, -122.782306 53.960056, -122.782055 53.960075, -122.781893 53.960074, -122.7794249 53.960062, -122.7777649 53.960055, -122.7765938 53.960062, -122.7766381 53.952804, -122.7749378 53.952807, -122.773369 53.952821, -122.7707212 53.952825, -122.7706891 53.951619, -122.770777 53.950883, -122.7707669 53.950675, -122.7707701 53.950475, -122.7707809 53.950293, -122.770804 53.950155, -122.770881 53.949935, -122.7709469 53.949716, -122.7710401 53.949504, -122.7711211 53.949331, -122.7711719 53.949138, -122.771187 53.94898, -122.7712021 53.948828, -122.771146 53.948648, -122.770912 53.948626, -122.7707269 53.948592, -122.770562 53.948488, -122.770512 53.948319, -122.77057 53.948172, -122.770615 53.94799, -122.7706531 53.947707, -122.770728 53.94754, -122.7707561 53.947385, -122.770759 53.947257, -122.770741 53.947072, -122.770692 53.946896, -122.770647 53.946716, -122.7705991 53.946524, -122.770503 53.946312, -122.7707219 53.946277, -122.7706909 53.943436, -122.77075 53.941845, -122.77057 53.937749, -122.770557 53.936055, -122.77066 53.935213, -122.7601012 53.93519, -122.7586471 53.935114)))"
135188,Woodlands,Neighborhood,S,Sub Neighborhood,,Chief Lake,Woodlands,CAN,"Prince George, BC",54.014811,-122.818474,20220419,495015.397,Canada,British Columbia,"Prince George, BC",Prince George,"MULTIPOLYGON (((-122.81629 54.017911, -122.8159261 54.0179095, -122.8134542 54.0179098, -122.8134628 54.0160259, -122.8134873 54.0106573, -122.819504 54.010686, -122.8195069 54.010881, -122.819526 54.011046, -122.8195508 54.011206, -122.8196581 54.011568, -122.8197841 54.011835, -122.819927 54.012124, -122.820205 54.012133, -122.8234792 54.015248, -122.8238269 54.015273, -122.8255695 54.0146332, -122.8255918 54.0179081, -122.8231829 54.017909, -122.8229882 54.0179085, -122.816723 54.0179094, -122.81629 54.017911)))"
135189,Hart Highlands,Neighborhood,N,Neighborhood,North,Hart Highlands,,CAN,"Prince George, BC",53.972349,-122.788186,20220419,4068534.823,Canada,British Columbia,"Prince George, BC",Prince George,"MULTIPOLYGON (((-122.7960151 53.984399, -122.7953491 53.983908, -122.794961 53.983616, -122.7947468 53.983462, -122.7946792 53.983304, -122.794646 53.983131, -122.7946388 53.982911, -122.7946219 53.982682, -122.7946129 53.98229, -122.7946118 53.981721, -122.7940729 53.981724, -122.7925501 53.981704, -122.7912419 53.981698, -122.790546 53.981695, -122.788678 53.981704, -122.7858239 53.981722, -122.7840142 53.981726, -122.783773 53.981736, -122.7832711 53.981727, -122.779242 53.981724, -122.7766921 53.981717, -122.7762299 53.981321, -122.7759329 53.981093, -122.7757561 53.980953, -122.775561 53.980803, -122.775376 53.980675, -122.77507 53.980469, -122.7748381 53.980322, -122.7745501 53.980148, -122.7742088 53.979939, -122.773788 53.979693, -122.7733391 53.97942, -122.7729161 53.979153, -122.7723952 53.978842, -122.7719542 53.978587, -122.7714721 53.978296, -122.7709508 53.977984, -122.770467 53.97768, -122.7698759 53.977323, -122.7695159 53.977077, -122.7692138 53.976852, -122.768915 53.976572, -122.7687379 53.976398, -122.7686389 53.976267, -122.768537 53.976125, -122.7684359 53.975982, -122.7682822 53.97573, -122.768212 53.975564, -122.7681479 53.975399, -122.7680899 53.975193, -122.768033 53.974846, -122.768001 53.974458, -122.770301 53.974492, -122.770301 53.975216, -122.7724222 53.975188, -122.7724402 53.974576, -122.7742599 53.9745422, -122.7755803 53.9745177, -122.776616 53.9744985, -122.7767189 53.9744966, -122.7767111 53.974227, -122.7766937 53.9736262, -122.7766811 53.9731927, -122.776669 53.9727747, -122.7766032 53.970504, -122.7765421 53.9683951, -122.7765182 53.9675716, -122.7765071 53.967189, -122.7774442 53.967175, -122.777725 53.967181, -122.7778859 53.967177, -122.7796931 53.96717, -122.7796819 53.96683, -122.7796852 53.965315, -122.779535 53.965262, -122.779229 53.965199, -122.77895 53.965168, -122.7786368 53.965193, -122.7779618 53.965253, -122.7772508 53.965306, -122.776569 53.965327, -122.7765719 53.96462, -122.7765802 53.962941, -122.7765758 53.961066, -122.7765391 53.960333, -122.7765938 53.960062, -122.7777649 53.960055, -122.7794249 53.960062, -122.781893 53.960074, -122.782055 53.960075, -122.782306 53.960056, -122.7825518 53.960044, -122.7827851 53.960039, -122.7835501 53.960045, -122.7840361 53.960048, -122.784894 53.960068, -122.7854279 53.960062, -122.786217 53.960019, -122.786447 53.960017, -122.7867728 53.960015, -122.788359 53.960025, -122.7907429 53.96002, -122.793138 53.96003, -122.795563 53.959999, -122.8010749 53.960027, -122.8011052 53.961545, -122.8012088 53.963432, -122.801225 53.963579, -122.8012459 53.963752, -122.8012679 53.963926, -122.801287 53.964101, -122.8012891 53.964302, -122.8009871 53.964329, -122.8004651 53.964402, -122.7999172 53.964516, -122.799793 53.964547, -122.7992969 53.964674, -122.799024 53.964754, -122.798804 53.964818, -122.7984728 53.964934, -122.7981539 53.965057, -122.7978011 53.965209, -122.797373 53.965417, -122.7969731 53.965647, -122.796724 53.965811, -122.796311 53.966114, -122.7959528 53.966426, -122.7956339 53.966777, -122.7954082 53.967067, -122.7951641 53.967465, -122.795073 53.967679, -122.7949808 53.968014, -122.794934 53.968236, -122.7949088 53.968495, -122.7949178 53.96882, -122.7949448 53.969034, -122.794997 53.969247, -122.7950669 53.969451, -122.7951331 53.969607, -122.795239 53.969811, -122.7953228 53.969942, -122.795464 53.970131, -122.795721 53.970457, -122.7960479 53.970832, -122.79636 53.971193, -122.7966559 53.971533, -122.797319 53.972272, -122.7978742 53.972898, -122.7984491 53.973546, -122.798974 53.974146, -122.7992461 53.974458, -122.7996292 53.974929, -122.7999521 53.975376, -122.8001951 53.975731, -122.800491 53.976181, -122.8009399 53.976936, -122.8013161 53.977577, -122.8015372 53.977954, -122.8017211 53.978265, -122.8019249 53.978586, -122.802228 53.979032, -122.8025639 53.979433, -122.802876 53.979753, -122.803137 53.979978, -122.8033879 53.980166, -122.8036061 53.980323, -122.8037951 53.980447, -122.8042598 53.980723, -122.8047041 53.980959, -122.8052542 53.981218, -122.8057628 53.981474, -122.8062802 53.981738, -122.806719 53.981963, -122.8071859 53.982198, -122.8078451 53.982534, -122.80842 53.982825, -122.8088639 53.983049, -122.8090619 53.983159, -122.809253 53.983278, -122.8095151 53.983457, -122.809761 53.983636, -122.8099342 53.983767, -122.810071 53.983894, -122.8102441 53.984063, -122.8104371 53.984296, -122.8101232 53.984335, -122.8098668 53.984386, -122.809738 53.984254, -122.8095191 53.984021, -122.808839 53.984017, -122.808128 53.984015, -122.807943 53.984019, -122.8079149 53.984237, -122.807894 53.984531, -122.8074761 53.984544, -122.8070131 53.984554, -122.806602 53.984567, -122.8065559 53.984425, -122.8064879 53.984249, -122.8064108 53.984096, -122.8061869 53.984049, -122.8060501 53.984049, -122.8059011 53.984032, -122.8057132 53.984046, -122.805549 53.984094, -122.80527 53.984184, -122.8049078 53.984299, -122.8047199 53.984342, -122.804546 53.984362, -122.8043531 53.984372, -122.8040971 53.984368, -122.8038368 53.984339, -122.8035982 53.984313, -122.8033339 53.984277, -122.803083 53.984231, -122.802885 53.984193, -122.8026751 53.984156, -122.8024739 53.984139, -122.8021661 53.984117, -122.802035 53.98411, -122.8016542 53.984102, -122.8011851 53.984099, -122.8008161 53.984112, -122.8005821 53.984185, -122.8003582 53.984244, -122.8003358 53.984461, -122.8003351 53.984613, -122.7991579 53.984615, -122.798093 53.984616, -122.7980999 53.984462, -122.7981089 53.984151, -122.7979462 53.984145, -122.7977618 53.984134, -122.7976171 53.984119, -122.79735 53.984292, -122.797179 53.984416, -122.7970681 53.984499, -122.796715 53.984714, -122.7965789 53.984716, -122.7964291 53.984697, -122.796261 53.984583, -122.7960151 53.984399)))"
135190,Cranbrook Hill,Neighborhood,N,Neighborhood,West,Cranbrook Hill,,CAN,"Prince George, BC",53.908249,-122.850028,20220419,65043300.3,Canada,British Columbia,"Prince George, BC",Prince George,"MULTIPOLYGON (((-122.7801089 53.879033, -122.7796628 53.878876, -122.779517 53.8788041, -122.7794562 53.8772608, -122.779084 53.877406, -122.7780022 53.877779, -122.777176 53.878065, -122.7767321 53.87774, -122.7765859 53.877647, -122.776159 53.877776, -122.775971 53.877857, -122.7755149 53.877889, -122.7753029 53.877889, -122.7751088 53.877858, -122.774972 53.877808, -122.7747218 53.877768, -122.7745148 53.87779, -122.7743269 53.87781, -122.7741959 53.877823, -122.7740339 53.87781, -122.7739 53.877771, -122.773694 53.877738, -122.773442 53.87772, -122.773216 53.87769, -122.7730118 53.877653, -122.772645 53.877525, -122.7725032 53.877452, -122.7723682 53.87736, -122.771218 53.876626, -122.7710508 53.876546, -122.7715356 53.8761725, -122.7721968 53.8758142, -122.7729629 53.875645, -122.7731874 53.8756211, -122.7734291 53.875574, -122.7739203 53.8755431, -122.7739781 53.875537, -122.7753933 53.875421, -122.7755761 53.875406, -122.7759934 53.8752851, -122.7763467 53.8751827, -122.7779741 53.874327, -122.7780979 53.874171, -122.7781951 53.874082, -122.778315 53.873963, -122.7784471 53.873802, -122.7785551 53.873666, -122.7786721 53.873479, -122.7787841 53.873279, -122.7788798 53.873094, -122.7789821 53.872842, -122.7792071 53.872361, -122.7794569 53.871791, -122.7796949 53.871208, -122.7800149 53.870505, -122.7802432 53.870001, -122.7804188 53.869596, -122.7805639 53.869246, -122.780723 53.868908, -122.7808339 53.868732, -122.780983 53.86854, -122.7810982 53.868398, -122.7812681 53.868216, -122.7814369 53.868054, -122.7816518 53.867863, -122.7818761 53.867699, -122.7820241 53.867592, -122.782235 53.867461, -122.7825248 53.8673, -122.7827999 53.867157, -122.7831001 53.867012, -122.7833212 53.866926, -122.7835958 53.866825, -122.7838478 53.866735, -122.7841391 53.86665, -122.7844109 53.866577, -122.7846121 53.866533, -122.785083 53.866428, -122.7856129 53.866319, -122.786442 53.866153, -122.7873449 53.865975, -122.7887089 53.865699, -122.7906518 53.865314, -122.791752 53.865097, -122.7923089 53.86498, -122.793224 53.864797, -122.794024 53.864636, -122.7947648 53.864486, -122.7951979 53.864398, -122.7954769 53.864334, -122.7957761 53.864256, -122.7959791 53.8642, -122.7962059 53.864129, -122.796459 53.864039, -122.7967481 53.863929, -122.7970541 53.863796, -122.7972802 53.863689, -122.7976801 53.863487, -122.798047 53.863295, -122.7984919 53.863066, -122.7989138 53.86284, -122.799694 53.862427, -122.800046 53.86223, -122.8005878 53.861946, -122.801243 53.861604, -122.801778 53.861322, -122.802305 53.861049, -122.8025858 53.860915, -122.8029649 53.860716, -122.8032871 53.860552, -122.803749 53.860318, -122.8040039 53.860205, -122.8044899 53.860008, -122.8047008 53.859929, -122.8048402 53.85988, -122.8052408 53.859757, -122.805522 53.859676, -122.8056458 53.859642, -122.8059518 53.859572, -122.8062931 53.859487, -122.806571 53.859436, -122.8068022 53.859394, -122.8071629 53.859336, -122.807646 53.859272, -122.808245 53.859202, -122.808883 53.859129, -122.8096091 53.859043, -122.8103881 53.858946, -122.8110361 53.858868, -122.8116229 53.858796, -122.8121978 53.858739, -122.8121989 53.859463, -122.813955 53.859455, -122.816619 53.859446, -122.8190512 53.859449, -122.819593 53.859461, -122.8202842 53.859473, -122.821628 53.859466, -122.8250992 53.859449, -122.8281548 53.859455, -122.8331149 53.859428, -122.839961 53.859462, -122.8442288 53.859467, -122.847952 53.859486, -122.848636 53.859499, -122.849883 53.859498, -122.850617 53.859459, -122.851337 53.859437, -122.8522511 53.85945, -122.8538639 53.859456, -122.855328 53.859463, -122.856935 53.859458, -122.857933 53.85945, -122.858131 53.859471, -122.8583588 53.859565, -122.8585162 53.859619, -122.858645 53.859644, -122.8587919 53.859647, -122.8589359 53.859632, -122.8591109 53.859591, -122.859383 53.859486, -122.8595918 53.859441, -122.8597891 53.859431, -122.8617068 53.85944, -122.8640231 53.859468, -122.8679489 53.859459, -122.86948 53.859445, -122.8710341 53.859465, -122.8716911 53.859471, -122.8731541 53.85946, -122.8738259 53.859502, -122.8745581 53.859521, -122.8751309 53.859507, -122.8757249 53.859498, -122.8761119 53.859502, -122.878219 53.859468, -122.880699 53.859536, -122.8822139 53.859529, -122.885924 53.859526, -122.8878659 53.859533, -122.8894841 53.859527, -122.891553 53.85951, -122.8931431 53.859525, -122.8951879 53.859509, -122.8959389 53.859501, -122.8961531 53.859509, -122.896435 53.859523, -122.8966679 53.859535, -122.8969778 53.859577, -122.897164 53.859597, -122.897363 53.859641, -122.897525 53.859694, -122.8978778 53.859845, -122.89788 53.860272, -122.897916 53.861818, -122.8978912 53.862329, -122.897862 53.862921, -122.8978379 53.863658, -122.897839 53.865337, -122.897768 53.867515, -122.8978012 53.86894, -122.897821 53.870676, -122.8978019 53.872318, -122.897821 53.873954, -122.8964681 53.873942, -122.894141 53.87393, -122.891999 53.873927, -122.8898549 53.873913, -122.8898671 53.876112, -122.8898491 53.879361, -122.889924 53.884673, -122.889969 53.888217, -122.889982 53.892057, -122.8899398 53.89677, -122.8899449 53.901065, -122.88991 53.907237, -122.8897811 53.912421, -122.8894801 53.916402, -122.8890982 53.916658, -122.8889351 53.916768, -122.8890038 53.917011, -122.889078 53.917151, -122.8891972 53.9173, -122.8892659 53.91744, -122.8893689 53.917836, -122.8894531 53.918373, -122.8895078 53.918683, -122.8896241 53.918853, -122.8897091 53.919009, -122.8897271 53.919209, -122.8897159 53.919373, -122.889699 53.919583, -122.8897231 53.919811, -122.8897159 53.920112, -122.8897199 53.920362, -122.8896749 53.920625, -122.8897051 53.921153, -122.889717 53.92128, -122.8897058 53.921434, -122.8897012 53.921643, -122.8897192 53.92187, -122.8897199 53.922111, -122.8897591 53.922714, -122.889802 53.923744, -122.8897991 53.925244, -122.8898819 53.9267, -122.8898689 53.9273, -122.8898491 53.928422, -122.889852 53.929489, -122.889848 53.930558, -122.8898531 53.932049, -122.8898261 53.933289, -122.889807 53.934763, -122.889829 53.936566, -122.88982 53.937687, -122.8897418 53.93789, -122.889668 53.938178, -122.889649 53.938481, -122.8896511 53.939256, -122.8896551 53.940284, -122.8896608 53.940866, -122.8896749 53.941114, -122.8897451 53.942353, -122.8897958 53.942992, -122.8898329 53.943887, -122.889821 53.94407, -122.88974 53.944333, -122.8896119 53.944748, -122.8895489 53.944965, -122.889514 53.945197, -122.8895212 53.945501, -122.8894751 53.945915, -122.889506 53.94614, -122.8895539 53.94645, -122.889645 53.947423, -122.8896698 53.947824, -122.8896529 53.948243, -122.8896569 53.948465, -122.8897429 53.948636, -122.8899661 53.948805, -122.8900439 53.948953, -122.8901681 53.949202, -122.8901872 53.949542, -122.8900169 53.951466, -122.8899049 53.953424, -122.8898959 53.954607, -122.890019 53.957323, -122.8901479 53.961949, -122.8951631 53.961944, -122.8951069 53.9644, -122.89509 53.96676, -122.8952009 53.969786, -122.895301 53.973048, -122.8953892 53.976662, -122.8923371 53.976486, -122.8898491 53.976517, -122.8880189 53.976699, -122.8864298 53.977116, -122.8830289 53.978263, -122.881135 53.978614, -122.8798991 53.978615, -122.8783799 53.978504, -122.8765799 53.978033, -122.8746179 53.97694, -122.8716619 53.97516, -122.8708411 53.974387, -122.8699868 53.972612, -122.8689731 53.971565, -122.867253 53.970792, -122.8652669 53.970345, -122.8629218 53.970092, -122.8616539 53.970065, -122.8603529 53.969925, -122.8583131 53.969454, -122.8562881 53.968804, -122.853978 53.967769, -122.8524671 53.96693, -122.850779 53.965779, -122.8504208 53.96551, -122.8459208 53.962133, -122.8448452 53.961454, -122.8431359 53.960567, -122.840807 53.959558, -122.8380091 53.958333, -122.8361461 53.957522, -122.8329878 53.956092, -122.83151 53.955253, -122.828782 53.953229, -122.8271918 53.951891, -122.8267411 53.951511, -122.8247759 53.950122, -122.8233938 53.949236, -122.8214992 53.948273, -122.8184179 53.946899, -122.8170301 53.946337, -122.8172011 53.946225, -122.817479 53.945901, -122.8179211 53.945393, -122.8185691 53.944634, -122.8189471 53.944146, -122.8190918 53.94402, -122.8196002 53.943409, -122.8201751 53.942763, -122.820903 53.941924, -122.8215661 53.941152, -122.8221061 53.940515, -122.8222688 53.940278, -122.822388 53.940087, -122.822483 53.939842, -122.822568 53.939541, -122.8225889 53.939248, -122.8225658 53.938871, -122.822492 53.938445, -122.8223992 53.937839, -122.8223509 53.937554, -122.822267 53.93729, -122.8221799 53.937037, -122.8220431 53.936762, -122.821947 53.936587, -122.821826 53.936368, -122.8216522 53.936133, -122.821389 53.93579, -122.8210841 53.935392, -122.8209412 53.935209, -122.820691 53.934869, -122.8203259 53.93438, -122.8199378 53.933841, -122.8198201 53.933653, -122.8196981 53.933404, -122.819607 53.933156, -122.8195721 53.932984, -122.8195559 53.932819, -122.8195508 53.93248, -122.8195541 53.932091, -122.8195508 53.931679, -122.8195379 53.931436, -122.819535 53.930956, -122.8195591 53.930757, -122.8195919 53.930529, -122.8196171 53.930347, -122.8196671 53.930124, -122.8197848 53.929635, -122.8199119 53.929077, -122.8200451 53.928503, -122.8201261 53.928055, -122.820197 53.927688, -122.8202881 53.927255, -122.8203428 53.92679, -122.8203292 53.926495, -122.8202849 53.926291, -122.8202438 53.926161, -122.8201852 53.926021, -122.8201229 53.925881, -122.8200689 53.925751, -122.8199699 53.925511, -122.8198651 53.925268, -122.819729 53.924997, -122.8196221 53.924739, -122.819494 53.924414, -122.8194011 53.924109, -122.819346 53.923922, -122.819332 53.923756, -122.819332 53.92338, -122.8193269 53.923014, -122.819319 53.922129, -122.8193348 53.921078, -122.8193269 53.92066, -122.819319 53.920241, -122.8193122 53.919027, -122.8192999 53.918046, -122.8193179 53.917507, -122.819314 53.916961, -122.819279 53.916815, -122.8192268 53.916665, -122.8191181 53.916483, -122.8190101 53.916337, -122.8188859 53.916205, -122.8189889 53.915971, -122.8189831 53.91582, -122.8188712 53.915612, -122.818765 53.915455, -122.8186411 53.915248, -122.8184341 53.915018, -122.8182952 53.914854, -122.8181839 53.91471, -122.8181558 53.91453, -122.8181152 53.914361, -122.8181242 53.914173, -122.8181389 53.913818, -122.8181569 53.913648, -122.818235 53.913487, -122.8184032 53.913378, -122.8185428 53.913307, -122.8187891 53.913197, -122.819017 53.913057, -122.8191052 53.912958, -122.8191728 53.912748, -122.8192211 53.912455, -122.8192819 53.912239, -122.8193899 53.912101, -122.8193809 53.911894, -122.8193521 53.911397, -122.8193359 53.909853, -122.8193431 53.907713, -122.819332 53.903268, -122.8151671 53.903191, -122.811817 53.903201, -122.8087951 53.90319, -122.808757 53.902943, -122.8086799 53.902792, -122.8085651 53.902666, -122.808271 53.902423, -122.8080161 53.902195, -122.807853 53.902033, -122.807619 53.901729, -122.807317 53.901217, -122.80739 53.901023, -122.807286 53.900842, -122.8071082 53.900608, -122.8068968 53.900308, -122.8065199 53.899827, -122.8062679 53.899485, -122.8063259 53.899161, -122.8063781 53.898978, -122.8063151 53.898847, -122.806143 53.898658, -122.805995 53.898549, -122.8057751 53.898405, -122.8055242 53.898221, -122.8049122 53.897859, -122.8043279 53.897526, -122.8039891 53.897318, -122.8035179 53.897071, -122.803141 53.896885, -122.8017799 53.8961733, -122.8013798 53.895964, -122.801238 53.895889, -122.800964 53.895737, -122.800612 53.895532, -122.8004291 53.895401, -122.800176 53.895269, -122.800036 53.895206, -122.7998092 53.895033, -122.799097 53.894347, -122.7984721 53.893745, -122.7962801 53.891672, -122.7961598 53.891554, -122.795856 53.891271, -122.7955511 53.890997, -122.7952019 53.890734, -122.7947828 53.890332, -122.794461 53.89002, -122.794204 53.889796, -122.7935729 53.889188, -122.793404 53.889012, -122.7933022 53.888889, -122.7931571 53.888777, -122.7929771 53.888653, -122.792747 53.888515, -122.7925598 53.88844, -122.7923212 53.888397, -122.7919432 53.888354, -122.7917678 53.888333, -122.7918758 53.888216, -122.792121 53.887943, -122.7918391 53.887848, -122.7917851 53.887059, -122.791783 53.884207, -122.7917858 53.883331, -122.791788 53.882704, -122.791792 53.881505, -122.7904499 53.8815, -122.7896881 53.88149, -122.7887662 53.881513, -122.7888 53.881332, -122.7888061 53.881168, -122.7887989 53.880991, -122.7878521 53.880992, -122.786609 53.881006, -122.7857738 53.881008, -122.7852641 53.881307, -122.7848069 53.88161, -122.7841984 53.8815873, -122.7839602 53.881725, -122.78272 53.882291, -122.7817792 53.8811478, -122.7817211 53.8807387, -122.7819619 53.8790574, -122.7813869 53.879021, -122.7812591 53.879084, -122.7808379 53.879239, -122.7806539 53.879227, -122.7801089 53.879033)))"
135191,Northside Park,Neighborhood,S,Sub Neighborhood,,,Northside Park,CAN,"Prince George, BC",54.009732,-122.793598,20220419,383980.4,Canada,British Columbia,"Prince George, BC",Prince George,"MULTIPOLYGON (((-122.785097 54.010706, -122.7852518 54.010639, -122.785528 54.010617, -122.787032 54.010612, -122.787031 54.010156, -122.7881639 54.01016, -122.788719 54.010168, -122.7888562 54.01017, -122.7888479 54.009851, -122.7888439 54.009235, -122.788858 54.008624, -122.78965 54.008631, -122.7900989 54.008665, -122.791334 54.008747, -122.7915389 54.008756, -122.7923539 54.008611, -122.7939221 54.008331, -122.79447 54.007752, -122.7950089 54.007298, -122.795127 54.007218, -122.7953362 54.007062, -122.7955781 54.006977, -122.7957592 54.006906, -122.7960022 54.006893, -122.796293 54.006943, -122.796423 54.006855, -122.796414 54.006553, -122.796409 54.006245, -122.7967222 54.006242, -122.7969529 54.006183, -122.7972668 54.006252, -122.7973838 54.005995, -122.798146 54.005991, -122.7983209 54.006286, -122.7990578 54.006288, -122.799713 54.006285, -122.8007329 54.006258, -122.8010394 54.0062585, -122.8010251 54.0085919, -122.8007253 54.0096769, -122.8001975 54.0106783, -122.799874 54.010673, -122.7994261 54.010678, -122.7988249 54.01068, -122.798417 54.010679, -122.7976492 54.010673, -122.7970969 54.010675, -122.7960259 54.010681, -122.795194 54.010687, -122.7941978 54.010678, -122.793345 54.010676, -122.7921818 54.010677, -122.791099 54.010673, -122.7905662 54.010676, -122.7902738 54.010676, -122.7901421 54.010709, -122.789732 54.010712, -122.7890099 54.010752, -122.788971 54.010939, -122.7889411 54.011191, -122.7889372 54.011697, -122.7889238 54.012232, -122.7889429 54.013119, -122.788931 54.013981, -122.7869618 54.013967, -122.7858458 54.013928, -122.7850121 54.013919, -122.7850132 54.013317, -122.785025 54.011132, -122.7850312 54.010897, -122.785097 54.010706)))"
135192,Millar,Neighborhood,N,Neighborhood,Central,Millar,,CAN,"Prince George, BC",53.908995,-122.740266,20220419,1380724.798,Canada,British Columbia,"Prince George, BC",Prince George,"MULTIPOLYGON (((-122.7247459 53.912015, -122.7240389 53.911047, -122.7285608 53.907491, -122.7302669 53.905395, -122.7328639 53.905504, -122.7335558 53.905521, -122.7340609 53.905683, -122.7343568 53.90564, -122.7345451 53.905617, -122.734741 53.905594, -122.734935 53.905583, -122.7364621 53.905543, -122.7367238 53.905502, -122.7368768 53.905487, -122.737077 53.905485, -122.737963 53.905463, -122.7385552 53.905445, -122.7403051 53.905447, -122.743201 53.90544, -122.7459121 53.905434, -122.74853 53.905436, -122.7491161 53.905433, -122.7511508 53.905425, -122.7537101 53.905424, -122.755082 53.905406, -122.7550709 53.905949, -122.75509 53.907673, -122.7550979 53.908831, -122.755117 53.909564, -122.755126 53.909699, -122.755126 53.909854, -122.7551 53.910076, -122.7550781 53.910224, -122.7549899 53.910473, -122.7545662 53.91056, -122.752795 53.9109, -122.7504269 53.911409, -122.7491521 53.911659, -122.7488422 53.911746, -122.7484019 53.911933, -122.7482032 53.911843, -122.748008 53.911796, -122.7478381 53.9118, -122.7475811 53.911836, -122.7462869 53.912124, -122.7444188 53.912509, -122.7441441 53.912561, -122.7432668 53.912727, -122.743006 53.9127645, -122.742419 53.912849, -122.741761 53.912927, -122.741402 53.912955, -122.7411119 53.912961, -122.7408631 53.912941, -122.740097 53.91293, -122.7398051 53.912928, -122.7376159 53.912503, -122.7360488 53.912083, -122.7352619 53.911854, -122.7349051 53.91177, -122.734575 53.911693, -122.73408 53.91163, -122.7336491 53.911603, -122.7332999 53.911616, -122.7323221 53.9117, -122.7321551 53.911697, -122.7319121 53.911655, -122.7317551 53.911663, -122.7315679 53.911696, -122.7313991 53.91177, -122.7312511 53.911853, -122.731096 53.911965, -122.730962 53.912017, -122.730692 53.912069, -122.7304411 53.912116, -122.7301909 53.912185, -122.7298669 53.912285, -122.729459 53.912429, -122.729035 53.91259, -122.728721 53.912733, -122.7285101 53.912846, -122.7283859 53.912934, -122.728135 53.913099, -122.727271 53.913665, -122.7268102 53.913992, -122.7264001 53.913779, -122.7259649 53.913507, -122.725674 53.913229, -122.7253208 53.912788, -122.7247459 53.912015)))"
135193,North Kelly Estates,Neighborhood,S,Sub Neighborhood,North West,Chief Lake,North Kelly Estates,CAN,"Prince George, BC",54.033434,-122.804994,20220419,1610871.59,Canada,British Columbia,"Prince George, BC",Prince George,"MULTIPOLYGON (((-122.8136339 54.026839, -122.8136051 54.028576, -122.8135601 54.030833, -122.813572 54.032345, -122.8135309 54.033976, -122.8135921 54.035127, -122.8135831 54.035703, -122.813528 54.037004, -122.8135651 54.038554, -122.8135831 54.039531, -122.81162 54.039536, -122.8105051 54.039538, -122.810162 54.039547, -122.8099421 54.039574, -122.809802 54.039583, -122.8091951 54.03958, -122.8073479 54.039584, -122.8044049 54.039588, -122.8025941 54.039589, -122.8013161 54.03958, -122.8001422 54.039596, -122.7988328 54.039571, -122.7980779 54.039555, -122.7963449 54.039572, -122.79474 54.039594, -122.7936391 54.039576, -122.790812 54.039565, -122.7890239 54.039535, -122.788994 54.038539, -122.7890812 54.038082, -122.7891431 54.037237, -122.789192 54.036454, -122.7892349 54.035933, -122.7907552 54.035935, -122.79281 54.035934, -122.7937432 54.035941, -122.7952339 54.035946, -122.7956771 54.03595, -122.798061 54.035957, -122.7996472 54.035974, -122.7999269 54.036004, -122.8002502 54.036049, -122.800883 54.03605, -122.8013168 54.036046, -122.8013161 54.035141, -122.8013348 54.033135, -122.8013348 54.031392, -122.80136 54.029526, -122.8013611 54.028168, -122.801364 54.026572, -122.8013618 54.025495, -122.801364 54.025092, -122.802025 54.025098, -122.8056289 54.025102, -122.8083109 54.025107, -122.809788 54.025114, -122.8107251 54.025195, -122.8121032 54.025212, -122.812866 54.025221, -122.813608 54.025237, -122.8136339 54.026839)))"
135194,South Fort George,Neighborhood,N,Neighborhood,Central,South Fort George,,CAN,"Prince George, BC",53.899422,-122.741858,20220419,1435585.188,Canada,British Columbia,"Prince George, BC",Prince George,"MULTIPOLYGON (((-122.7328639 53.905504, -122.7302669 53.905395, -122.731344 53.904071, -122.7333211 53.899962, -122.7345311 53.898063, -122.7362648 53.895854, -122.7381188 53.894501, -122.7445121 53.892063, -122.748084 53.890562, -122.7505079 53.892424, -122.751216 53.892876, -122.7517852 53.893153, -122.7522622 53.893368, -122.751958 53.893311, -122.7516091 53.893231, -122.7514039 53.893193, -122.7512351 53.893174, -122.7510788 53.893178, -122.75091 53.893183, -122.750744 53.893199, -122.7505129 53.893252, -122.7502991 53.893297, -122.7500662 53.893337, -122.7498091 53.89338, -122.749681 53.893391, -122.7495211 53.893385, -122.7493668 53.8933747, -122.7493705 53.8977418, -122.7490639 53.897815, -122.7491032 53.902945, -122.7490751 53.903275, -122.7490909 53.904105, -122.7491129 53.904874, -122.7491161 53.905433, -122.74853 53.905436, -122.7459121 53.905434, -122.743201 53.90544, -122.7403051 53.905447, -122.7385552 53.905445, -122.737963 53.905463, -122.737077 53.905485, -122.7368768 53.905487, -122.7367238 53.905502, -122.7364621 53.905543, -122.734935 53.905583, -122.734741 53.905594, -122.7345451 53.905617, -122.7343568 53.90564, -122.7340609 53.905683, -122.7335558 53.905521, -122.7328639 53.905504)))"
135195,Ridgeview,Neighborhood,S,Sub Neighborhood,,,Ridgeview,CAN,"Prince George, BC",53.969811,-122.790391,20220419,775756.907,Canada,British Columbia,"Prince George, BC",Prince George,"MULTIPOLYGON (((-122.7950669 53.969451, -122.7951331 53.969607, -122.795239 53.969811, -122.7953228 53.969942, -122.795464 53.970131, -122.795721 53.970457, -122.7960479 53.970832, -122.79636 53.971193, -122.7966559 53.971533, -122.797319 53.972272, -122.7978742 53.972898, -122.7984491 53.973546, -122.798974 53.974146, -122.7992461 53.974458, -122.7996292 53.974929, -122.7999521 53.975376, -122.8001951 53.975731, -122.800491 53.976181, -122.8009399 53.976936, -122.8013161 53.977577, -122.8015372 53.977954, -122.8011329 53.977962, -122.8007858 53.977964, -122.800351 53.977951, -122.8000252 53.977945, -122.7997822 53.977946, -122.799582 53.97795, -122.7994139 53.977963, -122.7992699 53.977983, -122.7990949 53.978025, -122.7989221 53.978072, -122.7986561 53.978148, -122.7983321 53.977797, -122.7980059 53.977462, -122.7978259 53.977277, -122.798075 53.977186, -122.7983699 53.977068, -122.7981938 53.976835, -122.7980498 53.976652, -122.7978878 53.97644, -122.7976751 53.976199, -122.7974468 53.975999, -122.797202 53.975789, -122.7969871 53.975632, -122.796869 53.975565, -122.7965051 53.975238, -122.7961879 53.974993, -122.7959251 53.974781, -122.795743 53.974661, -122.795554 53.974629, -122.795266 53.974578, -122.79487 53.974502, -122.7947231 53.974497, -122.7942889 53.974489, -122.793525 53.974484, -122.7931139 53.974731, -122.7926819 53.975015, -122.792548 53.974969, -122.7923831 53.974954, -122.7921181 53.974953, -122.7918082 53.97496, -122.7913988 53.974962, -122.7913942 53.974507, -122.791032 53.974505, -122.7903541 53.974502, -122.7897281 53.974502, -122.789745 53.974941, -122.7905579 53.974985, -122.7905291 53.975221, -122.790505 53.975487, -122.7907861 53.975776, -122.7914212 53.975966, -122.7919331 53.976206, -122.791747 53.976335, -122.791545 53.976509, -122.791446 53.976611, -122.791351 53.976748, -122.7912142 53.976782, -122.7909442 53.976816, -122.7907019 53.976851, -122.7904081 53.976911, -122.7900719 53.976994, -122.78965 53.976739, -122.789039 53.976382, -122.788935 53.976292, -122.7889339 53.976128, -122.7889321 53.97577, -122.788917 53.975097, -122.7889069 53.974491, -122.788894 53.973983, -122.7889069 53.973596, -122.7889019 53.973265, -122.788881 53.972866, -122.7888292 53.972141, -122.788823 53.971744, -122.7888562 53.970988, -122.7887078 53.970788, -122.7884569 53.970422, -122.7882571 53.970273, -122.7879691 53.970061, -122.7877139 53.969905, -122.7875029 53.96972, -122.7872812 53.969567, -122.7871379 53.96952, -122.7868661 53.969309, -122.786527 53.969209, -122.7860111 53.969066, -122.7853778 53.968847, -122.7851212 53.968762, -122.7848879 53.968683, -122.7845819 53.96836, -122.784327 53.968118, -122.7842978 53.967912, -122.784363 53.967733, -122.7843878 53.967564, -122.784359 53.967431, -122.784228 53.967307, -122.7841042 53.967213, -122.7839789 53.96709, -122.7802643 53.9641816, -122.781335 53.9630633, -122.7846425 53.9632536, -122.7844045 53.9610883, -122.7865937 53.9610645, -122.7889493 53.9635867, -122.7871647 53.9654665, -122.7887352 53.9665135, -122.790496 53.9667038, -122.7914715 53.9693212, -122.794997 53.969247, -122.7950669 53.969451)))"
135196,Rundstrom,Neighborhood,S,Sub Neighborhood,,,Rundstrom,CAN,"Prince George, BC",53.99054,-122.786544,20220419,373449.474,Canada,British Columbia,"Prince George, BC",Prince George,"MULTIPOLYGON (((-122.794501 53.99565, -122.7939419 53.995635, -122.79316 53.995636, -122.7928889 53.995626, -122.7927449 53.995626, -122.7925732 53.995633, -122.7917671 53.99563, -122.791374 53.995627, -122.7910669 53.995624, -122.7902962 53.995621, -122.7895358 53.995627, -122.7888878 53.995633, -122.7888878 53.99541, -122.788899 53.99391, -122.7888979 53.993373, -122.7888878 53.99316, -122.7885019 53.992914, -122.788373 53.992833, -122.7881491 53.99274, -122.7876869 53.992533, -122.7881272 53.992292, -122.7882859 53.992198, -122.788107 53.992096, -122.787711 53.991879, -122.7870461 53.991523, -122.78632 53.991137, -122.7856882 53.990796, -122.784962 53.990398, -122.7847882 53.990296, -122.7846262 53.990204, -122.784503 53.990096, -122.784467 53.989918, -122.7844811 53.989578, -122.7835159 53.989581, -122.7823661 53.989589, -122.7811072 53.989588, -122.7811061 53.98923, -122.7811028 53.988925, -122.7810989 53.988591, -122.7810481 53.988384, -122.780938 53.988296, -122.7807601 53.988167, -122.7805492 53.988079, -122.7801031 53.987882, -122.7798788 53.987785, -122.779715 53.987687, -122.7795232 53.987573, -122.7793741 53.987478, -122.779148 53.987333, -122.778958 53.987183, -122.778783 53.987035, -122.7784421 53.98715, -122.7781192 53.987256, -122.777797 53.98725, -122.7775079 53.987258, -122.777487 53.987071, -122.7774881 53.986812, -122.777473 53.98651, -122.777365 53.986268, -122.7772339 53.986057, -122.777096 53.985795, -122.7769139 53.985473, -122.777338 53.985382, -122.7781069 53.985226, -122.7780158 53.984972, -122.777923 53.984822, -122.777716 53.98447, -122.7776152 53.984307, -122.7770978 53.984426, -122.7766568 53.984517, -122.776479 53.984553, -122.7764509 53.983996, -122.776457 53.983611, -122.7766085 53.9823906, -122.7766921 53.981717, -122.77706 53.981995, -122.7774532 53.982307, -122.7776558 53.982466, -122.7778661 53.982628, -122.778081 53.982818, -122.778302 53.983021, -122.7784702 53.983189, -122.7786188 53.98335, -122.7787351 53.983475, -122.778824 53.983599, -122.7789209 53.983756, -122.7790058 53.983911, -122.779085 53.984077, -122.7791671 53.984294, -122.779269 53.984628, -122.7793651 53.984941, -122.7794648 53.985202, -122.7795818 53.985496, -122.77966 53.985643, -122.7797899 53.985858, -122.779966 53.986079, -122.780214 53.986349, -122.7805049 53.986585, -122.7808019 53.986786, -122.7810892 53.986949, -122.7812209 53.987023, -122.781469 53.987147, -122.7819229 53.987334, -122.7823859 53.987512, -122.7829691 53.987731, -122.783494 53.987922, -122.7840869 53.988149, -122.784543 53.988329, -122.784939 53.988496, -122.7852619 53.988651, -122.7861119 53.989087, -122.7871051 53.989645, -122.7880339 53.990156, -122.7895189 53.990962, -122.7909488 53.99176, -122.7922178 53.992457, -122.7937028 53.993274, -122.7947242 53.993847, -122.7958139 53.99445, -122.796572 53.994874, -122.7972121 53.995245, -122.7977618 53.995587, -122.7979811 53.995735, -122.7971138 53.995743, -122.794938 53.995753, -122.794735 53.995754, -122.794501 53.99565)))"
135197,Pinecone,Neighborhood,N,Neighborhood,West Bowl,Pinecone,,CAN,"Prince George, BC",53.893257,-122.79252,20220419,519147.177,Canada,British Columbia,"Prince George, BC",Prince George,"MULTIPOLYGON (((-122.7883388 53.888243, -122.790047 53.888221, -122.791127 53.88823, -122.7918758 53.888216, -122.7917678 53.888333, -122.7919432 53.888354, -122.7923212 53.888397, -122.7925598 53.88844, -122.792747 53.888515, -122.7929771 53.888653, -122.7931571 53.888777, -122.7933022 53.888889, -122.793404 53.889012, -122.7935729 53.889188, -122.794204 53.889796, -122.794461 53.89002, -122.7947828 53.890332, -122.7952019 53.890734, -122.7955511 53.890997, -122.795856 53.891271, -122.7961598 53.891554, -122.7962801 53.891672, -122.7984721 53.893745, -122.799097 53.894347, -122.7989491 53.89447, -122.797701 53.895146, -122.796743 53.895701, -122.795932 53.896221, -122.795086 53.89672, -122.794326 53.897132, -122.7934598 53.897633, -122.792476 53.89821, -122.791176 53.898982, -122.790807 53.898761, -122.7902962 53.898477, -122.790073 53.898342, -122.789893 53.898214, -122.7897112 53.898075, -122.7895081 53.897865, -122.7894001 53.897735, -122.789227 53.897455, -122.789164 53.897248, -122.789146 53.897046, -122.789128 53.896774, -122.7891179 53.896341, -122.7891089 53.895797, -122.7891179 53.895275, -122.7891179 53.894646, -122.7891179 53.893987, -122.789119 53.89307, -122.7891082 53.892367, -122.7891269 53.891961, -122.7891341 53.891363, -122.789106 53.891175, -122.789021 53.891, -122.7888439 53.890788, -122.788701 53.890679, -122.7884731 53.8905, -122.7882449 53.890311, -122.788057 53.890118, -122.7879421 53.889997, -122.787828 53.889845, -122.787662 53.889631, -122.787481 53.889349, -122.7874129 53.8892, -122.787347 53.889023, -122.7873161 53.888887, -122.7873161 53.888688, -122.787333 53.888303, -122.7883388 53.888243)))"
135198,Pinewood,Neighborhood,N,Neighborhood,West Bowl,Pinewood,,CAN,"Prince George, BC",53.898774,-122.799319,20220419,498053.13,Canada,British Columbia,"Prince George, BC",Prince George,"MULTIPOLYGON (((-122.7952181 53.901389, -122.794438 53.90092, -122.7938648 53.900585, -122.793205 53.900178, -122.7926689 53.899859, -122.791176 53.898982, -122.792476 53.89821, -122.7934598 53.897633, -122.794326 53.897132, -122.795086 53.89672, -122.795932 53.896221, -122.796743 53.895701, -122.797701 53.895146, -122.7989491 53.89447, -122.799097 53.894347, -122.7998092 53.895033, -122.800036 53.895206, -122.800176 53.895269, -122.8004291 53.895401, -122.800612 53.895532, -122.800964 53.895737, -122.801238 53.895889, -122.8013798 53.895964, -122.8017799 53.8961733, -122.803141 53.896885, -122.8035179 53.897071, -122.8039891 53.897318, -122.8043279 53.897526, -122.8049122 53.897859, -122.8055242 53.898221, -122.8057751 53.898405, -122.805995 53.898549, -122.806143 53.898658, -122.8063151 53.898847, -122.8063781 53.898978, -122.8063259 53.899161, -122.8062679 53.899485, -122.8065199 53.899827, -122.8068968 53.900308, -122.8071082 53.900608, -122.807286 53.900842, -122.80739 53.901023, -122.807317 53.901217, -122.8071409 53.901248, -122.8066081 53.901255, -122.8055821 53.901248, -122.8048808 53.901246, -122.804194 53.901245, -122.8021139 53.901261, -122.8001029 53.901259, -122.7990971 53.901266, -122.798804 53.901295, -122.7984581 53.901369, -122.798196 53.901441, -122.7980131 53.901508, -122.7978331 53.901592, -122.7975278 53.901751, -122.797062 53.902019, -122.7966131 53.902258, -122.7964979 53.90216, -122.7962059 53.901981, -122.7957239 53.901689, -122.7952181 53.901389)))"
135199,Bedard,Neighborhood,S,Sub Neighborhood,,,Bedard,CAN,"Prince George, BC",53.948154,-122.765936,20220419,292646.92,Canada,British Columbia,"Prince George, BC",Prince George,"MULTIPOLYGON (((-122.7658511 53.94704, -122.7666031 53.947052, -122.7694111 53.947054, -122.770741 53.947072, -122.770759 53.947257, -122.7707561 53.947385, -122.770728 53.94754, -122.7706531 53.947707, -122.770615 53.94799, -122.77057 53.948172, -122.770512 53.948319, -122.770562 53.948488, -122.7707269 53.948592, -122.770912 53.948626, -122.771146 53.948648, -122.7712021 53.948828, -122.771187 53.94898, -122.7711719 53.949138, -122.7711211 53.949331, -122.7710401 53.949504, -122.7709469 53.949716, -122.770881 53.949935, -122.770804 53.950155, -122.7707809 53.950293, -122.7707701 53.950475, -122.7707669 53.950675, -122.770777 53.950883, -122.7705919 53.950749, -122.7704119 53.950723, -122.7701948 53.950711, -122.770013 53.950704, -122.7698701 53.950697, -122.769738 53.950696, -122.7696098 53.950689, -122.769455 53.950654, -122.769302 53.95062, -122.7691699 53.950617, -122.7690259 53.950619, -122.7688711 53.950632, -122.7686209 53.95066, -122.7683401 53.950677, -122.7678919 53.950679, -122.7672439 53.950671, -122.7668782 53.950672, -122.7664822 53.950667, -122.7662849 53.950643, -122.7661538 53.950637, -122.7659659 53.950675, -122.764936 53.950679, -122.7636151 53.950674, -122.7628829 53.950659, -122.7627428 53.950661, -122.762466 53.950262, -122.7622021 53.949893, -122.7620959 53.949733, -122.7620542 53.949598, -122.7620081 53.949448, -122.7619631 53.949273, -122.7619418 53.949047, -122.7619418 53.948829, -122.7619501 53.948606, -122.7620048 53.948361, -122.7621308 53.948002, -122.7622072 53.947819, -122.762313 53.947591, -122.7623918 53.947407, -122.762497 53.947179, -122.7625571 53.947035, -122.7625931 53.94685, -122.762614 53.94669, -122.762642 53.946456, -122.7626359 53.946275, -122.7626078 53.9461, -122.762552 53.94591, -122.7624509 53.945674, -122.762313 53.945421, -122.762205 53.945252, -122.7620819 53.945062, -122.761993 53.944915, -122.7616355 53.9442048, -122.7637175 53.9442048, -122.7644392 53.944384, -122.765099 53.94441, -122.7652999 53.94455, -122.7655631 53.944777, -122.7656221 53.944936, -122.7655429 53.945063, -122.7654821 53.945201, -122.7654569 53.945375, -122.765423 53.945598, -122.765413 53.945816, -122.7654439 53.946032, -122.7654439 53.946209, -122.765499 53.946945, -122.7658511 53.94704)))"
135200,Perry,Neighborhood,N,Neighborhood,Central,Perry,,CAN,"Prince George, BC",53.892503,-122.764214,20220419,343173,Canada,British Columbia,"Prince George, BC",Prince George,"MULTIPOLYGON (((-122.7607538 53.895124, -122.7608348 53.88882, -122.7624559 53.888828, -122.7629761 53.888831, -122.76495 53.888853, -122.7672856 53.8888695, -122.7672294 53.8955388, -122.7675721 53.8963954, -122.768275 53.89737, -122.7674189 53.897106, -122.7655372 53.896465, -122.7645112 53.896099, -122.763496 53.895789, -122.7626791 53.895562, -122.7619058 53.895373, -122.7607538 53.895124)))"
135201,Quinson,Neighborhood,N,Neighborhood,West Bowl,Quinson,,CAN,"Prince George, BC",53.925461,-122.788368,20220419,872292.776,Canada,British Columbia,"Prince George, BC",Prince George,"MULTIPOLYGON (((-122.7917581 53.9329, -122.7891521 53.932016, -122.7882719 53.930399, -122.787252 53.929449, -122.785807 53.928699, -122.782662 53.927532, -122.78048 53.927014, -122.7805841 53.926778, -122.780754 53.926418, -122.7808609 53.926066, -122.7810449 53.925671, -122.7811259 53.925478, -122.781271 53.92513, -122.7813761 53.92479, -122.7814571 53.924507, -122.781542 53.924175, -122.7815978 53.923843, -122.7816259 53.923581, -122.7816439 53.922984, -122.7816202 53.922219, -122.7816061 53.92176, -122.781605 53.92093, -122.7816241 53.920562, -122.7825922 53.920611, -122.7838252 53.920594, -122.7842629 53.920596, -122.785308 53.920582, -122.788206 53.920585, -122.790195 53.920585, -122.7924518 53.920588, -122.7933659 53.920594, -122.794204 53.920598, -122.7941629 53.922393, -122.794141 53.923631, -122.7941161 53.924434, -122.79411 53.924849, -122.794105 53.925184, -122.7940949 53.926318, -122.7940931 53.927256, -122.7940909 53.928165, -122.7941111 53.928963, -122.7940999 53.929761, -122.7940942 53.930215, -122.794101 53.930655, -122.794096 53.930933, -122.7941021 53.931203, -122.794168 53.931388, -122.793741 53.93149, -122.7932291 53.931193, -122.7925429 53.930867, -122.7917419 53.93053, -122.7917261 53.930762, -122.79173 53.932062, -122.7917581 53.9329)))"
135203,Westwood,Neighborhood,N,Neighborhood,West Bowl,Westwood,,CAN,"Prince George, BC",53.893936,-122.78452,20220419,746065.395,Canada,British Columbia,"Prince George, BC",Prince George,"MULTIPOLYGON (((-122.7795479 53.8943979, -122.7795241 53.8881994, -122.7796589 53.888204, -122.7806888 53.888225, -122.7811702 53.888222, -122.7833291 53.888231, -122.7850121 53.888236, -122.7869111 53.888252, -122.787333 53.888303, -122.7873161 53.888688, -122.7873161 53.888887, -122.787347 53.889023, -122.7874129 53.8892, -122.787481 53.889349, -122.787662 53.889631, -122.787828 53.889845, -122.7879421 53.889997, -122.788057 53.890118, -122.7882449 53.890311, -122.7884731 53.8905, -122.788701 53.890679, -122.7888439 53.890788, -122.789021 53.891, -122.789106 53.891175, -122.7891341 53.891363, -122.7891269 53.891961, -122.7891082 53.892367, -122.789119 53.89307, -122.7891179 53.893987, -122.7891179 53.894646, -122.7891179 53.895275, -122.7891089 53.895797, -122.7891179 53.896341, -122.789128 53.896774, -122.789146 53.897046, -122.789164 53.897248, -122.789227 53.897455, -122.7894001 53.897735, -122.7895081 53.897865, -122.7897112 53.898075, -122.789893 53.898214, -122.790073 53.898342, -122.7902962 53.898477, -122.790807 53.898761, -122.791176 53.898982, -122.7908779 53.899094, -122.790559 53.899279, -122.7903739 53.899409, -122.7902101 53.899506, -122.790069 53.899548, -122.7898789 53.899585, -122.7896302 53.899604, -122.7886942 53.899607, -122.786573 53.899612, -122.784818 53.899617, -122.782379 53.899611, -122.7823898 53.89936, -122.7823999 53.899207, -122.7823751 53.899051, -122.7822941 53.898907, -122.7821422 53.898772, -122.7819121 53.898551, -122.781685 53.898311, -122.7814762 53.898112, -122.781235 53.897897, -122.7807608 53.897439, -122.780475 53.897172, -122.780047 53.896759, -122.7797264 53.8964561, -122.7795479 53.8943979)))"
135204,North Blackburn,Neighborhood,S,Sub Neighborhood,,,North Blackburn,CAN,"Prince George, BC",53.909382,-122.642619,20220419,5823935.848,Canada,British Columbia,"Prince George, BC",Prince George,"MULTIPOLYGON (((-122.641186 53.92587, -122.6411932 53.924507, -122.641218 53.922478, -122.6412112 53.921262, -122.6402629 53.921268, -122.6402489 53.920044, -122.6376331 53.920047, -122.6327332 53.920057, -122.6272331 53.920077, -122.6232151 53.920093, -122.6193851 53.9201, -122.6166221 53.920105, -122.6166149 53.917855, -122.6166052 53.915862, -122.6166239 53.915074, -122.6166149 53.912841, -122.6175311 53.912892, -122.621125 53.912873, -122.6244841 53.912862, -122.6265188 53.912866, -122.6282332 53.91287, -122.6286691 53.912856, -122.62882 53.912773, -122.6288311 53.910703, -122.6288131 53.909455, -122.6287912 53.909117, -122.6287789 53.908964, -122.6287958 53.908796, -122.6287969 53.908619, -122.628793 53.906903, -122.628785 53.90495, -122.6287699 53.903879, -122.6287609 53.902854, -122.6287462 53.901718, -122.628731 53.899578, -122.6287969 53.89837, -122.6300918 53.898364, -122.631948 53.898353, -122.6333671 53.898342, -122.6346509 53.898331, -122.636952 53.898326, -122.6393759 53.898315, -122.6412 53.898309, -122.6425 53.898306, -122.6444191 53.898305, -122.6463098 53.898303, -122.6479162 53.898304, -122.6505121 53.8983, -122.6533759 53.898287, -122.65569 53.898284, -122.6583652 53.898268, -122.659888 53.898261, -122.6615119 53.898269, -122.6628698 53.898273, -122.663956 53.898285, -122.664996 53.898302, -122.6656789 53.89825, -122.6656951 53.899833, -122.66573 53.901266, -122.6655652 53.901933, -122.665522 53.902158, -122.6655299 53.903187, -122.6655439 53.904878, -122.665568 53.906373, -122.665581 53.906579, -122.665621 53.90672, -122.665693 53.906858, -122.66581 53.907006, -122.6662898 53.907507, -122.666396 53.907641, -122.666486 53.907818, -122.6666106 53.908471, -122.6663032 53.908568, -122.6656868 53.90866, -122.6647321 53.90881, -122.663763 53.908958, -122.6629451 53.909133, -122.6622398 53.90934, -122.6618269 53.909492, -122.6614039 53.909668, -122.6610619 53.909828, -122.6607919 53.909966, -122.660357 53.910227, -122.6601788 53.910352, -122.6598548 53.910592, -122.6593861 53.91099, -122.6589959 53.911315, -122.6583529 53.911844, -122.6576639 53.912403, -122.6572402 53.912757, -122.6533129 53.915994, -122.6528521 53.916355, -122.652108 53.916963, -122.65141 53.917541, -122.6505701 53.918232, -122.6495639 53.919063, -122.6484709 53.919947, -122.6478758 53.920452, -122.6470871 53.921108, -122.646425 53.921652, -122.6457698 53.922168, -122.6452511 53.922609, -122.644683 53.92307, -122.6441941 53.923469, -122.6436401 53.923922, -122.642978 53.924469, -122.6423099 53.92502, -122.641996 53.925283, -122.641691 53.925524, -122.6414819 53.925677, -122.641186 53.92587)))"
135205,Pilot Mountain,Neighborhood,S,Sub Neighborhood,North West,Chief Lake,Pilot Mountain,CAN,"Prince George, BC",54.007102,-122.847359,20220419,317837.791,Canada,British Columbia,"Prince George, BC",Prince George,"MULTIPOLYGON (((-122.8442378 54.010679, -122.8442422 54.010171, -122.8442681 54.009839, -122.8442738 54.009509, -122.8442738 54.009307, -122.8443322 54.009027, -122.8443322 54.008716, -122.8443322 54.008245, -122.84433 54.007687, -122.844326 54.006899, -122.8443368 54.005563, -122.8444751 54.004137, -122.844416 54.003888, -122.844393 54.003733, -122.8443322 54.003495, -122.8472701 54.003469, -122.8503611 54.003468, -122.850365 54.004578, -122.8503398 54.006712, -122.8504028 54.007455, -122.8504252 54.008567, -122.8503982 54.009713, -122.8503791 54.01038, -122.8502941 54.010682, -122.8500481 54.0106833, -122.8497322 54.010685, -122.848195 54.010687, -122.8468061 54.010688, -122.8442378 54.010679)))"
135206,Saint Lawrence Heights,Neighborhood,S,Sub Neighborhood,,,Saint Lawrence Heights,CAN,"Prince George, BC",53.855598,-122.778291,20220419,1296703.963,Canada,British Columbia,"Prince George, BC",Prince George,"MULTIPOLYGON (((-122.787747 53.855534, -122.7873161 53.856332, -122.7871469 53.856939, -122.787167 53.857655, -122.7872239 53.858266, -122.7872581 53.859023, -122.7872729 53.859391, -122.7872722 53.859551, -122.787297 53.859745, -122.787328 53.859959, -122.7873971 53.860227, -122.7874381 53.86042, -122.7874421 53.860596, -122.7873841 53.860745, -122.7872999 53.860862, -122.7871811 53.861003, -122.7870079 53.861188, -122.786914 53.861322, -122.7868481 53.861457, -122.786825 53.861588, -122.7868229 53.861723, -122.7868589 53.861924, -122.786905 53.862246, -122.786635 53.862226, -122.786086 53.862211, -122.7847781 53.862179, -122.7840109 53.862164, -122.783292 53.862167, -122.7821339 53.862136, -122.7811792 53.862119, -122.780443 53.862106, -122.7795559 53.862076, -122.77908 53.862065, -122.778886 53.862062, -122.7787894 53.8619656, -122.7787418 53.8607759, -122.778956 53.8602286, -122.7793129 53.8599193, -122.7789322 53.8597289, -122.778599 53.8596576, -122.778599 53.8591341, -122.7737687 53.8592293, -122.766367 53.859285, -122.7664321 53.859107, -122.7665239 53.858925, -122.766629 53.858734, -122.7667342 53.858573, -122.7668429 53.858456, -122.7669761 53.858349, -122.7671129 53.858242, -122.7672461 53.858155, -122.7675532 53.857974, -122.768087 53.857632, -122.7683909 53.85746, -122.7686389 53.857331, -122.7689212 53.85719, -122.7691469 53.857071, -122.769373 53.856938, -122.7695569 53.856821, -122.7696991 53.856702, -122.7698212 53.856593, -122.7699079 53.856496, -122.770012 53.856361, -122.770103 53.85622, -122.7701779 53.856059, -122.7702391 53.855882, -122.770283 53.855699, -122.7703831 53.855191, -122.7705098 53.854512, -122.7706762 53.853619, -122.7707939 53.853022, -122.770845 53.852753, -122.7708979 53.852451, -122.7709238 53.852165, -122.7709159 53.851919, -122.7709091 53.851767, -122.7708652 53.851496, -122.7707842 53.851123, -122.7706942 53.850657, -122.7706301 53.85031, -122.7705772 53.850049, -122.7705322 53.849836, -122.7704951 53.849651, -122.7704839 53.849492, -122.7704951 53.849262, -122.7705052 53.849064, -122.7705548 53.848877, -122.7706088 53.84872, -122.770679 53.848583, -122.7707651 53.848425, -122.7710092 53.848013, -122.7711499 53.847766, -122.7715261 53.847822, -122.7727771 53.847795, -122.773208 53.847793, -122.77363 53.847725, -122.7738701 53.847677, -122.7745739 53.84781, -122.775093 53.847128, -122.776096 53.847326, -122.7763429 53.847483, -122.7767918 53.847649, -122.7774161 53.847754, -122.7776069 53.847941, -122.7775871 53.84816, -122.776996 53.848616, -122.7768052 53.848586, -122.776641 53.848888, -122.7761939 53.84915, -122.7763778 53.849263, -122.7766219 53.849439, -122.776767 53.849587, -122.7768311 53.849706, -122.776893 53.849874, -122.7777041 53.849985, -122.7777311 53.850224, -122.777662 53.850434, -122.7775871 53.85059, -122.777492 53.850746, -122.7773498 53.850951, -122.7772469 53.851049, -122.7771511 53.851198, -122.777042 53.851346, -122.7769571 53.851475, -122.7768502 53.851617, -122.7767479 53.851753, -122.7766381 53.851938, -122.7779219 53.851864, -122.778292 53.852177, -122.7786052 53.852403, -122.7788269 53.852566, -122.7790249 53.852592, -122.779229 53.852622, -122.7796351 53.85272, -122.7800189 53.852838, -122.7810975 53.8525906, -122.7816709 53.853276, -122.78209 53.853078, -122.7832492 53.852711, -122.7852529 53.852581, -122.7859754 53.8526144, -122.7862811 53.85292, -122.786937 53.852937, -122.787598 53.852985, -122.7881131 53.853068, -122.788688 53.853217, -122.7894379 53.853496, -122.7885541 53.854328, -122.78831 53.854608, -122.787747 53.855534)))"
135207,Birchwood Heights,Neighborhood,S,Sub Neighborhood,,,Birchwood Heights,CAN,"Prince George, BC",53.984847,-122.788352,20220419,798147.409,Canada,British Columbia,"Prince George, BC",Prince George,"MULTIPOLYGON (((-122.7925181 53.987567, -122.791279 53.987566, -122.7902591 53.987576, -122.7888421 53.987571, -122.788818 53.988134, -122.788165 53.988138, -122.787036 53.988129, -122.7860528 53.98813, -122.7851219 53.988129, -122.7840869 53.988149, -122.783494 53.987922, -122.7829691 53.987731, -122.7823859 53.987512, -122.7819229 53.987334, -122.781469 53.987147, -122.7812209 53.987023, -122.7810892 53.986949, -122.7808019 53.986786, -122.7805049 53.986585, -122.780214 53.986349, -122.779966 53.986079, -122.7797899 53.985858, -122.77966 53.985643, -122.7795818 53.985496, -122.7794648 53.985202, -122.7793651 53.984941, -122.779269 53.984628, -122.7791671 53.984294, -122.779085 53.984077, -122.7790058 53.983911, -122.7789209 53.983756, -122.778824 53.983599, -122.7787351 53.983475, -122.7786188 53.98335, -122.7784702 53.983189, -122.778302 53.983021, -122.778081 53.982818, -122.7778661 53.982628, -122.7776558 53.982466, -122.7774532 53.982307, -122.77706 53.981995, -122.7766921 53.981717, -122.779242 53.981724, -122.7832711 53.981727, -122.783773 53.981736, -122.7840142 53.981726, -122.7858239 53.981722, -122.788678 53.981704, -122.790546 53.981695, -122.7912419 53.981698, -122.7925501 53.981704, -122.7940729 53.981724, -122.7946118 53.981721, -122.7946129 53.98229, -122.7946219 53.982682, -122.7946388 53.982911, -122.794646 53.983131, -122.7946792 53.983304, -122.7947468 53.983462, -122.794961 53.983616, -122.7953491 53.983908, -122.7960151 53.984399, -122.796261 53.984583, -122.7964291 53.984697, -122.7965789 53.984716, -122.796715 53.984714, -122.7970681 53.984499, -122.797179 53.984416, -122.79735 53.984292, -122.7976171 53.984119, -122.7977618 53.984134, -122.7979462 53.984145, -122.7981089 53.984151, -122.7980999 53.984462, -122.798093 53.984616, -122.7991579 53.984615, -122.799065 53.984811, -122.7990532 53.985047, -122.799123 53.985182, -122.799083 53.985342, -122.7990931 53.985783, -122.799091 53.986931, -122.7990881 53.987566, -122.7984851 53.987567, -122.796778 53.987576, -122.7967762 53.988439, -122.7967819 53.988852, -122.79609 53.988852, -122.795392 53.988842, -122.7953891 53.98848, -122.7953639 53.987577, -122.7929029 53.987573, -122.7925181 53.987567)))"
135208,Bench Drive,Neighborhood,S,Sub Neighborhood,,,Bench Drive,CAN,"Prince George, BC",53.961969,-122.835114,20220419,1584867.286,Canada,British Columbia,"Prince George, BC",Prince George,"MULTIPOLYGON (((-122.8257749 53.9672, -122.825848 53.965744, -122.82588 53.964671, -122.8259588 53.963224, -122.825929 53.962913, -122.825938 53.962673, -122.82583 53.962538, -122.825781 53.962367, -122.825777 53.962143, -122.825786 53.961836, -122.8257832 53.961511, -122.8257799 53.961193, -122.825777 53.960923, -122.8257781 53.960726, -122.8257788 53.960465, -122.825781 53.960279, -122.8257781 53.960053, -122.825777 53.959726, -122.8257832 53.959403, -122.8257731 53.959061, -122.8257742 53.958868, -122.8257731 53.958644, -122.8257529 53.958345, -122.825727 53.958182, -122.8257248 53.958021, -122.8257421 53.957793, -122.825795 53.957622, -122.8257922 53.95726, -122.8257979 53.956843, -122.8258001 53.956379, -122.8257878 53.956037, -122.825758 53.955845, -122.8257781 53.955665, -122.8257922 53.955299, -122.8258012 53.954919, -122.8258012 53.954308, -122.8257961 53.953382, -122.8258001 53.952938, -122.825799 53.952771, -122.826532 53.952282, -122.8271918 53.951891, -122.828782 53.953229, -122.83151 53.955253, -122.8329878 53.956092, -122.8361461 53.957522, -122.8380091 53.958333, -122.840807 53.959558, -122.8431359 53.960567, -122.8448452 53.961454, -122.8459208 53.962133, -122.8504208 53.96551, -122.8503161 53.966471, -122.850297 53.967172, -122.8486201 53.967181, -122.846747 53.967181, -122.8451119 53.967181, -122.8436471 53.967179, -122.842436 53.967179, -122.8418561 53.96718, -122.840307 53.967174, -122.838682 53.967178, -122.8364849 53.967171, -122.8346572 53.967167, -122.8315882 53.967173, -122.8257749 53.9672)))"
135209,Highland Park,Neighborhood,N,Neighborhood,West Bowl,Highland Park,,CAN,"Prince George, BC",53.931992,-122.80033,20220419,821998.704,Canada,British Columbia,"Prince George, BC",Prince George,"MULTIPOLYGON (((-122.794096 53.930933, -122.794101 53.930655, -122.7940942 53.930215, -122.7940999 53.929761, -122.7941111 53.928963, -122.7940909 53.928165, -122.7940931 53.927256, -122.7940949 53.926318, -122.794105 53.925184, -122.79411 53.924849, -122.7952249 53.924848, -122.7963499 53.924857, -122.7972931 53.924851, -122.79812 53.924848, -122.7983011 53.924861, -122.7985211 53.924944, -122.799209 53.925345, -122.7998581 53.925714, -122.800392 53.926022, -122.800873 53.926296, -122.8012909 53.926527, -122.8018259 53.926835, -122.802044 53.92695, -122.8022348 53.927034, -122.8024418 53.927078, -122.802696 53.927099, -122.8031071 53.927099, -122.8030999 53.927445, -122.8031111 53.927595, -122.8031651 53.92779, -122.803326 53.928184, -122.8034981 53.928597, -122.8036568 53.928966, -122.80378 53.929248, -122.8038772 53.929477, -122.803925 53.929609, -122.8039729 53.929743, -122.80401 53.929897, -122.8040021 53.930449, -122.80401 53.931256, -122.8040078 53.931837, -122.8040039 53.932368, -122.8040039 53.932882, -122.8039999 53.933426, -122.8039909 53.933888, -122.8039988 53.934311, -122.8040021 53.934444, -122.8039808 53.934753, -122.8039819 53.93508, -122.8039718 53.935298, -122.803942 53.935485, -122.8038649 53.935645, -122.8038638 53.935848, -122.803889 53.936017, -122.8039042 53.936182, -122.803934 53.936361, -122.8044179 53.93649, -122.804955 53.936614, -122.805436 53.936736, -122.8057492 53.936812, -122.8060199 53.936915, -122.806238 53.936996, -122.8065451 53.937112, -122.806696 53.937185, -122.80684 53.937286, -122.807003 53.937406, -122.80729 53.937622, -122.8074671 53.937754, -122.807677 53.938022, -122.8079459 53.938359, -122.8081298 53.938645, -122.808303 53.938957, -122.8084492 53.939176, -122.8086068 53.939179, -122.809099 53.939185, -122.809266 53.939184, -122.8096721 53.939156, -122.8097981 53.939344, -122.8099921 53.939546, -122.810202 53.939697, -122.810521 53.939892, -122.8112561 53.940356, -122.8117928 53.94067, -122.811682 53.940756, -122.811516 53.940767, -122.8113479 53.940757, -122.8112032 53.940725, -122.8110289 53.940678, -122.8107679 53.940605, -122.810584 53.94056, -122.8100749 53.940437, -122.8095371 53.940332, -122.809226 53.940269, -122.8083638 53.940111, -122.8075301 53.939984, -122.8066042 53.939834, -122.8058129 53.939702, -122.805238 53.939607, -122.8048369 53.939519, -122.8043891 53.939401, -122.8040309 53.939293, -122.8036298 53.939168, -122.8032619 53.939028, -122.8029728 53.938906, -122.802444 53.938665, -122.8019911 53.938419, -122.801589 53.938149, -122.8011278 53.937818, -122.8006069 53.937401, -122.8000298 53.936948, -122.799501 53.936538, -122.7988012 53.93598, -122.798038 53.935374, -122.7970919 53.93465, -122.7968471 53.934456, -122.796715 53.93434, -122.7965828 53.934198, -122.7965141 53.934064, -122.7964759 53.933871, -122.7965191 53.933608, -122.79658 53.933426, -122.796626 53.933281, -122.796652 53.933131, -122.7966329 53.932982, -122.7965551 53.932829, -122.7964612 53.93274, -122.7963229 53.932648, -122.796077 53.932511, -122.7957361 53.932322, -122.7953941 53.932143, -122.794844 53.93184, -122.7944459 53.931636, -122.7943001 53.931537, -122.794168 53.931388, -122.7941021 53.931203, -122.794096 53.930933)))"
135210,Crescents,Neighborhood,N,Neighborhood,Central,Crescents,,CAN,"Prince George, BC",53.916838,-122.762735,20220419,1210328.748,Canada,British Columbia,"Prince George, BC",Prince George,"MULTIPOLYGON (((-122.767672 53.925006, -122.767479 53.925005, -122.767259 53.925018, -122.767024 53.925043, -122.7668051 53.925062, -122.7665531 53.925079, -122.7662939 53.925078, -122.76612 53.925063, -122.7659429 53.925043, -122.7649201 53.924774, -122.7657449 53.923608, -122.7655231 53.923461, -122.7650461 53.923171, -122.765027 53.92262, -122.7638149 53.922614, -122.7635579 53.922576, -122.7632029 53.922479, -122.761881 53.922112, -122.7609169 53.92183, -122.7600551 53.921594, -122.75969 53.921493, -122.7592681 53.921372, -122.759068 53.9213, -122.7588998 53.921235, -122.758412 53.921, -122.7584948 53.920425, -122.7588199 53.920481, -122.7588491 53.91986, -122.7588581 53.919558, -122.758826 53.919427, -122.7587051 53.91937, -122.7583321 53.919349, -122.757678 53.919323, -122.757548 53.919301, -122.7572708 53.919249, -122.7569699 53.919169, -122.756747 53.919105, -122.7534458 53.918164, -122.7533422 53.9181358, -122.7514799 53.917628, -122.7519979 53.916992, -122.7532658 53.915427, -122.753374 53.9152931, -122.7544718 53.913934, -122.755343 53.912888, -122.7561919 53.911822, -122.7571621 53.912113, -122.7583429 53.912441, -122.759748 53.912847, -122.76135 53.910875, -122.7620182 53.910149, -122.7624469 53.910243, -122.762767 53.910287, -122.7630899 53.91032, -122.7636371 53.910336, -122.7658241 53.910342, -122.767537 53.910341, -122.7688533 53.9103217, -122.7691823 53.9103168, -122.7692395 53.9103683, -122.7692373 53.9105681, -122.7692351 53.910773, -122.7692318 53.911772, -122.7692318 53.912296, -122.7692408 53.913178, -122.7692362 53.913921, -122.7692419 53.914658, -122.7692599 53.915285, -122.7692581 53.916033, -122.7692581 53.916872, -122.7692542 53.9177, -122.769266 53.918313, -122.7692711 53.919139, -122.7692678 53.91995, -122.7692549 53.920614, -122.7692858 53.921179, -122.769293 53.921856, -122.769284 53.922299, -122.7692869 53.922807, -122.7692891 53.923333, -122.7692959 53.92361, -122.769297 53.923906, -122.7693089 53.924279, -122.7693251 53.9246, -122.769292 53.92481, -122.7692171 53.925004, -122.7692279 53.925253, -122.7688582 53.925253, -122.768608 53.925238, -122.768384 53.925191, -122.7680849 53.925086, -122.7678721 53.925033, -122.767672 53.925006)))"
135211,Southwest Prince George,Neighborhood,M,Macro Neighborhood,Southwest Prince George,,,CAN,"Prince George, BC",53.836026,-122.8189,20220419,40015447.25,Canada,British Columbia,"Prince George, BC",Prince George,"MULTIPOLYGON (((-122.7872581 53.859023, -122.7872239 53.858266, -122.787167 53.857655, -122.7871469 53.856939, -122.7873161 53.856332, -122.787747 53.855534, -122.78831 53.854608, -122.7885541 53.854328, -122.7894379 53.853496, -122.79024 53.853358, -122.7910792 53.853127, -122.7915479 53.852899, -122.7917221 53.852788, -122.7919 53.852673, -122.792297 53.852276, -122.792333 53.852066, -122.7935171 53.852076, -122.7935279 53.846147, -122.7935689 53.844943, -122.7935569 53.8424234, -122.7507266 53.8424234, -122.7478021 53.841632, -122.748583 53.837953, -122.747819 53.834486, -122.7457051 53.832143, -122.740988 53.829771, -122.7337402 53.82659, -122.731034 53.824837, -122.7299872 53.823032, -122.7293759 53.820764, -122.729989 53.818444, -122.731474 53.816537, -122.732851 53.814852, -122.734125 53.814966, -122.734453 53.815023, -122.7348832 53.815109, -122.7351892 53.815189, -122.7353609 53.815258, -122.7355808 53.815436, -122.7356888 53.815566, -122.735898 53.8157, -122.7361669 53.815792, -122.736452 53.81585, -122.736748 53.815894, -122.736888 53.815936, -122.737334 53.816066, -122.7377369 53.816259, -122.7381149 53.81647, -122.738297 53.816524, -122.738467 53.816515, -122.7386099 53.816588, -122.738765 53.81665, -122.739084 53.816783, -122.739214 53.8168, -122.7393889 53.816801, -122.7395441 53.816792, -122.7397838 53.816744, -122.7400088 53.816638, -122.7405949 53.816317, -122.7408239 53.81619, -122.740934 53.816099, -122.741149 53.815951, -122.7413671 53.815794, -122.7415601 53.815797, -122.7418981 53.815842, -122.7420299 53.815887, -122.74227 53.815953, -122.7424388 53.816025, -122.742599 53.816069, -122.7429281 53.816117, -122.743247 53.816128, -122.7434018 53.816125, -122.743809 53.816134, -122.7441128 53.816155, -122.7442529 53.816205, -122.7444631 53.816329, -122.744587 53.816367, -122.7448271 53.816393, -122.7451612 53.816432, -122.745375 53.816473, -122.745569 53.816511, -122.7457238 53.816505, -122.746028 53.816426, -122.746347 53.816308, -122.7466019 53.816276, -122.7468758 53.816279, -122.747265 53.816311, -122.7475591 53.816361, -122.747769 53.816391, -122.7478979 53.816388, -122.7567352 53.815963, -122.7709141 53.815888, -122.7890081 53.81593, -122.79973 53.815966, -122.802224 53.815973, -122.8039448 53.815984, -122.810215 53.815931, -122.8117129 53.815918, -122.8123469 53.815928, -122.8189489 53.815919, -122.823729 53.815976, -122.8243972 53.815966, -122.825516 53.815981, -122.8265258 53.815987, -122.827667 53.815984, -122.828405 53.815976, -122.8299991 53.815978, -122.8313498 53.815966, -122.8323949 53.815958, -122.8328572 53.815965, -122.8333838 53.815972, -122.834192 53.815973, -122.8356821 53.815974, -122.836153 53.815974, -122.8365601 53.815964, -122.836963 53.815962, -122.837954 53.815962, -122.839844 53.815951, -122.841958 53.815954, -122.8435319 53.815965, -122.8443901 53.815964, -122.8449892 53.815969, -122.8465552 53.815973, -122.8473079 53.81597, -122.8480441 53.815974, -122.848546 53.815974, -122.8488649 53.815978, -122.8502182 53.815977, -122.8504151 53.815998, -122.8506008 53.816054, -122.850734 53.816099, -122.851003 53.816159, -122.8512611 53.816189, -122.8515541 53.8162, -122.8529498 53.816154, -122.8540511 53.816132, -122.8553359 53.816146, -122.856246 53.816167, -122.85666 53.816178, -122.8569019 53.81621, -122.8571741 53.816238, -122.8575161 53.816228, -122.857902 53.816254, -122.8597999 53.816261, -122.866025 53.816385, -122.8721591 53.816421, -122.877216 53.816384, -122.8789789 53.816364, -122.881586 53.816373, -122.881577 53.818502, -122.881541 53.820081, -122.8815619 53.82065, -122.8815151 53.820852, -122.8815911 53.821134, -122.8816199 53.821376, -122.88164 53.821794, -122.8816508 53.822305, -122.88159 53.823853, -122.8814921 53.825385, -122.8813582 53.827251, -122.8812091 53.829136, -122.8810882 53.830794, -122.8809892 53.832091, -122.880847 53.834245, -122.880713 53.836165, -122.8805881 53.837842, -122.8805798 53.838154, -122.8805939 53.838286, -122.880641 53.838406, -122.8808419 53.838676, -122.8814078 53.839395, -122.8815202 53.839576, -122.881558 53.839725, -122.881568 53.839969, -122.8815641 53.840305, -122.8815698 53.840529, -122.881599 53.840839, -122.881694 53.841433, -122.8817408 53.84173, -122.881756 53.84209, -122.881743 53.842926, -122.8817509 53.843121, -122.881819 53.843249, -122.8818211 53.845205, -122.8816958 53.847468, -122.8816829 53.849328, -122.8816469 53.8525, -122.886077 53.852491, -122.8909478 53.85246, -122.897795 53.852385, -122.897822 53.855011, -122.8978541 53.856744, -122.8978739 53.858746, -122.8978778 53.859845, -122.897525 53.859694, -122.897363 53.859641, -122.897164 53.859597, -122.8969778 53.859577, -122.8966679 53.859535, -122.896435 53.859523, -122.8961531 53.859509, -122.8959389 53.859501, -122.8951879 53.859509, -122.8931431 53.859525, -122.891553 53.85951, -122.8894841 53.859527, -122.8878659 53.859533, -122.885924 53.859526, -122.8822139 53.859529, -122.880699 53.859536, -122.878219 53.859468, -122.8761119 53.859502, -122.8757249 53.859498, -122.8751309 53.859507, -122.8745581 53.859521, -122.8738259 53.859502, -122.8731541 53.85946, -122.8716911 53.859471, -122.8710341 53.859465, -122.86948 53.859445, -122.8679489 53.859459, -122.8640231 53.859468, -122.8617068 53.85944, -122.8597891 53.859431, -122.8595918 53.859441, -122.859383 53.859486, -122.8591109 53.859591, -122.8589359 53.859632, -122.8587919 53.859647, -122.858645 53.859644, -122.8585162 53.859619, -122.8583588 53.859565, -122.858131 53.859471, -122.857933 53.85945, -122.856935 53.859458, -122.855328 53.859463, -122.8538639 53.859456, -122.8522511 53.85945, -122.851337 53.859437, -122.850617 53.859459, -122.849883 53.859498, -122.848636 53.859499, -122.847952 53.859486, -122.8442288 53.859467, -122.839961 53.859462, -122.8331149 53.859428, -122.8281548 53.859455, -122.8250992 53.859449, -122.821628 53.859466, -122.8202842 53.859473, -122.819593 53.859461, -122.8190512 53.859449, -122.816619 53.859446, -122.813955 53.859455, -122.8121989 53.859463, -122.8121978 53.858739, -122.8116229 53.858796, -122.8110361 53.858868, -122.8103881 53.858946, -122.8096091 53.859043, -122.808883 53.859129, -122.808245 53.859202, -122.807646 53.859272, -122.8071629 53.859336, -122.8068022 53.859394, -122.806571 53.859436, -122.8062931 53.859487, -122.8059518 53.859572, -122.8056458 53.859642, -122.805522 53.859676, -122.8052408 53.859757, -122.8048402 53.85988, -122.8047008 53.859929, -122.8044899 53.860008, -122.8040039 53.860205, -122.803749 53.860318, -122.8032871 53.860552, -122.8029649 53.860716, -122.8025858 53.860915, -122.802305 53.861049, -122.801778 53.861322, -122.801243 53.861604, -122.8005878 53.861946, -122.800046 53.86223, -122.799694 53.862427, -122.7989138 53.86284, -122.7984919 53.863066, -122.798047 53.863295, -122.7976801 53.863487, -122.7972802 53.863689, -122.7970541 53.863796, -122.7967481 53.863929, -122.796459 53.864039, -122.7962059 53.864129, -122.7959791 53.8642, -122.7957761 53.864256, -122.7954769 53.864334, -122.7951979 53.864398, -122.7947648 53.864486, -122.794024 53.864636, -122.793224 53.864797, -122.7923089 53.86498, -122.791752 53.865097, -122.791486 53.864652, -122.791406 53.864492, -122.7913261 53.864362, -122.79123 53.864238, -122.7911011 53.864099, -122.790947 53.86397, -122.7907829 53.863851, -122.790262 53.863515, -122.7897022 53.863188, -122.789461 53.863068, -122.7891251 53.862922, -122.788634 53.862704, -122.7883849 53.862602, -122.788107 53.862496, -122.7878471 53.862414, -122.7875879 53.862355, -122.7872711 53.862294, -122.786905 53.862246, -122.7868589 53.861924, -122.7868229 53.861723, -122.786825 53.861588, -122.7868481 53.861457, -122.786914 53.861322, -122.7870079 53.861188, -122.7871811 53.861003, -122.7872999 53.860862, -122.7873841 53.860745, -122.7874421 53.860596, -122.7874381 53.86042, -122.7873971 53.860227, -122.787328 53.859959, -122.787297 53.859745, -122.7872722 53.859551, -122.7872729 53.859391, -122.7872581 53.859023)))"
135212,Austin West,Neighborhood,N,Neighborhood,North West,Austin West,,CAN,"Prince George, BC",53.987376,-122.818745,20220419,11816213.48,Canada,British Columbia,"Prince George, BC",Prince George,"MULTIPOLYGON (((-122.830164 54.003544, -122.8299239 54.003522, -122.8295869 54.003534, -122.8291661 54.003537, -122.8286531 54.003499, -122.8280551 54.003476, -122.8276012 54.003463, -122.82592 54.003473, -122.8254401 54.003476, -122.817902 54.003463, -122.8135889 54.003424, -122.8110098 54.003429, -122.80765 54.003419, -122.8074579 54.0034185, -122.8074215 53.999109, -122.8066369 53.999101, -122.8031579 53.999101, -122.800995 53.999112, -122.8007745 53.999109, -122.8006199 53.998575, -122.8002232 53.997919, -122.7997822 53.997371, -122.7993952 53.996945, -122.799047 53.996602, -122.7986251 53.996229, -122.798263 53.995946, -122.7979811 53.995735, -122.7977618 53.995587, -122.7972121 53.995245, -122.796572 53.994874, -122.7958139 53.99445, -122.7947242 53.993847, -122.7937028 53.993274, -122.7922178 53.992457, -122.7909488 53.99176, -122.7895189 53.990962, -122.7880339 53.990156, -122.7871051 53.989645, -122.7861119 53.989087, -122.7852619 53.988651, -122.784939 53.988496, -122.784543 53.988329, -122.7840869 53.988149, -122.783494 53.987922, -122.7829691 53.987731, -122.7823859 53.987512, -122.7819229 53.987334, -122.781469 53.987147, -122.7812209 53.987023, -122.7810892 53.986949, -122.7808019 53.986786, -122.7805049 53.986585, -122.780214 53.986349, -122.779966 53.986079, -122.7797899 53.985858, -122.77966 53.985643, -122.7795818 53.985496, -122.7794648 53.985202, -122.7793651 53.984941, -122.779269 53.984628, -122.7791671 53.984294, -122.779085 53.984077, -122.7790058 53.983911, -122.7789209 53.983756, -122.778824 53.983599, -122.7787351 53.983475, -122.7786188 53.98335, -122.7784702 53.983189, -122.778302 53.983021, -122.778081 53.982818, -122.7778661 53.982628, -122.7776558 53.982466, -122.7774532 53.982307, -122.77706 53.981995, -122.7766921 53.981717, -122.779242 53.981724, -122.7832711 53.981727, -122.783773 53.981736, -122.7840142 53.981726, -122.7858239 53.981722, -122.788678 53.981704, -122.790546 53.981695, -122.7912419 53.981698, -122.7925501 53.981704, -122.7940729 53.981724, -122.7946118 53.981721, -122.7946129 53.98229, -122.7946219 53.982682, -122.7946388 53.982911, -122.794646 53.983131, -122.7946792 53.983304, -122.7947468 53.983462, -122.794961 53.983616, -122.7953491 53.983908, -122.7960151 53.984399, -122.796261 53.984583, -122.7964291 53.984697, -122.7965789 53.984716, -122.796715 53.984714, -122.7970681 53.984499, -122.797179 53.984416, -122.79735 53.984292, -122.7976171 53.984119, -122.7977618 53.984134, -122.7979462 53.984145, -122.7981089 53.984151, -122.7980999 53.984462, -122.798093 53.984616, -122.7991579 53.984615, -122.8003351 53.984613, -122.8003358 53.984461, -122.8003582 53.984244, -122.8005821 53.984185, -122.8008161 53.984112, -122.8011851 53.984099, -122.8016542 53.984102, -122.802035 53.98411, -122.8021661 53.984117, -122.8024739 53.984139, -122.8026751 53.984156, -122.802885 53.984193, -122.803083 53.984231, -122.8033339 53.984277, -122.8035982 53.984313, -122.8038368 53.984339, -122.8040971 53.984368, -122.8043531 53.984372, -122.804546 53.984362, -122.8047199 53.984342, -122.8049078 53.984299, -122.80527 53.984184, -122.805549 53.984094, -122.8057132 53.984046, -122.8059011 53.984032, -122.8060501 53.984049, -122.8061869 53.984049, -122.8064108 53.984096, -122.8064879 53.984249, -122.8065559 53.984425, -122.806602 53.984567, -122.8070131 53.984554, -122.8074761 53.984544, -122.807894 53.984531, -122.8079149 53.984237, -122.807943 53.984019, -122.808128 53.984015, -122.808839 53.984017, -122.8095191 53.984021, -122.809738 53.984254, -122.8098668 53.984386, -122.8101232 53.984335, -122.8104371 53.984296, -122.8102441 53.984063, -122.810071 53.983894, -122.8099342 53.983767, -122.809761 53.983636, -122.8095151 53.983457, -122.809253 53.983278, -122.8090619 53.983159, -122.8088639 53.983049, -122.80842 53.982825, -122.8078451 53.982534, -122.8071859 53.982198, -122.806719 53.981963, -122.8062802 53.981738, -122.8057628 53.981474, -122.8052542 53.981218, -122.8047041 53.980959, -122.8042598 53.980723, -122.8037951 53.980447, -122.8036061 53.980323, -122.8033879 53.980166, -122.803137 53.979978, -122.802876 53.979753, -122.8025639 53.979433, -122.802228 53.979032, -122.8019249 53.978586, -122.8017211 53.978265, -122.8015372 53.977954, -122.8013161 53.977577, -122.8009399 53.976936, -122.800491 53.976181, -122.8001951 53.975731, -122.7999521 53.975376, -122.7996292 53.974929, -122.7992461 53.974458, -122.798974 53.974146, -122.7984491 53.973546, -122.7978742 53.972898, -122.797319 53.972272, -122.7966559 53.971533, -122.79636 53.971193, -122.7960479 53.970832, -122.795721 53.970457, -122.795464 53.970131, -122.7953228 53.969942, -122.795239 53.969811, -122.7951331 53.969607, -122.7950669 53.969451, -122.794997 53.969247, -122.7949448 53.969034, -122.7949178 53.96882, -122.7949088 53.968495, -122.794934 53.968236, -122.7949808 53.968014, -122.795073 53.967679, -122.7951641 53.967465, -122.7954082 53.967067, -122.7956339 53.966777, -122.7959528 53.966426, -122.796311 53.966114, -122.796724 53.965811, -122.7969731 53.965647, -122.797373 53.965417, -122.7978011 53.965209, -122.7981539 53.965057, -122.7984728 53.964934, -122.798804 53.964818, -122.799024 53.964754, -122.7992969 53.964674, -122.799793 53.964547, -122.7998851 53.964722, -122.7999712 53.964883, -122.8000241 53.965007, -122.8001249 53.965147, -122.800392 53.965459, -122.800576 53.965737, -122.8006519 53.965912, -122.80073 53.966193, -122.8008139 53.966399, -122.8008938 53.966582, -122.8009651 53.966749, -122.8009961 53.96695, -122.801017 53.967218, -122.8069282 53.967245, -122.8144579 53.967242, -122.8176029 53.967213, -122.8202381 53.967201, -122.8213282 53.967176, -122.822307 53.967165, -122.8226872 53.967179, -122.8230259 53.967228, -122.8232891 53.967264, -122.8236509 53.967328, -122.823914 53.96736, -122.8241272 53.967372, -122.8242949 53.967376, -122.8245682 53.967343, -122.8248929 53.967281, -122.8250711 53.967257, -122.825304 53.967244, -122.8255031 53.967232, -122.8257749 53.9672, -122.8258012 53.9712, -122.8257439 53.974501, -122.825696 53.981762, -122.8337122 53.981774, -122.8448149 53.981809, -122.8480859 53.981782, -122.8485899 53.981763, -122.849064 53.981762, -122.8492462 53.981782, -122.8494751 53.981884, -122.8496339 53.981994, -122.849802 53.982148, -122.8500529 53.982416, -122.8501912 53.982554, -122.8503172 53.985693, -122.8502048 53.991893, -122.8502581 53.995529, -122.850346 53.999269, -122.8503611 54.003468, -122.8472701 54.003469, -122.8443322 54.003495, -122.843862 54.003488, -122.8387972 54.003577, -122.8376138 54.003607, -122.8366732 54.003666, -122.835965 54.003738, -122.8353671 54.003804, -122.834696 54.003824, -122.834138 54.003825, -122.833355 54.003831, -122.8322779 54.003735, -122.831599 54.003679, -122.831204 54.003628, -122.8303688 54.003585, -122.830164 54.003544)))"
135213,Vanway,Neighborhood,N,Neighborhood,Southwest Prince George,Vanway,,CAN,"Prince George, BC",53.855167,-122.833743,20220419,1851071.219,Canada,British Columbia,"Prince George, BC",Prince George,"MULTIPOLYGON (((-122.848808 53.855907, -122.848852 53.856031, -122.8488001 53.8562, -122.8487951 53.856821, -122.848825 53.857663, -122.8488221 53.859124, -122.848807 53.859269, -122.848636 53.859499, -122.847952 53.859486, -122.8442288 53.859467, -122.839961 53.859462, -122.8331149 53.859428, -122.8281548 53.859455, -122.8250992 53.859449, -122.821628 53.859466, -122.8202842 53.859473, -122.819593 53.859461, -122.8190512 53.859449, -122.816619 53.859446, -122.813955 53.859455, -122.8121989 53.859463, -122.8121978 53.858739, -122.8127029 53.858679, -122.813825 53.858531, -122.814607 53.858424, -122.815598 53.858313, -122.816722 53.858191, -122.8171331 53.858148, -122.8175122 53.858072, -122.8179071 53.857989, -122.818253 53.857906, -122.818711 53.857767, -122.8189169 53.857688, -122.8190782 53.85762, -122.8193939 53.857494, -122.8196869 53.857349, -122.8199962 53.857192, -122.8202842 53.857027, -122.8205182 53.856861, -122.8207478 53.856688, -122.8209149 53.85654, -122.821056 53.856406, -122.8212709 53.856185, -122.8214131 53.856018, -122.8215481 53.855835, -122.8216658 53.855631, -122.8217321 53.855496, -122.8218091 53.855361, -122.8218671 53.855196, -122.821938 53.855033, -122.822014 53.854776, -122.8221878 53.854177, -122.8223149 53.853682, -122.8224262 53.853293, -122.8224931 53.853069, -122.8225831 53.852725, -122.8226828 53.852385, -122.8227509 53.852166, -122.8228841 53.851797, -122.8230169 53.851482, -122.8231339 53.85125, -122.8232138 53.851089, -122.8233121 53.850928, -122.8234028 53.850764, -122.8234669 53.850652, -122.823558 53.850516, -122.823671 53.850371, -122.823751 53.850265, -122.823837 53.850158, -122.8239389 53.850039, -122.8241009 53.849862, -122.8242481 53.849705, -122.8244191 53.849539, -122.8246621 53.849618, -122.8248641 53.849652, -122.8250138 53.849655, -122.8252928 53.849643, -122.8257079 53.849631, -122.8267631 53.849601, -122.82718 53.849583, -122.827414 53.849583, -122.8290188 53.849575, -122.829916 53.849578, -122.8307281 53.849572, -122.831411 53.849576, -122.832846 53.849576, -122.833894 53.849571, -122.8348271 53.849577, -122.836194 53.849586, -122.838435 53.849557, -122.8395881 53.84954, -122.839668 53.849832, -122.8397018 53.850781, -122.8396921 53.851872, -122.8396882 53.85215, -122.8406288 53.852149, -122.8419389 53.852146, -122.8429721 53.852156, -122.8439401 53.852154, -122.8451101 53.852149, -122.8460692 53.852146, -122.8472071 53.852148, -122.848312 53.852141, -122.8487692 53.852137, -122.8487962 53.853354, -122.848807 53.855138, -122.8487512 53.855619, -122.848749 53.85578, -122.848808 53.855907)))"
135214,Foreman Flats,Neighborhood,S,Sub Neighborhood,,,Foreman Flats,CAN,"Prince George, BC",53.921878,-122.657798,20220419,2684399.751,Canada,British Columbia,"Prince George, BC",Prince George,"MULTIPOLYGON (((-122.664456 53.926529, -122.6650579 53.927907, -122.667552 53.929318, -122.667673 53.931563, -122.6630279 53.93157, -122.6556929 53.931646, -122.6500319 53.931702, -122.6500409 53.929803, -122.650083 53.927204, -122.6468081 53.927222, -122.6411791 53.927237, -122.641186 53.92587, -122.6414819 53.925677, -122.641691 53.925524, -122.641996 53.925283, -122.6423099 53.92502, -122.642978 53.924469, -122.6436401 53.923922, -122.6441941 53.923469, -122.644683 53.92307, -122.6452511 53.922609, -122.6457698 53.922168, -122.646425 53.921652, -122.6470871 53.921108, -122.6478758 53.920452, -122.6484709 53.919947, -122.6495639 53.919063, -122.6505701 53.918232, -122.65141 53.917541, -122.652108 53.916963, -122.6528521 53.916355, -122.6533129 53.915994, -122.6572402 53.912757, -122.6576639 53.912403, -122.6583529 53.911844, -122.6589959 53.911315, -122.6593861 53.91099, -122.6598548 53.910592, -122.6601788 53.910352, -122.660357 53.910227, -122.6607919 53.909966, -122.6610619 53.909828, -122.6614039 53.909668, -122.6618269 53.909492, -122.6622398 53.90934, -122.6629451 53.909133, -122.663763 53.908958, -122.6647321 53.90881, -122.6656868 53.90866, -122.6663032 53.908568, -122.6666106 53.908471, -122.6666408 53.90899, -122.6666171 53.909721, -122.666557 53.910248, -122.6665019 53.910855, -122.6665102 53.911029, -122.6665328 53.911165, -122.6666801 53.911668, -122.666805 53.912174, -122.6668691 53.912481, -122.6669861 53.912661, -122.667701 53.91442, -122.6679239 53.915055, -122.6680891 53.91649, -122.6682389 53.921169, -122.6656732 53.9233, -122.6644589 53.925199, -122.664456 53.926529)))"
135215,Edgewood Terrace,Neighborhood,S,Sub Neighborhood,,,Edgewood Terrace,CAN,"Prince George, BC",53.944767,-122.79901,20220419,515915.604,Canada,British Columbia,"Prince George, BC",Prince George,"MULTIPOLYGON (((-122.8055468 53.944155, -122.8054921 53.945579, -122.803537 53.94563, -122.803587 53.945753, -122.8036219 53.94598, -122.8036388 53.946335, -122.8036601 53.946866, -122.8036799 53.947437, -122.8035251 53.947547, -122.8033598 53.947597, -122.8029368 53.947597, -122.801765 53.947595, -122.801053 53.947591, -122.8010641 53.947897, -122.8010731 53.948211, -122.8010771 53.948634, -122.801071 53.948763, -122.799933 53.948765, -122.798533 53.948778, -122.797422 53.949989, -122.7969338 53.95, -122.7961829 53.949998, -122.795235 53.949994, -122.7952192 53.948594, -122.7952102 53.948272, -122.7951731 53.945553, -122.7952001 53.94533, -122.795194 53.944963, -122.7951878 53.944346, -122.795163 53.943667, -122.7951698 53.943459, -122.7952958 53.943259, -122.7953149 53.943063, -122.7952991 53.942888, -122.79523 53.942708, -122.7952181 53.942433, -122.7952829 53.94223, -122.7952069 53.94204, -122.795167 53.941841, -122.795158 53.941236, -122.795168 53.940754, -122.7951641 53.939912, -122.795145 53.939154, -122.795172 53.938626, -122.796531 53.939328, -122.8005281 53.941328, -122.8036349 53.94337, -122.8050961 53.944021, -122.8055468 53.944155)))"
135216,Western Acres,Neighborhood,N,Neighborhood,Southwest Prince George,Western Acres,,CAN,"Prince George, BC",53.830174,-122.875482,20220419,1344735.586,Canada,British Columbia,"Prince George, BC",Prince George,"MULTIPOLYGON (((-122.8816508 53.822305, -122.88159 53.823853, -122.8814921 53.825385, -122.8813582 53.827251, -122.8812091 53.829136, -122.8810882 53.830794, -122.8809892 53.832091, -122.880847 53.834245, -122.880713 53.836165, -122.8805881 53.837842, -122.8805798 53.838154, -122.8778662 53.83812, -122.8752968 53.838106, -122.872374 53.838111, -122.8694371 53.838104, -122.8693568 53.836477, -122.8692841 53.834453, -122.8692758 53.832639, -122.8693651 53.830135, -122.8693849 53.827932, -122.8694029 53.826223, -122.8694029 53.824818, -122.869346 53.824269, -122.8705268 53.823936, -122.8717591 53.823575, -122.873494 53.823088, -122.8762811 53.822304, -122.8787798 53.821603, -122.8800532 53.821242, -122.8815151 53.820852, -122.8815911 53.821134, -122.8816199 53.821376, -122.88164 53.821794, -122.8816508 53.822305)))"
135217,Sabayam,Neighborhood,S,Sub Neighborhood,North West,Chief Lake,Sabayam,CAN,"Prince George, BC",54.001901,-122.804415,20220419,256193.748,Canada,British Columbia,"Prince George, BC",Prince George,"MULTIPOLYGON (((-122.8043289 54.0049048, -122.8026864 54.0041051, -122.8026104 54.0040682, -122.8011107 54.003338, -122.8010965 54.0001686, -122.8008748 53.9994556, -122.8007745 53.999109, -122.800995 53.999112, -122.8031579 53.999101, -122.8066369 53.999101, -122.8074215 53.999109, -122.8074579 54.0034185, -122.8074629 54.0040192, -122.8066801 54.00403, -122.8066351 54.0054079, -122.80662 54.005872, -122.8063151 54.005945, -122.8057621 54.00568, -122.805601 54.005571, -122.8043289 54.0049048)))"
135219,West Bowl,Neighborhood,M,Macro Neighborhood,West Bowl,,,CAN,"Prince George, BC",53.908777,-122.792513,20220419,13260229.8,Canada,British Columbia,"Prince George, BC",Prince George,"MULTIPOLYGON (((-122.796531 53.939328, -122.795172 53.938626, -122.7946601 53.938361, -122.7938101 53.937611, -122.792162 53.935998, -122.791815 53.935657, -122.790425 53.934541, -122.7896921 53.933484, -122.7891521 53.932016, -122.7882719 53.930399, -122.787252 53.929449, -122.785807 53.928699, -122.782662 53.927532, -122.78048 53.927014, -122.7805841 53.926778, -122.780754 53.926418, -122.7808609 53.926066, -122.7810449 53.925671, -122.7811259 53.925478, -122.781271 53.92513, -122.7813761 53.92479, -122.7814571 53.924507, -122.781542 53.924175, -122.7815978 53.923843, -122.7816259 53.923581, -122.7816439 53.922984, -122.7816202 53.922219, -122.7816061 53.92176, -122.781605 53.92093, -122.7816241 53.920562, -122.7816331 53.919788, -122.7816299 53.918902, -122.7816331 53.918104, -122.78164 53.917175, -122.7816338 53.916878, -122.781618 53.915968, -122.7816472 53.914998, -122.7816371 53.913777, -122.7816382 53.912676, -122.781654 53.911051, -122.7816619 53.910357, -122.7816641 53.910162, -122.7816788 53.909405, -122.7816731 53.908416, -122.7816871 53.907469, -122.7816871 53.906611, -122.7816821 53.905717, -122.7816832 53.904832, -122.7816832 53.903884, -122.7816878 53.903625, -122.7811561 53.903618, -122.78111 53.903129, -122.7809531 53.903032, -122.7807371 53.902983, -122.7805801 53.902976, -122.7804491 53.902995, -122.780308 53.90305, -122.780142 53.903174, -122.7789439 53.904197, -122.7784259 53.904657, -122.7782588 53.904777, -122.7780911 53.904873, -122.777888 53.904954, -122.7776501 53.90503, -122.7774269 53.905063, -122.7772001 53.905089, -122.7769268 53.905095, -122.7764549 53.905078, -122.776043 53.905051, -122.7745411 53.904975, -122.7740119 53.905163, -122.7730939 53.905342, -122.7717061 53.90577, -122.7708551 53.906099, -122.7704929 53.906128, -122.769774 53.906522, -122.769211 53.90683, -122.7689939 53.907512, -122.7688582 53.907363, -122.7686969 53.907253, -122.7685241 53.907151, -122.7681911 53.906961, -122.7678689 53.906774, -122.7671651 53.906353, -122.766817 53.906144, -122.766367 53.905871, -122.766061 53.90572, -122.7659011 53.905651, -122.7656549 53.905561, -122.7654202 53.905496, -122.765234 53.90546, -122.7649669 53.905424, -122.764793 53.905406, -122.764608 53.905391, -122.7637051 53.905394, -122.763199 53.905392, -122.7629369 53.905377, -122.7627652 53.905353, -122.762569 53.905278, -122.762381 53.905145, -122.762479 53.90504, -122.7626201 53.90496, -122.7627979 53.904846, -122.7630391 53.904671, -122.7639488 53.903948, -122.765198 53.902981, -122.765926 53.902428, -122.766156 53.902251, -122.766782 53.901767, -122.7673012 53.901356, -122.767834 53.900938, -122.7680849 53.900727, -122.7682642 53.900568, -122.7684532 53.900373, -122.7686101 53.900179, -122.7687052 53.90004, -122.768802 53.899849, -122.7688801 53.899657, -122.7689449 53.899411, -122.7689618 53.899238, -122.7689629 53.899074, -122.7689449 53.898907, -122.768896 53.898691, -122.7687959 53.898439, -122.768275 53.89737, -122.7675721 53.8963954, -122.7672294 53.8955388, -122.7672856 53.8888695, -122.7673389 53.8868681, -122.7675245 53.8862113, -122.7688171 53.884601, -122.7697231 53.883099, -122.7700086 53.8810146, -122.7705363 53.8774209, -122.7708081 53.8768743, -122.7710508 53.876546, -122.771218 53.876626, -122.7723682 53.87736, -122.7725032 53.877452, -122.772645 53.877525, -122.7730118 53.877653, -122.773216 53.87769, -122.773442 53.87772, -122.773694 53.877738, -122.7739 53.877771, -122.7740339 53.87781, -122.7741959 53.877823, -122.7743269 53.87781, -122.7745148 53.87779, -122.7747218 53.877768, -122.774972 53.877808, -122.7751088 53.877858, -122.7753029 53.877889, -122.7755149 53.877889, -122.775971 53.877857, -122.776159 53.877776, -122.7765859 53.877647, -122.7767321 53.87774, -122.777176 53.878065, -122.7780022 53.877779, -122.779084 53.877406, -122.7794562 53.8772608, -122.779517 53.8788041, -122.7796628 53.878876, -122.7801089 53.879033, -122.7806539 53.879227, -122.7808379 53.879239, -122.7812591 53.879084, -122.7813869 53.879021, -122.7819619 53.8790574, -122.7817211 53.8807387, -122.7817792 53.8811478, -122.78272 53.882291, -122.7839602 53.881725, -122.7841984 53.8815873, -122.7848069 53.88161, -122.7852641 53.881307, -122.7857738 53.881008, -122.786609 53.881006, -122.7878521 53.880992, -122.7887989 53.880991, -122.7888061 53.881168, -122.7888 53.881332, -122.7887662 53.881513, -122.7896881 53.88149, -122.7904499 53.8815, -122.791792 53.881505, -122.791788 53.882704, -122.7917858 53.883331, -122.791783 53.884207, -122.7917851 53.887059, -122.7918391 53.887848, -122.792121 53.887943, -122.7918758 53.888216, -122.7917678 53.888333, -122.7919432 53.888354, -122.7923212 53.888397, -122.7925598 53.88844, -122.792747 53.888515, -122.7929771 53.888653, -122.7931571 53.888777, -122.7933022 53.888889, -122.793404 53.889012, -122.7935729 53.889188, -122.794204 53.889796, -122.794461 53.89002, -122.7947828 53.890332, -122.7952019 53.890734, -122.7955511 53.890997, -122.795856 53.891271, -122.7961598 53.891554, -122.7962801 53.891672, -122.7984721 53.893745, -122.799097 53.894347, -122.7998092 53.895033, -122.800036 53.895206, -122.800176 53.895269, -122.8004291 53.895401, -122.800612 53.895532, -122.800964 53.895737, -122.801238 53.895889, -122.8013798 53.895964, -122.8017799 53.8961733, -122.803141 53.896885, -122.8035179 53.897071, -122.8039891 53.897318, -122.8043279 53.897526, -122.8049122 53.897859, -122.8055242 53.898221, -122.8057751 53.898405, -122.805995 53.898549, -122.806143 53.898658, -122.8063151 53.898847, -122.8063781 53.898978, -122.8063259 53.899161, -122.8062679 53.899485, -122.8065199 53.899827, -122.8068968 53.900308, -122.8071082 53.900608, -122.807286 53.900842, -122.80739 53.901023, -122.807317 53.901217, -122.807619 53.901729, -122.807853 53.902033, -122.8080161 53.902195, -122.808271 53.902423, -122.8085651 53.902666, -122.8086799 53.902792, -122.808757 53.902943, -122.8087951 53.90319, -122.811817 53.903201, -122.8151671 53.903191, -122.819332 53.903268, -122.8193431 53.907713, -122.8193359 53.909853, -122.8193521 53.911397, -122.8193809 53.911894, -122.8193899 53.912101, -122.8192819 53.912239, -122.8192211 53.912455, -122.8191728 53.912748, -122.8191052 53.912958, -122.819017 53.913057, -122.8187891 53.913197, -122.8185428 53.913307, -122.8184032 53.913378, -122.818235 53.913487, -122.8181569 53.913648, -122.8181389 53.913818, -122.8181242 53.914173, -122.8181152 53.914361, -122.8181558 53.91453, -122.8181839 53.91471, -122.8182952 53.914854, -122.8184341 53.915018, -122.8186411 53.915248, -122.818765 53.915455, -122.8188712 53.915612, -122.8189831 53.91582, -122.8189889 53.915971, -122.8188859 53.916205, -122.8190101 53.916337, -122.8191181 53.916483, -122.8192268 53.916665, -122.819279 53.916815, -122.819314 53.916961, -122.8193179 53.917507, -122.8192999 53.918046, -122.8193122 53.919027, -122.819319 53.920241, -122.8193269 53.92066, -122.8181681 53.920645, -122.8162421 53.920648, -122.815526 53.920644, -122.8143499 53.920628, -122.8135882 53.920622, -122.8121219 53.920626, -122.8108079 53.920621, -122.8090838 53.920624, -122.807587 53.920633, -122.807578 53.920848, -122.8075898 53.92122, -122.8075718 53.921441, -122.8075628 53.921648, -122.8074919 53.921859, -122.8074142 53.922015, -122.807304 53.922187, -122.8071431 53.922333, -122.806714 53.9227, -122.8060778 53.923258, -122.8055699 53.923729, -122.8051462 53.924068, -122.804329 53.924778, -122.8037429 53.925307, -122.8033951 53.925643, -122.803254 53.925831, -122.80316 53.926079, -122.803124 53.926312, -122.803128 53.926799, -122.8031071 53.927099, -122.8030999 53.927445, -122.8031111 53.927595, -122.8031651 53.92779, -122.803326 53.928184, -122.8034981 53.928597, -122.8036568 53.928966, -122.80378 53.929248, -122.8038772 53.929477, -122.803925 53.929609, -122.8039729 53.929743, -122.80401 53.929897, -122.8040021 53.930449, -122.80401 53.931256, -122.8040078 53.931837, -122.8040039 53.932368, -122.8040039 53.932882, -122.8039999 53.933426, -122.8039909 53.933888, -122.8039988 53.934311, -122.8040021 53.934444, -122.8039808 53.934753, -122.8039819 53.93508, -122.8039718 53.935298, -122.803942 53.935485, -122.8038649 53.935645, -122.8038638 53.935848, -122.803889 53.936017, -122.8039042 53.936182, -122.803934 53.936361, -122.8044179 53.93649, -122.804955 53.936614, -122.805436 53.936736, -122.8057492 53.936812, -122.8060199 53.936915, -122.806238 53.936996, -122.8065451 53.937112, -122.806696 53.937185, -122.80684 53.937286, -122.807003 53.937406, -122.80729 53.937622, -122.8074671 53.937754, -122.807677 53.938022, -122.8079459 53.938359, -122.8081298 53.938645, -122.808303 53.938957, -122.8084492 53.939176, -122.8086068 53.939179, -122.809099 53.939185, -122.809266 53.939184, -122.8096721 53.939156, -122.8097981 53.939344, -122.8099921 53.939546, -122.810202 53.939697, -122.810521 53.939892, -122.8112561 53.940356, -122.8117928 53.94067, -122.8121741 53.940849, -122.8128541 53.941164, -122.8132699 53.94134, -122.81359 53.941466, -122.81387 53.941581, -122.8142851 53.941733, -122.8145602 53.941812, -122.8147589 53.941869, -122.815035 53.941954, -122.8152668 53.94202, -122.8155649 53.942114, -122.8157348 53.942176, -122.8158832 53.942235, -122.8160779 53.942328, -122.8165751 53.942588, -122.816993 53.942806, -122.817366 53.943029, -122.8179719 53.943416, -122.8184392 53.943761, -122.818666 53.943947, -122.8189471 53.944146, -122.8185691 53.944634, -122.8179211 53.945393, -122.817479 53.945901, -122.8172011 53.946225, -122.8170301 53.946337, -122.8152391 53.945871, -122.8126702 53.945481, -122.810665 53.945236, -122.8087231 53.944916, -122.8064918 53.944436, -122.8055468 53.944155, -122.8050961 53.944021, -122.8036349 53.94337, -122.8005281 53.941328, -122.796531 53.939328)))"
135220,Chief Lake,Neighborhood,N,Neighborhood,North West,Chief Lake,,CAN,"Prince George, BC",54.023432,-122.816107,20220419,17500828.12,Canada,British Columbia,"Prince George, BC",Prince George,"MULTIPOLYGON (((-122.843309 54.039845, -122.8433641 54.039604, -122.8413571 54.039625, -122.8400078 54.039629, -122.8379288 54.039648, -122.8319539 54.039693, -122.8314899 54.039665, -122.8309661 54.03963, -122.830497 54.039616, -122.82899 54.039562, -122.8273942 54.039557, -122.8253962 54.039566, -122.822608 54.039567, -122.8211381 54.039552, -122.8189079 54.039549, -122.8163929 54.039534, -122.8138222 54.03953, -122.8135831 54.039531, -122.81162 54.039536, -122.8105051 54.039538, -122.810162 54.039547, -122.8099421 54.039574, -122.809802 54.039583, -122.8091951 54.03958, -122.8073479 54.039584, -122.8044049 54.039588, -122.8025941 54.039589, -122.8013161 54.03958, -122.8001422 54.039596, -122.7988328 54.039571, -122.7980779 54.039555, -122.7963449 54.039572, -122.79474 54.039594, -122.7936391 54.039576, -122.790812 54.039565, -122.7890239 54.039535, -122.7872138 54.039505, -122.7840278 54.039473, -122.7811799 54.03949, -122.7791588 54.039486, -122.7763469 54.039499, -122.7708569 54.039616, -122.7644971 54.039711, -122.7637991 54.039672, -122.7629059 54.039656, -122.7618608 54.039632, -122.7607009 54.039574, -122.7604011 54.0395416, -122.7618821 54.0384923, -122.7858069 54.0215478, -122.7909296 54.0178831, -122.7945577 54.0152877, -122.7984981 54.0124609, -122.7994546 54.0115614, -122.8001975 54.0106783, -122.8007253 54.0096769, -122.8010251 54.0085919, -122.8010394 54.0062585, -122.8011107 54.003338, -122.8010965 54.0001686, -122.8008748 53.9994556, -122.8007745 53.999109, -122.800995 53.999112, -122.8031579 53.999101, -122.8066369 53.999101, -122.8074215 53.999109, -122.8074579 54.0034185, -122.80765 54.003419, -122.8110098 54.003429, -122.8135889 54.003424, -122.817902 54.003463, -122.8254401 54.003476, -122.82592 54.003473, -122.8276012 54.003463, -122.8280551 54.003476, -122.8286531 54.003499, -122.8291661 54.003537, -122.8295869 54.003534, -122.8299239 54.003522, -122.830164 54.003544, -122.8303688 54.003585, -122.831204 54.003628, -122.831599 54.003679, -122.8322779 54.003735, -122.833355 54.003831, -122.834138 54.003825, -122.834696 54.003824, -122.8353671 54.003804, -122.835965 54.003738, -122.8366732 54.003666, -122.8376138 54.003607, -122.8387972 54.003577, -122.843862 54.003488, -122.8443322 54.003495, -122.8472701 54.003469, -122.8503611 54.003468, -122.850365 54.004578, -122.8503398 54.006712, -122.8504028 54.007455, -122.8504252 54.008567, -122.8503982 54.009713, -122.8503791 54.01038, -122.8502941 54.010682, -122.8500481 54.0106833, -122.8500717 54.0158564, -122.8501907 54.0162133, -122.8501431 54.0270636, -122.8501431 54.0327505, -122.8503409 54.038583, -122.85032 54.040238, -122.846733 54.041009, -122.8435909 54.041683, -122.8435268 54.041163, -122.843489 54.040694, -122.8434509 54.04054, -122.8433879 54.040392, -122.8433321 54.040199, -122.843317 54.040057, -122.843309 54.039845)))"
135221,Sykes,Neighborhood,N,Neighborhood,Southwest Prince George,Sykes,,CAN,"Prince George, BC",53.842048,-122.848334,20220419,3395681.793,Canada,British Columbia,"Prince George, BC",Prince George,"MULTIPOLYGON (((-122.8609469 53.844918, -122.860885 53.846176, -122.860863 53.84807, -122.8608821 53.849816, -122.8609199 53.851211, -122.8609019 53.852183, -122.8594129 53.852179, -122.8576 53.852172, -122.8555249 53.852169, -122.8538948 53.852128, -122.8519451 53.852119, -122.850864 53.852117, -122.849955 53.852128, -122.849456 53.852123, -122.8487692 53.852137, -122.848312 53.852141, -122.8472071 53.852148, -122.8460692 53.852146, -122.8451101 53.852149, -122.8439401 53.852154, -122.8429721 53.852156, -122.8419389 53.852146, -122.8406288 53.852149, -122.8396882 53.85215, -122.8396921 53.851872, -122.8397018 53.850781, -122.839668 53.849832, -122.8395881 53.84954, -122.8394671 53.847807, -122.8394138 53.847436, -122.839421 53.847054, -122.8394002 53.846735, -122.83938 53.846499, -122.8393958 53.846336, -122.839438 53.846079, -122.8395038 53.844653, -122.8364309 53.844647, -122.832184 53.844671, -122.8294771 53.844667, -122.8300369 53.844125, -122.8305841 53.843596, -122.8312771 53.842927, -122.8323481 53.841896, -122.8337482 53.840541, -122.8348829 53.839458, -122.836018 53.838359, -122.8369561 53.837454, -122.8375732 53.836854, -122.8390369 53.835459, -122.8394149 53.835084, -122.8401389 53.834402, -122.8405939 53.833977, -122.8409039 53.83371, -122.84127 53.833411, -122.8416959 53.833108, -122.8421959 53.832778, -122.8427431 53.832438, -122.8432 53.832178, -122.843439 53.83204, -122.8437652 53.831873, -122.844191 53.83167, -122.8448239 53.831386, -122.8454528 53.831126, -122.84595 53.830936, -122.8469339 53.830592, -122.84833 53.830182, -122.8487659 53.830488, -122.850265 53.830505, -122.8505738 53.830486, -122.850959 53.830486, -122.85176 53.830521, -122.852803 53.830532, -122.854428 53.830531, -122.855832 53.83051, -122.857074 53.830499, -122.8570852 53.830737, -122.8570718 53.831514, -122.8570801 53.832204, -122.8570898 53.832625, -122.857092 53.832919, -122.8570841 53.833538, -122.857083 53.834261, -122.8570751 53.834962, -122.857061 53.835879, -122.857069 53.836453, -122.8570441 53.837043, -122.8569811 53.837557, -122.8569869 53.838083, -122.860192 53.838081, -122.8601894 53.8406657, -122.8601851 53.844934, -122.8609469 53.844918)))"
135222,Meadow,Neighborhood,S,Sub Neighborhood,,,Meadow,CAN,"Prince George, BC",53.930561,-122.806618,20220419,267036.282,Canada,British Columbia,"Prince George, BC",Prince George,"MULTIPOLYGON (((-122.8116172 53.92947, -122.8103539 53.930157, -122.8098341 53.930436, -122.8095299 53.930594, -122.8092959 53.930721, -122.8086338 53.930688, -122.808065 53.930688, -122.807425 53.930753, -122.807259 53.930825, -122.8069069 53.930975, -122.806561 53.931069, -122.8061351 53.931069, -122.8061189 53.931524, -122.8062161 53.931714, -122.8062982 53.931882, -122.8063568 53.932039, -122.8064339 53.932193, -122.8065919 53.932302, -122.80676 53.932416, -122.8069642 53.932574, -122.8071031 53.93271, -122.808479 53.932492, -122.808911 53.932412, -122.8090831 53.932728, -122.8093628 53.933224, -122.8094752 53.933447, -122.809599 53.933692, -122.809423 53.933753, -122.809217 53.933823, -122.808942 53.933915, -122.8086029 53.934037, -122.8084049 53.93413, -122.807907 53.934439, -122.807641 53.934603, -122.8080712 53.934906, -122.807628 53.935173, -122.807434 53.935053, -122.8072291 53.934934, -122.8070909 53.93485, -122.8069199 53.934756, -122.806602 53.934604, -122.8064 53.934509, -122.8060289 53.934306, -122.8056548 53.934295, -122.805491 53.934292, -122.80527 53.934287, -122.804851 53.934298, -122.8045612 53.934311, -122.804141 53.934309, -122.8039988 53.934311, -122.8039909 53.933888, -122.8039999 53.933426, -122.8040039 53.932882, -122.8040039 53.932368, -122.8040078 53.931837, -122.80401 53.931256, -122.8040021 53.930449, -122.80401 53.929897, -122.8039729 53.929743, -122.803925 53.929609, -122.8038772 53.929477, -122.80378 53.929248, -122.8036568 53.928966, -122.8034981 53.928597, -122.803326 53.928184, -122.8031651 53.92779, -122.8031111 53.927595, -122.8030999 53.927445, -122.8031071 53.927099, -122.803726 53.92711, -122.804199 53.927122, -122.8047142 53.927144, -122.804865 53.927154, -122.8050889 53.927177, -122.8053211 53.927204, -122.8061948 53.927325, -122.8067168 53.927398, -122.8070318 53.927436, -122.8074581 53.9275, -122.8078012 53.927555, -122.8080229 53.927603, -122.8083548 53.927697, -122.8085212 53.927749, -122.8086659 53.927795, -122.808973 53.927893, -122.80918 53.927953, -122.8093402 53.928002, -122.8094921 53.928054, -122.809653 53.928124, -122.81013 53.92843, -122.8106041 53.928732, -122.8112359 53.929131, -122.8116172 53.92947)))"
135223,Ranchland,Neighborhood,S,Sub Neighborhood,,,Ranchland,CAN,"Prince George, BC",54.004717,-122.795249,20220419,451383.85,Canada,British Columbia,"Prince George, BC",Prince George,"MULTIPOLYGON (((-122.788863 54.007187, -122.7888788 54.005077, -122.7891049 54.004698, -122.789106 54.00432, -122.7890891 54.003632, -122.7890851 54.003426, -122.7901072 54.003444, -122.7909082 54.003441, -122.7914039 54.003448, -122.7917902 54.003456, -122.7924151 54.003471, -122.7942158 54.003469, -122.795226 54.003461, -122.7962639 54.003453, -122.7965918 54.003446, -122.7971318 54.003456, -122.7975149 54.003445, -122.7975558 53.9996784, -122.7977449 53.999687, -122.7982388 53.999687, -122.7991799 53.999698, -122.800014 53.999703, -122.8000219 53.99949, -122.8006688 53.99948, -122.8008748 53.9994556, -122.8010965 54.0001686, -122.8011107 54.003338, -122.8010394 54.0062585, -122.8007329 54.006258, -122.799713 54.006285, -122.7990578 54.006288, -122.7983209 54.006286, -122.798146 54.005991, -122.7973838 54.005995, -122.7972668 54.006252, -122.7969529 54.006183, -122.7967222 54.006242, -122.796409 54.006245, -122.796414 54.006553, -122.796423 54.006855, -122.796293 54.006943, -122.7960022 54.006893, -122.7957592 54.006906, -122.7955781 54.006977, -122.7953362 54.007062, -122.795127 54.007218, -122.7950089 54.007298, -122.79447 54.007752, -122.7939221 54.008331, -122.7923539 54.008611, -122.7915389 54.008756, -122.791334 54.008747, -122.7900989 54.008665, -122.78965 54.008631, -122.788858 54.008624, -122.788863 54.007187)))"
825747,Marleau,Neighborhood,S,Sub Neighborhood,Central,College Heights,Marleau,CAN,"Prince George, BC",53.861163,-122.772599,20220419,352063.071,Canada,British Columbia,"Prince George, BC",Prince George,"MULTIPOLYGON (((-122.7786942 53.8630126, -122.7666571 53.863213, -122.766453 53.862643, -122.766367 53.859285, -122.7737687 53.8592293, -122.778599 53.8591341, -122.778599 53.8596576, -122.7789322 53.8597289, -122.7793129 53.8599193, -122.778956 53.8602286, -122.7787418 53.8607759, -122.7787894 53.8619656, -122.7786942 53.8630126)))"
825748,Nolan,Neighborhood,N,Neighborhood,South,Nolan,,CAN,"Prince George, BC",53.842142,-122.818635,20220419,721743.46,Canada,British Columbia,"Prince George, BC",Prince George,"MULTIPOLYGON (((-122.822829 53.845898, -122.8188796 53.845895, -122.8186508 53.845898, -122.8176248 53.845894, -122.8169632 53.84583, -122.8120459 53.845663, -122.8122641 53.839527, -122.8137469 53.838816, -122.8142531 53.838577, -122.814563 53.838439, -122.814756 53.838338, -122.814922 53.838226, -122.8150192 53.838125, -122.8151851 53.837828, -122.8159069 53.83781, -122.816855 53.8378113, -122.8168551 53.8378113, -122.817334 53.837812, -122.8183558 53.8377963, -122.8193057 53.8377869, -122.8203068 53.837781, -122.8219099 53.837762, -122.823499 53.837745, -122.8238618 53.83774, -122.8243601 53.837695, -122.8242499 53.842473, -122.824287 53.844971, -122.824287 53.845759, -122.824287 53.847686, -122.8243061 53.8485864, -122.8227975 53.8485871, -122.822829 53.845898)))"
825749,Jensen,Neighborhood,N,Neighborhood,South,Jensen,,CAN,"Prince George, BC",53.82239,-122.853728,20220419,578055.04,Canada,British Columbia,"Prince George, BC",Prince George,"MULTIPOLYGON (((-122.850645 53.8294553, -122.8506008 53.816054, -122.850734 53.816099, -122.851003 53.816159, -122.8512611 53.816189, -122.8515541 53.8162, -122.8529498 53.816154, -122.8540511 53.816132, -122.8553359 53.816146, -122.856246 53.816167, -122.85666 53.816178, -122.8569019 53.81621, -122.8570219 53.8266476, -122.8575216 53.8274804, -122.850645 53.8294553)))"
825750,Fehr,Neighborhood,S,Sub Neighborhood,North,Central Hart,Fehr,CAN,"Prince George, BC",53.964153,-122.766078,20220419,59881.864,Canada,British Columbia,"Prince George, BC",Prince George,"MULTIPOLYGON (((-122.7673012 53.965568, -122.7666481 53.965519, -122.7659861 53.965523, -122.765175 53.965526, -122.76454 53.965526, -122.7645146 53.9628788, -122.767938 53.962864, -122.76769 53.963829, -122.7675211 53.964584, -122.7673778 53.965212, -122.7673012 53.965568)))"
825751,Randle,Neighborhood,S,Sub Neighborhood,North,Central Hart,Randle,CAN,"Prince George, BC",53.970896,-122.772246,20220419,480804.456,Canada,British Columbia,"Prince George, BC",Prince George,"MULTIPOLYGON (((-122.768001 53.974458, -122.768015 53.9732973, -122.7680381 53.972512, -122.7680399 53.97189, -122.768042 53.971047, -122.7678469 53.969623, -122.7673091 53.967325, -122.7676039 53.967267, -122.7683869 53.967259, -122.7689881 53.967244, -122.769481 53.967239, -122.769715 53.967242, -122.7698906 53.967246, -122.7699788 53.967248, -122.7702269 53.967254, -122.7703889 53.967234, -122.770642 53.967223, -122.772656 53.9671832, -122.7734352 53.9671678, -122.7744822 53.9668347, -122.7753388 53.9670964, -122.7765071 53.967189, -122.7765182 53.9675716, -122.7765421 53.9683951, -122.7766032 53.970504, -122.776669 53.9727747, -122.7766811 53.9731927, -122.7766937 53.9736262, -122.7767111 53.974227, -122.7767189 53.9744966, -122.776616 53.9744985, -122.7755803 53.9745177, -122.7742599 53.9745422, -122.7724402 53.974576, -122.7724222 53.975188, -122.770301 53.975216, -122.770301 53.974492, -122.768001 53.974458)))"
825752,Wilson,Neighborhood,S,Sub Neighborhood,North West,Hart Highland,Wilson,CAN,"Prince George, BC",53.977912,-122.776601,20220419,537910.72,Canada,British Columbia,"Prince George, BC",Prince George,"MULTIPOLYGON (((-122.7733391 53.97942, -122.7729161 53.979153, -122.7723952 53.978842, -122.7719542 53.978587, -122.7714721 53.978296, -122.7709508 53.977984, -122.770467 53.97768, -122.7698759 53.977323, -122.7695159 53.977077, -122.7692138 53.976852, -122.768915 53.976572, -122.7687379 53.976398, -122.7686389 53.976267, -122.768537 53.976125, -122.7684359 53.975982, -122.7682822 53.97573, -122.768212 53.975564, -122.7681479 53.975399, -122.7680899 53.975193, -122.768033 53.974846, -122.768001 53.974458, -122.770301 53.974492, -122.770301 53.975216, -122.7724222 53.975188, -122.7724402 53.974576, -122.7742599 53.9745422, -122.7755803 53.9745177, -122.776616 53.9744985, -122.7767189 53.9744966, -122.77956 53.9745418, -122.779579 53.9763882, -122.7808354 53.9764263, -122.7808734 53.9772829, -122.783026 53.977328, -122.783071 53.978605, -122.7833939 53.978736, -122.783508 53.978855, -122.78353 53.979024, -122.7835411 53.97922, -122.7831041 53.979229, -122.7827171 53.979225, -122.7828769 53.980561, -122.7831631 53.980635, -122.783378 53.980691, -122.7840419 53.98096, -122.7840232 53.981141, -122.7840142 53.981726, -122.783773 53.981736, -122.7832711 53.981727, -122.779242 53.981724, -122.7766921 53.981717, -122.7762299 53.981321, -122.7759329 53.981093, -122.7757561 53.980953, -122.775561 53.980803, -122.775376 53.980675, -122.77507 53.980469, -122.7748381 53.980322, -122.7745501 53.980148, -122.7742088 53.979939, -122.773788 53.979693, -122.7733391 53.97942)))"
825753,Peter,Neighborhood,S,Sub Neighborhood,North West,Hart Highland,Peter,CAN,"Prince George, BC",54.007729,-122.803038,20220419,198705.079,Canada,British Columbia,"Prince George, BC",Prince George,"MULTIPOLYGON (((-122.8010251 54.0085919, -122.8010394 54.0062585, -122.8011107 54.003338, -122.8026104 54.0040682, -122.8026864 54.0041051, -122.8043289 54.0049048, -122.8044503 54.0074592, -122.8059351 54.0074212, -122.8059161 54.010543, -122.8011005 54.0106569, -122.8001975 54.0106783, -122.8007253 54.0096769, -122.8010251 54.0085919)))"
825754,Denis,Neighborhood,S,Sub Neighborhood,North West,Chief Lake,Denis,CAN,"Prince George, BC",54.013141,-122.807524,20220419,456468.366,Canada,British Columbia,"Prince George, BC",Prince George,"MULTIPOLYGON (((-122.801081 54.0151687, -122.8011005 54.0106569, -122.8059161 54.010543, -122.8134873 54.0106573, -122.8134628 54.0160259, -122.8060874 54.0159301, -122.8060874 54.0151687, -122.801081 54.0151687)))"
825755,Nielson,Neighborhood,S,Sub Neighborhood,North West,Chief Lake,Nielson,CAN,"Prince George, BC",54.015419,-122.797737,20220419,277701.888,Canada,British Columbia,"Prince George, BC",Prince George,"MULTIPOLYGON (((-122.7909296 54.0178831, -122.7945577 54.0152877, -122.7984981 54.0124609, -122.7994546 54.0115614, -122.8001975 54.0106783, -122.8011005 54.0106569, -122.801081 54.0151687, -122.801062 54.017986, -122.7909296 54.0178831)))"
825756,Anderson,Neighborhood,S,Sub Neighborhood,North,Chief Lake,Anderson,CAN,"Prince George, BC",54.02116,-122.830515,20220419,5583396.758,Canada,British Columbia,"Prince George, BC",Prince George,"MULTIPOLYGON (((-122.8348194 54.032465, -122.833701 54.0322746, -122.8204712 54.0324126, -122.8198811 54.0319368, -122.8196908 54.031023, -122.8191958 54.0303949, -122.8195004 54.0291766, -122.8203951 54.0283961, -122.8204141 54.0281106, -122.8199953 54.027787, -122.8164357 54.0265116, -122.8152364 54.0261118, -122.8146273 54.025122, -122.8144179 54.0243796, -122.8139991 54.0239608, -122.8116767 54.0231803, -122.8104204 54.0215813, -122.8080409 54.0204773, -122.8072414 54.0203821, -122.8049381 54.0203821, -122.8036627 54.0206296, -122.802216 54.0210864, -122.80115 54.0211626, -122.801062 54.017986, -122.801081 54.0151687, -122.8060874 54.0151687, -122.8060874 54.0159301, -122.8134628 54.0160259, -122.8134542 54.0179098, -122.8159261 54.0179095, -122.81629 54.017911, -122.816723 54.0179094, -122.8229882 54.0179085, -122.8231829 54.017909, -122.8255918 54.0179081, -122.8255695 54.0146332, -122.8238269 54.015273, -122.8234792 54.015248, -122.820205 54.012133, -122.819927 54.012124, -122.8197841 54.011835, -122.8196581 54.011568, -122.8195508 54.011206, -122.819526 54.011046, -122.8195069 54.010881, -122.819504 54.010686, -122.8134873 54.0106573, -122.8059161 54.010543, -122.8059351 54.0074212, -122.8044503 54.0074592, -122.8043289 54.0049048, -122.805601 54.005571, -122.8057621 54.00568, -122.8063151 54.005945, -122.8125 54.0090035, -122.8134931 54.009396, -122.813721 54.009498, -122.81395 54.009555, -122.8142408 54.009602, -122.8194929 54.009322, -122.8203982 54.0092551, -122.8213361 54.009182, -122.8217763 54.0091532, -122.8225291 54.009104, -122.8233892 54.009034, -122.825507 54.008872, -122.8258592 54.008847, -122.8264437 54.0087894, -122.8276096 54.0090035, -122.8289897 54.0100029, -122.8303222 54.011145, -122.830947 54.011359, -122.8307321 54.011716, -122.8303328 54.012339, -122.830087 54.012705, -122.8298371 54.012895, -122.8295819 54.0132901, -122.8293119 54.013751, -122.829043 54.0141244, -122.828721 54.0146229, -122.8284781 54.015026, -122.828004 54.015733, -122.8275421 54.016332, -122.827648 54.018055, -122.8312917 54.0180505, -122.8317638 54.018065, -122.8326041 54.018073, -122.8332712 54.018048, -122.833575 54.017467, -122.8339109 54.016145, -122.8343101 54.015395, -122.836306 54.013828, -122.8363099 54.012757, -122.836171 54.012205, -122.8356799 54.011123, -122.836485 54.0107643, -122.8378175 54.0105977, -122.8442378 54.010679, -122.8468061 54.010688, -122.848195 54.010687, -122.8497322 54.010685, -122.8500481 54.0106833, -122.8500717 54.0158564, -122.8501907 54.0162133, -122.8501431 54.0270636, -122.8501431 54.0327505, -122.8348194 54.032465)))"
825757,Central Business District,Neighborhood,S,Sub Neighborhood,Central,Downtown Prince George,Central Business District,CAN,"Prince George, BC",53.91591,-122.747219,20220419,520436.729,Canada,British Columbia,"Prince George, BC",Prince George,"MULTIPOLYGON (((-122.7434911 53.918751, -122.7412501 53.918121, -122.7402858 53.9178502, -122.7411242 53.9165811, -122.7403627 53.9163669, -122.7429802 53.9131427, -122.743006 53.9127645, -122.7432668 53.912727, -122.7441441 53.912561, -122.7447885 53.9135472, -122.7462043 53.9132974, -122.7469776 53.9134878, -122.7479175 53.9124408, -122.7484019 53.911933, -122.7488422 53.911746, -122.7491521 53.911659, -122.7504269 53.911409, -122.7505468 53.9116675, -122.7518912 53.9120601, -122.7513202 53.9128572, -122.7528549 53.9132736, -122.7516176 53.914806, -122.753374 53.9152931, -122.7514799 53.917628, -122.7533422 53.9181358, -122.7530952 53.9185251, -122.7548085 53.919039, -122.7545039 53.9194388, -122.7510965 53.9185441, -122.7502399 53.919001, -122.7496688 53.919039, -122.7484315 53.9186964, -122.7475336 53.9198695, -122.7456781 53.919375, -122.7434911 53.918751)))"
