822162,Woodwards,Neighborhood,N,Neighborhood,Central,Woodwards,,CAN,"Vancouver, BC",49.14455,-123.153381,20220419,1986026.18,Canada,British Columbia,"Vancouver, BC",Richmond,"MULTIPOLYGON (((-123.147877 49.140957, -123.14788 49.140641, -123.14787 49.139848, -123.147854 49.138753, -123.147831 49.137737, -123.147814 49.136539, -123.147808 49.135418, -123.147801 49.134403, -123.14779 49.133489, -123.148562 49.133489, -123.149718 49.133502, -123.151257 49.13351, -123.152495 49.133508, -123.154158 49.133511, -123.155316 49.133514, -123.156591 49.133513, -123.157327 49.133502, -123.158051 49.1335, -123.158436 49.133501, -123.158853 49.133508, -123.158862 49.134169, -123.158867 49.134977, -123.158889 49.136387, -123.158903 49.137519, -123.158917 49.138509, -123.158936 49.139741, -123.158948 49.140618, -123.158949 49.14101, -123.158953 49.1419, -123.15895 49.143291, -123.158951 49.144633, -123.15895 49.14589, -123.158952 49.146995, -123.158947 49.148369, -123.158938 49.149673, -123.158931 49.150963, -123.158929 49.152184, -123.158917 49.153787, -123.158925 49.154927, -123.158916 49.155577, -123.157935 49.155573, -123.156738 49.155577, -123.155237 49.155577, -123.153333 49.155576, -123.15174 49.155575, -123.149954 49.155575, -123.148445 49.155574, -123.1478 49.155576, -123.1478 49.15511, -123.1478 49.154841, -123.147816 49.154097, -123.147816 49.15293, -123.147826 49.151883, -123.147828 49.15083, -123.147832 49.149882, -123.147825 49.148939, -123.147837 49.147839, -123.14784 49.147282, -123.147844 49.146592, -123.147851 49.145456, -123.147858 49.144474, -123.147865 49.143513, -123.147875 49.142529, -123.147871 49.141588, -123.147877 49.140957)))"
822163,Sunnymeade North,Neighborhood,S,Sub Neighborhood,Central,Broadmoor,Sunnymeade North,CAN,"Vancouver, BC",49.155295,-123.142675,20220419,45263.885,Canada,British Columbia,"Vancouver, BC",Richmond,"MULTIPOLYGON (((-123.1478 49.15511, -123.1478 49.155576, -123.146821 49.15558, -123.144816 49.155587, -123.143081 49.155592, -123.141568 49.155593, -123.140272 49.155595, -123.138836 49.1556, -123.138141 49.155599, -123.138135 49.155032, -123.138204 49.155029, -123.138219 49.155042, -123.138231 49.155049, -123.13825 49.155055, -123.138279 49.155062, -123.138307 49.155066, -123.138341 49.155068, -123.138383 49.155068, -123.138446 49.155069, -123.138585 49.155067, -123.138887 49.155061, -123.138952 49.155059, -123.13899 49.155055, -123.139008 49.155052, -123.139029 49.155045, -123.139044 49.155037, -123.139056 49.155026, -123.139066 49.155012, -123.139076 49.154993, -123.139081 49.154977, -123.139087 49.15488, -123.13946 49.154877, -123.14022 49.154877, -123.14101 49.154875, -123.141009 49.154895, -123.141332 49.154892, -123.141963 49.154893, -123.141966 49.155091, -123.14226 49.155098, -123.142261 49.155072, -123.142343 49.155071, -123.143049 49.155067, -123.143659 49.155067, -123.143663 49.155036, -123.144029 49.155035, -123.144553 49.155035, -123.14497 49.155033, -123.144969 49.155082, -123.14503 49.155082, -123.146028 49.155077, -123.146469 49.155076, -123.146933 49.155075, -123.147174 49.155077, -123.147173 49.155099, -123.147369 49.155103, -123.1478 49.15511)))"
822166,Ash Street,Neighborhood,S,Sub Neighborhood,Central,Garden City,Ash Street,CAN,"Vancouver, BC",49.151809,-123.119669,20220419,665551.452,Canada,British Columbia,"Vancouver, BC",Richmond,"MULTIPOLYGON (((-123.125184 49.148204, -123.125196 49.149217, -123.125218 49.150156, -123.125235 49.151063, -123.12526 49.152138, -123.12528 49.153125, -123.125307 49.154275, -123.125324 49.155074, -123.125333 49.155477, -123.124374 49.155476, -123.122532 49.155481, -123.121111 49.155488, -123.118855 49.15549, -123.116908 49.155495, -123.11525 49.155498, -123.114102 49.155503, -123.114105 49.155091, -123.1141164 49.1542459, -123.114121 49.153905, -123.11414 49.15249, -123.11415 49.151524, -123.114161 49.15032, -123.114166 49.149393, -123.114187 49.148529, -123.114187 49.147998, -123.115125 49.148012, -123.115721 49.148025, -123.117014 49.148049, -123.1184 49.148078, -123.119884 49.148106, -123.120938 49.148128, -123.122086 49.148152, -123.123202 49.148174, -123.124334 49.148198, -123.125184 49.148204)))"
822167,McLennan South,Neighborhood,N,Neighborhood,Central,McLennan South,,CAN,"Vancouver, BC",49.159167,-123.119733,20220419,673712.583,Canada,British Columbia,"Vancouver, BC",Richmond,"MULTIPOLYGON (((-123.114045 49.162826, -123.114047 49.16247, -123.114051 49.161867, -123.114061 49.160442, -123.114076 49.159122, -123.114084 49.157703, -123.114096 49.156301, -123.114102 49.155503, -123.11525 49.155498, -123.116908 49.155495, -123.118855 49.15549, -123.121111 49.155488, -123.122532 49.155481, -123.124374 49.155476, -123.125333 49.155477, -123.125351 49.156264, -123.125364 49.157331, -123.125381 49.158517, -123.125397 49.159731, -123.125415 49.161177, -123.125426 49.162453, -123.125447 49.16277, -123.125263 49.162806, -123.125226 49.162811, -123.125119 49.162817, -123.124871 49.162826, -123.124535 49.162831, -123.123881 49.162833, -123.123238 49.162835, -123.12184 49.16283, -123.120471 49.162825, -123.119029 49.162828, -123.117765 49.162825, -123.11649 49.162833, -123.11506 49.162834, -123.114045 49.162826)))"
822168,Acheson-Bennett,Neighborhood,S,Sub Neighborhood,Central,Moffatt,Acheson-Bennett,CAN,"Vancouver, BC",49.160559,-123.138321,20220419,50835.614,Canada,British Columbia,"Vancouver, BC",Richmond,"MULTIPOLYGON (((-123.136582 49.159709, -123.137274 49.159708, -123.137729 49.159712, -123.138157 49.159712, -123.138561 49.159718, -123.138561 49.159677, -123.138787 49.159674, -123.139341 49.159678, -123.139664 49.159678, -123.139814 49.159677, -123.139912 49.159673, -123.139994 49.159671, -123.140274 49.159675, -123.140262 49.160351, -123.140255 49.161022, -123.139301 49.161012, -123.139301 49.161131, -123.139299 49.161379, -123.139302 49.161532, -123.138489 49.161525, -123.137364 49.161525, -123.136564 49.16152, -123.136569 49.160957, -123.136575 49.160312, -123.136582 49.159709)))"
822169,Central West,Neighborhood,S,Sub Neighborhood,Central,Broadmoor,Central West,CAN,"Vancouver, BC",49.144106,-123.142247,20220419,578417.606,Canada,British Columbia,"Vancouver, BC",Richmond,"MULTIPOLYGON (((-123.136671 49.147479, -123.136673 49.147133, -123.136678 49.146363, -123.136676 49.145308, -123.136681 49.144579, -123.13668 49.143713, -123.136681 49.142763, -123.136685 49.141849, -123.13669 49.140887, -123.137486 49.140894, -123.138124 49.14089, -123.138687 49.140895, -123.14039 49.140906, -123.142368 49.140919, -123.144184 49.14093, -123.145985 49.140942, -123.147877 49.140957, -123.147871 49.141588, -123.147875 49.142529, -123.147865 49.143513, -123.147858 49.144474, -123.147851 49.145456, -123.147844 49.146592, -123.14784 49.147282, -123.147321 49.147279, -123.146513 49.147279, -123.14569 49.147279, -123.144856 49.147277, -123.143972 49.147282, -123.143552 49.147279, -123.143162 49.147275, -123.142477 49.14728, -123.141798 49.147283, -123.141154 49.147276, -123.140467 49.147277, -123.139785 49.147277, -123.139165 49.147278, -123.138613 49.147271, -123.138008 49.14727, -123.137639 49.147273, -123.137637 49.147481, -123.137363 49.147479, -123.136671 49.147479)))"
822172,St. Albans,Neighborhood,N,Neighborhood,Central,St. Albans,,CAN,"Vancouver, BC",49.158977,-123.130743,20220419,622506.914,Canada,British Columbia,"Vancouver, BC",Richmond,"MULTIPOLYGON (((-123.136569 49.160957, -123.135869 49.160949, -123.135864 49.161476, -123.13563 49.161475, -123.135211 49.161469, -123.134781 49.161466, -123.134239 49.161463, -123.134242 49.161733, -123.134246 49.161788, -123.133996 49.161785, -123.13361 49.16178, -123.133472 49.161779, -123.133482 49.162258, -123.133486 49.162731, -123.132747 49.162726, -123.1308 49.162728, -123.128908 49.162728, -123.127239 49.162721, -123.127035 49.162727, -123.126834 49.162741, -123.126671 49.162753, -123.12647 49.162782, -123.126292 49.162816, -123.126132 49.162855, -123.125969 49.162907, -123.125881 49.162939, -123.125758 49.162998, -123.125447 49.16277, -123.125426 49.162453, -123.125415 49.161177, -123.125397 49.159731, -123.125381 49.158517, -123.125364 49.157331, -123.125351 49.156264, -123.125333 49.155477, -123.126068 49.155478, -123.128036 49.155503, -123.129803 49.155524, -123.13137 49.155538, -123.13295 49.155557, -123.134523 49.155574, -123.135878 49.155592, -123.136642 49.155596, -123.136626 49.156249, -123.136617 49.157154, -123.136598 49.158322, -123.136587 49.159305, -123.136582 49.159709, -123.136575 49.160312, -123.136569 49.160957)))"
822173,Laurelwood,Neighborhood,S,Sub Neighborhood,Central,Granville,Laurelwood,CAN,"Vancouver, BC",49.161985,-123.167515,20220419,35024.732,Canada,British Columbia,"Vancouver, BC",Richmond,"MULTIPOLYGON (((-123.169821 49.161357, -123.169819 49.161434, -123.169813 49.161497, -123.169802 49.161557, -123.169785 49.161608, -123.169752 49.161686, -123.169725 49.161742, -123.169688 49.161804, -123.169637 49.161879, -123.169591 49.161947, -123.169551 49.161995, -123.169511 49.162042, -123.169467 49.162087, -123.16942 49.162131, -123.169361 49.162182, -123.169302 49.162228, -123.16922 49.162282, -123.169097 49.162366, -123.168945 49.162443, -123.168872 49.162474, -123.168765 49.162517, -123.168654 49.16256, -123.168574 49.162586, -123.168471 49.162614, -123.168348 49.162639, -123.168178 49.162668, -123.168062 49.162684, -123.167972 49.162696, -123.167879 49.162704, -123.167744 49.162711, -123.167535 49.162715, -123.16677 49.162717, -123.165905 49.162726, -123.165914 49.162224, -123.165917 49.161955, -123.165918 49.161923, -123.165921 49.161894, -123.165937 49.161802, -123.165888 49.161797, -123.165886 49.161726, -123.16589 49.161385, -123.165892 49.161074, -123.166156 49.161079, -123.166602 49.161082, -123.167236 49.161079, -123.167232 49.161175, -123.167232 49.161367, -123.167226 49.161657, -123.167222 49.161838, -123.167222 49.161888, -123.167251 49.161895, -123.167279 49.161898, -123.167309 49.1619, -123.167345 49.1619, -123.167461 49.161901, -123.167583 49.1619, -123.167616 49.161899, -123.167646 49.161896, -123.167698 49.161887, -123.167729 49.161883, -123.167754 49.161883, -123.167781 49.161882, -123.167822 49.161882, -123.168155 49.161881, -123.168208 49.16188, -123.168235 49.161878, -123.16826 49.161874, -123.168285 49.161868, -123.168307 49.16186, -123.168329 49.161848, -123.168344 49.161838, -123.168354 49.161826, -123.16836 49.161814, -123.168363 49.161798, -123.168372 49.161562, -123.168814 49.16157, -123.168856 49.161568, -123.168885 49.161566, -123.168907 49.161561, -123.168924 49.161555, -123.16894 49.161547, -123.168954 49.161537, -123.168965 49.161527, -123.168972 49.161514, -123.168977 49.161497, -123.168982 49.161359, -123.169159 49.161361, -123.169445 49.161356, -123.169821 49.161357)))"
822174,East Livingstone,Neighborhood,S,Sub Neighborhood,Central,Granville,East Livingstone,CAN,"Vancouver, BC",49.161938,-123.148979,20220419,31700.095,Canada,British Columbia,"Vancouver, BC",Richmond,"MULTIPOLYGON (((-123.150281 49.162735, -123.149524 49.162735, -123.148646 49.16273, -123.147778 49.16273, -123.147774 49.162102, -123.147776 49.161101, -123.149255 49.161106, -123.150057 49.161106, -123.15005 49.161872, -123.150291 49.161872, -123.150285 49.162255, -123.150281 49.162735)))"
822175,North Granville,Neighborhood,N,Neighborhood,Central,North Granville,,CAN,"Vancouver, BC",49.166447,-123.153266,20220419,664947.507,Canada,British Columbia,"Vancouver, BC",Richmond,"MULTIPOLYGON (((-123.147778 49.16273, -123.148646 49.16273, -123.149524 49.162735, -123.150281 49.162735, -123.151771 49.162737, -123.1538 49.16273, -123.156013 49.162738, -123.15765 49.162742, -123.158808 49.162735, -123.158804 49.163934, -123.158807 49.165029, -123.1588 49.166076, -123.158795 49.167247, -123.158798 49.168477, -123.158796 49.169603, -123.158798 49.170143, -123.157657 49.170137, -123.156656 49.170133, -123.154328 49.170141, -123.152515 49.170152, -123.150731 49.170161, -123.148882 49.170165, -123.147698 49.170172, -123.147702 49.169426, -123.147719 49.168259, -123.147729 49.167099, -123.14775 49.165941, -123.147775 49.164638, -123.147782 49.163399, -123.147778 49.16273)))"
822176,Brighouse Village,Neighborhood,N,Neighborhood,Central,Brighouse Village,,CAN,"Vancouver, BC",49.166472,-123.136264,20220419,1388486.437,Canada,British Columbia,"Vancouver, BC",Richmond,"MULTIPOLYGON (((-123.133486 49.162731, -123.134944 49.16274, -123.136908 49.162727, -123.138733 49.162739, -123.140501 49.162735, -123.142199 49.162729, -123.144372 49.162736, -123.146526 49.162731, -123.147778 49.16273, -123.147782 49.163399, -123.147775 49.164638, -123.14775 49.165941, -123.147729 49.167099, -123.147719 49.168259, -123.147702 49.169426, -123.147698 49.170172, -123.146923 49.170176, -123.145096 49.170185, -123.143331 49.170188, -123.141822 49.170201, -123.140069 49.170209, -123.138549 49.170215, -123.137018 49.170213, -123.134877 49.170199, -123.133149 49.170191, -123.13101 49.170172, -123.129093 49.170155, -123.127593 49.170141, -123.12624 49.170127, -123.124601 49.170115, -123.124591 49.169694, -123.124605 49.169279, -123.124641 49.168124, -123.124653 49.166768, -123.124674 49.165686, -123.124674 49.164456, -123.12469 49.164172, -123.124715 49.164043, -123.124745 49.163953, -123.124805 49.163822, -123.124874 49.163702, -123.124935 49.16361, -123.124999 49.163527, -123.125072 49.163452, -123.125186 49.163347, -123.125273 49.163272, -123.125388 49.163193, -123.125483 49.163137, -123.125598 49.163074, -123.125758 49.162998, -123.125881 49.162939, -123.125969 49.162907, -123.126132 49.162855, -123.126292 49.162816, -123.12647 49.162782, -123.126671 49.162753, -123.126834 49.162741, -123.127035 49.162727, -123.127239 49.162721, -123.128908 49.162728, -123.1308 49.162728, -123.132747 49.162726, -123.133486 49.162731)))"
822179,Lansdowne Village,Neighborhood,N,Neighborhood,Central,Lansdowne Village,,CAN,"Vancouver, BC",49.174032,-123.13617,20220419,1346058.87,Canada,British Columbia,"Vancouver, BC",Richmond,"MULTIPOLYGON (((-123.124568 49.177294, -123.124567 49.176755, -123.12459 49.175541, -123.124605 49.17418, -123.124607 49.173224, -123.12461 49.172031, -123.124624 49.171068, -123.124601 49.170115, -123.12624 49.170127, -123.127593 49.170141, -123.129093 49.170155, -123.13101 49.170172, -123.133149 49.170191, -123.134877 49.170199, -123.137018 49.170213, -123.138549 49.170215, -123.140069 49.170209, -123.141822 49.170201, -123.143331 49.170188, -123.145096 49.170185, -123.146923 49.170176, -123.147698 49.170172, -123.147695 49.170677, -123.14769 49.1709, -123.147683 49.171044, -123.147671 49.171146, -123.147654 49.17122, -123.147624 49.171301, -123.14758 49.171383, -123.147497 49.171508, -123.147447 49.171579, -123.147337 49.171715, -123.147107 49.171988, -123.146765 49.172396, -123.146032 49.173287, -123.14544 49.17403, -123.145381 49.174124, -123.145332 49.174231, -123.145283 49.174354, -123.145244 49.174484, -123.145205 49.174629, -123.145176 49.174761, -123.145165 49.174849, -123.145165 49.174928, -123.145174 49.175059, -123.145194 49.175158, -123.145232 49.175302, -123.145257 49.175379, -123.145299 49.175478, -123.145348 49.175583, -123.14539 49.175655, -123.145477 49.175781, -123.145518 49.175839, -123.145579 49.17591, -123.145643 49.175977, -123.145766 49.176094, -123.146072 49.176368, -123.14632 49.176594, -123.146726 49.176961, -123.147186 49.177378, -123.147861 49.17798, -123.148719 49.178744, -123.147752 49.179141, -123.146461 49.179676, -123.145102 49.180329, -123.144475 49.180681, -123.143316 49.179629, -123.143188 49.179513, -123.143264 49.179478, -123.143998 49.179126, -123.143709 49.178879, -123.143323 49.178525, -123.142767 49.178017, -123.142675 49.178063, -123.142416 49.177829, -123.142279 49.177714, -123.142325 49.177692, -123.142186 49.177571, -123.141625 49.177055, -123.141108 49.176569, -123.140678 49.176196, -123.140066 49.176482, -123.139464 49.17676, -123.138942 49.177001, -123.138672 49.177126, -123.138531 49.177178, -123.138411 49.177215, -123.138287 49.17725, -123.138197 49.177272, -123.138093 49.177293, -123.137965 49.177316, -123.137822 49.177336, -123.137609 49.17735, -123.137457 49.17736, -123.135468 49.17736, -123.133681 49.177346, -123.132164 49.177336, -123.130601 49.177328, -123.12913 49.177324, -123.127271 49.177312, -123.12551 49.177294, -123.124568 49.177294)))"
822180,Oval Village,Neighborhood,N,Neighborhood,Central,Oval Village,,CAN,"Vancouver, BC",49.1738,-123.151944,20220419,686612.765,Canada,British Columbia,"Vancouver, BC",Richmond,"MULTIPOLYGON (((-123.147698 49.170172, -123.148882 49.170165, -123.150731 49.170161, -123.152515 49.170152, -123.154328 49.170141, -123.156656 49.170133, -123.157657 49.170137, -123.158798 49.170143, -123.158799 49.170942, -123.158802 49.171816, -123.1588 49.171989, -123.1588 49.172084, -123.158792 49.172157, -123.158771 49.172277, -123.158752 49.172363, -123.158733 49.172445, -123.158694 49.172563, -123.158616 49.17276, -123.158384 49.173233, -123.157998 49.173949, -123.157764 49.174392, -123.157612 49.174678, -123.156815 49.176176, -123.153781 49.177006, -123.152687 49.177327, -123.151233 49.177798, -123.149628 49.17837, -123.148719 49.178744, -123.147861 49.17798, -123.147186 49.177378, -123.146726 49.176961, -123.14632 49.176594, -123.146072 49.176368, -123.145766 49.176094, -123.145643 49.175977, -123.145579 49.17591, -123.145518 49.175839, -123.145477 49.175781, -123.14539 49.175655, -123.145348 49.175583, -123.145299 49.175478, -123.145257 49.175379, -123.145232 49.175302, -123.145194 49.175158, -123.145174 49.175059, -123.145165 49.174928, -123.145165 49.174849, -123.145176 49.174761, -123.145205 49.174629, -123.145244 49.174484, -123.145283 49.174354, -123.145332 49.174231, -123.145381 49.174124, -123.14544 49.17403, -123.146032 49.173287, -123.146765 49.172396, -123.147107 49.171988, -123.147337 49.171715, -123.147447 49.171579, -123.147497 49.171508, -123.14758 49.171383, -123.147624 49.171301, -123.147654 49.17122, -123.147671 49.171146, -123.147683 49.171044, -123.14769 49.1709, -123.147695 49.170677, -123.147698 49.170172)))"
822269,McLennan North,Neighborhood,N,Neighborhood,Central,McLennan North,,CAN,"Vancouver, BC",49.170019,-123.11934,20220419,1249281.184,Canada,British Columbia,"Vancouver, BC",Richmond,"MULTIPOLYGON (((-123.113983 49.170148, -123.114001 49.168889, -123.114002 49.167832, -123.114014 49.166838, -123.114023 49.165772, -123.114032 49.164658, -123.114042 49.163455, -123.114045 49.162826, -123.11506 49.162834, -123.11649 49.162833, -123.117765 49.162825, -123.119029 49.162828, -123.120471 49.162825, -123.12184 49.16283, -123.123238 49.162835, -123.123881 49.162833, -123.124535 49.162831, -123.124871 49.162826, -123.125119 49.162817, -123.125226 49.162811, -123.125263 49.162806, -123.125447 49.16277, -123.125758 49.162998, -123.125598 49.163074, -123.125483 49.163137, -123.125388 49.163193, -123.125273 49.163272, -123.125186 49.163347, -123.125072 49.163452, -123.124999 49.163527, -123.124935 49.16361, -123.124874 49.163702, -123.124805 49.163822, -123.124745 49.163953, -123.124715 49.164043, -123.12469 49.164172, -123.124674 49.164456, -123.124674 49.165686, -123.124653 49.166768, -123.124641 49.168124, -123.124605 49.169279, -123.124591 49.169694, -123.124601 49.170115, -123.124624 49.171068, -123.12461 49.172031, -123.124607 49.173224, -123.124605 49.17418, -123.12459 49.175541, -123.124567 49.176755, -123.124568 49.177294, -123.123654 49.177294, -123.122575 49.177294, -123.121969 49.177296, -123.121671 49.177295, -123.121171 49.177287, -123.120543 49.177273, -123.120303 49.177268, -123.120095 49.177266, -123.119341 49.177268, -123.117489 49.177268, -123.116138 49.177275, -123.114 49.177281, -123.114007 49.176737, -123.114009 49.175811, -123.114002 49.174913, -123.114 49.173998, -123.113995 49.173127, -123.113988 49.172176, -123.113986 49.171077, -123.113983 49.170148)))"
822270,McLennan,Neighborhood,N,Neighborhood,Central,McLennan,,CAN,"Vancouver, BC",49.159074,-123.100345,20220419,4935784.729,Canada,British Columbia,"Vancouver, BC",Richmond,"MULTIPOLYGON (((-123.08694 49.170288, -123.086883 49.170176, -123.086809 49.170012, -123.086739 49.16983, -123.086677 49.169635, -123.086636 49.169448, -123.086603 49.16923, -123.086593 49.169045, -123.086584 49.168659, -123.086577 49.167872, -123.0866 49.165867, -123.086609 49.163996, -123.086626 49.16239, -123.086628 49.160522, -123.086641 49.158967, -123.086643 49.157465, -123.086649 49.155717, -123.086659 49.15445, -123.086661 49.152967, -123.086668 49.151606, -123.086682 49.150235, -123.086681 49.148908, -123.086688 49.148003, -123.087035 49.148005, -123.088782 49.147988, -123.08992 49.147982, -123.09038 49.147985, -123.091251 49.14798, -123.091875 49.147971, -123.092183 49.147982, -123.092735 49.147979, -123.093328 49.147984, -123.094072 49.148013, -123.094679 49.148017, -123.096099 49.148023, -123.098233 49.148015, -123.099242 49.148012, -123.100199 49.14801, -123.101503 49.148001, -123.101698 49.148, -123.101831 49.147989, -123.101959 49.14798, -123.102109 49.147975, -123.102194 49.147975, -123.102636 49.147971, -123.102937 49.147968, -123.103801 49.147972, -123.104496 49.147976, -123.105209 49.147975, -123.105985 49.147978, -123.106821 49.147977, -123.107615 49.147986, -123.108434 49.147992, -123.1093 49.147993, -123.110026 49.147996, -123.110772 49.147996, -123.111386 49.147999, -123.112027 49.147999, -123.112471 49.147994, -123.112789 49.147995, -123.113131 49.147992, -123.113366 49.147983, -123.113476 49.14798, -123.113518 49.14798, -123.113582 49.147982, -123.113661 49.147986, -123.113714 49.147988, -123.113827 49.147993, -123.114187 49.147998, -123.114187 49.148529, -123.114166 49.149393, -123.114161 49.15032, -123.11415 49.151524, -123.11414 49.15249, -123.114121 49.153905, -123.1141164 49.1542459, -123.114105 49.155091, -123.114102 49.155503, -123.114096 49.156301, -123.114084 49.157703, -123.114076 49.159122, -123.114061 49.160442, -123.114051 49.161867, -123.114047 49.16247, -123.114045 49.162826, -123.114042 49.163455, -123.114032 49.164658, -123.114023 49.165772, -123.114014 49.166838, -123.114002 49.167832, -123.114001 49.168889, -123.113983 49.170148, -123.111542 49.170154, -123.10894 49.170136, -123.106402 49.170138, -123.10434 49.170124, -123.102994 49.170122, -123.101951 49.170121, -123.099533 49.170125, -123.09722 49.170122, -123.095674 49.170108, -123.095389 49.170108, -123.09518 49.170115, -123.09486 49.170129, -123.094663 49.170138, -123.094297 49.170161, -123.093665 49.170216, -123.093347 49.17024, -123.0930568 49.1702547, -123.093011 49.170257, -123.092731 49.170268, -123.092419 49.170275, -123.091006 49.170289, -123.088861 49.170281, -123.08694 49.170288)))"
822280,Broadmoor,Neighborhood,N,Neighborhood,Central,Broadmoor,,CAN,"Vancouver, BC",49.144543,-123.14225,20220419,2002259.789,Canada,British Columbia,"Vancouver, BC",Richmond,"MULTIPOLYGON (((-123.136613 49.133499, -123.137598 49.133502, -123.139576 49.133516, -123.140839 49.13351, -123.142122 49.133511, -123.143298 49.133509, -123.144548 49.133505, -123.145699 49.1335, -123.146793 49.133489, -123.14779 49.133489, -123.147801 49.134403, -123.147808 49.135418, -123.147814 49.136539, -123.147831 49.137737, -123.147854 49.138753, -123.14787 49.139848, -123.14788 49.140641, -123.147877 49.140957, -123.147871 49.141588, -123.147875 49.142529, -123.147865 49.143513, -123.147858 49.144474, -123.147851 49.145456, -123.147844 49.146592, -123.14784 49.147282, -123.147837 49.147839, -123.147825 49.148939, -123.147832 49.149882, -123.147828 49.15083, -123.147826 49.151883, -123.147816 49.15293, -123.147816 49.154097, -123.1478 49.154841, -123.1478 49.15511, -123.1478 49.155576, -123.146821 49.15558, -123.144816 49.155587, -123.143081 49.155592, -123.141568 49.155593, -123.140272 49.155595, -123.138836 49.1556, -123.138141 49.155599, -123.137351 49.155599, -123.136642 49.155596, -123.136651 49.15523, -123.136652 49.154743, -123.136655 49.153644, -123.136657 49.152626, -123.136663 49.151662, -123.136662 49.150736, -123.136669 49.149841, -123.136668 49.149022, -123.136668 49.148292, -123.136669 49.147937, -123.136671 49.147479, -123.136673 49.147133, -123.136678 49.146363, -123.136676 49.145308, -123.136681 49.144579, -123.13668 49.143713, -123.136681 49.142763, -123.136685 49.141849, -123.13669 49.140887, -123.136693 49.140364, -123.13667 49.139204, -123.136653 49.137075, -123.136629 49.135548, -123.136622 49.134397, -123.136613 49.133499)))"
822281,Garden City,Neighborhood,N,Neighborhood,Central,Garden City,,CAN,"Vancouver, BC",49.151845,-123.125354,20220419,1340284.39,Canada,British Columbia,"Vancouver, BC",Richmond,"MULTIPOLYGON (((-123.114187 49.147998, -123.115125 49.148012, -123.115721 49.148025, -123.117014 49.148049, -123.1184 49.148078, -123.119884 49.148106, -123.120938 49.148128, -123.122086 49.148152, -123.123202 49.148174, -123.124334 49.148198, -123.125184 49.148204, -123.125724 49.148207, -123.12644 49.148211, -123.127825 49.148221, -123.129258 49.14823, -123.130623 49.14824, -123.13187 49.148252, -123.133177 49.148256, -123.13468 49.148268, -123.135577 49.148279, -123.136668 49.148292, -123.136668 49.149022, -123.136669 49.149841, -123.136662 49.150736, -123.136663 49.151662, -123.136657 49.152626, -123.136655 49.153644, -123.136652 49.154743, -123.136651 49.15523, -123.136642 49.155596, -123.135878 49.155592, -123.134523 49.155574, -123.13295 49.155557, -123.13137 49.155538, -123.129803 49.155524, -123.128036 49.155503, -123.126068 49.155478, -123.125333 49.155477, -123.124374 49.155476, -123.122532 49.155481, -123.121111 49.155488, -123.118855 49.15549, -123.116908 49.155495, -123.11525 49.155498, -123.114102 49.155503, -123.114105 49.155091, -123.1141164 49.1542459, -123.114121 49.153905, -123.11414 49.15249, -123.11415 49.151524, -123.114161 49.15032, -123.114166 49.149393, -123.114187 49.148529, -123.114187 49.147998)))"
822282,Moffatt,Neighborhood,N,Neighborhood,Central,Moffatt,,CAN,"Vancouver, BC",49.159303,-123.141857,20220419,681183.188,Canada,British Columbia,"Vancouver, BC",Richmond,"MULTIPOLYGON (((-123.133472 49.161779, -123.13361 49.16178, -123.133996 49.161785, -123.134246 49.161788, -123.134242 49.161733, -123.134239 49.161463, -123.134781 49.161466, -123.135211 49.161469, -123.13563 49.161475, -123.135864 49.161476, -123.135869 49.160949, -123.136569 49.160957, -123.136575 49.160312, -123.136582 49.159709, -123.136587 49.159305, -123.136598 49.158322, -123.136617 49.157154, -123.136626 49.156249, -123.136642 49.155596, -123.137351 49.155599, -123.138141 49.155599, -123.138836 49.1556, -123.140272 49.155595, -123.141568 49.155593, -123.143081 49.155592, -123.144816 49.155587, -123.146821 49.15558, -123.1478 49.155576, -123.1478 49.155973, -123.147795 49.157185, -123.147793 49.158469, -123.147782 49.15968, -123.147777 49.16076, -123.147776 49.161101, -123.147774 49.162102, -123.147778 49.16273, -123.146526 49.162731, -123.144372 49.162736, -123.142199 49.162729, -123.140501 49.162735, -123.138733 49.162739, -123.136908 49.162727, -123.134944 49.16274, -123.133486 49.162731, -123.133482 49.162258, -123.133472 49.161779)))"
822283,Granville,Neighborhood,N,Neighborhood,Central,Granville,,CAN,"Vancouver, BC",49.159147,-123.158747,20220419,1272165.161,Canada,British Columbia,"Vancouver, BC",Richmond,"MULTIPOLYGON (((-123.156013 49.162738, -123.1538 49.16273, -123.151771 49.162737, -123.150281 49.162735, -123.149524 49.162735, -123.148646 49.16273, -123.147778 49.16273, -123.147774 49.162102, -123.147776 49.161101, -123.147777 49.16076, -123.147782 49.15968, -123.147793 49.158469, -123.147795 49.157185, -123.1478 49.155973, -123.1478 49.155576, -123.148445 49.155574, -123.149954 49.155575, -123.15174 49.155575, -123.153333 49.155576, -123.155237 49.155577, -123.156738 49.155577, -123.157935 49.155573, -123.158916 49.155577, -123.159943 49.155582, -123.161321 49.155587, -123.16268 49.15559, -123.164394 49.155598, -123.166149 49.155604, -123.167689 49.155608, -123.169108 49.155615, -123.169827 49.155618, -123.169825 49.156377, -123.169825 49.157616, -123.169825 49.15867, -123.169824 49.159918, -123.169824 49.161109, -123.169821 49.161357, -123.169819 49.161434, -123.169813 49.161497, -123.169802 49.161557, -123.169785 49.161608, -123.169752 49.161686, -123.169725 49.161742, -123.169688 49.161804, -123.169637 49.161879, -123.169591 49.161947, -123.169551 49.161995, -123.169511 49.162042, -123.169467 49.162087, -123.16942 49.162131, -123.169361 49.162182, -123.169302 49.162228, -123.16922 49.162282, -123.169097 49.162366, -123.168945 49.162443, -123.168872 49.162474, -123.168765 49.162517, -123.168654 49.16256, -123.168574 49.162586, -123.168471 49.162614, -123.168348 49.162639, -123.168178 49.162668, -123.168062 49.162684, -123.167972 49.162696, -123.167879 49.162704, -123.167744 49.162711, -123.167535 49.162715, -123.16677 49.162717, -123.165905 49.162726, -123.165255 49.162733, -123.163931 49.16274, -123.162164 49.162738, -123.160798 49.162739, -123.159253 49.162732, -123.158808 49.162735, -123.15765 49.162742, -123.156013 49.162738)))"
89072,Hamilton,Neighborhood,N,Neighborhood,East,Hamilton,,CAN,"Vancouver, BC",49.176285,-122.968254,20220419,2449636.251,Canada,British Columbia,"Vancouver, BC",Richmond,"MULTIPOLYGON (((-122.9572799 49.1879405, -122.957285 49.187544, -122.957261 49.183222, -122.9572168 49.1758235, -122.9580252 49.1755799, -122.9588804 49.1749869, -122.9610958 49.1740135, -122.9620912 49.1732272, -122.9634737 49.1713335, -122.9648509 49.1697675, -122.968334 49.1684001, -122.9683298 49.1680821, -122.9697426 49.1677338, -122.9745158 49.1667527, -122.9753285 49.1665225, -122.9765056 49.1663034, -122.9795241 49.1654698, -122.979744 49.167964, -122.9796333 49.1792568, -122.9781104 49.1790334, -122.9772538 49.1791333, -122.9757975 49.1793475, -122.9743413 49.1794331, -122.9730278 49.1796045, -122.971643 49.1798186, -122.9694872 49.1802041, -122.9676455 49.1807894, -122.9667889 49.1812035, -122.9679739 49.1822742, -122.9672886 49.1831308, -122.9662749 49.1842444, -122.9649329 49.1855293, -122.9629627 49.1868999, -122.9602644 49.1879421, -122.9598218 49.1882705, -122.9583228 49.1891984, -122.9577279 49.1885262, -122.9575078 49.1882467, -122.9572799 49.1879405)))"
822183,Mitchell Island,Neighborhood,N,Neighborhood,East,Mitchell Island,,CAN,"Vancouver, BC",49.203074,-123.090507,20220419,2170385.436,Canada,British Columbia,"Vancouver, BC",Richmond,"MULTIPOLYGON (((-123.064398 49.204357, -123.06742 49.20386, -123.068842 49.203614, -123.073156 49.202946, -123.074457 49.20277, -123.075563 49.202529, -123.078337 49.201857, -123.079933 49.201408, -123.081585 49.200878, -123.0860945 49.1994658, -123.08937 49.19844, -123.090573 49.198183, -123.091506 49.198039, -123.092636 49.197991, -123.093618 49.198055, -123.096507 49.198375, -123.100554 49.198877, -123.102936 49.199229, -123.10387 49.19939, -123.105218 49.199722, -123.108461 49.200524, -123.111906 49.201342, -123.11384 49.201714, -123.114937 49.201925, -123.115856 49.20203, -123.116858 49.202083, -123.1175056 49.202083, -123.117759 49.202083, -123.117662 49.20303, -123.117586 49.203769, -123.116281 49.204101, -123.115712 49.20424, -123.115208 49.204362, -123.114746 49.204475, -123.114373 49.204561, -123.114048 49.204624, -123.113572 49.204688, -123.11299 49.204747, -123.1123 49.204778, -123.11172 49.204779, -123.111162 49.204752, -123.109636 49.20466, -123.10838 49.204587, -123.106769 49.204493, -123.105434 49.204416, -123.104476 49.204377, -123.10298 49.204377, -123.098797 49.204465, -123.095652 49.20462, -123.094834 49.204705, -123.093581 49.204854, -123.091903 49.205135, -123.089886 49.205583, -123.08674 49.206286, -123.085934 49.206464, -123.085323 49.206593, -123.082061 49.207224, -123.079075 49.207779, -123.077312 49.208127, -123.076499 49.208288, -123.076226 49.208323, -123.075812 49.208331, -123.075082 49.208309, -123.07428 49.208266, -123.073658 49.208195, -123.073081 49.208088, -123.072416 49.207946, -123.071468 49.207683, -123.070958 49.207527, -123.070086 49.207207, -123.069487 49.206979, -123.068724 49.206672, -123.067669 49.206243, -123.067068 49.205973, -123.066534 49.205696, -123.064398 49.204357)))"
89010,East Richmond,Neighborhood,M,Macro Neighborhood,East Richmond,,,CAN,"Vancouver, BC",49.168194,-123.042239,20220419,47335289.94,Canada,British Columbia,"Vancouver, BC",Richmond,"MULTIPOLYGON (((-123.024678 49.199888, -123.012215 49.197354, -123.008851 49.196368, -123.003341 49.19457, -123.00044 49.192684, -122.994988 49.187841, -122.991072 49.185492, -122.983068 49.181721, -122.979616 49.181025, -122.974425 49.181344, -122.9737934 49.1815442, -122.972046 49.182098, -122.970045 49.183781, -122.9689084 49.1847825, -122.965898 49.187435, -122.961983 49.190335, -122.958763 49.192568, -122.9572514 49.1893541, -122.9570688 49.1890463, -122.9569268 49.1888684, -122.9568085 49.1886287, -122.9567139 49.1885049, -122.9568203 49.1883735, -122.956986 49.1881956, -122.9572799 49.1879405, -122.957285 49.187544, -122.957261 49.183222, -122.9572168 49.1758235, -122.9580252 49.1755799, -122.9588804 49.1749869, -122.9610958 49.1740135, -122.9620912 49.1732272, -122.9634737 49.1713335, -122.9648509 49.1697675, -122.968334 49.1684001, -122.9683298 49.1680821, -122.9697426 49.1677338, -122.9745158 49.1667527, -122.9753285 49.1665225, -122.9765056 49.1663034, -122.9795241 49.1654698, -122.9806974 49.1652351, -122.9820176 49.164917, -122.9826429 49.1648716, -122.9830366 49.164917, -122.9834304 49.1647656, -122.9840094 49.1644779, -122.9849126 49.1642053, -122.9852861 49.1645618, -122.9855148 49.1647202, -122.9884561 49.1636298, -122.9912354 49.1629331, -122.9937135 49.1623273, -122.9952885 49.1619335, -122.9986295 49.1607486, -123.0002911 49.159586, -123.0020513 49.1579502, -123.0038341 49.1562803, -123.0045161 49.1557762, -123.008073 49.1548754, -123.0105433 49.1546081, -123.0111301 49.1546785, -123.0116438 49.1543844, -123.0163709 49.1534234, -123.0183557 49.1530869, -123.0189815 49.1527699, -123.0196068 49.1526487, -123.0201079 49.1527898, -123.0205796 49.1524973, -123.0222471 49.1521488, -123.0268944 49.1514233, -123.0275718 49.1512845, -123.0292834 49.1508677, -123.0299132 49.1509673, -123.0312796 49.1508612, -123.0329678 49.1505358, -123.0335971 49.1504052, -123.0335262 49.149922, -123.0338504 49.1499372, -123.0339738 49.1503269, -123.0357532 49.1499575, -123.0377877 49.1492706, -123.0387141 49.1490434, -123.0393488 49.1489154, -123.0413312 49.1481193, -123.0423148 49.1478955, -123.0445042 49.1468164, -123.0454753 49.1465713, -123.0477627 49.1455172, -123.0507092 49.1439044, -123.0539795 49.1412837, -123.0579857 49.137593, -123.0582999 49.1373293, -123.0596974 49.1364681, -123.0608786 49.1355135, -123.0614576 49.1349528, -123.0623377 49.1343163, -123.0627777 49.1340436, -123.0630884 49.1336447, -123.0650986 49.1324578, -123.0657087 49.131992, -123.0662054 49.1319826, -123.0665065 49.1318917, -123.0669929 49.1314674, -123.068012 49.1306642, -123.067821 49.1303796, -123.0685324 49.1298364, -123.0686946 49.1297072, -123.068452 49.1295276, -123.0698648 49.1283152, -123.0702071 49.1285024, -123.0722933 49.1268405, -123.0733377 49.1261143, -123.0735936 49.1256023, -123.0747285 49.1248445, -123.0759946 49.1245639, -123.078169 49.123647, -123.081237 49.125891, -123.086552 49.13038, -123.086731 49.13322, -123.092132 49.133369, -123.092087 49.134206, -123.092034 49.135143, -123.091979 49.136181, -123.09192 49.13718, -123.09187 49.138107, -123.091813 49.139116, -123.091753 49.140176, -123.091727 49.140579, -123.091723 49.140762, -123.091731 49.141143, -123.09175 49.141973, -123.091764 49.14274, -123.091788 49.143657, -123.091808 49.144627, -123.091827 49.145587, -123.091844 49.14634, -123.091867 49.147344, -123.091875 49.147971, -123.092183 49.147982, -123.092735 49.147979, -123.093328 49.147984, -123.094072 49.148013, -123.094679 49.148017, -123.096099 49.148023, -123.098233 49.148015, -123.099242 49.148012, -123.100199 49.14801, -123.101503 49.148001, -123.101698 49.148, -123.101831 49.147989, -123.101959 49.14798, -123.102109 49.147975, -123.102194 49.147975, -123.102636 49.147971, -123.102937 49.147968, -123.103801 49.147972, -123.104496 49.147976, -123.105209 49.147975, -123.105985 49.147978, -123.106821 49.147977, -123.107615 49.147986, -123.108434 49.147992, -123.1093 49.147993, -123.110026 49.147996, -123.110772 49.147996, -123.111386 49.147999, -123.112027 49.147999, -123.112471 49.147994, -123.112789 49.147995, -123.113131 49.147992, -123.113366 49.147983, -123.113476 49.14798, -123.113518 49.14798, -123.113582 49.147982, -123.113661 49.147986, -123.113714 49.147988, -123.113827 49.147993, -123.114187 49.147998, -123.114187 49.148529, -123.114166 49.149393, -123.114161 49.15032, -123.11415 49.151524, -123.11414 49.15249, -123.114121 49.153905, -123.1141164 49.1542459, -123.114105 49.155091, -123.114102 49.155503, -123.114096 49.156301, -123.114084 49.157703, -123.114076 49.159122, -123.114061 49.160442, -123.114051 49.161867, -123.114047 49.16247, -123.114045 49.162826, -123.114042 49.163455, -123.114032 49.164658, -123.114023 49.165772, -123.114014 49.166838, -123.114002 49.167832, -123.114001 49.168889, -123.113983 49.170148, -123.111542 49.170154, -123.10894 49.170136, -123.106402 49.170138, -123.10434 49.170124, -123.102994 49.170122, -123.101951 49.170121, -123.099533 49.170125, -123.09722 49.170122, -123.095674 49.170108, -123.095389 49.170108, -123.09518 49.170115, -123.09486 49.170129, -123.094663 49.170138, -123.094297 49.170161, -123.093665 49.170216, -123.093347 49.17024, -123.0930568 49.1702547, -123.093011 49.170257, -123.092731 49.170268, -123.092419 49.170275, -123.091006 49.170289, -123.088861 49.170281, -123.08694 49.170288, -123.069142 49.170137, -123.069173 49.19042, -123.069189 49.191593, -123.069195 49.192719, -123.069178 49.193483, -123.069186 49.194524, -123.069192 49.19565, -123.0692 49.19686, -123.069208 49.197409, -123.067807 49.197397, -123.066325 49.197384, -123.0648998 49.1973758, -123.064596 49.197374, -123.063062 49.197366, -123.061456 49.19735, -123.0611193 49.1973466, -123.059878 49.197334, -123.057933 49.197322, -123.057909 49.198961, -123.057898 49.198983, -123.057869 49.198999, -123.057834 49.19901, -123.057775 49.199011, -123.05779 49.199355, -123.056954 49.19935, -123.056065 49.199343, -123.055249 49.19934, -123.054403 49.199335, -123.05326 49.199327, -123.052299 49.199322, -123.051315 49.199315, -123.05041 49.199307, -123.049431 49.199302, -123.048456 49.199295, -123.047564 49.199291, -123.046813 49.199287, -123.04681 49.199931, -123.046811 49.200773, -123.046806 49.2016, -123.046817 49.202076, -123.046876 49.204117, -123.04469 49.204023, -123.043644 49.203928, -123.042333 49.203711, -123.039142 49.203181, -123.03696 49.202744, -123.032691 49.201782, -123.024678 49.199888)))"
88926,East Cambie,Neighborhood,N,Neighborhood,North,East Cambie,,CAN,"Vancouver, BC",49.180802,-123.087624,20220419,5965754.805,Canada,British Columbia,"Vancouver, BC",Richmond,"MULTIPOLYGON (((-123.069173 49.19042, -123.069142 49.170137, -123.08694 49.170288, -123.088861 49.170281, -123.091006 49.170289, -123.092419 49.170275, -123.092731 49.170268, -123.093011 49.170257, -123.0930568 49.1702547, -123.093347 49.17024, -123.093665 49.170216, -123.094297 49.170161, -123.094663 49.170138, -123.09486 49.170129, -123.09518 49.170115, -123.095389 49.170108, -123.095674 49.170108, -123.09722 49.170122, -123.099533 49.170125, -123.101951 49.170121, -123.102994 49.170122, -123.102792 49.181186, -123.11206 49.187636, -123.112313 49.190546, -123.111793 49.190544, -123.111133 49.190542, -123.110412 49.190543, -123.109844 49.190548, -123.1093 49.190538, -123.108643 49.190538, -123.108137 49.190541, -123.107643 49.190549, -123.106985 49.19055, -123.106423 49.190547, -123.105921 49.190541, -123.103383 49.190518, -123.102077 49.190549, -123.101373 49.190545, -123.100933 49.190543, -123.100543 49.190539, -123.100019 49.19053, -123.099402 49.190528, -123.098625 49.190517, -123.098138 49.190517, -123.097681 49.190516, -123.097095 49.190513, -123.096476 49.190508, -123.095527 49.190499, -123.094556 49.190486, -123.094444 49.190496, -123.093827 49.19049, -123.093233 49.190485, -123.093234 49.190257, -123.091497 49.190224, -123.091498 49.190127, -123.089404 49.190138, -123.088972 49.190141, -123.088189 49.190139, -123.087624 49.190148, -123.086975 49.190144, -123.086023 49.190162, -123.085647 49.19015, -123.084957 49.19015, -123.084805 49.190148, -123.084801 49.19017, -123.08449 49.190152, -123.084216 49.190137, -123.083987 49.190127, -123.083986 49.190162, -123.083455 49.190165, -123.083434 49.190157, -123.082978 49.190155, -123.082791 49.190153, -123.082525 49.190155, -123.082524 49.190169, -123.0822 49.190167, -123.081773 49.190164, -123.081102 49.190161, -123.080529 49.190169, -123.080269 49.190167, -123.080125 49.190319, -123.079892 49.190412, -123.079738 49.190413, -123.079732 49.190265, -123.079056 49.190262, -123.079056 49.190297, -123.078123 49.190302, -123.077445 49.190306, -123.077443 49.190413, -123.076029 49.190427, -123.075994 49.190377, -123.075908 49.190398, -123.075837 49.190413, -123.075771 49.190423, -123.075672 49.190436, -123.075593 49.190444, -123.075534 49.190448, -123.075422 49.190451, -123.075224 49.190453, -123.074642 49.190452, -123.073777 49.190452, -123.07296 49.190453, -123.072832 49.190455, -123.072749 49.19046, -123.072664 49.190468, -123.072588 49.19048, -123.072497 49.190495, -123.072389 49.19052, -123.072281 49.190548, -123.072109 49.190547, -123.071728 49.190554, -123.071253 49.190554, -123.071257 49.190406, -123.069173 49.19042)))"
88944,Golden Village,Neighborhood,N,Neighborhood,North,Golden Village,,CAN,"Vancouver, BC",49.183697,-123.13307,20220419,1862238.822,Canada,British Columbia,"Vancouver, BC",Richmond,"MULTIPOLYGON (((-123.13284 49.191013, -123.132671 49.19101, -123.132436 49.191011, -123.131395 49.191018, -123.130073 49.19103, -123.128843 49.191015, -123.127098 49.191014, -123.125986 49.191022, -123.124451 49.191033, -123.124499 49.190747, -123.124521 49.19066, -123.124561 49.19056, -123.124664 49.190333, -123.124711 49.190227, -123.124743 49.190123, -123.124763 49.190028, -123.124775 49.18991, -123.12478 49.189796, -123.124785 49.188595, -123.124779 49.187511, -123.124775 49.187312, -123.124767 49.187223, -123.124755 49.187126, -123.124739 49.187049, -123.124678 49.186815, -123.124581 49.186498, -123.124571 49.186441, -123.12456 49.186365, -123.124553 49.186267, -123.124545 49.186111, -123.124536 49.185202, -123.12454 49.184647, -123.124544 49.184055, -123.124559 49.182784, -123.124554 49.18161, -123.124562 49.180301, -123.124566 49.178983, -123.12457 49.17796, -123.124568 49.177294, -123.12551 49.177294, -123.127271 49.177312, -123.12913 49.177324, -123.130601 49.177328, -123.132164 49.177336, -123.133681 49.177346, -123.135468 49.17736, -123.137457 49.17736, -123.137609 49.17735, -123.137822 49.177336, -123.137965 49.177316, -123.138093 49.177293, -123.138197 49.177272, -123.138287 49.17725, -123.138411 49.177215, -123.138531 49.177178, -123.138672 49.177126, -123.138942 49.177001, -123.139464 49.17676, -123.140066 49.176482, -123.140678 49.176196, -123.141108 49.176569, -123.141625 49.177055, -123.142186 49.177571, -123.142325 49.177692, -123.142279 49.177714, -123.142416 49.177829, -123.142675 49.178063, -123.142767 49.178017, -123.143323 49.178525, -123.143709 49.178879, -123.143998 49.179126, -123.143264 49.179478, -123.143188 49.179513, -123.143316 49.179629, -123.144475 49.180681, -123.14362 49.181163, -123.143064 49.181623, -123.142575 49.182168, -123.141735 49.183222, -123.14136 49.183756, -123.140597 49.185178, -123.140021 49.186251, -123.138442 49.189205, -123.137142 49.191881, -123.134797 49.191336, -123.134327 49.191225, -123.13381 49.191115, -123.133661 49.191089, -123.133564 49.191077, -123.133402 49.19106, -123.133182 49.191038, -123.133 49.191022, -123.13284 49.191013)))"
89050,West Cambie,Neighborhood,N,Neighborhood,North,West Cambie,,CAN,"Vancouver, BC",49.181083,-123.113815,20220419,2611511.656,Canada,British Columbia,"Vancouver, BC",Richmond,"MULTIPOLYGON (((-123.113892 49.191967, -123.113766 49.191967, -123.113773 49.191719, -123.113778 49.191239, -123.113791 49.190762, -123.113681 49.190717, -123.113595 49.190682, -123.113531 49.190657, -123.113485 49.19064, -123.113451 49.190629, -123.113427 49.190623, -123.113384 49.190617, -123.113348 49.190616, -123.113232 49.190615, -123.112701 49.190614, -123.112312 49.190612, -123.112313 49.190546, -123.11206 49.187636, -123.102792 49.181186, -123.102994 49.170122, -123.10434 49.170124, -123.106402 49.170138, -123.10894 49.170136, -123.111542 49.170154, -123.113983 49.170148, -123.113986 49.171077, -123.113988 49.172176, -123.113995 49.173127, -123.114 49.173998, -123.114002 49.174913, -123.114009 49.175811, -123.114007 49.176737, -123.114 49.177281, -123.116138 49.177275, -123.117489 49.177268, -123.119341 49.177268, -123.120095 49.177266, -123.120303 49.177268, -123.120543 49.177273, -123.121171 49.177287, -123.121671 49.177295, -123.121969 49.177296, -123.122575 49.177294, -123.123654 49.177294, -123.124568 49.177294, -123.12457 49.17796, -123.124566 49.178983, -123.124562 49.180301, -123.124554 49.18161, -123.124559 49.182784, -123.124544 49.184055, -123.12454 49.184647, -123.124536 49.185202, -123.124545 49.186111, -123.124553 49.186267, -123.12456 49.186365, -123.124571 49.186441, -123.124581 49.186498, -123.124678 49.186815, -123.124739 49.187049, -123.124755 49.187126, -123.124767 49.187223, -123.124775 49.187312, -123.124779 49.187511, -123.124785 49.188595, -123.12478 49.189796, -123.124775 49.18991, -123.124763 49.190028, -123.124743 49.190123, -123.124711 49.190227, -123.124664 49.190333, -123.124561 49.19056, -123.124521 49.19066, -123.124499 49.190747, -123.124451 49.191033, -123.121339 49.191024, -123.121111 49.191028, -123.120941 49.191038, -123.120794 49.191056, -123.120652 49.191085, -123.120473 49.191131, -123.120267 49.191195, -123.120054 49.19128, -123.119829 49.191384, -123.119436 49.191613, -123.118899 49.191991, -123.117396 49.19198, -123.116003 49.191966, -123.113892 49.191967)))"
822177,Capstan Village,Neighborhood,S,Sub Neighborhood,North,Golden Village,Capstan Village,CAN,"Vancouver, BC",49.188011,-123.131695,20220419,698887.528,Canada,British Columbia,"Vancouver, BC",Richmond,"MULTIPOLYGON (((-123.124451 49.191033, -123.124499 49.190747, -123.124521 49.19066, -123.124561 49.19056, -123.124664 49.190333, -123.124711 49.190227, -123.124743 49.190123, -123.124763 49.190028, -123.124775 49.18991, -123.12478 49.189796, -123.124785 49.188595, -123.124779 49.187511, -123.124775 49.187312, -123.124767 49.187223, -123.124755 49.187126, -123.124739 49.187049, -123.124678 49.186815, -123.124581 49.186498, -123.124571 49.186441, -123.12456 49.186365, -123.124553 49.186267, -123.124545 49.186111, -123.124536 49.185202, -123.12454 49.184647, -123.126269 49.184661, -123.127616 49.184671, -123.129357 49.184683, -123.130701 49.184687, -123.132453 49.184696, -123.132445 49.185565, -123.13244 49.185734, -123.133048 49.185731, -123.134553 49.185732, -123.135067 49.18574, -123.13528 49.185813, -123.135541 49.185927, -123.135822 49.185969, -123.136165 49.186022, -123.136542 49.186073, -123.13668 49.186092, -123.136592 49.186203, -123.136488 49.18633, -123.136663 49.186355, -123.136986 49.186389, -123.137284 49.186419, -123.137308 49.186365, -123.137527 49.18641, -123.13763 49.186249, -123.137702 49.186131, -123.137989 49.185606, -123.138168 49.18528, -123.138316 49.185006, -123.138386 49.184892, -123.138494 49.18472, -123.138588 49.18458, -123.139348 49.184798, -123.140597 49.185178, -123.140021 49.186251, -123.138442 49.189205, -123.137142 49.191881, -123.134797 49.191336, -123.134327 49.191225, -123.13381 49.191115, -123.133661 49.191089, -123.133564 49.191077, -123.133402 49.19106, -123.133182 49.191038, -123.133 49.191022, -123.13284 49.191013, -123.132671 49.19101, -123.132436 49.191011, -123.131395 49.191018, -123.130073 49.19103, -123.128843 49.191015, -123.127098 49.191014, -123.125986 49.191022, -123.124451 49.191033)))"
822178,Aberdeen Village,Neighborhood,S,Sub Neighborhood,North,Golden Village,Aberdeen Village,CAN,"Vancouver, BC",49.181105,-123.133896,20220419,1163351.294,Canada,British Columbia,"Vancouver, BC",Richmond,"MULTIPOLYGON (((-123.12454 49.184647, -123.124544 49.184055, -123.124559 49.182784, -123.124554 49.18161, -123.124562 49.180301, -123.124566 49.178983, -123.12457 49.17796, -123.124568 49.177294, -123.12551 49.177294, -123.127271 49.177312, -123.12913 49.177324, -123.130601 49.177328, -123.132164 49.177336, -123.133681 49.177346, -123.135468 49.17736, -123.137457 49.17736, -123.137609 49.17735, -123.137822 49.177336, -123.137965 49.177316, -123.138093 49.177293, -123.138197 49.177272, -123.138287 49.17725, -123.138411 49.177215, -123.138531 49.177178, -123.138672 49.177126, -123.138942 49.177001, -123.139464 49.17676, -123.140066 49.176482, -123.140678 49.176196, -123.141108 49.176569, -123.141625 49.177055, -123.142186 49.177571, -123.142325 49.177692, -123.142279 49.177714, -123.142416 49.177829, -123.142675 49.178063, -123.142767 49.178017, -123.143323 49.178525, -123.143709 49.178879, -123.143998 49.179126, -123.143264 49.179478, -123.143188 49.179513, -123.143316 49.179629, -123.144475 49.180681, -123.14362 49.181163, -123.143064 49.181623, -123.142575 49.182168, -123.141735 49.183222, -123.14136 49.183756, -123.140597 49.185178, -123.139348 49.184798, -123.138588 49.18458, -123.138494 49.18472, -123.138386 49.184892, -123.138316 49.185006, -123.138168 49.18528, -123.137989 49.185606, -123.137702 49.186131, -123.13763 49.186249, -123.137527 49.18641, -123.137308 49.186365, -123.137284 49.186419, -123.136986 49.186389, -123.136663 49.186355, -123.136488 49.18633, -123.136592 49.186203, -123.13668 49.186092, -123.136542 49.186073, -123.136165 49.186022, -123.135822 49.185969, -123.135541 49.185927, -123.13528 49.185813, -123.135067 49.18574, -123.134553 49.185732, -123.133048 49.185731, -123.13244 49.185734, -123.132445 49.185565, -123.132453 49.184696, -123.130701 49.184687, -123.129357 49.184683, -123.127616 49.184671, -123.126269 49.184661, -123.12454 49.184647)))"
822181,Brideport Village,Neighborhood,N,Neighborhood,North,Brideport Village,,CAN,"Vancouver, BC",49.195926,-123.124084,20220419,1589093.215,Canada,British Columbia,"Vancouver, BC",Richmond,"MULTIPOLYGON (((-123.11384 49.201714, -123.11384 49.200321, -123.113857 49.199551, -123.113863 49.198923, -123.113867 49.198194, -123.113866 49.197729, -123.113889 49.197158, -123.113899 49.196851, -123.113906 49.196592, -123.113918 49.196323, -123.114551 49.196313, -123.115217 49.196302, -123.115212 49.195926, -123.115218 49.195521, -123.115218 49.195129, -123.115219 49.19479, -123.115218 49.1946, -123.114848 49.194598, -123.113895 49.194595, -123.11388 49.193617, -123.113889 49.192615, -123.113892 49.191967, -123.116003 49.191966, -123.117396 49.19198, -123.118899 49.191991, -123.119436 49.191613, -123.119829 49.191384, -123.120054 49.19128, -123.120267 49.191195, -123.120473 49.191131, -123.120652 49.191085, -123.120794 49.191056, -123.120941 49.191038, -123.121111 49.191028, -123.121339 49.191024, -123.124451 49.191033, -123.125986 49.191022, -123.127098 49.191014, -123.128843 49.191015, -123.130073 49.19103, -123.131395 49.191018, -123.132436 49.191011, -123.132671 49.19101, -123.13284 49.191013, -123.133 49.191022, -123.133182 49.191038, -123.133402 49.19106, -123.133564 49.191077, -123.133661 49.191089, -123.13381 49.191115, -123.134327 49.191225, -123.134797 49.191336, -123.137142 49.191881, -123.136363 49.193487, -123.135271 49.195727, -123.134977 49.19624, -123.134602 49.19671, -123.134063 49.197244, -123.133112 49.198101, -123.132276 49.198853, -123.1315298 49.1989372, -123.131098 49.198986, -123.1304944 49.1990806, -123.129854 49.199181, -123.129124 49.199323, -123.12815 49.199553, -123.1268961 49.1999801, -123.125446 49.200474, -123.12243 49.201409, -123.1213896 49.2017236, -123.121375 49.201728, -123.120455 49.201905, -123.119373 49.201994, -123.118075 49.202083, -123.117759 49.202083, -123.1175056 49.202083, -123.116858 49.202083, -123.115856 49.20203, -123.114937 49.201925, -123.11384 49.201714)))"
822182,Bridgeport,Neighborhood,N,Neighborhood,North,Bridgeport,,CAN,"Vancouver, BC",49.196825,-123.083083,20220419,4684943.42,Canada,British Columbia,"Vancouver, BC",Richmond,"MULTIPOLYGON (((-123.0571181 49.2045929, -123.0539909 49.2044063, -123.052927 49.204355, -123.050911 49.204288, -123.046876 49.204117, -123.046817 49.202076, -123.046806 49.2016, -123.046811 49.200773, -123.04681 49.199931, -123.046813 49.199287, -123.047564 49.199291, -123.048456 49.199295, -123.049431 49.199302, -123.05041 49.199307, -123.051315 49.199315, -123.052299 49.199322, -123.05326 49.199327, -123.054403 49.199335, -123.055249 49.19934, -123.056065 49.199343, -123.056954 49.19935, -123.05779 49.199355, -123.057775 49.199011, -123.057834 49.19901, -123.057869 49.198999, -123.057898 49.198983, -123.057909 49.198961, -123.057933 49.197322, -123.059878 49.197334, -123.0611193 49.1973466, -123.061456 49.19735, -123.063062 49.197366, -123.064596 49.197374, -123.0648998 49.1973758, -123.066325 49.197384, -123.067807 49.197397, -123.069208 49.197409, -123.0692 49.19686, -123.069192 49.19565, -123.069186 49.194524, -123.069178 49.193483, -123.069195 49.192719, -123.069189 49.191593, -123.069173 49.19042, -123.071257 49.190406, -123.071253 49.190554, -123.071728 49.190554, -123.072109 49.190547, -123.072281 49.190548, -123.072389 49.19052, -123.072497 49.190495, -123.072588 49.19048, -123.072664 49.190468, -123.072749 49.19046, -123.072832 49.190455, -123.07296 49.190453, -123.073777 49.190452, -123.074642 49.190452, -123.075224 49.190453, -123.075422 49.190451, -123.075534 49.190448, -123.075593 49.190444, -123.075672 49.190436, -123.075771 49.190423, -123.075837 49.190413, -123.075908 49.190398, -123.075994 49.190377, -123.076029 49.190427, -123.077443 49.190413, -123.077445 49.190306, -123.078123 49.190302, -123.079056 49.190297, -123.079056 49.190262, -123.079732 49.190265, -123.079738 49.190413, -123.079892 49.190412, -123.080125 49.190319, -123.080269 49.190167, -123.080529 49.190169, -123.081102 49.190161, -123.081773 49.190164, -123.0822 49.190167, -123.082524 49.190169, -123.082525 49.190155, -123.082791 49.190153, -123.082978 49.190155, -123.083434 49.190157, -123.083455 49.190165, -123.083986 49.190162, -123.083987 49.190127, -123.084216 49.190137, -123.08449 49.190152, -123.084801 49.19017, -123.084805 49.190148, -123.084957 49.19015, -123.085647 49.19015, -123.086023 49.190162, -123.086975 49.190144, -123.087624 49.190148, -123.088189 49.190139, -123.088972 49.190141, -123.089404 49.190138, -123.091498 49.190127, -123.091497 49.190224, -123.093234 49.190257, -123.093233 49.190485, -123.093827 49.19049, -123.094444 49.190496, -123.094556 49.190486, -123.095527 49.190499, -123.096476 49.190508, -123.097095 49.190513, -123.097681 49.190516, -123.098138 49.190517, -123.098625 49.190517, -123.099402 49.190528, -123.100019 49.19053, -123.100543 49.190539, -123.100933 49.190543, -123.101373 49.190545, -123.102077 49.190549, -123.103383 49.190518, -123.105921 49.190541, -123.106423 49.190547, -123.106985 49.19055, -123.107643 49.190549, -123.108137 49.190541, -123.108643 49.190538, -123.1093 49.190538, -123.109844 49.190548, -123.110412 49.190543, -123.111133 49.190542, -123.111793 49.190544, -123.112313 49.190546, -123.112312 49.190612, -123.112701 49.190614, -123.113232 49.190615, -123.113348 49.190616, -123.113384 49.190617, -123.113427 49.190623, -123.113451 49.190629, -123.113485 49.19064, -123.113531 49.190657, -123.113595 49.190682, -123.113681 49.190717, -123.113791 49.190762, -123.113778 49.191239, -123.113773 49.191719, -123.113766 49.191967, -123.113892 49.191967, -123.113889 49.192615, -123.11388 49.193617, -123.113895 49.194595, -123.114848 49.194598, -123.115218 49.1946, -123.115219 49.19479, -123.115218 49.195129, -123.115218 49.195521, -123.115212 49.195926, -123.115217 49.196302, -123.114551 49.196313, -123.113918 49.196323, -123.113906 49.196592, -123.113899 49.196851, -123.113889 49.197158, -123.113866 49.197729, -123.113867 49.198194, -123.113863 49.198923, -123.113857 49.199551, -123.11384 49.200321, -123.11384 49.201714, -123.111906 49.201342, -123.108461 49.200524, -123.105218 49.199722, -123.10387 49.19939, -123.102936 49.199229, -123.100554 49.198877, -123.096507 49.198375, -123.093618 49.198055, -123.092636 49.197991, -123.091506 49.198039, -123.090573 49.198183, -123.08937 49.19844, -123.0860945 49.1994658, -123.081585 49.200878, -123.079933 49.201408, -123.078337 49.201857, -123.075563 49.202529, -123.074457 49.20277, -123.073156 49.202946, -123.068842 49.203614, -123.06742 49.20386, -123.064398 49.204357, -123.062549 49.204662, -123.0618484 49.2047356, -123.060706 49.20479, -123.059675 49.204758, -123.0571181 49.2045929)))"
89011,Sea Island,Neighborhood,N,Neighborhood,Sea Island,Sea Island,,CAN,"Vancouver, BC",49.196942,-123.178951,20220419,21363484.35,Canada,British Columbia,"Vancouver, BC",Richmond,"MULTIPOLYGON (((-123.1884977 49.2184058, -123.184942 49.216748, -123.183464 49.216155, -123.182479 49.215884, -123.181308 49.215733, -123.180427 49.215597, -123.178819 49.215462, -123.1786122 49.2154511, -123.175605 49.215293, -123.1733604 49.2151481, -123.17246 49.21509, -123.171319 49.215006, -123.169738 49.214769, -123.167456 49.214362, -123.166163 49.214007, -123.164893 49.2136, -123.162897 49.21277, -123.161212 49.212069, -123.160072 49.211527, -123.158672 49.210799, -123.157376 49.210003, -123.156391 49.209393, -123.155354 49.208648, -123.153763 49.207406, -123.152748 49.206551, -123.150375 49.204719, -123.1487914 49.2036441, -123.1415299 49.2003014, -123.141277 49.200185, -123.137068 49.199131, -123.134438 49.198516, -123.133112 49.198101, -123.134063 49.197244, -123.134602 49.19671, -123.134977 49.19624, -123.135271 49.195727, -123.136363 49.193487, -123.137142 49.191881, -123.138442 49.189205, -123.140021 49.186251, -123.140597 49.185178, -123.14136 49.183756, -123.141735 49.183222, -123.142575 49.182168, -123.143064 49.181623, -123.14362 49.181163, -123.144475 49.180681, -123.145102 49.180329, -123.146461 49.179676, -123.147752 49.179141, -123.148719 49.178744, -123.149628 49.17837, -123.151233 49.177798, -123.152687 49.177327, -123.153781 49.177006, -123.156815 49.176176, -123.1640673 49.1759847, -123.1711462 49.1759252, -123.1811745 49.1763873, -123.1840548 49.1765201, -123.1889922 49.1766688, -123.1916988 49.1772637, -123.1927398 49.1777693, -123.1928885 49.1780072, -123.1962495 49.1790483, -123.1981188 49.1795961, -123.2014248 49.1805652, -123.2065704 49.1818144, -123.2113591 49.1827959, -123.2115673 49.1832123, -123.2111886 49.1848137, -123.2110857 49.1869674, -123.2111107 49.1869741, -123.211199 49.1869979, -123.2120159 49.1872179, -123.2123165 49.1872987, -123.2142795 49.1876259, -123.2157369 49.1879828, -123.2170456 49.1886967, -123.2172836 49.1892915, -123.2173637 49.189361, -123.217968 49.189886, -123.2180953 49.1899462, -123.2189195 49.1903326, -123.2198713 49.1909572, -123.2196631 49.1914331, -123.2186815 49.1916413, -123.2185265 49.1916548, -123.2181268 49.1916888, -123.2180964 49.1916914, -123.217641 49.19173, -123.21657 49.191671, -123.2162981 49.1916936, -123.215499 49.19176, -123.214666 49.192206, -123.214071 49.192861, -123.21306 49.19298, -123.212287 49.193396, -123.211811 49.194199, -123.211513 49.195181, -123.211424 49.195924, -123.211186 49.196519, -123.21071 49.197471, -123.21077 49.198066, -123.2108548 49.1989564, -123.210889 49.199315, -123.210532 49.200267, -123.209996 49.200951, -123.20952 49.201754, -123.208866 49.202706, -123.208509 49.20339, -123.207885 49.204104, -123.2073787 49.2043422, -123.206899 49.204705, -123.206397 49.205085, -123.206253 49.20553, -123.206183 49.2057466, -123.206041 49.206186, -123.2057556 49.2068567, -123.2056395 49.2071295, -123.205535 49.207375, -123.20491 49.209101, -123.203899 49.210082, -123.2035517 49.2104195, -123.2035014 49.2104684, -123.2032941 49.2106699, -123.2032732 49.2107409, -123.203126 49.211242, -123.203245 49.212372, -123.2032534 49.2126653, -123.203274 49.213384, -123.2033273 49.2140181, -123.2033299 49.2140489, -123.203364 49.214454, -123.2037503 49.2151244, -123.20381 49.215228, -123.2039928 49.2153144, -123.204375 49.215495, -123.205327 49.216031, -123.2058536 49.2161857, -123.206338 49.216328, -123.2068501 49.2163479, -123.207111 49.216358, -123.2074351 49.216366, -123.208301 49.216388, -123.20958 49.216269, -123.21054 49.216547, -123.21071 49.216596, -123.2109344 49.2166423, -123.211573 49.216774, -123.212346 49.216507, -123.212881 49.216001, -123.214576 49.215622, -123.214488 49.216239, -123.214518 49.217012, -123.2144617 49.2175563, -123.2144393 49.2177725, -123.214398 49.218172, -123.214845 49.21957, -123.2150369 49.2199549, -123.215231 49.220344, -123.2158378 49.2207265, -123.216362 49.221057, -123.21773 49.22189, -123.2198156 49.2225357, -123.219881 49.222556, -123.220132 49.222685, -123.220484 49.22282, -123.2207888 49.2229221, -123.222517 49.223501, -123.222535 49.223507, -123.2226557 49.2236332, -123.222667 49.223645, -123.2233157 49.2241219, -123.223679 49.224389, -123.224868 49.224686, -123.226088 49.225043, -123.2261446 49.2250543, -123.226654 49.225156, -123.226423 49.226906, -123.223073 49.227674, -123.201372 49.221514, -123.194947 49.220399, -123.192042 49.219824, -123.191451 49.219665, -123.19116 49.219587, -123.190186 49.219188, -123.1892627 49.2187622, -123.189193 49.21873, -123.1884977 49.2184058)))"
1280415,Burkeville,Neighborhood,S,Sub Neighborhood,Sea Island,Sea Island,Burkeville,CAN,"Vancouver, BC",49.188537,-123.147266,20220419,430560.078,Canada,British Columbia,"Vancouver, BC",Richmond,"MULTIPOLYGON (((-123.1422295 49.1921511, -123.1423057 49.1913231, -123.1425531 49.1907996, -123.1432384 49.1894481, -123.1444186 49.1872685, -123.1448945 49.1865927, -123.145399 49.185917, -123.1464459 49.1849652, -123.1479497 49.1837945, -123.1494345 49.182719, -123.1498723 49.1835375, -123.1501198 49.1841562, -123.1502911 49.1846796, -123.1502851 49.1847816, -123.1505557 49.1847858, -123.1504434 49.1892006, -123.1507385 49.1891911, -123.1507784 49.1921359, -123.1422295 49.1921511)))"
89015,Gilmore,Neighborhood,N,Neighborhood,South,Gilmore,,CAN,"Vancouver, BC",49.122904,-123.130971,20220419,9415531.531,Canada,British Columbia,"Vancouver, BC",Richmond,"MULTIPOLYGON (((-123.136613 49.133499, -123.135627 49.133496, -123.134068 49.133508, -123.132276 49.133508, -123.130533 49.133502, -123.128905 49.133497, -123.126944 49.133491, -123.124648 49.133486, -123.122548 49.133474, -123.120811 49.133468, -123.118844 49.133458, -123.116718 49.133449, -123.114731 49.13342, -123.114273 49.13342, -123.112993 49.133419, -123.111731 49.133434, -123.11013 49.133427, -123.108579 49.133421, -123.107169 49.133417, -123.105428 49.133415, -123.103574 49.133395, -123.103139 49.133396, -123.103154 49.116924, -123.103318 49.116887, -123.103675 49.11678, -123.104187 49.116637, -123.104436 49.116494, -123.10471 49.116328, -123.105115 49.116221, -123.105555 49.116125, -123.106019 49.115994, -123.106435 49.115887, -123.10703 49.115614, -123.107827 49.115364, -123.107849 49.115314, -123.107863 49.115376, -123.109053 49.114912, -123.110433 49.114519, -123.111872 49.113996, -123.113395 49.113425, -123.114763 49.113068, -123.116524 49.11258, -123.117143 49.1123405, -123.117571 49.112176, -123.118047 49.112104, -123.11769 49.11252, -123.118035 49.112425, -123.118309 49.112259, -123.118725 49.111926, -123.119201 49.11164, -123.119843 49.111355, -123.120379 49.111248, -123.12095 49.111093, -123.121521 49.11095, -123.121926 49.110855, -123.122556 49.110819, -123.123246 49.110843, -123.123543 49.110986, -123.12371 49.111081, -123.123972 49.111021, -123.124341 49.110783, -123.124686 49.110676, -123.125174 49.110581, -123.125899 49.110534, -123.125994 49.110343, -123.127017 49.110177, -123.12766 49.110129, -123.127993 49.110189, -123.128641 49.110142, -123.128648 49.110165, -123.129361 49.110093, -123.130087 49.11001, -123.130706 49.11001, -123.131289 49.11007, -123.131812 49.110034, -123.132252 49.110081, -123.132942 49.110153, -123.133632 49.110165, -123.134382 49.110212, -123.134941 49.11032, -123.135714 49.110331, -123.136345 49.110331, -123.136666 49.110462, -123.136928 49.110486, -123.137166 49.110427, -123.137428 49.110439, -123.13782 49.110486, -123.138237 49.110498, -123.138261 49.1102, -123.138606 49.110224, -123.138582 49.110546, -123.139022 49.110534, -123.139581 49.110546, -123.140152 49.110569, -123.14083 49.110653, -123.141401 49.110641, -123.142056 49.110676, -123.142567 49.110724, -123.143138 49.110676, -123.143912 49.110783, -123.144411 49.110819, -123.144887 49.111009, -123.14528 49.111176, -123.145625 49.111283, -123.146029 49.111319, -123.14647 49.111462, -123.14691 49.111592, -123.147433 49.111711, -123.14785 49.111949, -123.148147 49.111949, -123.148468 49.111985, -123.148825 49.112199, -123.149134 49.112271, -123.149468 49.112366, -123.149622 49.112568, -123.149848 49.112639, -123.1503 49.112711, -123.150586 49.112735, -123.150783 49.112797, -123.150788 49.112818, -123.151288 49.112913, -123.151252 49.113044, -123.151514 49.11327, -123.151954 49.113496, -123.152466 49.113746, -123.153084 49.114127, -123.153674 49.114389, -123.153467 49.114668, -123.153633 49.114729, -123.153399 49.114985, -123.15329 49.114938, -123.153295 49.115131, -123.153292 49.115314, -123.153297 49.115682, -123.1533 49.115924, -123.1533 49.116216, -123.153301 49.116497, -123.153301 49.116824, -123.153292 49.117142, -123.154051 49.117474, -123.154652 49.117741, -123.155206 49.117989, -123.155956 49.118327, -123.156601 49.118613, -123.157365 49.118955, -123.158351 49.119394, -123.158863 49.11963, -123.158863 49.120165, -123.158863 49.121061, -123.158865 49.121802, -123.158875 49.122532, -123.15888 49.123152, -123.158877 49.123517, -123.158868 49.124138, -123.15888 49.124492, -123.158884 49.124971, -123.158885 49.125181, -123.15889 49.125886, -123.158894 49.126765, -123.158893 49.127573, -123.158895 49.128289, -123.158897 49.128988, -123.158898 49.129718, -123.158898 49.130513, -123.158897 49.131332, -123.158899 49.132123, -123.158895 49.13272, -123.158886 49.132786, -123.158874 49.132848, -123.158861 49.132903, -123.158853 49.132937, -123.15885 49.132972, -123.15885 49.133333, -123.158853 49.133508, -123.158436 49.133501, -123.158051 49.1335, -123.157327 49.133502, -123.156591 49.133513, -123.155316 49.133514, -123.154158 49.133511, -123.152495 49.133508, -123.151257 49.13351, -123.149718 49.133502, -123.148562 49.133489, -123.14779 49.133489, -123.146793 49.133489, -123.145699 49.1335, -123.144548 49.133505, -123.143298 49.133509, -123.142122 49.133511, -123.140839 49.13351, -123.139576 49.133516, -123.137598 49.133502, -123.136613 49.133499)))"
822159,Historic Steveston Village,Neighborhood,S,Sub Neighborhood,South,Steveston,Historic Steveston Village,CAN,"Vancouver, BC",49.12494,-123.184488,20220419,198540.105,Canada,British Columbia,"Vancouver, BC",Richmond,"MULTIPOLYGON (((-123.181216 49.126907, -123.18121 49.126441, -123.181201 49.125633, -123.181195 49.125187, -123.18119 49.124791, -123.181183 49.124315, -123.181187 49.123895, -123.181181 49.123807, -123.181181 49.123781, -123.181186 49.12376, -123.181249 49.123583, -123.181275 49.12351, -123.18123 49.123504, -123.181273 49.123391, -123.18123 49.123385, -123.181297 49.123185, -123.181272 49.123181, -123.181304 49.123062, -123.181826 49.123145, -123.182178 49.12321, -123.182239 49.123045, -123.182445 49.123078, -123.182392 49.123243, -123.182591 49.123276, -123.183728 49.123454, -123.183831 49.123188, -123.184288 49.123242, -123.184379 49.12293, -123.185286 49.122775, -123.185489 49.122798, -123.186598 49.122971, -123.186955 49.123014, -123.187177 49.12308, -123.187037 49.123428, -123.187937 49.123584, -123.188881 49.12373, -123.189411 49.123806, -123.189679 49.12394, -123.18897 49.124145, -123.188824 49.12417, -123.188616 49.124188, -123.18836 49.124213, -123.188214 49.124221, -123.188009 49.124225, -123.187851 49.124218, -123.187352 49.124147, -123.187326 49.124305, -123.187324 49.125134, -123.187326 49.125277, -123.187327 49.125358, -123.187352 49.125372, -123.187366 49.12538, -123.187375 49.125392, -123.187377 49.125411, -123.187379 49.125829, -123.187374 49.126428, -123.187194 49.126428, -123.18718 49.126908, -123.186933 49.126907, -123.186577 49.126905, -123.186441 49.126906, -123.18644 49.126936, -123.186124 49.126935, -123.185766 49.12693, -123.185767 49.126903, -123.185167 49.126903, -123.184255 49.126899, -123.183433 49.126899, -123.182997 49.126899, -123.182041 49.126898, -123.181216 49.126907)))"
822160,Westwind,Neighborhood,N,Neighborhood,South,Westwind,,CAN,"Vancouver, BC",49.129331,-123.164359,20220419,758953.087,Canada,British Columbia,"Vancouver, BC",Richmond,"MULTIPOLYGON (((-123.158853 49.133508, -123.15885 49.133333, -123.15885 49.132972, -123.158853 49.132937, -123.158861 49.132903, -123.158874 49.132848, -123.158886 49.132786, -123.158895 49.13272, -123.158899 49.132123, -123.158897 49.131332, -123.158898 49.130513, -123.158898 49.129718, -123.158897 49.128988, -123.158895 49.128289, -123.158893 49.127573, -123.158894 49.126765, -123.15889 49.125886, -123.158885 49.125181, -123.158884 49.124971, -123.159602 49.124983, -123.16147 49.12501, -123.162969 49.125033, -123.164364 49.125051, -123.165792 49.125074, -123.167331 49.125097, -123.168802 49.125119, -123.169831 49.125136, -123.169825 49.125865, -123.169825 49.126913, -123.169826 49.127913, -123.169811 49.129035, -123.169808 49.129851, -123.169814 49.130679, -123.169818 49.1318, -123.169797 49.133046, -123.169787 49.133716, -123.168687 49.133698, -123.167273 49.133672, -123.16573 49.13364, -123.164322 49.13361, -123.162722 49.133581, -123.161455 49.133554, -123.160353 49.133535, -123.159599 49.13352, -123.158853 49.133508)))"
822224,London - Princess,Neighborhood,N,Neighborhood,South,London - Princess,,CAN,"Vancouver, BC",49.11697,-123.156227,20220419,132080.137,Canada,British Columbia,"Vancouver, BC",Richmond,"MULTIPOLYGON (((-123.153633 49.114729, -123.154333 49.114939, -123.154796 49.115074, -123.155074 49.115135, -123.155361 49.115189, -123.155622 49.115237, -123.155752 49.115283, -123.155869 49.115318, -123.156006 49.115359, -123.156053 49.115316, -123.156098 49.115259, -123.156113 49.115239, -123.156118 49.115215, -123.156129 49.115196, -123.156156 49.115166, -123.156172 49.115165, -123.156194 49.11517, -123.15624 49.115188, -123.156264 49.115204, -123.156284 49.115222, -123.156282 49.115243, -123.15626 49.115263, -123.156184 49.115333, -123.156144 49.115383, -123.156137 49.115408, -123.156131 49.115438, -123.156132 49.11546, -123.156143 49.115488, -123.156174 49.11553, -123.156219 49.115566, -123.156287 49.115597, -123.156642 49.115715, -123.157321 49.115979, -123.157389 49.115996, -123.157484 49.116002, -123.157563 49.115998, -123.15765 49.115983, -123.157749 49.11596, -123.157981 49.115687, -123.158446 49.115855, -123.158286 49.116042, -123.158547 49.116171, -123.158681 49.116235, -123.15875 49.116267, -123.158789 49.116289, -123.158813 49.116315, -123.158813 49.116334, -123.158751 49.116444, -123.158718 49.116508, -123.158695 49.116559, -123.158694 49.116587, -123.158697 49.116621, -123.158707 49.116652, -123.158719 49.116667, -123.15875 49.116692, -123.158793 49.116709, -123.158822 49.116718, -123.158773 49.116836, -123.158757 49.116906, -123.158823 49.116916, -123.1588 49.116975, -123.158825 49.116987, -123.15885 49.117003, -123.158861 49.117012, -123.158873 49.117025, -123.158886 49.11704, -123.158897 49.117059, -123.1589055 49.11708, -123.15891 49.117098, -123.158913 49.117217, -123.158911 49.117468, -123.158911 49.117513, -123.1589135 49.1175545, -123.1589195 49.117581, -123.158929 49.117604, -123.158989 49.117709, -123.158851 49.11771, -123.158854 49.118296, -123.158866 49.119091, -123.158862 49.119358, -123.158863 49.11963, -123.158351 49.119394, -123.157365 49.118955, -123.156601 49.118613, -123.155956 49.118327, -123.155206 49.117989, -123.154652 49.117741, -123.154051 49.117474, -123.153292 49.117142, -123.153301 49.116824, -123.153301 49.116497, -123.1533 49.116216, -123.1533 49.115924, -123.153297 49.115682, -123.153292 49.115314, -123.153295 49.115131, -123.15329 49.114938, -123.153399 49.114985, -123.153633 49.114729)))"
822229,Steveston North,Neighborhood,N,Neighborhood,South,Steveston North,,CAN,"Vancouver, BC",49.13738,-123.176754,20220419,2128784.394,Canada,British Columbia,"Vancouver, BC",Richmond,"MULTIPOLYGON (((-123.181374 49.141051, -123.18036 49.141043, -123.179487 49.14104, -123.177863 49.141038, -123.176188 49.141037, -123.174561 49.141034, -123.17301 49.141032, -123.171356 49.14103, -123.169806 49.141028, -123.16921 49.141027, -123.167726 49.141023, -123.166431 49.141022, -123.165072 49.141017, -123.163748 49.141014, -123.162304 49.141013, -123.160867 49.141009, -123.159765 49.141005, -123.158949 49.14101, -123.158948 49.140618, -123.158936 49.139741, -123.158917 49.138509, -123.158903 49.137519, -123.158889 49.136387, -123.158867 49.134977, -123.158862 49.134169, -123.158853 49.133508, -123.159599 49.13352, -123.160353 49.133535, -123.161455 49.133554, -123.162722 49.133581, -123.164322 49.13361, -123.16573 49.13364, -123.167273 49.133672, -123.168687 49.133698, -123.169787 49.133716, -123.170497 49.133728, -123.17172 49.133741, -123.173312 49.133744, -123.174379 49.133749, -123.175529 49.133748, -123.176778 49.13375, -123.178093 49.13375, -123.179148 49.133756, -123.180933 49.133785, -123.181299 49.133784, -123.183107 49.133779, -123.184353 49.133783, -123.185921 49.133789, -123.187578 49.133795, -123.188958 49.133796, -123.190519 49.133791, -123.191783 49.13378, -123.192652 49.133779, -123.193257 49.133777, -123.194088 49.133765, -123.194097 49.133805, -123.194277 49.134253, -123.194352 49.134448, -123.194526 49.134841, -123.194768 49.135381, -123.194932 49.135773, -123.194989 49.135913, -123.195003 49.135952, -123.195012 49.135993, -123.19503 49.136072, -123.195037 49.13612, -123.195039 49.13618, -123.195047 49.136584, -123.19503 49.137089, -123.195003 49.137511, -123.194929 49.138173, -123.19487 49.13874, -123.194817 49.139348, -123.194748 49.140051, -123.194676 49.140758, -123.194623 49.141076, -123.194327 49.14107, -123.194334 49.141009, -123.19374 49.141012, -123.192167 49.141015, -123.190515 49.141038, -123.189161 49.141041, -123.18796 49.141048, -123.186672 49.141051, -123.185446 49.141048, -123.184315 49.141056, -123.182904 49.141059, -123.182008 49.141056, -123.181374 49.141051)))"
822271,British Columbia Packers,Neighborhood,S,Sub Neighborhood,South,Steveston South,British Columbia Packers,CAN,"Vancouver, BC",49.12356,-123.176708,20220419,169646.957,Canada,British Columbia,"Vancouver, BC",Richmond,"MULTIPOLYGON (((-123.172793 49.121343, -123.173552 49.121543, -123.173645 49.121604, -123.174024 49.121686, -123.174066 49.121595, -123.174858 49.121763, -123.175105 49.121854, -123.175215 49.121895, -123.175267 49.121923, -123.175326 49.121975, -123.175376 49.122024, -123.175436 49.122096, -123.175474 49.122138, -123.17548 49.122162, -123.175474 49.122205, -123.175945 49.122386, -123.175993 49.122354, -123.176033 49.122332, -123.176056 49.12233, -123.176126 49.12234, -123.176659 49.122426, -123.176828 49.122474, -123.177277 49.122569, -123.17732 49.122284, -123.177561 49.122205, -123.177698 49.122204, -123.177705 49.122643, -123.178758 49.122844, -123.179308 49.122953, -123.180174 49.123121, -123.18039 49.123172, -123.180536 49.123219, -123.180619 49.123256, -123.180738 49.123321, -123.180942 49.123436, -123.181019 49.123497, -123.181079 49.123543, -123.181104 49.123554, -123.181148 49.123566, -123.181249 49.123583, -123.181186 49.12376, -123.181181 49.123781, -123.181181 49.123807, -123.181187 49.123895, -123.181183 49.124315, -123.18119 49.124791, -123.181195 49.125187, -123.180173 49.12518, -123.179194 49.125178, -123.177962 49.125169, -123.176686 49.125162, -123.175341 49.12516, -123.174334 49.125156, -123.174339 49.124905, -123.174348 49.12457, -123.174348 49.12419, -123.174354 49.123887, -123.174357 49.123615, -123.174364 49.123375, -123.174364 49.123261, -123.174366 49.123206, -123.174371 49.123188, -123.174388 49.123153, -123.174426 49.123094, -123.174117 49.123009, -123.174084 49.122995, -123.174064 49.122981, -123.174041 49.122965, -123.174027 49.122949, -123.174017 49.122937, -123.173933 49.122919, -123.173624 49.122836, -123.173054 49.122689, -123.172807 49.12262, -123.172699 49.122558, -123.172528 49.12256, -123.171402 49.12226, -123.171556 49.121795, -123.171571 49.121732, -123.171576 49.121701, -123.171576 49.121685, -123.171571 49.121665, -123.171562 49.121649, -123.171552 49.121632, -123.171537 49.121616, -123.171516 49.121601, -123.171495 49.121589, -123.171436 49.121563, -123.171515 49.121512, -123.17163 49.121462, -123.17159 49.121417, -123.171796 49.121333, -123.171841 49.121376, -123.171929 49.121332, -123.172709 49.121526, -123.172793 49.121343)))"
822278,Steveston South,Neighborhood,N,Neighborhood,South,Steveston South,,CAN,"Vancouver, BC",49.125579,-123.171207,20220419,1703689.015,Canada,British Columbia,"Vancouver, BC",Richmond,"MULTIPOLYGON (((-123.179148 49.133756, -123.178093 49.13375, -123.176778 49.13375, -123.175529 49.133748, -123.174379 49.133749, -123.173312 49.133744, -123.17172 49.133741, -123.170497 49.133728, -123.169787 49.133716, -123.169797 49.133046, -123.169818 49.1318, -123.169814 49.130679, -123.169808 49.129851, -123.169811 49.129035, -123.169826 49.127913, -123.169825 49.126913, -123.169825 49.125865, -123.169831 49.125136, -123.168802 49.125119, -123.167331 49.125097, -123.165792 49.125074, -123.164364 49.125051, -123.162969 49.125033, -123.16147 49.12501, -123.159602 49.124983, -123.158884 49.124971, -123.15888 49.124492, -123.158868 49.124138, -123.158877 49.123517, -123.15888 49.123152, -123.158875 49.122532, -123.158865 49.121802, -123.158863 49.121061, -123.158863 49.120165, -123.158863 49.11963, -123.158862 49.119358, -123.158866 49.119091, -123.158854 49.118296, -123.158851 49.11771, -123.158989 49.117709, -123.158929 49.117604, -123.1589195 49.117581, -123.1589135 49.1175545, -123.158911 49.117513, -123.158911 49.117468, -123.158913 49.117217, -123.15891 49.117098, -123.1589055 49.11708, -123.158897 49.117059, -123.158886 49.11704, -123.158873 49.117025, -123.158861 49.117012, -123.15885 49.117003, -123.158825 49.116987, -123.1588 49.116975, -123.158823 49.116916, -123.158757 49.116906, -123.158773 49.116836, -123.158822 49.116718, -123.158847 49.116726, -123.158951 49.116666, -123.159248 49.116353, -123.159306 49.116287, -123.159688 49.11645, -123.160282 49.116712, -123.160947 49.116997, -123.161112 49.117068, -123.161684 49.117295, -123.162188 49.117457, -123.162065 49.11774, -123.162864 49.117889, -123.163549 49.118023, -123.164415 49.118346, -123.164928 49.118508, -123.165645 49.118688, -123.165757 49.118709, -123.165781 49.11866, -123.165843 49.118677, -123.165697 49.11892, -123.16622 49.119073, -123.166955 49.119128, -123.1673 49.119182, -123.167994 49.119392, -123.16863 49.119635, -123.16894 49.11973, -123.169745 49.120025, -123.170071 49.120147, -123.17114 49.12043, -123.172009 49.120656, -123.172978 49.120977, -123.172793 49.121343, -123.173552 49.121543, -123.173645 49.121604, -123.174024 49.121686, -123.174066 49.121595, -123.174858 49.121763, -123.175105 49.121854, -123.175215 49.121895, -123.175267 49.121923, -123.175326 49.121975, -123.175376 49.122024, -123.175436 49.122096, -123.175474 49.122138, -123.17548 49.122162, -123.175474 49.122205, -123.175945 49.122386, -123.175993 49.122354, -123.176033 49.122332, -123.176056 49.12233, -123.176126 49.12234, -123.176659 49.122426, -123.176828 49.122474, -123.177277 49.122569, -123.17732 49.122284, -123.177561 49.122205, -123.177698 49.122204, -123.177705 49.122643, -123.178758 49.122844, -123.179308 49.122953, -123.180174 49.123121, -123.18039 49.123172, -123.180536 49.123219, -123.180619 49.123256, -123.180738 49.123321, -123.180942 49.123436, -123.181019 49.123497, -123.181079 49.123543, -123.181104 49.123554, -123.181148 49.123566, -123.181249 49.123583, -123.181186 49.12376, -123.181181 49.123781, -123.181181 49.123807, -123.181187 49.123895, -123.181183 49.124315, -123.18119 49.124791, -123.181195 49.125187, -123.181201 49.125633, -123.18121 49.126441, -123.181216 49.126907, -123.181221 49.127342, -123.181234 49.128185, -123.181245 49.129106, -123.181261 49.130107, -123.181273 49.131146, -123.181284 49.131996, -123.181296 49.13308, -123.181299 49.133784, -123.180933 49.133785, -123.179148 49.133756)))"
822279,Steveston Village,Neighborhood,N,Neighborhood,South,Steveston Village,,CAN,"Vancouver, BC",49.128463,-123.188538,20220419,1202713.809,Canada,British Columbia,"Vancouver, BC",Richmond,"MULTIPOLYGON (((-123.194097 49.133805, -123.194088 49.133765, -123.193257 49.133777, -123.192652 49.133779, -123.191783 49.13378, -123.190519 49.133791, -123.188958 49.133796, -123.187578 49.133795, -123.185921 49.133789, -123.184353 49.133783, -123.183107 49.133779, -123.181299 49.133784, -123.181296 49.13308, -123.181284 49.131996, -123.181273 49.131146, -123.181261 49.130107, -123.181245 49.129106, -123.181234 49.128185, -123.181221 49.127342, -123.181216 49.126907, -123.18121 49.126441, -123.181201 49.125633, -123.181195 49.125187, -123.18119 49.124791, -123.181183 49.124315, -123.181187 49.123895, -123.181181 49.123807, -123.181181 49.123781, -123.181186 49.12376, -123.181249 49.123583, -123.181275 49.12351, -123.18123 49.123504, -123.181273 49.123391, -123.18123 49.123385, -123.181297 49.123185, -123.181272 49.123181, -123.181304 49.123062, -123.181826 49.123145, -123.182178 49.12321, -123.182239 49.123045, -123.182445 49.123078, -123.182392 49.123243, -123.182591 49.123276, -123.183728 49.123454, -123.183831 49.123188, -123.184288 49.123242, -123.184379 49.12293, -123.185286 49.122775, -123.185489 49.122798, -123.186598 49.122971, -123.186955 49.123014, -123.187177 49.12308, -123.187037 49.123428, -123.187937 49.123584, -123.188881 49.12373, -123.189411 49.123806, -123.189679 49.12394, -123.189911 49.124056, -123.19044 49.124052, -123.190941 49.124207, -123.191411 49.124461, -123.192178 49.124467, -123.192174 49.124575, -123.192246 49.124584, -123.192279 49.124593, -123.192315 49.124614, -123.192336 49.12463, -123.192352 49.124652, -123.192402 49.124668, -123.192607 49.124717, -123.192696 49.124737, -123.192856 49.124751, -123.193008 49.124763, -123.193251 49.124775, -123.193415 49.124776, -123.193527 49.124767, -123.1936 49.124754, -123.193655 49.124735, -123.193741 49.124679, -123.193827 49.124619, -123.193884 49.124594, -123.194002 49.124554, -123.194194 49.124467, -123.194412 49.124366, -123.194574 49.124299, -123.19467 49.124278, -123.194735 49.12428, -123.194813 49.124305, -123.194868 49.124336, -123.194902 49.124365, -123.194913 49.124385, -123.194919 49.124426, -123.194913 49.124452, -123.194898 49.124493, -123.194895 49.124511, -123.194897 49.124539, -123.194915 49.124554, -123.195043 49.12461, -123.195127 49.124637, -123.195276 49.124657, -123.195779 49.124723, -123.196074 49.124738, -123.196247 49.124741, -123.196426 49.124739, -123.1965014 49.1247314, -123.196515 49.12473, -123.196572 49.124723, -123.196622 49.124713, -123.196645 49.124697, -123.196661 49.124672, -123.196666 49.124624, -123.19668 49.124575, -123.196706 49.124532, -123.196747 49.124505, -123.196856 49.124464, -123.196981 49.124431, -123.197088 49.124429, -123.197208 49.124431, -123.197355 49.124435, -123.197418 49.124445, -123.197477 49.124471, -123.197527 49.124503, -123.197567 49.124551, -123.197614 49.124599, -123.19764 49.124614, -123.197689 49.124641, -123.197708 49.12467, -123.197739 49.12472, -123.197765 49.124745, -123.197849 49.124798, -123.198031 49.124853, -123.198203 49.124894, -123.198566 49.124943, -123.198969 49.124997, -123.199161 49.125014, -123.199284 49.12502, -123.199315 49.12502, -123.199336 49.125018, -123.199362 49.124991, -123.199396 49.12495, -123.199427 49.124924, -123.199451 49.124914, -123.199515 49.124897, -123.199622 49.124886, -123.199732 49.124883, -123.199779 49.124894, -123.199813 49.1249087, -123.199839 49.12492, -123.199923 49.124974, -123.199947 49.125013, -123.200023 49.125175, -123.200044 49.125209, -123.200107 49.125266, -123.2002805 49.1254286, -123.200495 49.12563, -123.200648 49.125799, -123.200718 49.125911, -123.200753 49.125968, -123.200764 49.125992, -123.20077 49.126025, -123.2007714 49.1260455, -123.2008046 49.1260953, -123.2008862 49.1262176, -123.20095 49.126266, -123.201013 49.126314, -123.201066 49.126367, -123.201097 49.1264, -123.201111 49.12643, -123.201112 49.126452, -123.201104 49.126477, -123.2010825 49.1265018, -123.201058 49.126513, -123.200744 49.126551, -123.200686 49.126552, -123.200527 49.126546, -123.2003658 49.1265419, -123.200289 49.12654, -123.200231 49.126538, -123.200067 49.126537, -123.199759 49.126547, -123.19923 49.126561, -123.198518 49.126561, -123.198079 49.126567, -123.197488 49.126556, -123.197095 49.126561, -123.196478 49.126568, -123.195891 49.126567, -123.195646 49.126559, -123.195583 49.126564, -123.19555 49.126576, -123.195543 49.126595, -123.195541 49.126616, -123.195554 49.126632, -123.19558 49.126661, -123.19562 49.126778, -123.195633 49.126806, -123.1956508 49.1268344, -123.19566 49.126849, -123.195686 49.126866, -123.195591 49.126981, -123.195198 49.12692, -123.194971 49.12689, -123.194917 49.126885, -123.194887 49.126885, -123.194787 49.126888, -123.19513 49.127082, -123.195218 49.127135, -123.195279 49.127176, -123.195308 49.127203, -123.195334 49.127235, -123.195345 49.127258, -123.195359 49.12729, -123.195366 49.127314, -123.195385 49.12743, -123.195401 49.127558, -123.195405 49.127604, -123.195407 49.12774, -123.195427 49.128191, -123.195465 49.128776, -123.19547 49.128812, -123.19548 49.128861, -123.195496 49.128919, -123.195529 49.129013, -123.195659 49.129302, -123.195671 49.129334, -123.195681 49.129371, -123.195685 49.129398, -123.195688 49.129438, -123.195687 49.129479, -123.195683 49.129519, -123.195673 49.129553, -123.195655 49.1296, -123.195643 49.129629, -123.195619 49.129665, -123.195374 49.130003, -123.195361 49.130019, -123.195023 49.130434, -123.194692 49.130853, -123.194513 49.131096, -123.194497 49.13112, -123.194488 49.131144, -123.194472 49.131205, -123.194396 49.131667, -123.19432 49.132228, -123.194234 49.132817, -123.194133 49.133447, -123.194127 49.133493, -123.19422 49.133496, -123.194207 49.133806, -123.194097 49.133805)))"
822161,McNair,Neighborhood,N,Neighborhood,South East,McNair,,CAN,"Vancouver, BC",49.140721,-123.10843,20220419,1358782.718,Canada,British Columbia,"Vancouver, BC",Richmond,"MULTIPOLYGON (((-123.102636 49.147971, -123.102637 49.147674, -123.102629 49.147107, -123.102623 49.14632, -123.102617 49.14571, -123.10261 49.14515, -123.102602 49.144619, -123.102597 49.144081, -123.10259 49.143466, -123.102583 49.142953, -123.10258 49.14246, -123.102593 49.142011, -123.102616 49.1413, -123.102637 49.140679, -123.102657 49.140111, -123.102675 49.139571, -123.102693 49.138966, -123.102713 49.13837, -123.10273 49.137813, -123.102753 49.137152, -123.10278 49.136368, -123.102802 49.135701, -123.102823 49.135051, -123.102844 49.134419, -123.102862 49.133883, -123.102878 49.133397, -123.103139 49.133396, -123.103574 49.133395, -123.105428 49.133415, -123.107169 49.133417, -123.108579 49.133421, -123.11013 49.133427, -123.111731 49.133434, -123.112993 49.133419, -123.114273 49.13342, -123.114262 49.13443, -123.114236 49.135532, -123.114216 49.136452, -123.114188 49.137613, -123.114163 49.138825, -123.114133 49.139941, -123.114127 49.140378, -123.114125 49.140737, -123.114122 49.141359, -123.114132 49.142232, -123.11414 49.143095, -123.114151 49.144046, -123.114162 49.14522, -123.114169 49.146122, -123.114187 49.147214, -123.114187 49.147998, -123.113827 49.147993, -123.113714 49.147988, -123.113661 49.147986, -123.113582 49.147982, -123.113518 49.14798, -123.113476 49.14798, -123.113366 49.147983, -123.113131 49.147992, -123.112789 49.147995, -123.112471 49.147994, -123.112027 49.147999, -123.111386 49.147999, -123.110772 49.147996, -123.110026 49.147996, -123.1093 49.147993, -123.108434 49.147992, -123.107615 49.147986, -123.106821 49.147977, -123.105985 49.147978, -123.105209 49.147975, -123.104496 49.147976, -123.103801 49.147972, -123.102937 49.147968, -123.102636 49.147971)))"
822170,Saunders,Neighborhood,N,Neighborhood,South East,Saunders,,CAN,"Vancouver, BC",49.144498,-123.125454,20220419,1343088.9,Canada,British Columbia,"Vancouver, BC",Richmond,"MULTIPOLYGON (((-123.136671 49.147479, -123.136669 49.147937, -123.136668 49.148292, -123.135577 49.148279, -123.13468 49.148268, -123.133177 49.148256, -123.13187 49.148252, -123.130623 49.14824, -123.129258 49.14823, -123.127825 49.148221, -123.12644 49.148211, -123.125724 49.148207, -123.125184 49.148204, -123.124334 49.148198, -123.123202 49.148174, -123.122086 49.148152, -123.120938 49.148128, -123.119884 49.148106, -123.1184 49.148078, -123.117014 49.148049, -123.115721 49.148025, -123.115125 49.148012, -123.114187 49.147998, -123.114187 49.147214, -123.114169 49.146122, -123.114162 49.14522, -123.114151 49.144046, -123.11414 49.143095, -123.114132 49.142232, -123.114122 49.141359, -123.114125 49.140737, -123.115348 49.140749, -123.116817 49.140761, -123.11839 49.140778, -123.120078 49.140796, -123.121786 49.140814, -123.123691 49.14083, -123.125329 49.140841, -123.127116 49.140847, -123.128827 49.140856, -123.130545 49.140857, -123.132214 49.140865, -123.133797 49.140866, -123.135294 49.140869, -123.135527 49.140872, -123.135922 49.140881, -123.13669 49.140887, -123.136685 49.141849, -123.136681 49.142763, -123.13668 49.143713, -123.136681 49.144579, -123.136676 49.145308, -123.136678 49.146363, -123.136673 49.147133, -123.136671 49.147479)))"
822171,South Arm,Neighborhood,N,Neighborhood,South East,South Arm,,CAN,"Vancouver, BC",49.13716,-123.125441,20220419,1338451.919,Canada,British Columbia,"Vancouver, BC",Richmond,"MULTIPOLYGON (((-123.13669 49.140887, -123.135922 49.140881, -123.135527 49.140872, -123.135294 49.140869, -123.133797 49.140866, -123.132214 49.140865, -123.130545 49.140857, -123.128827 49.140856, -123.127116 49.140847, -123.125329 49.140841, -123.123691 49.14083, -123.121786 49.140814, -123.120078 49.140796, -123.11839 49.140778, -123.116817 49.140761, -123.115348 49.140749, -123.114125 49.140737, -123.114127 49.140378, -123.114133 49.139941, -123.114163 49.138825, -123.114188 49.137613, -123.114216 49.136452, -123.114236 49.135532, -123.114262 49.13443, -123.114273 49.13342, -123.114731 49.13342, -123.116718 49.133449, -123.118844 49.133458, -123.120811 49.133468, -123.122548 49.133474, -123.124648 49.133486, -123.126944 49.133491, -123.128905 49.133497, -123.130533 49.133502, -123.132276 49.133508, -123.134068 49.133508, -123.135627 49.133496, -123.136613 49.133499, -123.136622 49.134397, -123.136629 49.135548, -123.136653 49.137075, -123.13667 49.139204, -123.136693 49.140364, -123.13669 49.140887)))"
822268,Ironwood,Neighborhood,N,Neighborhood,South East,Ironwood,,CAN,"Vancouver, BC",49.140691,-123.097272,20220419,1283810.554,Canada,British Columbia,"Vancouver, BC",Richmond,"MULTIPOLYGON (((-123.091875 49.147971, -123.091867 49.147344, -123.091844 49.14634, -123.091827 49.145587, -123.091808 49.144627, -123.091788 49.143657, -123.091764 49.14274, -123.09175 49.141973, -123.091731 49.141143, -123.091723 49.140762, -123.091727 49.140579, -123.091753 49.140176, -123.091813 49.139116, -123.09187 49.138107, -123.09192 49.13718, -123.091979 49.136181, -123.092034 49.135143, -123.092087 49.134206, -123.092132 49.133369, -123.093318 49.133371, -123.094999 49.13337, -123.097121 49.133375, -123.099062 49.133385, -123.100358 49.133396, -123.101657 49.1334, -123.102878 49.133397, -123.102862 49.133883, -123.102844 49.134419, -123.102823 49.135051, -123.102802 49.135701, -123.10278 49.136368, -123.102753 49.137152, -123.10273 49.137813, -123.102713 49.13837, -123.102693 49.138966, -123.102675 49.139571, -123.102657 49.140111, -123.102637 49.140679, -123.102616 49.1413, -123.102593 49.142011, -123.10258 49.14246, -123.102583 49.142953, -123.10259 49.143466, -123.102597 49.144081, -123.102602 49.144619, -123.10261 49.14515, -123.102617 49.14571, -123.102623 49.14632, -123.102629 49.147107, -123.102637 49.147674, -123.102636 49.147971, -123.102194 49.147975, -123.102109 49.147975, -123.101959 49.14798, -123.101831 49.147989, -123.101698 49.148, -123.101503 49.148001, -123.100199 49.14801, -123.099242 49.148012, -123.098233 49.148015, -123.096099 49.148023, -123.094679 49.148017, -123.094072 49.148013, -123.093328 49.147984, -123.092735 49.147979, -123.092183 49.147982, -123.091875 49.147971)))"
822164,Boyde Park,Neighborhood,N,Neighborhood,West,Boyde Park,,CAN,"Vancouver, BC",49.148304,-123.175545,20220419,1358246.133,Canada,British Columbia,"Vancouver, BC",Richmond,"MULTIPOLYGON (((-123.169806 49.141028, -123.171356 49.14103, -123.17301 49.141032, -123.174561 49.141034, -123.176188 49.141037, -123.177863 49.141038, -123.179487 49.14104, -123.18036 49.141043, -123.181374 49.141051, -123.181374 49.141515, -123.181366 49.142728, -123.181354 49.143979, -123.18133 49.145303, -123.181313 49.146199, -123.181325 49.147264, -123.181334 49.148108, -123.181312 49.149049, -123.181276 49.15, -123.181242 49.150957, -123.181204 49.151962, -123.181173 49.152893, -123.181143 49.153729, -123.181103 49.154744, -123.18107 49.155662, -123.179969 49.15566, -123.17855 49.155653, -123.177115 49.155649, -123.175331 49.155641, -123.173619 49.155632, -123.172235 49.155629, -123.170886 49.155622, -123.169827 49.155618, -123.169828 49.155203, -123.16983 49.154664, -123.169827 49.153537, -123.16982 49.152606, -123.169818 49.151574, -123.169812 49.150308, -123.169811 49.149203, -123.169806 49.148288, -123.169805 49.147463, -123.169802 49.146211, -123.169807 49.145108, -123.169803 49.143929, -123.169804 49.142852, -123.169805 49.141859, -123.169806 49.141028)))"
822165,Lackner,Neighborhood,N,Neighborhood,West,Lackner,,CAN,"Vancouver, BC",49.148314,-123.164377,20220419,1286144.149,Canada,British Columbia,"Vancouver, BC",Richmond,"MULTIPOLYGON (((-123.169806 49.141028, -123.169805 49.141859, -123.169804 49.142852, -123.169803 49.143929, -123.169807 49.145108, -123.169802 49.146211, -123.169805 49.147463, -123.169806 49.148288, -123.169811 49.149203, -123.169812 49.150308, -123.169818 49.151574, -123.16982 49.152606, -123.169827 49.153537, -123.16983 49.154664, -123.169828 49.155203, -123.169827 49.155618, -123.169108 49.155615, -123.167689 49.155608, -123.166149 49.155604, -123.164394 49.155598, -123.16268 49.15559, -123.161321 49.155587, -123.159943 49.155582, -123.158916 49.155577, -123.158925 49.154927, -123.158917 49.153787, -123.158929 49.152184, -123.158931 49.150963, -123.158938 49.149673, -123.158947 49.148369, -123.158952 49.146995, -123.15895 49.14589, -123.158951 49.144633, -123.15895 49.143291, -123.158953 49.1419, -123.158949 49.14101, -123.159765 49.141005, -123.160867 49.141009, -123.162304 49.141013, -123.163748 49.141014, -123.165072 49.141017, -123.166431 49.141022, -123.167726 49.141023, -123.16921 49.141027, -123.169806 49.141028)))"
822225,Dover Crossing,Neighborhood,S,Sub Neighborhood,West,Riverdale,Dover Crossing,CAN,"Vancouver, BC",49.172167,-123.161481,20220419,188225.534,Canada,British Columbia,"Vancouver, BC",Richmond,"MULTIPOLYGON (((-123.158798 49.170143, -123.160481 49.170151, -123.162078 49.170141, -123.164499 49.170126, -123.164481 49.170774, -123.164473 49.171688, -123.164466 49.172688, -123.164451 49.173519, -123.164284 49.174186, -123.164226 49.174194, -123.164171 49.174189, -123.164121 49.174179, -123.164028 49.174159, -123.163884 49.174097, -123.163741 49.174036, -123.163678 49.174013, -123.163642 49.174006, -123.163566 49.173994, -123.163539 49.173991, -123.16348 49.173997, -123.163413 49.17401, -123.163371 49.174011, -123.163344 49.174003, -123.163311 49.173986, -123.163275 49.173967, -123.163221 49.173951, -123.163167 49.173946, -123.163046 49.17395, -123.162913 49.173964, -123.16285 49.173966, -123.162467 49.173984, -123.162427 49.173981, -123.162396 49.173974, -123.162366 49.173959, -123.162345 49.173954, -123.162304 49.173943, -123.162227 49.173938, -123.16204 49.173944, -123.161549 49.174003, -123.161035 49.17404, -123.160838 49.174053, -123.160791 49.174053, -123.160755 49.174053, -123.160708 49.174062, -123.160648 49.174081, -123.16061 49.1741, -123.160549 49.174136, -123.160542 49.174152, -123.160528 49.174166, -123.160513 49.174172, -123.160413 49.174185, -123.160233 49.174192, -123.159863 49.174192, -123.159722 49.174193, -123.159645 49.174198, -123.159515 49.174216, -123.159448 49.174236, -123.159396 49.174257, -123.159321 49.174305, -123.159306 49.174317, -123.159272 49.174331, -123.15923 49.174335, -123.159198 49.174335, -123.15913 49.174325, -123.158819 49.174249, -123.158788 49.174234, -123.158774 49.174223, -123.158757 49.174203, -123.158737 49.174191, -123.158688 49.174174, -123.15865 49.174171, -123.158555 49.174177, -123.158461 49.174189, -123.158379 49.17421, -123.15826 49.174255, -123.157764 49.174392, -123.157998 49.173949, -123.158384 49.173233, -123.158616 49.17276, -123.158694 49.172563, -123.158733 49.172445, -123.158752 49.172363, -123.158771 49.172277, -123.158792 49.172157, -123.1588 49.172084, -123.1588 49.171989, -123.158802 49.171816, -123.158799 49.170942, -123.158798 49.170143)))"
822226,Terra Nova,Neighborhood,N,Neighborhood,West,Terra Nova,,CAN,"Vancouver, BC",49.169734,-123.189648,20220419,1483404.974,Canada,British Columbia,"Vancouver, BC",Richmond,"MULTIPOLYGON (((-123.181196 49.174243, -123.181188 49.173212, -123.18117 49.172687, -123.181171 49.171902, -123.1812 49.171178, -123.181205 49.170007, -123.18121 49.16898, -123.181216 49.167606, -123.181213 49.166351, -123.181209 49.165114, -123.181207 49.163758, -123.1812 49.162825, -123.18152 49.162801, -123.181609 49.162799, -123.181965 49.162796, -123.182834 49.162796, -123.183596 49.1628, -123.183742 49.162803, -123.183819 49.162807, -123.183889 49.162815, -123.183974 49.16283, -123.184048 49.162847, -123.184133 49.162872, -123.184192 49.162892, -123.184237 49.162912, -123.184287 49.162934, -123.184337 49.162962, -123.184484 49.162881, -123.184544 49.162845, -123.184593 49.16282, -123.184628 49.162809, -123.184664 49.162802, -123.1847 49.1628, -123.185392 49.162797, -123.186655 49.162804, -123.187912 49.162803, -123.189436 49.162814, -123.189682 49.162818, -123.189633 49.162875, -123.189603 49.162907, -123.189558 49.162949, -123.189532 49.162975, -123.189521 49.16299, -123.189508 49.163014, -123.1895 49.163033, -123.189495 49.163055, -123.189491 49.163087, -123.189488 49.163296, -123.189488 49.163359, -123.188564 49.163365, -123.18814 49.163363, -123.18805 49.163361, -123.188019 49.163936, -123.187996 49.164412, -123.187998 49.164437, -123.188004 49.164466, -123.188013 49.164506, -123.18802 49.164547, -123.18802 49.164569, -123.188008 49.164635, -123.187985 49.164717, -123.187975 49.164749, -123.187963 49.164823, -123.187961 49.164855, -123.18796 49.165194, -123.187962 49.165411, -123.187853 49.165413, -123.187849 49.165569, -123.187885 49.16557, -123.187885 49.165596, -123.188205 49.165597, -123.188512 49.165596, -123.188872 49.165596, -123.189475 49.165597, -123.18971 49.165597, -123.189709 49.165556, -123.190348 49.165563, -123.191109 49.165564, -123.192009 49.165571, -123.192796 49.165574, -123.193587 49.165575, -123.194418 49.165575, -123.194629 49.165575, -123.194679 49.165577, -123.194727 49.165582, -123.194926 49.165605, -123.194983 49.16561, -123.195043 49.165614, -123.195404 49.165618, -123.19632 49.165621, -123.197079 49.165622, -123.197097 49.166121, -123.19713 49.16657, -123.197231 49.167399, -123.197278 49.1677, -123.197319 49.167905, -123.197354 49.168001, -123.197436 49.168127, -123.197492 49.16824, -123.197568 49.168347, -123.197685 49.168473, -123.197797 49.168563, -123.197889 49.168636, -123.197945 49.16869, -123.197955 49.168746, -123.19794 49.168813, -123.197945 49.168883, -123.197965 49.168949, -123.198052 49.169086, -123.198181 49.169245, -123.198273 49.169315, -123.198375 49.169375, -123.198456 49.169452, -123.198533 49.169538, -123.198568 49.169586, -123.198593 49.16967, -123.198619 49.169809, -123.19865 49.169906, -123.198663 49.169956, -123.198675 49.169982, -123.198711 49.170032, -123.198772 49.170081, -123.199219 49.170358, -123.199305 49.170425, -123.199399 49.17051, -123.19954 49.17064, -123.199655 49.17075, -123.199752 49.170844, -123.199819 49.170922, -123.199875 49.170987, -123.199901 49.171036, -123.200054 49.171417, -123.200152 49.171749, -123.200313 49.17254, -123.2003223 49.172597, -123.200416 49.173169, -123.200439 49.173337, -123.200431 49.173405, -123.20039 49.173527, -123.200331 49.173683, -123.200296 49.173745, -123.200201 49.173855, -123.199901 49.17423, -123.19982 49.174324, -123.199784 49.174345, -123.199661 49.174394, -123.199293 49.174507, -123.199012 49.174564, -123.198884 49.174604, -123.198687 49.174676, -123.198432 49.174776, -123.1982528 49.1748647, -123.197493 49.175241, -123.197363 49.175287, -123.195617 49.175489, -123.195432 49.175513, -123.1953 49.175526, -123.195231 49.175526, -123.195152 49.175518, -123.195022 49.175492, -123.194864 49.175459, -123.194809 49.175441, -123.19474 49.175399, -123.194613 49.175323, -123.194577 49.175304, -123.194506 49.175287, -123.194354 49.175243, -123.194288 49.175227, -123.194242 49.175223, -123.194186 49.175225, -123.194121 49.175226, -123.194088 49.175226, -123.19405 49.175241, -123.193972 49.175285, -123.193944 49.175313, -123.193931 49.175342, -123.193933 49.17537, -123.193941 49.175406, -123.193949 49.175439, -123.193961 49.175469, -123.193965 49.175483, -123.193958 49.175494, -123.193939 49.1755, -123.193891 49.175502, -123.193841 49.175491, -123.193785 49.175469, -123.193624 49.175406, -123.193533 49.175373, -123.193391 49.175332, -123.193089 49.175247, -123.192757 49.175173, -123.192319 49.175116, -123.192234 49.175108, -123.192197 49.175111, -123.192092 49.175121, -123.192001 49.175124, -123.191943 49.175122, -123.191568 49.175046, -123.191184 49.174977, -123.191048 49.174963, -123.190937 49.174956, -123.190512 49.174929, -123.189856 49.174867, -123.189161 49.174817, -123.18829 49.174738, -123.187373 49.174665, -123.18646 49.174588, -123.185506 49.174502, -123.184668 49.174423, -123.1839 49.174372, -123.183097 49.174322, -123.182271 49.174293, -123.18167 49.174276, -123.181196 49.174243)))"
822227,Quilchena,Neighborhood,N,Neighborhood,West,Quilchena,,CAN,"Vancouver, BC",49.159811,-123.183999,20220419,1732738.942,Canada,British Columbia,"Vancouver, BC",Richmond,"MULTIPOLYGON (((-123.1812 49.162825, -123.18084 49.162853, -123.180554 49.16287, -123.180402 49.162878, -123.18029 49.162881, -123.178739 49.162881, -123.176277 49.162884, -123.173833 49.162887, -123.171943 49.162886, -123.170673 49.162889, -123.170497 49.16289, -123.170368 49.162887, -123.170273 49.162883, -123.170154 49.162871, -123.170056 49.16286, -123.169987 49.162848, -123.169894 49.162824, -123.169815 49.162799, -123.169722 49.162764, -123.169626 49.162722, -123.169536 49.162677, -123.169441 49.162625, -123.16939 49.162595, -123.169097 49.162366, -123.16922 49.162282, -123.169302 49.162228, -123.169361 49.162182, -123.16942 49.162131, -123.169467 49.162087, -123.169511 49.162042, -123.169551 49.161995, -123.169591 49.161947, -123.169637 49.161879, -123.169688 49.161804, -123.169725 49.161742, -123.169752 49.161686, -123.169785 49.161608, -123.169802 49.161557, -123.169813 49.161497, -123.169819 49.161434, -123.169821 49.161357, -123.169824 49.161109, -123.169824 49.159918, -123.169825 49.15867, -123.169825 49.157616, -123.169825 49.156377, -123.169827 49.155618, -123.170886 49.155622, -123.172235 49.155629, -123.173619 49.155632, -123.175331 49.155641, -123.177115 49.155649, -123.17855 49.155653, -123.179969 49.15566, -123.18107 49.155662, -123.181808 49.155663, -123.182581 49.155663, -123.18412 49.15566, -123.185505 49.15566, -123.186424 49.155659, -123.187564 49.155659, -123.189026 49.155657, -123.190485 49.155654, -123.191547 49.155651, -123.192463 49.155655, -123.193277 49.155654, -123.193999 49.155648, -123.194349 49.155645, -123.194487 49.155645, -123.19464 49.155646, -123.194775 49.155647, -123.194987 49.155643, -123.195185 49.155638, -123.195297 49.155634, -123.195413 49.155629, -123.195569 49.155619, -123.195637 49.155616, -123.195715 49.155614, -123.195996 49.155609, -123.19603 49.156014, -123.196067 49.156671, -123.1961 49.157307, -123.196144 49.157957, -123.196175 49.158511, -123.196206 49.159047, -123.196239 49.159564, -123.196249 49.159943, -123.196236 49.160332, -123.196252 49.16076, -123.196277 49.161149, -123.196303 49.16168, -123.196338 49.162174, -123.196375 49.162779, -123.196411 49.163444, -123.19642 49.163673, -123.196964 49.164133, -123.196998 49.16479, -123.19707 49.165347, -123.197079 49.165622, -123.19632 49.165621, -123.195404 49.165618, -123.195043 49.165614, -123.194983 49.16561, -123.194926 49.165605, -123.194727 49.165582, -123.194679 49.165577, -123.194629 49.165575, -123.194418 49.165575, -123.193587 49.165575, -123.192796 49.165574, -123.192009 49.165571, -123.191109 49.165564, -123.190348 49.165563, -123.189709 49.165556, -123.18971 49.165597, -123.189475 49.165597, -123.188872 49.165596, -123.188512 49.165596, -123.188205 49.165597, -123.187885 49.165596, -123.187885 49.16557, -123.187849 49.165569, -123.187853 49.165413, -123.187962 49.165411, -123.18796 49.165194, -123.187961 49.164855, -123.187963 49.164823, -123.187975 49.164749, -123.187985 49.164717, -123.188008 49.164635, -123.18802 49.164569, -123.18802 49.164547, -123.188013 49.164506, -123.188004 49.164466, -123.187998 49.164437, -123.187996 49.164412, -123.188019 49.163936, -123.18805 49.163361, -123.18814 49.163363, -123.188564 49.163365, -123.189488 49.163359, -123.189488 49.163296, -123.189491 49.163087, -123.189495 49.163055, -123.1895 49.163033, -123.189508 49.163014, -123.189521 49.16299, -123.189532 49.162975, -123.189558 49.162949, -123.189603 49.162907, -123.189633 49.162875, -123.189682 49.162818, -123.189436 49.162814, -123.187912 49.162803, -123.186655 49.162804, -123.185392 49.162797, -123.1847 49.1628, -123.184664 49.162802, -123.184628 49.162809, -123.184593 49.16282, -123.184544 49.162845, -123.184484 49.162881, -123.184337 49.162962, -123.184287 49.162934, -123.184237 49.162912, -123.184192 49.162892, -123.184133 49.162872, -123.184048 49.162847, -123.183974 49.16283, -123.183889 49.162815, -123.183819 49.162807, -123.183742 49.162803, -123.183596 49.1628, -123.182834 49.162796, -123.181965 49.162796, -123.181609 49.162799, -123.18152 49.162801, -123.1812 49.162825)))"
822228,Seafair,Neighborhood,N,Neighborhood,West,Seafair,,CAN,"Vancouver, BC",49.148556,-123.188213,20220419,1641913.172,Canada,British Columbia,"Vancouver, BC",Richmond,"MULTIPOLYGON (((-123.18107 49.155662, -123.181103 49.154744, -123.181143 49.153729, -123.181173 49.152893, -123.181204 49.151962, -123.181242 49.150957, -123.181276 49.15, -123.181312 49.149049, -123.181334 49.148108, -123.181325 49.147264, -123.181313 49.146199, -123.18133 49.145303, -123.181354 49.143979, -123.181366 49.142728, -123.181374 49.141515, -123.181374 49.141051, -123.182008 49.141056, -123.182904 49.141059, -123.184315 49.141056, -123.185446 49.141048, -123.186672 49.141051, -123.18796 49.141048, -123.189161 49.141041, -123.190515 49.141038, -123.192167 49.141015, -123.19374 49.141012, -123.194334 49.141009, -123.194327 49.14107, -123.194623 49.141076, -123.194584 49.14131, -123.194484 49.141808, -123.194386 49.142391, -123.194282 49.142991, -123.194209 49.143438, -123.194197 49.143546, -123.194171 49.143794, -123.194164 49.143902, -123.194185 49.144246, -123.194202 49.144388, -123.194214 49.144456, -123.194254 49.144584, -123.194344 49.144867, -123.194364 49.144915, -123.194503 49.145239, -123.194652 49.14566, -123.194686 49.145775, -123.194732 49.145948, -123.194772 49.146127, -123.194827 49.146528, -123.194928 49.147133, -123.195021 49.147687, -123.195141 49.148331, -123.19525 49.148857, -123.19531 49.149193, -123.195413 49.149839, -123.195515 49.150492, -123.195665 49.151398, -123.195747 49.151901, -123.195795 49.152266, -123.195817 49.152475, -123.195838 49.152789, -123.195862 49.153185, -123.195895 49.153792, -123.195924 49.154347, -123.195953 49.154946, -123.195985 49.155474, -123.195996 49.155609, -123.195715 49.155614, -123.195637 49.155616, -123.195569 49.155619, -123.195413 49.155629, -123.195297 49.155634, -123.195185 49.155638, -123.194987 49.155643, -123.194775 49.155647, -123.19464 49.155646, -123.194487 49.155645, -123.194349 49.155645, -123.193999 49.155648, -123.193277 49.155654, -123.192463 49.155655, -123.191547 49.155651, -123.190485 49.155654, -123.189026 49.155657, -123.187564 49.155659, -123.186424 49.155659, -123.185505 49.15566, -123.18412 49.15566, -123.182581 49.155663, -123.181808 49.155663, -123.18107 49.155662)))"
822284,Riverdale,Neighborhood,N,Neighborhood,West,Riverdale,,CAN,"Vancouver, BC",49.168619,-123.169992,20220419,2116339.727,Canada,British Columbia,"Vancouver, BC",Richmond,"MULTIPOLYGON (((-123.171304 49.174781, -123.171044 49.174778, -123.17091 49.174779, -123.17064 49.174765, -123.170261 49.174718, -123.170105 49.174681, -123.170003 49.174655, -123.169913 49.174637, -123.169847 49.174629, -123.169791 49.174628, -123.169704 49.174633, -123.16953 49.174651, -123.169449 49.174658, -123.169304 49.174661, -123.16909 49.174655, -123.168727 49.174623, -123.167983 49.174559, -123.167567 49.17453, -123.167335 49.1745, -123.167141 49.174473, -123.167045 49.17446, -123.166506 49.174416, -123.166426 49.174407, -123.166116 49.174394, -123.165699 49.174371, -123.16523 49.174319, -123.165156 49.174296, -123.164997 49.174246, -123.164864 49.17421, -123.164785 49.174191, -123.164684 49.174169, -123.164569 49.174162, -123.164507 49.174161, -123.16443 49.174166, -123.164284 49.174186, -123.164226 49.174194, -123.164171 49.174189, -123.164121 49.174179, -123.164028 49.174159, -123.163884 49.174097, -123.163741 49.174036, -123.163678 49.174013, -123.163642 49.174006, -123.163566 49.173994, -123.163539 49.173991, -123.16348 49.173997, -123.163413 49.17401, -123.163371 49.174011, -123.163344 49.174003, -123.163311 49.173986, -123.163275 49.173967, -123.163221 49.173951, -123.163167 49.173946, -123.163046 49.17395, -123.162913 49.173964, -123.16285 49.173966, -123.162467 49.173984, -123.162427 49.173981, -123.162396 49.173974, -123.162366 49.173959, -123.162345 49.173954, -123.162304 49.173943, -123.162227 49.173938, -123.16204 49.173944, -123.161549 49.174003, -123.161035 49.17404, -123.160838 49.174053, -123.160791 49.174053, -123.160755 49.174053, -123.160708 49.174062, -123.160648 49.174081, -123.16061 49.1741, -123.160549 49.174136, -123.160542 49.174152, -123.160528 49.174166, -123.160513 49.174172, -123.160413 49.174185, -123.160233 49.174192, -123.159863 49.174192, -123.159722 49.174193, -123.159645 49.174198, -123.159515 49.174216, -123.159448 49.174236, -123.159396 49.174257, -123.159321 49.174305, -123.159306 49.174317, -123.159272 49.174331, -123.15923 49.174335, -123.159198 49.174335, -123.15913 49.174325, -123.158819 49.174249, -123.158788 49.174234, -123.158774 49.174223, -123.158757 49.174203, -123.158737 49.174191, -123.158688 49.174174, -123.15865 49.174171, -123.158555 49.174177, -123.158461 49.174189, -123.158379 49.17421, -123.15826 49.174255, -123.157764 49.174392, -123.157998 49.173949, -123.158384 49.173233, -123.158616 49.17276, -123.158694 49.172563, -123.158733 49.172445, -123.158752 49.172363, -123.158771 49.172277, -123.158792 49.172157, -123.1588 49.172084, -123.1588 49.171989, -123.158802 49.171816, -123.158799 49.170942, -123.158798 49.170143, -123.158796 49.169603, -123.158798 49.168477, -123.158795 49.167247, -123.1588 49.166076, -123.158807 49.165029, -123.158804 49.163934, -123.158808 49.162735, -123.159253 49.162732, -123.160798 49.162739, -123.162164 49.162738, -123.163931 49.16274, -123.165255 49.162733, -123.165905 49.162726, -123.16677 49.162717, -123.167535 49.162715, -123.167744 49.162711, -123.167879 49.162704, -123.167972 49.162696, -123.168062 49.162684, -123.168178 49.162668, -123.168348 49.162639, -123.168471 49.162614, -123.168574 49.162586, -123.168654 49.16256, -123.168765 49.162517, -123.168872 49.162474, -123.168945 49.162443, -123.169097 49.162366, -123.16939 49.162595, -123.169441 49.162625, -123.169536 49.162677, -123.169626 49.162722, -123.169722 49.162764, -123.169815 49.162799, -123.169894 49.162824, -123.169987 49.162848, -123.170056 49.16286, -123.170154 49.162871, -123.170273 49.162883, -123.170368 49.162887, -123.170497 49.16289, -123.170673 49.162889, -123.171943 49.162886, -123.173833 49.162887, -123.176277 49.162884, -123.178739 49.162881, -123.18029 49.162881, -123.180402 49.162878, -123.180554 49.16287, -123.18084 49.162853, -123.1812 49.162825, -123.181207 49.163758, -123.181209 49.165114, -123.181213 49.166351, -123.181216 49.167606, -123.18121 49.16898, -123.181205 49.170007, -123.1812 49.171178, -123.181171 49.171902, -123.18117 49.172687, -123.181188 49.173212, -123.181196 49.174243, -123.180733 49.174211, -123.180607 49.1742, -123.180508 49.174195, -123.180439 49.174192, -123.180404 49.174198, -123.180363 49.174207, -123.18007 49.174304, -123.179994 49.17424, -123.179968 49.174239, -123.179881 49.174249, -123.179635 49.174311, -123.179558 49.174328, -123.179039 49.174389, -123.178907 49.174409, -123.178852 49.174424, -123.178774 49.174447, -123.17873 49.174464, -123.178693 49.174475, -123.178667 49.17448, -123.178601 49.174482, -123.178529 49.174478, -123.178466 49.174466, -123.178408 49.174447, -123.178367 49.174437, -123.178326 49.174437, -123.178258 49.174437, -123.178217 49.174444, -123.17818 49.17446, -123.178151 49.174482, -123.178106 49.174491, -123.178057 49.17451, -123.17802 49.174529, -123.177999 49.174546, -123.177985 49.17456, -123.177956 49.174562, -123.177745 49.174558, -123.177673 49.174564, -123.177523 49.174574, -123.177166 49.174586, -123.176764 49.174573, -123.176457 49.17456, -123.176395 49.174553, -123.17621 49.174533, -123.176145 49.174529, -123.176058 49.174527, -123.175912 49.174527, -123.175834 49.174523, -123.175774 49.17451, -123.175725 49.174504, -123.175666 49.174508, -123.175464 49.174549, -123.175184 49.174582, -123.175133 49.174589, -123.175067 49.174589, -123.175013 49.174585, -123.174919 49.174564, -123.174781 49.17452, -123.174715 49.174502, -123.174639 49.174495, -123.174452 49.174487, -123.173936 49.174474, -123.173607 49.174461, -123.173499 49.174481, -123.173029 49.174577, -123.172304 49.174742, -123.172169 49.17476, -123.171653 49.1748, -123.171599 49.174805, -123.171552 49.174805, -123.171493 49.174795, -123.171403 49.174783, -123.171304 49.174781)))"
