51493,West Cloverdale North,Neighborhood,N,Neighborhood,Cloverdale,West Cloverdale North,,CAN,"Vancouver, BC",49.115524,-122.766136,20220419,1287042.98,Canada,British Columbia,"Vancouver, BC",Surrey,"MULTIPOLYGON (((-122.756613 49.113348, -122.756661 49.111588, -122.757198 49.11164, -122.762491 49.111604, -122.767877 49.111636, -122.770186 49.111636, -122.779088 49.111699, -122.777231 49.114191, -122.773542 49.118912, -122.76783 49.118943, -122.767857 49.120261, -122.762974 49.120236, -122.756595 49.120174, -122.756589 49.116526, -122.756613 49.113348)))"
51495,East Clayton West,Neighborhood,S,Sub Neighborhood,Cloverdale,Clayton,East Clayton West,CAN,"Vancouver, BC",49.127951,-122.704679,20220419,184597.185,Canada,British Columbia,"Vancouver, BC",Surrey,"MULTIPOLYGON (((-122.701668 49.129891, -122.701696 49.126101, -122.705209 49.126075, -122.705812 49.125969, -122.706235 49.125726, -122.70634 49.125775, -122.706823 49.126008, -122.707446 49.126328, -122.707741 49.126492, -122.707727 49.126937, -122.707726 49.127293, -122.707763 49.12808, -122.707617 49.128155, -122.70763 49.128197, -122.707639 49.128231, -122.707648 49.128267, -122.707653 49.128338, -122.707659 49.128405, -122.70766 49.12846, -122.707646 49.128533, -122.707642 49.128589, -122.707639 49.128646, -122.707631 49.128738, -122.707624 49.128815, -122.707628 49.129425, -122.707637 49.129603, -122.707643 49.129638, -122.707658 49.129667, -122.707671 49.129685, -122.707709 49.129716, -122.707758 49.129748, -122.707602 49.129814, -122.702155 49.129881, -122.701864 49.129889, -122.701668 49.129891)))"
51499,North Cloverdale West,Neighborhood,N,Neighborhood,Cloverdale,North Cloverdale West,,CAN,"Vancouver, BC",49.127621,-122.722683,20220419,1245026.684,Canada,British Columbia,"Vancouver, BC",Surrey,"MULTIPOLYGON (((-122.7259464 49.13399, -122.725852 49.133923, -122.72583 49.133907, -122.725592 49.133746, -122.725316 49.133555, -122.725058 49.133378, -122.72468 49.133102, -122.724336 49.132873, -122.724145 49.132754, -122.723907 49.132618, -122.723795 49.132556, -122.723456 49.132388, -122.723266 49.132305, -122.723096 49.132237, -122.722969 49.132185, -122.722789 49.132122, -122.72263 49.132069, -122.722452 49.132016, -122.722253 49.131957, -122.721872 49.131865, -122.721543 49.131797, -122.721067 49.13171, -122.720748 49.131652, -122.720459 49.131598, -122.720352 49.131575, -122.720272 49.131558, -122.720185 49.131538, -122.720092 49.131514, -122.720021 49.131494, -122.719928 49.13147, -122.719854 49.131447, -122.719764 49.131419, -122.719648 49.131381, -122.719563 49.131353, -122.719494 49.13133, -122.719427 49.131304, -122.719204 49.131222, -122.718978 49.131133, -122.718527 49.130955, -122.717742 49.130643, -122.716907 49.130332, -122.715628 49.129857, -122.714159 49.12931, -122.713521 49.129068, -122.712761 49.128792, -122.712545 49.128711, -122.712544 49.128548, -122.712558 49.127054, -122.712577 49.126024, -122.712571 49.125774, -122.712573 49.124819, -122.712574 49.12415, -122.712572 49.123973, -122.712572 49.123242, -122.716457 49.123212, -122.720889 49.123182, -122.723757 49.12312, -122.724047 49.122714, -122.725221 49.123393, -122.727466 49.12434, -122.728781 49.124831, -122.730168 49.125342, -122.731026 49.125614, -122.731774 49.125689, -122.733301 49.125749, -122.734804 49.125821, -122.734841 49.126185, -122.734857 49.127273, -122.732699 49.127281, -122.732571 49.127726, -122.732294 49.128149, -122.731481 49.128823, -122.731128 49.129202, -122.729098 49.132373, -122.727313 49.133652, -122.726207 49.134177, -122.726007 49.134033, -122.7259464 49.13399)))"
51500,West Cloverdale South,Neighborhood,N,Neighborhood,Cloverdale,West Cloverdale South,,CAN,"Vancouver, BC",49.108451,-122.766318,20220419,1090667.447,Canada,British Columbia,"Vancouver, BC",Surrey,"MULTIPOLYGON (((-122.756661 49.111588, -122.756637 49.107274, -122.756521 49.10601, -122.756518 49.104361, -122.760475 49.104361, -122.767734 49.104485, -122.769377 49.105156, -122.77478 49.107602, -122.778255 49.109176, -122.779231 49.109815, -122.779516 49.110002, -122.779802 49.110376, -122.779992 49.110765, -122.779088 49.111699, -122.770186 49.111636, -122.767877 49.111636, -122.762491 49.111604, -122.757198 49.11164, -122.756661 49.111588)))"
51508,East Clayton,Neighborhood,S,Sub Neighborhood,Cloverdale,Clayton,East Clayton,CAN,"Vancouver, BC",49.126385,-122.690352,20220419,2184126.04,Canada,British Columbia,"Vancouver, BC",Surrey,"MULTIPOLYGON (((-122.690838 49.130256, -122.690836 49.130023, -122.688436 49.130031, -122.686347 49.130019, -122.684098 49.130001, -122.683926 49.130002, -122.683816 49.130007, -122.683817 49.13011, -122.683805 49.131164, -122.683807 49.131375, -122.683795 49.132046, -122.683793 49.132326, -122.683793 49.132603, -122.683778 49.133389, -122.683775 49.133633, -122.679559 49.133611, -122.679483 49.133611, -122.67949 49.13314, -122.679501 49.132494, -122.679521 49.131572, -122.67953 49.131151, -122.679534 49.130847, -122.679538 49.130584, -122.679548 49.130221, -122.679555 49.129861, -122.679564 49.129278, -122.679575 49.128885, -122.679573 49.128583, -122.679577 49.128512, -122.679587 49.128402, -122.679597 49.128333, -122.679611 49.128241, -122.679631 49.128152, -122.679721 49.127765, -122.679728 49.127718, -122.679734 49.127687, -122.679743 49.127603, -122.67975 49.127512, -122.679763 49.127283, -122.679777 49.12677, -122.679786 49.126374, -122.679795 49.126116, -122.679814 49.125669, -122.679833 49.12535, -122.679841 49.125036, -122.679845 49.124697, -122.679851 49.12425, -122.67985 49.123767, -122.6798512 49.123523, -122.6799338 49.1199165, -122.679946 49.11962, -122.679953 49.119184, -122.679953 49.119076, -122.680415 49.119077, -122.681317 49.119082, -122.682391 49.119086, -122.683626 49.119092, -122.684864 49.119101, -122.686345 49.119106, -122.686916 49.119109, -122.687339 49.11911, -122.687718 49.119113, -122.687965 49.11912, -122.68809 49.119127, -122.688199 49.119136, -122.688279 49.119143, -122.688359 49.119153, -122.688489 49.119171, -122.688687 49.1192, -122.688904 49.119244, -122.689084 49.119285, -122.689302 49.119341, -122.689356 49.119353, -122.689385 49.119359, -122.689418 49.119365, -122.689479 49.119376, -122.689533 49.119385, -122.689582 49.119391, -122.689629 49.119396, -122.689679 49.1194, -122.689752 49.119404, -122.689823 49.119407, -122.68989 49.119407, -122.689963 49.119405, -122.690053 49.1194, -122.690137 49.119395, -122.690187 49.119391, -122.690274 49.119382, -122.690363 49.119368, -122.69046 49.119348, -122.690563 49.11932, -122.690669 49.119282, -122.690793 49.11923, -122.69109 49.119091, -122.691248 49.11901, -122.691969 49.119345, -122.692203 49.119449, -122.692929 49.119774, -122.693613 49.120095, -122.693895 49.120227, -122.694209 49.120383, -122.694576 49.120549, -122.695021 49.120747, -122.695417 49.120912, -122.695701 49.121025, -122.696321 49.121268, -122.697093 49.121605, -122.697452 49.121767, -122.697637 49.12185, -122.697829 49.121936, -122.698111 49.122064, -122.698311 49.122153, -122.69856 49.122266, -122.698713 49.122335, -122.698879 49.122408, -122.699049 49.122485, -122.699241 49.122573, -122.699511 49.122696, -122.699803 49.122825, -122.700137 49.122971, -122.700606 49.123189, -122.700943 49.123341, -122.701471 49.123578, -122.701708 49.123684, -122.701696 49.126101, -122.701668 49.129891, -122.701664 49.130312, -122.701657 49.130962, -122.701653 49.131528, -122.701652 49.131918, -122.70165 49.13242, -122.701649 49.132897, -122.701652 49.13323, -122.701649 49.133504, -122.693115 49.133633, -122.690798 49.133677, -122.690799 49.133521, -122.690805 49.133164, -122.690811 49.132611, -122.690816 49.132124, -122.690826 49.131326, -122.690831 49.131022, -122.690835 49.130691, -122.690838 49.130256)))"
51511,East Clayton North,Neighborhood,S,Sub Neighborhood,Cloverdale,Clayton,East Clayton North,CAN,"Vancouver, BC",49.135206,-122.688911,20220419,523981.685,Canada,British Columbia,"Vancouver, BC",Surrey,"MULTIPOLYGON (((-122.679249 49.137363, -122.679276 49.137087, -122.679298 49.136694, -122.679309 49.136577, -122.679581 49.136575, -122.679552 49.136075, -122.679547 49.135723, -122.679555 49.135515, -122.679558 49.134806, -122.679555 49.13376, -122.679559 49.133611, -122.683775 49.133633, -122.684564 49.13364, -122.685458 49.133648, -122.686647 49.133654, -122.687028 49.133656, -122.687756 49.133664, -122.688388 49.133667, -122.68939 49.133673, -122.690252 49.133678, -122.690798 49.133677, -122.693115 49.133633, -122.701649 49.133504, -122.701695 49.133503, -122.701695 49.133563, -122.701691 49.134056, -122.701691 49.134158, -122.70169 49.134352, -122.701683 49.134559, -122.70168 49.134783, -122.701686 49.134957, -122.701691 49.135235, -122.701692 49.135419, -122.696622 49.135436, -122.693906 49.135445, -122.693805 49.136366, -122.690816 49.136332, -122.690849 49.137249, -122.689267 49.137284, -122.684615 49.137354, -122.68302 49.137354, -122.679654 49.137363, -122.679249 49.137363)))"
89037,Cloverdale,Neighborhood,M,Macro Neighborhood,Cloverdale,,,CAN,"Vancouver, BC",49.122671,-122.726356,20220419,52120222.56,Canada,British Columbia,"Vancouver, BC",Surrey,"MULTIPOLYGON (((-122.679086 49.162889, -122.679093 49.160847, -122.67916 49.160318, -122.679052 49.160295, -122.679068 49.160226, -122.679083 49.1601, -122.679091 49.159909, -122.679088 49.15969, -122.679079 49.159506, -122.679076 49.159341, -122.679071 49.159286, -122.679061 49.159208, -122.679112 49.159179, -122.679135 49.159162, -122.679155 49.159137, -122.67917 49.159109, -122.679174 49.159077, -122.679179 49.158362, -122.679203 49.157481, -122.679229 49.15651, -122.679236 49.155665, -122.679238 49.155489, -122.679258 49.154723, -122.679264 49.15455, -122.679282 49.153936, -122.679295 49.153175, -122.679299 49.152959, -122.679311 49.152741, -122.679318 49.152436, -122.679316 49.152099, -122.679308 49.151777, -122.679308 49.151735, -122.679303 49.151697, -122.679292 49.151648, -122.679284 49.151615, -122.679275 49.151581, -122.679263 49.151546, -122.679247 49.151517, -122.679228 49.151486, -122.679204 49.15145, -122.679187 49.15143, -122.679168 49.151407, -122.679285 49.151291, -122.679301 49.150931, -122.679297 49.150853, -122.679287 49.150822, -122.679276 49.150801, -122.679254 49.150765, -122.679293 49.150734, -122.679303 49.150723, -122.679309 49.150707, -122.679315 49.150684, -122.679319 49.150639, -122.679329 49.150389, -122.679346 49.150038, -122.679348 49.149914, -122.67935 49.149837, -122.679355 49.149775, -122.679364 49.149697, -122.679369 49.149669, -122.67937 49.149649, -122.679371 49.149635, -122.679373 49.149613, -122.679372 49.149582, -122.679368 49.14956, -122.679364 49.149543, -122.679359 49.149523, -122.6793495 49.1494936, -122.679337 49.149462, -122.679324 49.149431, -122.679307 49.149403, -122.679287 49.149375, -122.679269 49.149351, -122.679244 49.149318, -122.679222 49.149287, -122.679202 49.149251, -122.67918 49.149207, -122.679166 49.149174, -122.67915 49.149125, -122.679142 49.149087, -122.679137 49.14905, -122.679122 49.148878, -122.679121 49.148817, -122.679122 49.148734, -122.679128 49.148644, -122.67914 49.148547, -122.679157 49.148438, -122.67917 49.148344, -122.679175 49.148276, -122.679171 49.148225, -122.679439 49.148212, -122.679425 49.147384, -122.679469 49.146002, -122.679458 49.145615, -122.679477 49.144845, -122.679486 49.144587, -122.679537 49.143724, -122.679551 49.143505, -122.679486 49.143503, -122.679453 49.142706, -122.679416 49.141049, -122.679252 49.13987, -122.679201 49.138764, -122.67922 49.137651, -122.679249 49.137363, -122.679276 49.137087, -122.679298 49.136694, -122.679309 49.136577, -122.679581 49.136575, -122.679552 49.136075, -122.679547 49.135723, -122.679555 49.135515, -122.679558 49.134806, -122.679555 49.13376, -122.679559 49.133611, -122.679483 49.133611, -122.67949 49.13314, -122.679501 49.132494, -122.679521 49.131572, -122.67953 49.131151, -122.679534 49.130847, -122.679538 49.130584, -122.679548 49.130221, -122.679555 49.129861, -122.679564 49.129278, -122.679575 49.128885, -122.679573 49.128583, -122.679577 49.128512, -122.679587 49.128402, -122.679597 49.128333, -122.679611 49.128241, -122.679631 49.128152, -122.679721 49.127765, -122.679728 49.127718, -122.679734 49.127687, -122.679743 49.127603, -122.67975 49.127512, -122.679763 49.127283, -122.679777 49.12677, -122.679786 49.126374, -122.679795 49.126116, -122.679814 49.125669, -122.679833 49.12535, -122.679841 49.125036, -122.679845 49.124697, -122.679851 49.12425, -122.67985 49.123767, -122.6798512 49.123523, -122.6799338 49.1199165, -122.679946 49.11962, -122.679953 49.119184, -122.679953 49.119076, -122.67997 49.114038, -122.6800638 49.107978, -122.6798216 49.0975817, -122.6798758 49.0950321, -122.6799908 49.0896195, -122.685686 49.089554, -122.690795 49.089574, -122.696133 49.089574, -122.696393 49.089704, -122.700877 49.089694, -122.704309 49.089704, -122.705437 49.089774, -122.707923 49.089704, -122.708122 49.089594, -122.713125 49.089664, -122.723603 49.089654, -122.723862 49.089744, -122.729429 49.089734, -122.72975 49.089604, -122.735469 49.089604, -122.749181 49.089594, -122.759751 49.089574, -122.771724 49.089654, -122.778938 49.089684, -122.77903 49.089784, -122.779231 49.109815, -122.779516 49.110002, -122.779802 49.110376, -122.779992 49.110765, -122.779088 49.111699, -122.77912 49.141287, -122.754554 49.141183, -122.745767 49.141146, -122.745933 49.155247, -122.746013 49.15649, -122.745863 49.162849, -122.743638 49.162758, -122.734809 49.162592, -122.734655 49.162595, -122.733238 49.162618, -122.731492 49.162646, -122.730336 49.162658, -122.729347 49.162674, -122.728352 49.162687, -122.726814 49.162708, -122.725452 49.162726, -122.724663 49.162737, -122.72388 49.162747, -122.7233 49.162754, -122.722311 49.162764, -122.721466 49.16277, -122.720069 49.162782, -122.718209 49.162798, -122.716801 49.16281, -122.715362 49.162821, -122.714474 49.162828, -122.713657 49.162834, -122.713043 49.162839, -122.712755 49.162843, -122.71274 49.16246, -122.712735 49.162217, -122.712723 49.161777, -122.712718 49.161534, -122.712705 49.160914, -122.712694 49.160434, -122.712675 49.159928, -122.712469 49.159929, -122.71225 49.159925, -122.712101 49.159913, -122.711707 49.159914, -122.711122 49.159921, -122.710885 49.159919, -122.710355 49.159913, -122.709673 49.159912, -122.708694 49.159919, -122.708433 49.159916, -122.707771 49.159918, -122.707571 49.159914, -122.707406 49.159913, -122.706566 49.159916, -122.706243 49.159924, -122.705568 49.159916, -122.705345 49.16002, -122.705343 49.159921, -122.705342 49.159724, -122.70534 49.159578, -122.70534 49.159513, -122.705343 49.159411, -122.705347 49.159234, -122.70535 49.159073, -122.705352 49.158807, -122.705348 49.158633, -122.705344 49.158569, -122.705339 49.158505, -122.705329 49.158465, -122.705323 49.158441, -122.70531 49.158426, -122.705287 49.15841, -122.705238 49.158384, -122.704965 49.158379, -122.704448 49.158391, -122.703555 49.15841, -122.70272 49.15843, -122.702168 49.158444, -122.70163 49.158457, -122.701628 49.158263, -122.701625 49.157748, -122.701622 49.157435, -122.701621 49.156917, -122.701616 49.156298, -122.701613 49.155781, -122.701611 49.155372, -122.701607 49.154752, -122.701604 49.154522, -122.700268 49.154511, -122.699762 49.154516, -122.699055 49.154522, -122.697845 49.154532, -122.696929 49.154539, -122.695992 49.154538, -122.695723 49.15454, -122.695726 49.154384, -122.695485 49.154387, -122.69515 49.154389, -122.695029 49.15439, -122.695029 49.15448, -122.694757 49.154482, -122.694526 49.154486, -122.694396 49.154487, -122.694315 49.154487, -122.694113 49.15449, -122.693952 49.154491, -122.693946 49.154639, -122.69298 49.154642, -122.692424 49.154649, -122.691586 49.154645, -122.690789 49.15464, -122.690643 49.15464, -122.690637 49.155017, -122.690636 49.155273, -122.690632 49.155413, -122.690628 49.155716, -122.690625 49.155989, -122.690621 49.156411, -122.690618 49.156752, -122.690613 49.15713, -122.69061 49.157354, -122.690608 49.157585, -122.690607 49.157801, -122.690602 49.158081, -122.690602 49.158498, -122.690598 49.158699, -122.690595 49.158969, -122.690593 49.159136, -122.69059 49.159243, -122.69059 49.159321, -122.690066 49.15932, -122.68974 49.159316, -122.689689 49.159321, -122.689475 49.159324, -122.689372 49.159325, -122.689226 49.159319, -122.689173 49.159317, -122.687663 49.159311, -122.687657 49.160109, -122.687677 49.160591, -122.687898 49.160593, -122.687892 49.161031, -122.687707 49.161028, -122.687696 49.161192, -122.687623 49.161195, -122.68763 49.161657, -122.687628 49.161977, -122.687609 49.162471, -122.687609 49.162845, -122.687177 49.162848, -122.684387 49.162865, -122.680156 49.162881, -122.679086 49.162889)))"
822218,Aloha Estates,Neighborhood,S,Sub Neighborhood,Cloverdale,Clayton,Aloha Estates,CAN,"Vancouver, BC",49.131839,-122.687312,20220419,207365.927,Canada,British Columbia,"Vancouver, BC",Surrey,"MULTIPOLYGON (((-122.690798 49.133677, -122.690252 49.133678, -122.68939 49.133673, -122.688388 49.133667, -122.687756 49.133664, -122.687028 49.133656, -122.686647 49.133654, -122.685458 49.133648, -122.684564 49.13364, -122.683775 49.133633, -122.683778 49.133389, -122.683793 49.132603, -122.683793 49.132326, -122.683795 49.132046, -122.683807 49.131375, -122.683805 49.131164, -122.683817 49.13011, -122.683816 49.130007, -122.683926 49.130002, -122.684098 49.130001, -122.686347 49.130019, -122.688436 49.130031, -122.690836 49.130023, -122.690838 49.130256, -122.690835 49.130691, -122.690831 49.131022, -122.690826 49.131326, -122.690816 49.132124, -122.690811 49.132611, -122.690805 49.133164, -122.690799 49.133521, -122.690798 49.133677)))"
822221,North Cloverdale East,Neighborhood,N,Neighborhood,Cloverdale,North Cloverdale East,,CAN,"Vancouver, BC",49.122173,-122.705472,20220419,853285.106,Canada,British Columbia,"Vancouver, BC",Surrey,"MULTIPOLYGON (((-122.707741 49.126492, -122.707446 49.126328, -122.706823 49.126008, -122.70634 49.125775, -122.706235 49.125726, -122.706017 49.125624, -122.705341 49.12532, -122.704816 49.125084, -122.704466 49.124926, -122.703917 49.124672, -122.70299 49.124257, -122.702144 49.123875, -122.701708 49.123684, -122.701471 49.123578, -122.700943 49.123341, -122.700606 49.123189, -122.700137 49.122971, -122.699803 49.122825, -122.699511 49.122696, -122.699241 49.122573, -122.699049 49.122485, -122.698879 49.122408, -122.698713 49.122335, -122.69856 49.122266, -122.698311 49.122153, -122.698111 49.122064, -122.697829 49.121936, -122.697637 49.12185, -122.697452 49.121767, -122.697093 49.121605, -122.696321 49.121268, -122.695701 49.121025, -122.695417 49.120912, -122.695021 49.120747, -122.694576 49.120549, -122.694209 49.120383, -122.693895 49.120227, -122.693613 49.120095, -122.692929 49.119774, -122.692203 49.119449, -122.691969 49.119345, -122.691248 49.11901, -122.691405 49.11893, -122.691694 49.118793, -122.691896 49.118704, -122.691929 49.11869, -122.69199 49.118673, -122.692064 49.118656, -122.692137 49.11864, -122.69217 49.118635, -122.692208 49.118633, -122.692248 49.118632, -122.692302 49.118632, -122.692447 49.118628, -122.692644 49.118633, -122.692755 49.118641, -122.692877 49.118651, -122.692939 49.118661, -122.693067 49.118686, -122.693129 49.118701, -122.693301 49.118747, -122.693574 49.118823, -122.693746 49.11887, -122.693911 49.118913, -122.694045 49.118942, -122.694133 49.118959, -122.69435 49.118997, -122.694578 49.119026, -122.69474 49.119044, -122.694795 49.119048, -122.694942 49.119055, -122.695353 49.119064, -122.69556 49.119064, -122.696205 49.119054, -122.696531 49.119049, -122.69715 49.11904, -122.697768 49.11903, -122.69813 49.119025, -122.698915 49.119011, -122.699653 49.119002, -122.701575 49.11898, -122.701877 49.118974, -122.703255 49.118939, -122.704126 49.11892, -122.705124 49.118898, -122.706069 49.11888, -122.706661 49.118869, -122.706994 49.118859, -122.707289 49.118858, -122.708006 49.118843, -122.709053 49.118822, -122.710166 49.118797, -122.712407 49.118761, -122.712582 49.118759, -122.712582 49.118864, -122.71257 49.120117, -122.71257 49.120996, -122.712571 49.121253, -122.712573 49.122615, -122.712572 49.123242, -122.712572 49.123973, -122.712574 49.12415, -122.712573 49.124819, -122.712571 49.125774, -122.712577 49.126024, -122.712558 49.127054, -122.712544 49.128548, -122.712545 49.128711, -122.712114 49.128555, -122.712011 49.128515, -122.711608 49.128358, -122.711091 49.12814, -122.710845 49.128039, -122.710719 49.127984, -122.710582 49.127924, -122.710432 49.127857, -122.710069 49.127694, -122.70981 49.127574, -122.709561 49.127453, -122.70931 49.127329, -122.708972 49.127158, -122.708711 49.127025, -122.708484 49.126905, -122.708309 49.126807, -122.707998 49.126635, -122.707741 49.126492)))"
822222,West Clayton,Neighborhood,S,Sub Neighborhood,Cloverdale,Clayton,West Clayton,CAN,"Vancouver, BC",49.137259,-122.710268,20220419,2417938.272,Canada,British Columbia,"Vancouver, BC",Surrey,"MULTIPOLYGON (((-122.701692 49.135419, -122.701691 49.135235, -122.701686 49.134957, -122.70168 49.134783, -122.701683 49.134559, -122.70169 49.134352, -122.701691 49.134158, -122.701691 49.134056, -122.701695 49.133563, -122.701695 49.133503, -122.701649 49.133504, -122.701652 49.13323, -122.701649 49.132897, -122.70165 49.13242, -122.701652 49.131918, -122.701653 49.131528, -122.701657 49.130962, -122.701664 49.130312, -122.701668 49.129891, -122.701864 49.129889, -122.702155 49.129881, -122.707602 49.129814, -122.707758 49.129748, -122.707709 49.129716, -122.707671 49.129685, -122.707658 49.129667, -122.707643 49.129638, -122.707637 49.129603, -122.707628 49.129425, -122.707624 49.128815, -122.707631 49.128738, -122.707639 49.128646, -122.707642 49.128589, -122.707646 49.128533, -122.70766 49.12846, -122.707659 49.128405, -122.707653 49.128338, -122.707648 49.128267, -122.707639 49.128231, -122.70763 49.128197, -122.707617 49.128155, -122.707763 49.12808, -122.707726 49.127293, -122.707727 49.126937, -122.707741 49.126492, -122.707998 49.126635, -122.708309 49.126807, -122.708484 49.126905, -122.708711 49.127025, -122.708972 49.127158, -122.70931 49.127329, -122.709561 49.127453, -122.70981 49.127574, -122.710069 49.127694, -122.710432 49.127857, -122.710582 49.127924, -122.710719 49.127984, -122.710845 49.128039, -122.711091 49.12814, -122.711608 49.128358, -122.712011 49.128515, -122.712114 49.128555, -122.712545 49.128711, -122.712761 49.128792, -122.713521 49.129068, -122.714159 49.12931, -122.715628 49.129857, -122.716907 49.130332, -122.717742 49.130643, -122.718527 49.130955, -122.718978 49.131133, -122.719204 49.131222, -122.719427 49.131304, -122.719494 49.13133, -122.719563 49.131353, -122.719648 49.131381, -122.719764 49.131419, -122.719854 49.131447, -122.719928 49.13147, -122.720021 49.131494, -122.720092 49.131514, -122.720185 49.131538, -122.720272 49.131558, -122.720352 49.131575, -122.720459 49.131598, -122.720748 49.131652, -122.721067 49.13171, -122.721543 49.131797, -122.721872 49.131865, -122.722253 49.131957, -122.722452 49.132016, -122.72263 49.132069, -122.722789 49.132122, -122.722969 49.132185, -122.723096 49.132237, -122.723266 49.132305, -122.723456 49.132388, -122.723795 49.132556, -122.723907 49.132618, -122.724145 49.132754, -122.724336 49.132873, -122.72468 49.133102, -122.725058 49.133378, -122.725316 49.133555, -122.725592 49.133746, -122.72583 49.133907, -122.725852 49.133923, -122.7259464 49.13399, -122.7259136 49.1340495, -122.725542 49.134301, -122.725363 49.134397, -122.724781 49.134678, -122.724765 49.134948, -122.724239 49.134939, -122.723793 49.135179, -122.722098 49.135937, -122.721786 49.13613, -122.721557 49.136291, -122.721461 49.136344, -122.721441 49.136344, -122.721425 49.136348, -122.721405 49.136357, -122.721386 49.136373, -122.721381 49.136388, -122.721394 49.136401, -122.721416 49.136414, -122.72144 49.136426, -122.721452 49.136442, -122.721457 49.136473, -122.721454 49.136503, -122.72145 49.136529, -122.721222 49.136715, -122.7209 49.1370264, -122.720683 49.137337, -122.718244 49.139192, -122.717802 49.139526, -122.717662 49.139643, -122.717523 49.139796, -122.717331 49.139815, -122.717278 49.139816, -122.71724 49.139813, -122.717195 49.13981, -122.717156 49.139803, -122.717064 49.139779, -122.716847 49.139721, -122.716519 49.139629, -122.716119 49.139517, -122.715739 49.139409, -122.715396 49.139307, -122.7153 49.139498, -122.715139 49.139833, -122.715076 49.139964, -122.714991 49.14024, -122.714972 49.140291, -122.714958 49.140314, -122.714945 49.14033, -122.714927 49.140348, -122.714841 49.140597, -122.714276 49.140588, -122.713654 49.140626, -122.713059 49.140627, -122.712792 49.140626, -122.7124314 49.1406251, -122.7124112 49.1441976, -122.7123987 49.1463946, -122.7123915 49.147895, -122.7123917 49.1479101, -122.712236 49.147911, -122.711599 49.147916, -122.710845 49.147929, -122.710474 49.147935, -122.709747 49.147946, -122.709288 49.147953, -122.708525 49.147962, -122.707561 49.147974, -122.706826 49.147983, -122.705988 49.147993, -122.705016 49.148002, -122.704044 49.148012, -122.703203 49.148021, -122.701748 49.148038, -122.7015568 49.148039, -122.7015523 49.1475801, -122.701547 49.147319, -122.701546 49.145553, -122.7017476 49.1455511, -122.7016401 49.1407301, -122.701637 49.140291, -122.70164 49.140113, -122.701639 49.140004, -122.701642 49.139731, -122.70164 49.139643, -122.70163 49.139205, -122.701616 49.138856, -122.70162 49.13829, -122.701621 49.137799, -122.701663 49.137299, -122.701703 49.1371122, -122.701697 49.136799, -122.701696 49.136571, -122.701697 49.136262, -122.701691 49.136092, -122.701681 49.136044, -122.701674 49.136024, -122.701672 49.136002, -122.701674 49.135953, -122.701682 49.135772, -122.701692 49.135419)))"
822239,Cloverdale Town Centre,Neighborhood,N,Neighborhood,CLoverdale,Cloverdale Town Centre,,CAN,"Vancouver, BC",49.106506,-122.73346,20220419,1522538.32,Canada,British Columbia,"Vancouver, BC",Surrey,"MULTIPOLYGON (((-122.742847 49.11151, -122.741937 49.111508, -122.741542 49.111505, -122.74103 49.111505, -122.73994 49.111502, -122.737959 49.111494, -122.737025 49.111493, -122.735148 49.111482, -122.73456 49.111485, -122.733528 49.111483, -122.732173 49.111471, -122.730844 49.111467, -122.73047 49.111463, -122.730092 49.111463, -122.72844 49.111457, -122.72674 49.111452, -122.725507 49.111447, -122.723948 49.11144, -122.723808 49.111441, -122.723808 49.11116, -122.723809 49.110474, -122.723812 49.110116, -122.723814 49.109678, -122.723814 49.109441, -122.723816 49.109128, -122.723814 49.108846, -122.723816 49.108552, -122.723817 49.108059, -122.723819 49.107635, -122.72382 49.107135, -122.723819 49.106651, -122.723822 49.106306, -122.723823 49.105812, -122.723825 49.105183, -122.723837 49.104287, -122.723828 49.103859, -122.72385 49.102425, -122.723851 49.102282, -122.724866 49.102281, -122.72655 49.102286, -122.726881 49.102276, -122.727016 49.10226, -122.727091 49.102248, -122.7272 49.10222, -122.727295 49.102202, -122.727303 49.101952, -122.72731 49.10157, -122.727306 49.1015, -122.727366 49.101489, -122.727391 49.100576, -122.72985 49.101752, -122.731554 49.102568, -122.733049 49.103289, -122.733207 49.103361, -122.733355 49.103421, -122.733417 49.103446, -122.733469 49.103467, -122.73353 49.10349, -122.733561 49.103501, -122.7335605 49.103028, -122.733572 49.1030095, -122.733585 49.102984, -122.73359 49.102967, -122.733595 49.102919, -122.733593 49.102576, -122.733594 49.102063, -122.733607 49.101502, -122.733611 49.101459, -122.733517 49.101459, -122.733499 49.100829, -122.733493 49.10072, -122.733489 49.100538, -122.733691 49.100544, -122.733753 49.100545, -122.733909 49.100547, -122.734091 49.100547, -122.734616 49.100548, -122.736763 49.100558, -122.736926 49.100561, -122.737311 49.100562, -122.73828 49.100565, -122.739772 49.100572, -122.740389 49.100573, -122.740676 49.100575, -122.740811 49.100578, -122.741069 49.100585, -122.741133 49.100589, -122.741181 49.100592, -122.74127 49.100597, -122.741378 49.100606, -122.741466 49.100615, -122.74156 49.100627, -122.741574 49.10109, -122.74165 49.101121, -122.741638 49.101157, -122.741632 49.101189, -122.741629 49.101342, -122.741623 49.101728, -122.741626 49.10175, -122.741632 49.101767, -122.741653 49.101801, -122.74164 49.101854, -122.741637 49.101897, -122.741616 49.102467, -122.741603 49.103113, -122.741589 49.103357, -122.741551 49.103893, -122.741557 49.104175, -122.741754 49.104175, -122.741734 49.104876, -122.741743 49.10558, -122.741739 49.105999, -122.742212 49.106, -122.742289 49.106004, -122.742338 49.106012, -122.742368 49.10602, -122.742402 49.106033, -122.742423 49.106047, -122.742442 49.106063, -122.743154 49.106069, -122.743154 49.106921, -122.743163 49.107664, -122.74316 49.107832, -122.743232 49.107834, -122.743235 49.108262, -122.743466 49.10826, -122.743458 49.108669, -122.743449 49.109161, -122.743445 49.109515, -122.743236 49.109519, -122.743236 49.109664, -122.74324 49.11003, -122.743243 49.110113, -122.742622 49.110101, -122.742621 49.110481, -122.742906 49.11048, -122.742906 49.110772, -122.742914 49.111079, -122.742856 49.111079, -122.742847 49.11151)))"
822275,Clayton,Neighborhood,N,Neighborhood,Cloverdale,Clayton,,CAN,"Vancouver, BC",49.138988,-122.698552,20220419,10832845.9,Canada,British Columbia,"Vancouver, BC",Surrey,"MULTIPOLYGON (((-122.679086 49.162889, -122.679093 49.160847, -122.67916 49.160318, -122.679052 49.160295, -122.679068 49.160226, -122.679083 49.1601, -122.679091 49.159909, -122.679088 49.15969, -122.679079 49.159506, -122.679076 49.159341, -122.679071 49.159286, -122.679061 49.159208, -122.679112 49.159179, -122.679135 49.159162, -122.679155 49.159137, -122.67917 49.159109, -122.679174 49.159077, -122.679179 49.158362, -122.679203 49.157481, -122.679229 49.15651, -122.679236 49.155665, -122.679238 49.155489, -122.679258 49.154723, -122.679264 49.15455, -122.679282 49.153936, -122.679295 49.153175, -122.679299 49.152959, -122.679311 49.152741, -122.679318 49.152436, -122.679316 49.152099, -122.679308 49.151777, -122.679308 49.151735, -122.679303 49.151697, -122.679292 49.151648, -122.679284 49.151615, -122.679275 49.151581, -122.679263 49.151546, -122.679247 49.151517, -122.679228 49.151486, -122.679204 49.15145, -122.679187 49.15143, -122.679168 49.151407, -122.679285 49.151291, -122.679301 49.150931, -122.679297 49.150853, -122.679287 49.150822, -122.679276 49.150801, -122.679254 49.150765, -122.679293 49.150734, -122.679303 49.150723, -122.679309 49.150707, -122.679315 49.150684, -122.679319 49.150639, -122.679329 49.150389, -122.679346 49.150038, -122.679348 49.149914, -122.67935 49.149837, -122.679355 49.149775, -122.679364 49.149697, -122.679369 49.149669, -122.67937 49.149649, -122.679371 49.149635, -122.679373 49.149613, -122.679372 49.149582, -122.679368 49.14956, -122.679364 49.149543, -122.679359 49.149523, -122.6793495 49.1494936, -122.679337 49.149462, -122.679324 49.149431, -122.679307 49.149403, -122.679287 49.149375, -122.679269 49.149351, -122.679244 49.149318, -122.679222 49.149287, -122.679202 49.149251, -122.67918 49.149207, -122.679166 49.149174, -122.67915 49.149125, -122.679142 49.149087, -122.679137 49.14905, -122.679122 49.148878, -122.679121 49.148817, -122.679122 49.148734, -122.679128 49.148644, -122.67914 49.148547, -122.679157 49.148438, -122.67917 49.148344, -122.679175 49.148276, -122.679171 49.148225, -122.679439 49.148212, -122.679425 49.147384, -122.679469 49.146002, -122.679458 49.145615, -122.679477 49.144845, -122.679486 49.144587, -122.679537 49.143724, -122.679551 49.143505, -122.679486 49.143503, -122.679453 49.142706, -122.679416 49.141049, -122.679252 49.13987, -122.679201 49.138764, -122.67922 49.137651, -122.679249 49.137363, -122.679276 49.137087, -122.679298 49.136694, -122.679309 49.136577, -122.679581 49.136575, -122.679552 49.136075, -122.679547 49.135723, -122.679555 49.135515, -122.679558 49.134806, -122.679555 49.13376, -122.679559 49.133611, -122.679483 49.133611, -122.67949 49.13314, -122.679501 49.132494, -122.679521 49.131572, -122.67953 49.131151, -122.679534 49.130847, -122.679538 49.130584, -122.679548 49.130221, -122.679555 49.129861, -122.679564 49.129278, -122.679575 49.128885, -122.679573 49.128583, -122.679577 49.128512, -122.679587 49.128402, -122.679597 49.128333, -122.679611 49.128241, -122.679631 49.128152, -122.679721 49.127765, -122.679728 49.127718, -122.679734 49.127687, -122.679743 49.127603, -122.67975 49.127512, -122.679763 49.127283, -122.679777 49.12677, -122.679786 49.126374, -122.679795 49.126116, -122.679814 49.125669, -122.679833 49.12535, -122.679841 49.125036, -122.679845 49.124697, -122.679851 49.12425, -122.67985 49.123767, -122.6798512 49.123523, -122.6799338 49.1199165, -122.679946 49.11962, -122.679953 49.119184, -122.679953 49.119076, -122.680415 49.119077, -122.681317 49.119082, -122.682391 49.119086, -122.683626 49.119092, -122.684864 49.119101, -122.686345 49.119106, -122.686916 49.119109, -122.687339 49.11911, -122.687718 49.119113, -122.687965 49.11912, -122.68809 49.119127, -122.688199 49.119136, -122.688279 49.119143, -122.688359 49.119153, -122.688489 49.119171, -122.688687 49.1192, -122.688904 49.119244, -122.689084 49.119285, -122.689302 49.119341, -122.689356 49.119353, -122.689385 49.119359, -122.689418 49.119365, -122.689479 49.119376, -122.689533 49.119385, -122.689582 49.119391, -122.689629 49.119396, -122.689679 49.1194, -122.689752 49.119404, -122.689823 49.119407, -122.68989 49.119407, -122.689963 49.119405, -122.690053 49.1194, -122.690137 49.119395, -122.690187 49.119391, -122.690274 49.119382, -122.690363 49.119368, -122.69046 49.119348, -122.690563 49.11932, -122.690669 49.119282, -122.690793 49.11923, -122.69109 49.119091, -122.691248 49.11901, -122.691969 49.119345, -122.692203 49.119449, -122.692929 49.119774, -122.693613 49.120095, -122.693895 49.120227, -122.694209 49.120383, -122.694576 49.120549, -122.695021 49.120747, -122.695417 49.120912, -122.695701 49.121025, -122.696321 49.121268, -122.697093 49.121605, -122.697452 49.121767, -122.697637 49.12185, -122.697829 49.121936, -122.698111 49.122064, -122.698311 49.122153, -122.69856 49.122266, -122.698713 49.122335, -122.698879 49.122408, -122.699049 49.122485, -122.699241 49.122573, -122.699511 49.122696, -122.699803 49.122825, -122.700137 49.122971, -122.700606 49.123189, -122.700943 49.123341, -122.701471 49.123578, -122.701708 49.123684, -122.702144 49.123875, -122.70299 49.124257, -122.703917 49.124672, -122.704466 49.124926, -122.704816 49.125084, -122.705341 49.12532, -122.706017 49.125624, -122.706235 49.125726, -122.70634 49.125775, -122.706823 49.126008, -122.707446 49.126328, -122.707741 49.126492, -122.707998 49.126635, -122.708309 49.126807, -122.708484 49.126905, -122.708711 49.127025, -122.708972 49.127158, -122.70931 49.127329, -122.709561 49.127453, -122.70981 49.127574, -122.710069 49.127694, -122.710432 49.127857, -122.710582 49.127924, -122.710719 49.127984, -122.710845 49.128039, -122.711091 49.12814, -122.711608 49.128358, -122.712011 49.128515, -122.712114 49.128555, -122.712545 49.128711, -122.712761 49.128792, -122.713521 49.129068, -122.714159 49.12931, -122.715628 49.129857, -122.716907 49.130332, -122.717742 49.130643, -122.718527 49.130955, -122.718978 49.131133, -122.719204 49.131222, -122.719427 49.131304, -122.719494 49.13133, -122.719563 49.131353, -122.719648 49.131381, -122.719764 49.131419, -122.719854 49.131447, -122.719928 49.13147, -122.720021 49.131494, -122.720092 49.131514, -122.720185 49.131538, -122.720272 49.131558, -122.720352 49.131575, -122.720459 49.131598, -122.720748 49.131652, -122.721067 49.13171, -122.721543 49.131797, -122.721872 49.131865, -122.722253 49.131957, -122.722452 49.132016, -122.72263 49.132069, -122.722789 49.132122, -122.722969 49.132185, -122.723096 49.132237, -122.723266 49.132305, -122.723456 49.132388, -122.723795 49.132556, -122.723907 49.132618, -122.724145 49.132754, -122.724336 49.132873, -122.72468 49.133102, -122.725058 49.133378, -122.725316 49.133555, -122.725592 49.133746, -122.72583 49.133907, -122.725852 49.133923, -122.7259464 49.13399, -122.726007 49.134033, -122.726207 49.134177, -122.726376 49.134297, -122.726537 49.134402, -122.726721 49.134526, -122.726845 49.134606, -122.726976 49.134691, -122.727132 49.134789, -122.727181 49.134818, -122.727267 49.134868, -122.727401 49.134941, -122.727605 49.135042, -122.72789 49.135176, -122.728187 49.13531, -122.728953 49.135666, -122.72959 49.135945, -122.730091 49.136164, -122.730551 49.136365, -122.731266 49.136681, -122.732045 49.137021, -122.732626 49.137278, -122.733526 49.137669, -122.733752 49.137772, -122.733608 49.137902, -122.73324 49.138337, -122.733063 49.138547, -122.732983 49.138641, -122.732932 49.138699, -122.732866 49.138773, -122.73282 49.138823, -122.732766 49.138879, -122.732654 49.138995, -122.732541 49.139102, -122.732433 49.139204, -122.732348 49.139284, -122.732265 49.139356, -122.732176 49.139431, -122.732027 49.139556, -122.731934 49.139629, -122.731649 49.13985, -122.731454 49.139993, -122.731205 49.14017, -122.731012 49.140307, -122.730673 49.140545, -122.730295 49.140807, -122.729885 49.141095, -122.72908 49.141658, -122.728676 49.14194, -122.728366 49.142157, -122.727961 49.14244, -122.727456 49.142794, -122.726676 49.143348, -122.726409 49.143537, -122.726119 49.143736, -122.725815 49.143954, -122.725419 49.14423, -122.724832 49.144636, -122.724529 49.144844, -122.723923 49.145271, -122.723314 49.145699, -122.722307 49.146404, -122.720573 49.147618, -122.720239 49.147858, -122.7201 49.147954, -122.719753 49.147956, -122.717735 49.147947, -122.716897 49.147943, -122.716053 49.147936, -122.714717 49.147925, -122.71368 49.147917, -122.712727 49.147909, -122.712594 49.147909, -122.7123917 49.1479101, -122.712236 49.147911, -122.711599 49.147916, -122.710845 49.147929, -122.710474 49.147935, -122.709747 49.147946, -122.709288 49.147953, -122.708525 49.147962, -122.707561 49.147974, -122.706826 49.147983, -122.705988 49.147993, -122.705016 49.148002, -122.704044 49.148012, -122.703203 49.148021, -122.701748 49.148038, -122.7015568 49.148039, -122.701555 49.148282, -122.701557 49.148766, -122.701568 49.149999, -122.701571 49.150306, -122.701572 49.15072, -122.701576 49.151027, -122.70158 49.151441, -122.701581 49.15196, -122.701582 49.152164, -122.701588 49.152557, -122.701591 49.153095, -122.701594 49.153304, -122.701595 49.153614, -122.7016 49.153924, -122.701602 49.154336, -122.701604 49.154522, -122.700268 49.154511, -122.699762 49.154516, -122.699055 49.154522, -122.697845 49.154532, -122.696929 49.154539, -122.695992 49.154538, -122.695723 49.15454, -122.695726 49.154384, -122.695485 49.154387, -122.69515 49.154389, -122.695029 49.15439, -122.695029 49.15448, -122.694757 49.154482, -122.694526 49.154486, -122.694396 49.154487, -122.694315 49.154487, -122.694113 49.15449, -122.693952 49.154491, -122.693946 49.154639, -122.69298 49.154642, -122.692424 49.154649, -122.691586 49.154645, -122.690789 49.15464, -122.690643 49.15464, -122.690637 49.155017, -122.690636 49.155273, -122.690632 49.155413, -122.690628 49.155716, -122.690625 49.155989, -122.690621 49.156411, -122.690618 49.156752, -122.690613 49.15713, -122.69061 49.157354, -122.690608 49.157585, -122.690607 49.157801, -122.690602 49.158081, -122.690602 49.158498, -122.690598 49.158699, -122.690595 49.158969, -122.690593 49.159136, -122.69059 49.159243, -122.69059 49.159321, -122.690066 49.15932, -122.68974 49.159316, -122.689689 49.159321, -122.689475 49.159324, -122.689372 49.159325, -122.689226 49.159319, -122.689173 49.159317, -122.687663 49.159311, -122.687657 49.160109, -122.687677 49.160591, -122.687898 49.160593, -122.687892 49.161031, -122.687707 49.161028, -122.687696 49.161192, -122.687623 49.161195, -122.68763 49.161657, -122.687628 49.161977, -122.687609 49.162471, -122.687609 49.162845, -122.687177 49.162848, -122.684387 49.162865, -122.680156 49.162881, -122.679086 49.162889)))"
88977,Fleetwood Town Centre,Neighborhood,N,Neighborhood,Fleetwood,Fleetwood Town Centre,,CAN,"Vancouver, BC",49.155501,-122.773236,20220419,3991017.308,Canada,British Columbia,"Vancouver, BC",Surrey,"MULTIPOLYGON (((-122.756531 49.162898, -122.756597 49.15679, -122.756611 49.155493, -122.756542 49.149856, -122.756348 49.149415, -122.756103 49.148745, -122.756206 49.148363, -122.756478 49.14799, -122.756594 49.147582, -122.756711 49.147073, -122.757357 49.147167, -122.757901 49.147396, -122.759142 49.148032, -122.759841 49.14821, -122.771851 49.148249, -122.790063 49.148266, -122.79014 49.155545, -122.790192 49.162824, -122.77878 49.162762, -122.767759 49.162856, -122.756531 49.162898)))"
88985,Fleetwood,Neighborhood,M,Macro Neighborhood,Fleetwood,,,CAN,"Vancouver, BC",49.158831,-122.787929,20220419,18687324.58,Canada,British Columbia,"Vancouver, BC",Surrey,"MULTIPOLYGON (((-122.812034 49.184164, -122.812256 49.17688, -122.778851 49.176938, -122.778871 49.17013, -122.767798 49.170129, -122.767709 49.166513, -122.768557 49.166493, -122.768606 49.163772, -122.767769 49.163772, -122.767759 49.162856, -122.756531 49.162898, -122.745863 49.162849, -122.746013 49.15649, -122.745933 49.155247, -122.745767 49.141146, -122.754554 49.141183, -122.77912 49.141287, -122.787678 49.141407, -122.787696 49.141564, -122.79005 49.141619, -122.791214 49.14162, -122.79203 49.141621, -122.7928 49.141645, -122.793216 49.14165, -122.793653 49.141672, -122.79407 49.141676, -122.794673 49.141684, -122.795181 49.141684, -122.795617 49.141676, -122.795616 49.141514, -122.795812 49.141517, -122.795928 49.13955, -122.80125 49.139666, -122.801507 49.148466, -122.812712 49.148071, -122.813906 49.14823, -122.815363 49.148347, -122.817139 49.148677, -122.8205 49.149444, -122.823499 49.149516, -122.823535 49.150259, -122.823344 49.155553, -122.823421 49.166406, -122.823252 49.177001, -122.823084 49.184067, -122.812034 49.184164)))"
822247,Fleetwood Enclave,Neighborhood,N,Neighborhood,Fleetwood,Fleetwood Enclave,,CAN,"Vancouver, BC",49.143317,-122.791684,20220419,217469.333,Canada,British Columbia,"Vancouver, BC",Surrey,"MULTIPOLYGON (((-122.795617 49.141676, -122.795628 49.141997, -122.795618 49.142409, -122.795626 49.142773, -122.795625 49.143022, -122.795629 49.143246, -122.795631 49.143402, -122.795624 49.143618, -122.795628 49.144046, -122.795606 49.144165, -122.795595 49.144255, -122.795599 49.144492, -122.795599 49.144687, -122.795606 49.144905, -122.795604 49.145081, -122.7954 49.145083, -122.794995 49.145083, -122.794451 49.14508, -122.793987 49.145078, -122.793526 49.145073, -122.792702 49.145068, -122.792203 49.145066, -122.791668 49.145065, -122.790933 49.14507, -122.790062 49.145061, -122.790062 49.145124, -122.789804 49.145123, -122.789546 49.145121, -122.789542 49.144908, -122.789354 49.144738, -122.789102 49.144737, -122.788749 49.144738, -122.788392 49.144732, -122.788395 49.144667, -122.787605 49.144682, -122.787606 49.14416, -122.787696 49.141564, -122.79005 49.141619, -122.791214 49.14162, -122.79203 49.141621, -122.7928 49.141645, -122.793216 49.14165, -122.793653 49.141672, -122.79407 49.141676, -122.794673 49.141684, -122.795181 49.141684, -122.795617 49.141676)))"
89084,Guildford,Neighborhood,M,Macro Neighborhood,Guildford,,,CAN,"Vancouver, BC",49.186771,-122.755868,20220419,41726323.81,Canada,British Columbia,"Vancouver, BC",Surrey,"MULTIPOLYGON (((-122.776476 49.2122182, -122.7719461 49.2117866, -122.7697284 49.2118175, -122.7638301 49.2124648, -122.7613764 49.2126806, -122.7576486 49.2131121, -122.7541569 49.2133587, -122.7523166 49.2132662, -122.7519863 49.2132046, -122.7496741 49.2130504, -122.7457105 49.2126497, -122.7413221 49.21154, -122.735707 49.2095363, -122.7335364 49.2085499, -122.7302726 49.2064044, -122.729683 49.205535, -122.728182 49.202384, -122.727328 49.200029, -122.726857 49.196289, -122.726386 49.192373, -122.725561 49.190224, -122.723205 49.186955, -122.72082 49.185748, -122.715726 49.183775, -122.710426 49.182656, -122.705479 49.182362, -122.699826 49.182479, -122.693318 49.183216, -122.687635 49.184069, -122.681246 49.185277, -122.679429 49.185933, -122.6794164 49.1854256, -122.6794678 49.1817914, -122.6793265 49.1818009, -122.679322 49.1816211, -122.6795916 49.1810871, -122.6797914 49.1806398, -122.6795059 49.1804494, -122.6794869 49.1770135, -122.6792972 49.1669019, -122.678955 49.166825, -122.679086 49.162889, -122.680156 49.162881, -122.684387 49.162865, -122.687177 49.162848, -122.687609 49.162845, -122.687609 49.162471, -122.687628 49.161977, -122.68763 49.161657, -122.687623 49.161195, -122.687696 49.161192, -122.687707 49.161028, -122.687892 49.161031, -122.687898 49.160593, -122.687677 49.160591, -122.687657 49.160109, -122.687663 49.159311, -122.689173 49.159317, -122.689226 49.159319, -122.689372 49.159325, -122.689475 49.159324, -122.689689 49.159321, -122.68974 49.159316, -122.690066 49.15932, -122.69059 49.159321, -122.69059 49.159243, -122.690593 49.159136, -122.690595 49.158969, -122.690598 49.158699, -122.690602 49.158498, -122.690602 49.158081, -122.690607 49.157801, -122.690608 49.157585, -122.69061 49.157354, -122.690613 49.15713, -122.690618 49.156752, -122.690621 49.156411, -122.690625 49.155989, -122.690628 49.155716, -122.690632 49.155413, -122.690636 49.155273, -122.690637 49.155017, -122.690643 49.15464, -122.690789 49.15464, -122.691586 49.154645, -122.692424 49.154649, -122.69298 49.154642, -122.693946 49.154639, -122.693952 49.154491, -122.694113 49.15449, -122.694315 49.154487, -122.694396 49.154487, -122.694526 49.154486, -122.694757 49.154482, -122.695029 49.15448, -122.695029 49.15439, -122.69515 49.154389, -122.695485 49.154387, -122.695726 49.154384, -122.695723 49.15454, -122.695992 49.154538, -122.696929 49.154539, -122.697845 49.154532, -122.699055 49.154522, -122.699762 49.154516, -122.700268 49.154511, -122.701604 49.154522, -122.701607 49.154752, -122.701611 49.155372, -122.701613 49.155781, -122.701616 49.156298, -122.701621 49.156917, -122.701622 49.157435, -122.701625 49.157748, -122.701628 49.158263, -122.70163 49.158457, -122.702168 49.158444, -122.70272 49.15843, -122.703555 49.15841, -122.704448 49.158391, -122.704965 49.158379, -122.705238 49.158384, -122.705287 49.15841, -122.70531 49.158426, -122.705323 49.158441, -122.705329 49.158465, -122.705339 49.158505, -122.705344 49.158569, -122.705348 49.158633, -122.705352 49.158807, -122.70535 49.159073, -122.705347 49.159234, -122.705343 49.159411, -122.70534 49.159513, -122.70534 49.159578, -122.705342 49.159724, -122.705343 49.159921, -122.705345 49.16002, -122.705568 49.159916, -122.706243 49.159924, -122.706566 49.159916, -122.707406 49.159913, -122.707571 49.159914, -122.707771 49.159918, -122.708433 49.159916, -122.708694 49.159919, -122.709673 49.159912, -122.710355 49.159913, -122.710885 49.159919, -122.711122 49.159921, -122.711707 49.159914, -122.712101 49.159913, -122.71225 49.159925, -122.712469 49.159929, -122.712675 49.159928, -122.712694 49.160434, -122.712705 49.160914, -122.712718 49.161534, -122.712723 49.161777, -122.712735 49.162217, -122.71274 49.16246, -122.712755 49.162843, -122.713043 49.162839, -122.713657 49.162834, -122.714474 49.162828, -122.715362 49.162821, -122.716801 49.16281, -122.718209 49.162798, -122.720069 49.162782, -122.721466 49.16277, -122.722311 49.162764, -122.7233 49.162754, -122.72388 49.162747, -122.724663 49.162737, -122.725452 49.162726, -122.726814 49.162708, -122.728352 49.162687, -122.729347 49.162674, -122.730336 49.162658, -122.731492 49.162646, -122.733238 49.162618, -122.734655 49.162595, -122.734809 49.162592, -122.743638 49.162758, -122.745863 49.162849, -122.756531 49.162898, -122.767759 49.162856, -122.767769 49.163772, -122.768606 49.163772, -122.768557 49.166493, -122.767709 49.166513, -122.767798 49.170129, -122.778871 49.17013, -122.778851 49.176938, -122.812256 49.17688, -122.812034 49.184164, -122.823084 49.184067, -122.823085 49.200923, -122.823085 49.202024, -122.8225292 49.2027517, -122.8214154 49.2037441, -122.820251 49.205001, -122.8193397 49.2059602, -122.8191878 49.2074487, -122.8192384 49.2093339, -122.8192384 49.2104254, -122.8192384 49.2109215, -122.8189347 49.2113845, -122.8183272 49.2119798, -122.8179221 49.212972, -122.8186815 49.2139641, -122.8190906 49.2175734, -122.8166317 49.217489, -122.8104502 49.2165643, -122.797993 49.2144375, -122.7930856 49.2137902, -122.7873289 49.213297, -122.7831765 49.2128347, -122.776476 49.2122182)))"
822219,Anniedale - Tynehead,Neighborhood,N,Neighborhood,Guildford,Anniedale - Tynehead,,CAN,"Vancouver, BC",49.170873,-122.724355,20220419,5425698.031,Canada,British Columbia,"Vancouver, BC",Surrey,"MULTIPOLYGON (((-122.7153232 49.1764069, -122.713749 49.175991, -122.709828 49.174972, -122.701956 49.172867, -122.695374 49.171127, -122.692226 49.170331, -122.69286 49.169906, -122.693177 49.169692, -122.693331 49.169589, -122.693599 49.169406, -122.693777 49.169282, -122.69386 49.169221, -122.693933 49.169165, -122.693985 49.169122, -122.69403 49.169081, -122.694071 49.169044, -122.694133 49.168978, -122.694205 49.168897, -122.69424 49.16885, -122.694274 49.168805, -122.694347 49.168692, -122.694393 49.168608, -122.694419 49.168551, -122.69445 49.168471, -122.694466 49.168426, -122.694475 49.168393, -122.694497 49.168314, -122.694511 49.168251, -122.69454 49.168117, -122.694566 49.167988, -122.694591 49.167866, -122.694633 49.167671, -122.694664 49.167534, -122.694699 49.167398, -122.694732 49.167286, -122.694772 49.167163, -122.694814 49.167051, -122.69484 49.166985, -122.694857 49.166947, -122.694867 49.166923, -122.694899 49.166848, -122.694937 49.166767, -122.69498 49.166679, -122.695019 49.166606, -122.69508 49.166487, -122.695215 49.166486, -122.696355 49.166486, -122.69776 49.16646, -122.698965 49.166444, -122.699385 49.166445, -122.699383 49.165992, -122.699382 49.165482, -122.699382 49.165001, -122.699382 49.164357, -122.699382 49.164003, -122.699649 49.16401, -122.699659 49.164029, -122.699676 49.164042, -122.699691 49.164051, -122.699711 49.16406, -122.699733 49.164064, -122.699764 49.164066, -122.69986 49.164069, -122.7001 49.16407, -122.700397 49.164068, -122.700541 49.164061, -122.700611 49.164054, -122.700645 49.164047, -122.700663 49.164036, -122.700673 49.164028, -122.700679 49.164015, -122.700686 49.163997, -122.700693 49.163972, -122.701689 49.163999, -122.70213 49.164, -122.702741 49.163984, -122.702737 49.163857, -122.703486 49.163866, -122.703488 49.163958, -122.703904 49.163967, -122.705063 49.163981, -122.705354 49.163981, -122.705358 49.163662, -122.70536 49.163425, -122.705356 49.16319, -122.705344 49.163014, -122.705335 49.16294, -122.705318 49.162845, -122.705979 49.162845, -122.706283 49.162845, -122.706584 49.162846, -122.707239 49.162845, -122.707801 49.162844, -122.709006 49.162844, -122.71006 49.162847, -122.710818 49.162846, -122.711273 49.162845, -122.712037 49.162846, -122.712755 49.162843, -122.713043 49.162839, -122.713657 49.162834, -122.714474 49.162828, -122.715362 49.162821, -122.716801 49.16281, -122.718209 49.162798, -122.720069 49.162782, -122.721466 49.16277, -122.722311 49.162764, -122.7233 49.162754, -122.72388 49.162747, -122.724663 49.162737, -122.725452 49.162726, -122.726814 49.162708, -122.728352 49.162687, -122.729347 49.162674, -122.730336 49.162658, -122.731492 49.162646, -122.733238 49.162618, -122.734655 49.162595, -122.734809 49.162592, -122.734812 49.1629, -122.734811 49.163299, -122.734809 49.163689, -122.734808 49.164883, -122.734805 49.165397, -122.734806 49.165984, -122.734805 49.166644, -122.734807 49.167203, -122.734804 49.167767, -122.734805 49.168517, -122.734804 49.168898, -122.734776 49.169945, -122.734773 49.170005, -122.735084 49.170003, -122.735283 49.17, -122.735371 49.17, -122.73558 49.17, -122.736251 49.170011, -122.736686 49.170022, -122.737045 49.170029, -122.737193 49.170037, -122.737305 49.170044, -122.737402 49.17005, -122.737555 49.170052, -122.737755 49.170053, -122.738367 49.170064, -122.738886 49.17007, -122.739616 49.170073, -122.740056 49.170085, -122.740624 49.170096, -122.741028 49.170101, -122.741089 49.170101, -122.741152 49.170101, -122.74121 49.170101, -122.741251 49.170102, -122.741277 49.170103, -122.741312 49.170108, -122.74133 49.170111, -122.741358 49.170121, -122.741394 49.170138, -122.741431 49.170166, -122.741452 49.170177, -122.74156 49.170134, -122.743847 49.170095, -122.744123 49.170102, -122.744266 49.170106, -122.744466 49.170105, -122.745344 49.170121, -122.745658 49.170123, -122.745703 49.17013, -122.745735 49.170136, -122.745784 49.170147, -122.745862 49.170171, -122.745926 49.170136, -122.745958 49.170123, -122.745983 49.170119, -122.746012 49.170115, -122.746059 49.17011, -122.746642 49.170109, -122.747718 49.170115, -122.748888 49.170122, -122.749777 49.170136, -122.750173 49.170137, -122.750227 49.170137, -122.750255 49.170137, -122.750302 49.170139, -122.750343 49.17014, -122.750375 49.170143, -122.750424 49.17015, -122.750454 49.170159, -122.75049 49.170169, -122.750607 49.170139, -122.750728 49.170113, -122.751055 49.170112, -122.751052 49.170137, -122.751273 49.170134, -122.751848 49.17012, -122.751937 49.170123, -122.75234 49.170124, -122.752355 49.1701, -122.752361 49.170086, -122.752364 49.170072, -122.752364 49.170052, -122.752361 49.170026, -122.752353 49.170003, -122.752525 49.169968, -122.752552 49.169981, -122.75258 49.169987, -122.752622 49.169988, -122.753123 49.170006, -122.753533 49.170008, -122.753738 49.170007, -122.75387 49.170012, -122.754034 49.17002, -122.75418 49.17003, -122.754287 49.170038, -122.754516 49.170045, -122.754737 49.17005, -122.754971 49.170059, -122.755053 49.17006, -122.755137 49.17006, -122.755269 49.170062, -122.755388 49.170056, -122.755637 49.170048, -122.755782 49.170042, -122.755973 49.170038, -122.756174 49.170028, -122.756347 49.170016, -122.756535 49.169998, -122.756701 49.169979, -122.756699 49.170473, -122.756691 49.170833, -122.756688 49.171115, -122.756678 49.171726, -122.756657 49.172963, -122.756647 49.173578, -122.75664 49.173838, -122.756634 49.174464, -122.756623 49.174968, -122.75662 49.175131, -122.756614 49.175542, -122.756607 49.175966, -122.756591 49.176892, -122.756588 49.176996, -122.755952 49.176995, -122.754894 49.176996, -122.754316 49.176996, -122.753646 49.176995, -122.753089 49.176997, -122.752446 49.176995, -122.751872 49.176996, -122.75117 49.176995, -122.750252 49.176995, -122.749641 49.176994, -122.748817 49.176993, -122.748252 49.176993, -122.74697 49.176989, -122.746135 49.176989, -122.745986 49.176989, -122.745663 49.17699, -122.744825 49.176989, -122.74409 49.17699, -122.743314 49.176988, -122.742651 49.176989, -122.741883 49.176988, -122.741583 49.176988, -122.741295 49.176987, -122.740492 49.176987, -122.739575 49.176987, -122.737674 49.176982, -122.736167 49.176982, -122.735397 49.17698, -122.734837 49.176978, -122.73461 49.176975, -122.734579 49.177737, -122.734554 49.178523, -122.734526 49.179268, -122.734504 49.17981, -122.734492 49.180315, -122.734473 49.18071, -122.734463 49.180975, -122.734454 49.181455, -122.732587 49.180954, -122.72253 49.178311, -122.7153232 49.1764069)))"
822220,South Port Kells,Neighborhood,N,Neighborhood,Guildford,South Port Kells,,CAN,"Vancouver, BC",49.161263,-122.697449,20220419,1587260.658,Canada,British Columbia,"Vancouver, BC",Surrey,"MULTIPOLYGON (((-122.687609 49.162845, -122.687609 49.162471, -122.687628 49.161977, -122.68763 49.161657, -122.687623 49.161195, -122.687696 49.161192, -122.687707 49.161028, -122.687892 49.161031, -122.687898 49.160593, -122.687677 49.160591, -122.687657 49.160109, -122.687663 49.159311, -122.689173 49.159317, -122.689226 49.159319, -122.689372 49.159325, -122.689475 49.159324, -122.689689 49.159321, -122.68974 49.159316, -122.690066 49.15932, -122.69059 49.159321, -122.69059 49.159243, -122.690593 49.159136, -122.690595 49.158969, -122.690598 49.158699, -122.690602 49.158498, -122.690602 49.158081, -122.690607 49.157801, -122.690608 49.157585, -122.69061 49.157354, -122.690613 49.15713, -122.690618 49.156752, -122.690621 49.156411, -122.690625 49.155989, -122.690628 49.155716, -122.690632 49.155413, -122.690636 49.155273, -122.690637 49.155017, -122.690643 49.15464, -122.690789 49.15464, -122.691586 49.154645, -122.692424 49.154649, -122.69298 49.154642, -122.693946 49.154639, -122.693952 49.154491, -122.694113 49.15449, -122.694315 49.154487, -122.694396 49.154487, -122.694526 49.154486, -122.694757 49.154482, -122.695029 49.15448, -122.695029 49.15439, -122.69515 49.154389, -122.695485 49.154387, -122.695726 49.154384, -122.695723 49.15454, -122.695992 49.154538, -122.696929 49.154539, -122.697845 49.154532, -122.699055 49.154522, -122.699762 49.154516, -122.700268 49.154511, -122.701604 49.154522, -122.701607 49.154752, -122.701611 49.155372, -122.701613 49.155781, -122.701616 49.156298, -122.701621 49.156917, -122.701622 49.157435, -122.701625 49.157748, -122.701628 49.158263, -122.70163 49.158457, -122.702168 49.158444, -122.70272 49.15843, -122.703555 49.15841, -122.704448 49.158391, -122.704965 49.158379, -122.705238 49.158384, -122.705287 49.15841, -122.70531 49.158426, -122.705323 49.158441, -122.705329 49.158465, -122.705339 49.158505, -122.705344 49.158569, -122.705348 49.158633, -122.705352 49.158807, -122.70535 49.159073, -122.705347 49.159234, -122.705343 49.159411, -122.70534 49.159513, -122.70534 49.159578, -122.705342 49.159724, -122.705343 49.159921, -122.705345 49.16002, -122.705568 49.159916, -122.706243 49.159924, -122.706566 49.159916, -122.707406 49.159913, -122.707571 49.159914, -122.707771 49.159918, -122.708433 49.159916, -122.708694 49.159919, -122.709673 49.159912, -122.710355 49.159913, -122.710885 49.159919, -122.711122 49.159921, -122.711707 49.159914, -122.712101 49.159913, -122.71225 49.159925, -122.712469 49.159929, -122.712675 49.159928, -122.712694 49.160434, -122.712705 49.160914, -122.712718 49.161534, -122.712723 49.161777, -122.712735 49.162217, -122.71274 49.16246, -122.712755 49.162843, -122.712037 49.162846, -122.711273 49.162845, -122.710818 49.162846, -122.71006 49.162847, -122.709006 49.162844, -122.707801 49.162844, -122.707239 49.162845, -122.706584 49.162846, -122.706283 49.162845, -122.705979 49.162845, -122.705318 49.162845, -122.705335 49.16294, -122.705344 49.163014, -122.705356 49.16319, -122.70536 49.163425, -122.705358 49.163662, -122.705354 49.163981, -122.705063 49.163981, -122.703904 49.163967, -122.703488 49.163958, -122.703486 49.163866, -122.702737 49.163857, -122.702741 49.163984, -122.70213 49.164, -122.701689 49.163999, -122.700693 49.163972, -122.700686 49.163997, -122.700679 49.164015, -122.700673 49.164028, -122.700663 49.164036, -122.700645 49.164047, -122.700611 49.164054, -122.700541 49.164061, -122.700397 49.164068, -122.7001 49.16407, -122.69986 49.164069, -122.699764 49.164066, -122.699733 49.164064, -122.699711 49.16406, -122.699691 49.164051, -122.699676 49.164042, -122.699659 49.164029, -122.699649 49.16401, -122.699382 49.164003, -122.699382 49.164357, -122.699382 49.165001, -122.699382 49.165482, -122.699383 49.165992, -122.699385 49.166445, -122.698965 49.166444, -122.69776 49.16646, -122.696355 49.166486, -122.695215 49.166486, -122.69508 49.166487, -122.695019 49.166606, -122.69498 49.166679, -122.694937 49.166767, -122.694899 49.166848, -122.694867 49.166923, -122.694857 49.166947, -122.69484 49.166985, -122.694814 49.167051, -122.694772 49.167163, -122.694732 49.167286, -122.694699 49.167398, -122.694664 49.167534, -122.694633 49.167671, -122.694591 49.167866, -122.694566 49.167988, -122.69454 49.168117, -122.694511 49.168251, -122.694497 49.168314, -122.694475 49.168393, -122.694466 49.168426, -122.69445 49.168471, -122.694419 49.168551, -122.694393 49.168608, -122.694347 49.168692, -122.694274 49.168805, -122.69424 49.16885, -122.694205 49.168897, -122.694133 49.168978, -122.694071 49.169044, -122.69403 49.169081, -122.693985 49.169122, -122.693933 49.169165, -122.69386 49.169221, -122.693777 49.169282, -122.693599 49.169406, -122.693331 49.169589, -122.693177 49.169692, -122.69286 49.169906, -122.692226 49.170331, -122.692211 49.170327, -122.687784 49.169151, -122.687974 49.168355, -122.689383 49.168337, -122.689381 49.167861, -122.690568 49.167846, -122.690562 49.167035, -122.690559 49.166168, -122.690553 49.164952, -122.690552 49.164341, -122.690565 49.162926, -122.690567 49.162823, -122.690367 49.162826, -122.688954 49.162835, -122.687609 49.162845)))"
822223,Guildford Town Centre,Neighborhood,N,Neighborhood,Guildford,Guildford Town Centre,,CAN,"Vancouver, BC",49.191088,-122.804173,20220419,1864433.262,Canada,British Columbia,"Vancouver, BC",Surrey,"MULTIPOLYGON (((-122.812034 49.184164, -122.812031 49.184733, -122.812032 49.18605, -122.81203 49.186162, -122.812022 49.18646, -122.812017 49.186802, -122.812011 49.187048, -122.812004 49.18753, -122.811999 49.187883, -122.811994 49.188215, -122.811978 49.189318, -122.811974 49.189727, -122.811974 49.189817, -122.811981 49.189887, -122.811992 49.189964, -122.81201 49.190046, -122.812025 49.190096, -122.812056 49.190184, -122.812101 49.190282, -122.81216 49.190394, -122.812232 49.190515, -122.812307 49.190648, -122.812373 49.190804, -122.812385 49.190845, -122.812396 49.190894, -122.812407 49.190948, -122.812416 49.190992, -122.812429 49.191105, -122.81243 49.191174, -122.81243 49.191374, -122.812436 49.19162, -122.812434 49.192262, -122.812434 49.192997, -122.812438 49.193408, -122.812444 49.19404, -122.812447 49.194504, -122.81245 49.195059, -122.812457 49.195683, -122.812464 49.196636, -122.812466 49.19702, -122.812479 49.197724, -122.812501 49.198593, -122.812501 49.198729, -122.811954 49.19873, -122.810633 49.198735, -122.808786 49.198736, -122.808294 49.198736, -122.806949 49.198739, -122.806372 49.198737, -122.805961 49.198739, -122.805258 49.198743, -122.804864 49.198732, -122.804711 49.198723, -122.804632 49.198715, -122.8045 49.198695, -122.804356 49.198664, -122.804128 49.1986, -122.804011 49.198562, -122.803708 49.198441, -122.803474 49.198335, -122.802288 49.197747, -122.80162 49.197415, -122.80117 49.197196, -122.801015 49.197124, -122.800945 49.197094, -122.800845 49.197059, -122.80079 49.197041, -122.800719 49.197019, -122.800308 49.19692, -122.799318 49.196678, -122.798499 49.196468, -122.798164 49.196387, -122.796677 49.196017, -122.796386 49.195944, -122.796148 49.195882, -122.795983 49.195832, -122.795872 49.195789, -122.795775 49.195739, -122.79566 49.195664, -122.795551 49.195577, -122.795479 49.195511, -122.795441 49.195469, -122.795387 49.195387, -122.795359 49.195333, -122.795344 49.195285, -122.795327 49.195232, -122.795319 49.195172, -122.795319 49.195112, -122.795319 49.194908, -122.795317 49.193469, -122.795318 49.193197, -122.795318 49.192501, -122.795319 49.191663, -122.795315 49.191376, -122.795322 49.190604, -122.795322 49.190388, -122.795325 49.18957, -122.795333 49.188886, -122.795329 49.188693, -122.795338 49.187772, -122.795341 49.18739, -122.795343 49.186896, -122.795347 49.18578, -122.795358 49.185013, -122.795367 49.184414, -122.795366 49.184269, -122.796275 49.184259, -122.798246 49.184239, -122.799164 49.184225, -122.800678 49.184212, -122.802476 49.184193, -122.803458 49.184188, -122.804641 49.184182, -122.806624 49.18417, -122.808501 49.18417, -122.812034 49.184164)))"
1280386,Abbey Ridge,Neighborhood,N,Neighborhood,Guildford,Abbey Ridge,,CAN,"Vancouver, BC",49.184585,-122.730981,20220419,1994138.75,Canada,British Columbia,"Vancouver, BC",Surrey,"MULTIPOLYGON (((-122.7147879 49.1770876, -122.7153232 49.1764069, -122.72253 49.178311, -122.732587 49.180954, -122.734454 49.181455, -122.7454924 49.1842641, -122.7454924 49.1896345, -122.7454924 49.1915262, -122.7390798 49.1915262, -122.7373785 49.1914667, -122.7363553 49.1914191, -122.735463 49.1913596, -122.7347848 49.1912763, -122.7342138 49.1911812, -122.733607 49.1910027, -122.7329408 49.1907647, -122.7321674 49.1903364, -122.7279225 49.1880236, -122.7261522 49.1870813, -122.72501 49.1864389, -122.7235966 49.1857822, -122.7213123 49.1846828, -122.7186997 49.1835978, -122.7171435 49.1829125, -122.7162726 49.1823986, -122.7156445 49.1818703, -122.7147307 49.1806568, -122.7140455 49.1798573, -122.7136314 49.1793862, -122.7133459 49.1791577, -122.7137028 49.1788008, -122.7142596 49.1779442, -122.7147879 49.1770876)))"
51492,South Newton,Neighborhood,N,Neighborhood,Newton,South Newton,,CAN,"Vancouver, BC",49.113127,-122.821413,20220419,5083306.767,Canada,British Columbia,"Vancouver, BC",Surrey,"MULTIPOLYGON (((-122.82337 49.12274, -122.823314 49.12124, -122.817483 49.121214, -122.817443 49.120254, -122.818577 49.120254, -122.818587 49.119169, -122.812396 49.119172, -122.809093 49.119125, -122.800981 49.119065, -122.800961 49.117968, -122.800981 49.116535, -122.800971 49.111852, -122.801001 49.108885, -122.800991 49.106313, -122.801012 49.104567, -122.806661 49.104537, -122.812355 49.104533, -122.817345 49.10457, -122.823549 49.104546, -122.8312695 49.1045165, -122.835786 49.108205, -122.83762 49.109672, -122.84046 49.111967, -122.842124 49.113266, -122.844552 49.115569, -122.845323 49.11735, -122.845371 49.119087, -122.842676 49.11909, -122.839806 49.119125, -122.839811 49.12015, -122.837227 49.120163, -122.837227 49.121217, -122.836857 49.121274, -122.836594 49.121363, -122.836376 49.121413, -122.836097 49.121403, -122.835697 49.1214, -122.835383 49.121443, -122.835099 49.12154, -122.834775 49.121619, -122.834547 49.121636, -122.834365 49.122042, -122.834349 49.122713, -122.830767 49.122743, -122.828822 49.122733, -122.825427 49.122767, -122.82337 49.12274)))"
51494,West Newton North,Neighborhood,N,Neighborhood,Newton,West Newton North,,CAN,"Vancouver, BC",49.122865,-122.871913,20220419,495450.558,Canada,British Columbia,"Vancouver, BC",Surrey,"MULTIPOLYGON (((-122.867862 49.120248, -122.867771 49.119124, -122.870183 49.119167, -122.875058 49.119209, -122.876107 49.119247, -122.876559 49.119263, -122.876559 49.119718, -122.876559 49.120305, -122.876507 49.120539, -122.876228 49.120756, -122.875943 49.121071, -122.875924 49.121331, -122.875891 49.121522, -122.875781 49.121705, -122.875698 49.122019, -122.875768 49.122412, -122.875911 49.122595, -122.875976 49.123067, -122.876034 49.123437, -122.87582 49.123697, -122.875814 49.124161, -122.875794 49.124518, -122.875846 49.124858, -122.875859 49.125152, -122.875827 49.125373, -122.87569 49.12556, -122.875697 49.125777, -122.875852 49.12608, -122.875982 49.126326, -122.876021 49.126497, -122.876028 49.12665, -122.875032 49.126656, -122.867784 49.126648, -122.867862 49.124078, -122.867823 49.121907, -122.867862 49.120248)))"
51497,East Panorama Ridge,Neighborhood,N,Neighborhood,Newton,East Panorama Ridge,,CAN,"Vancouver, BC",49.100798,-122.808782,20220419,768275.046,Canada,British Columbia,"Vancouver, BC",Surrey,"MULTIPOLYGON (((-122.801114 49.098343, -122.8182003 49.0972833, -122.818346 49.097942, -122.818702 49.099019, -122.819023 49.099628, -122.819487 49.100073, -122.820022 49.100635, -122.815921 49.100681, -122.812319 49.100705, -122.812355 49.104533, -122.806661 49.104537, -122.801012 49.104567, -122.801109 49.102054, -122.801145 49.099536, -122.801114 49.098343)))"
51503,West Newton South,Neighborhood,N,Neighborhood,Newton,West Newton South,,CAN,"Vancouver, BC",49.116066000000004,-122.871148,20220419,363186.348,Canada,British Columbia,"Vancouver, BC",Surrey,"MULTIPOLYGON (((-122.867874 49.113867, -122.867935 49.111822, -122.871303 49.111872, -122.87186 49.112779, -122.872471 49.113436, -122.873021 49.113972, -122.873488 49.114249, -122.873486 49.114494, -122.873464 49.115536, -122.873465 49.116354, -122.875596 49.11638, -122.875649 49.116876, -122.875794 49.117327, -122.875863 49.117698, -122.875932 49.118284, -122.876069 49.118695, -122.876184 49.118951, -122.876107 49.119247, -122.875058 49.119209, -122.870183 49.119167, -122.867771 49.119124, -122.867874 49.117245, -122.867887 49.11549, -122.867889 49.115256, -122.867874 49.113867)))"
51504,West Newton - Highway 10,Neighborhood,N,Neighborhood,Newton,West Newton - Highway 10,,CAN,"Vancouver, BC",49.110903,-122.865408,20220419,1614316.9,Canada,British Columbia,"Vancouver, BC",Surrey,"MULTIPOLYGON (((-122.861664 49.113244, -122.859511 49.113099, -122.858808 49.113164, -122.858436 49.113278, -122.858111 49.113062, -122.85663 49.113032, -122.856596 49.113586, -122.853201 49.113577, -122.850422 49.113606, -122.849956 49.113419, -122.849776 49.113064, -122.849746 49.11192, -122.84548 49.111903, -122.845541 49.109587, -122.845587 49.108274, -122.847419 49.108264, -122.851436 49.108224, -122.856323 49.108234, -122.865394 49.108134, -122.8708 49.108184, -122.876237 49.108234, -122.884011 49.108274, -122.884041 49.109647, -122.883064 49.109658, -122.882025 49.109668, -122.882163 49.11056, -122.883385 49.11046, -122.885126 49.11046, -122.886179 49.11049, -122.886225 49.110941, -122.886317 49.111462, -122.886103 49.111663, -122.885645 49.111783, -122.884881 49.111913, -122.883965 49.112004, -122.883232 49.112104, -122.882606 49.112354, -122.882147 49.112806, -122.881644 49.113417, -122.88114 49.113948, -122.880468 49.114189, -122.879215 49.114229, -122.879231 49.113477, -122.879521 49.113086, -122.87891 49.112866, -122.878192 49.112846, -122.877444 49.112846, -122.877092 49.113036, -122.87697 49.113487, -122.877016 49.11467, -122.874939 49.11451, -122.873488 49.114249, -122.873021 49.113972, -122.872471 49.113436, -122.87186 49.112779, -122.871303 49.111872, -122.867935 49.111822, -122.867874 49.113867, -122.867889 49.115256, -122.867887 49.11549, -122.866498 49.115485, -122.863703 49.11548, -122.863764 49.115084, -122.863924 49.114853, -122.864199 49.114492, -122.864382 49.114141, -122.864283 49.113871, -122.864161 49.113625, -122.863604 49.11341, -122.861664 49.113244)))"
51505,East Newton South,Neighborhood,N,Neighborhood,Newton,East Newton South,,CAN,"Vancouver, BC",49.12813,-122.811154,20220419,1956634.594,Canada,British Columbia,"Vancouver, BC",Surrey,"MULTIPOLYGON (((-122.823339 49.133743, -122.82177 49.133736, -122.820451 49.133735, -122.819189 49.133739, -122.817592 49.133737, -122.816364 49.133735, -122.814861 49.133739, -122.81318 49.133734, -122.811528 49.133742, -122.809782 49.133731, -122.809405 49.133731, -122.808064 49.133734, -122.803166 49.133681, -122.801047 49.133731, -122.801108 49.128729, -122.801062 49.126369, -122.801031 49.123157, -122.801001 49.120566, -122.801639 49.120595, -122.801829 49.120598, -122.802081 49.120624, -122.802232 49.120679, -122.80237 49.120761, -122.802568 49.12082, -122.802749 49.120875, -122.802904 49.120896, -122.803148 49.12091, -122.803309 49.120969, -122.803543 49.120988, -122.803683 49.120817, -122.803715 49.120629, -122.803904 49.120477, -122.804186 49.120484, -122.804373 49.12051, -122.804623 49.120499, -122.805115 49.120543, -122.805292 49.120576, -122.805476 49.120663, -122.805672 49.120653, -122.805834 49.120695, -122.805841 49.120831, -122.805908 49.120954, -122.805789 49.121116, -122.805762 49.121256, -122.805875 49.121423, -122.806047 49.121539, -122.806239 49.121639, -122.806432 49.121668, -122.806701 49.12167, -122.806951 49.12168, -122.807511 49.121437, -122.807736 49.121428, -122.807984 49.121513, -122.808127 49.121547, -122.808271 49.121523, -122.808441 49.121458, -122.808568 49.12134, -122.80871 49.121265, -122.808913 49.121267, -122.809122 49.121273, -122.809402 49.121135, -122.809529 49.121002, -122.809631 49.120889, -122.809606 49.12053, -122.809883 49.120441, -122.810269 49.120509, -122.810805 49.120545, -122.811182 49.121172, -122.811968 49.121217, -122.812189 49.120916, -122.812205 49.121667, -122.81225 49.122857, -122.812235 49.124748, -122.816031 49.124688, -122.820451 49.124658, -122.820527 49.125248, -122.823302 49.125228, -122.823286 49.126529, -122.823271 49.12932, -122.823347 49.13144, -122.823339 49.133743)))"
89002,Newton,Neighborhood,M,Macro Neighborhood,Newton,,,CAN,"Vancouver, BC",49.122127,-122.839193,20220419,59490089.69,Canada,British Columbia,"Vancouver, BC",Surrey,"MULTIPOLYGON (((-122.856964 49.168103, -122.856864 49.163042, -122.85687 49.159621, -122.853961 49.159621, -122.84583 49.157016, -122.838816 49.155195, -122.836128 49.154491, -122.834557 49.154462, -122.834458 49.152844, -122.832013 49.152822, -122.83115 49.151879, -122.82709 49.150543, -122.823488 49.149291, -122.823499 49.149516, -122.8205 49.149444, -122.817139 49.148677, -122.815363 49.148347, -122.813906 49.14823, -122.812712 49.148071, -122.801507 49.148466, -122.80125 49.139666, -122.795928 49.13955, -122.795812 49.141517, -122.795616 49.141514, -122.795617 49.141676, -122.795181 49.141684, -122.794673 49.141684, -122.79407 49.141676, -122.793653 49.141672, -122.793216 49.14165, -122.7928 49.141645, -122.79203 49.141621, -122.791214 49.14162, -122.79005 49.141619, -122.787696 49.141564, -122.787678 49.141407, -122.77912 49.141287, -122.779088 49.111699, -122.779992 49.110765, -122.779802 49.110376, -122.779516 49.110002, -122.779231 49.109815, -122.77903 49.089784, -122.789996 49.089814, -122.801145 49.089814, -122.80505 49.089834, -122.804913 49.089385, -122.804913 49.088835, -122.805581 49.088125, -122.807476 49.08809, -122.808463 49.088265, -122.809121 49.088602, -122.809842 49.089518, -122.810459 49.089976, -122.811734 49.090071, -122.812537 49.089545, -122.81303 49.088629, -122.813822 49.086752, -122.815309 49.085264, -122.816158 49.084008, -122.816816 49.083603, -122.81794 49.083891, -122.818256 49.086204, -122.818565 49.086568, -122.819634 49.086783, -122.821116 49.086675, -122.822618 49.086635, -122.823235 49.086824, -122.823543 49.087403, -122.823399 49.088036, -122.82303 49.088601, -122.823379 49.088925, -122.824634 49.088777, -122.825209 49.088874, -122.82558 49.089128, -122.825642 49.08999, -122.825333 49.09162, -122.825992 49.092361, -122.827123 49.092469, -122.828172 49.092132, -122.828522 49.091539, -122.828125 49.090184, -122.828357 49.088925, -122.831464 49.088104, -122.834488 49.087484, -122.836237 49.087349, -122.838767 49.087551, -122.843315 49.085607, -122.847167 49.085394, -122.849869 49.085494, -122.851783 49.083712, -122.854278 49.084026, -122.856034 49.084895, -122.856699 49.085745, -122.8592999 49.0858451, -122.8592971 49.0858019, -122.8593681 49.0858477, -122.8596368 49.0860213, -122.8597818 49.0861997, -122.8598575 49.0862782, -122.85994 49.0863638, -122.860107 49.0864991, -122.8602419 49.0865497, -122.8603071 49.0865741, -122.8604872 49.0865901, -122.8605575 49.086595, -122.8609243 49.0866205, -122.8611617 49.0866746, -122.8613902 49.0867782, -122.8615882 49.0868984, -122.8617022 49.0870286, -122.8617857 49.0871581, -122.8618384 49.0872991, -122.8618472 49.0874287, -122.861856 49.087515, -122.8618516 49.0876503, -122.8619132 49.0877395, -122.8619923 49.0878028, -122.8620801 49.087846, -122.8621905 49.0878827, -122.862357 49.0879381, -122.8625416 49.0879697, -122.8627086 49.0879784, -122.8630997 49.0879611, -122.8635831 49.0879179, -122.8642115 49.0878632, -122.8643741 49.0878488, -122.8645103 49.0878488, -122.8646421 49.0878661, -122.8647442 49.0879004, -122.8650758 49.0880119, -122.8652662 49.0880733, -122.8654376 49.0881424, -122.8655342 49.0882057, -122.8656045 49.0882777, -122.8656617 49.0883669, -122.8656909 49.0884572, -122.8657715 49.0887065, -122.8657891 49.0889194, -122.8658199 49.0893367, -122.8658375 49.0896188, -122.8658726 49.0898432, -122.8658983 49.0899198, -122.8659778 49.0901006, -122.866155 49.0901504, -122.8662599 49.0901638, -122.8666768 49.0902174, -122.8671207 49.0902749, -122.867648 49.0903123, -122.8678545 49.0902922, -122.8680435 49.0902461, -122.8682984 49.0901656, -122.8686368 49.0900706, -122.8687906 49.0900245, -122.8688872 49.0900102, -122.8690674 49.0900015, -122.8694322 49.0900044, -122.8698907 49.0900205, -122.8701792 49.0900303, -122.870333 49.0900159, -122.8705044 49.0899843, -122.8706978 49.0899325, -122.8708423 49.0898689, -122.871045 49.089777, -122.8712427 49.0896936, -122.8713526 49.0896533, -122.8715327 49.0896073, -122.8717173 49.0895641, -122.8719502 49.0895209, -122.8721348 49.0894893, -122.8722666 49.0895008, -122.8724029 49.0895353, -122.8725558 49.0895961, -122.8727808 49.0897425, -122.8729917 49.0898864, -122.8731455 49.0899584, -122.8734794 49.0900618, -122.8738047 49.0901627, -122.8739146 49.0902375, -122.8740669 49.0903749, -122.8743101 49.0905944, -122.8744507 49.0906807, -122.8745161 49.0910059, -122.8768548 49.0911273, -122.8843748 49.0916177, -122.890498 49.092017, -122.890481 49.092341, -122.890476 49.09242, -122.890442 49.092431, -122.890411 49.092445, -122.890386 49.092469, -122.89035 49.092507, -122.890323 49.092548, -122.890307 49.092572, -122.890301 49.092609, -122.890299 49.092646, -122.8903074 49.0926703, -122.890336 49.092714, -122.890365 49.092746, -122.890391 49.092762, -122.890441 49.092786, -122.890487 49.092807, -122.890413 49.09337, -122.890424 49.094032, -122.890374 49.094352, -122.890361 49.094736, -122.890375 49.094959, -122.890391 49.09648, -122.890324 49.0978, -122.890352 49.098323, -122.890387 49.098686, -122.890378 49.099242, -122.890327 49.099306, -122.8902936 49.0993541, -122.890277 49.099378, -122.890248 49.099433, -122.890233 49.099516, -122.890226 49.099728, -122.8902916 49.1003674, -122.890361 49.101044, -122.890402 49.101514, -122.890339 49.10271, -122.890354 49.102725, -122.890365 49.102737, -122.890376 49.102755, -122.89038 49.102772, -122.89038 49.102795, -122.890382 49.102939, -122.890386 49.103207, -122.890391 49.103691, -122.890396 49.104283, -122.890402 49.104624, -122.890403 49.104802, -122.890407 49.105446, -122.890406 49.105963, -122.890408 49.106371, -122.890409 49.106787, -122.890412 49.107292, -122.890422 49.108098, -122.8904249 49.1082381, -122.890428 49.108389, -122.890429 49.109489, -122.89044 49.11097, -122.890443 49.111779, -122.8904436 49.1119204, -122.890446 49.112445, -122.890439 49.112782, -122.89043 49.113658, -122.890424 49.114389, -122.890416 49.115298, -122.890408 49.115718, -122.890405 49.116819, -122.890396 49.117706, -122.89039 49.118512, -122.890391 49.118862, -122.890386 49.119326, -122.89038 49.119855, -122.890374 49.120497, -122.890376 49.121289, -122.890371 49.122561, -122.890366 49.123324, -122.89037 49.124166, -122.89037 49.125066, -122.890365 49.126069, -122.890363 49.12684, -122.890367 49.127697, -122.890361 49.128558, -122.890366 49.129602, -122.890354 49.130233, -122.890364 49.130665, -122.89036 49.131898, -122.890363 49.132719, -122.890351 49.134066, -122.890351 49.134757, -122.890355 49.135377, -122.890346 49.136907, -122.890351 49.137242, -122.890357 49.138403, -122.890344 49.140048, -122.890348 49.140348, -122.890355 49.142227, -122.890358 49.142453, -122.890354 49.143897, -122.890356 49.145201, -122.89036 49.146952, -122.890352 49.148442, -122.8903564 49.1486025, -122.890362 49.148808, -122.890359 49.15074, -122.890354 49.152129, -122.890359 49.152476, -122.890357 49.153378, -122.890363 49.154306, -122.890359 49.155302, -122.890356 49.155989, -122.890361 49.156586, -122.890359 49.158295, -122.890352 49.159421, -122.890354 49.159745, -122.8903552 49.160036, -122.890359 49.161008, -122.890352 49.161862, -122.890362 49.162244, -122.890353 49.16358, -122.890337 49.164548, -122.890331 49.165373, -122.890314 49.16615, -122.89031 49.16664, -122.890306 49.166849, -122.879334 49.166888, -122.876857 49.166586, -122.873566 49.166507, -122.87357 49.1646, -122.871511 49.164635, -122.870394 49.164871, -122.869386 49.165243, -122.868424 49.165443, -122.867564 49.165363, -122.86686 49.165439, -122.865086 49.165901, -122.864558 49.166123, -122.864294 49.166393, -122.862507 49.166864, -122.861234 49.167166, -122.860625 49.16733, -122.859758 49.167401, -122.859244 49.167659, -122.858675 49.167841, -122.858032 49.167912, -122.857768 49.167943, -122.857483 49.168089, -122.856964 49.168103)))"
822241,Newton Town Centre,Neighborhood,N,Neighborhood,Newton,Newton Town Centre,,CAN,"Vancouver, BC",49.133563,-122.844225,20220419,1181602.101,Canada,British Columbia,"Vancouver, BC",Surrey,"MULTIPOLYGON (((-122.848411 49.140865, -122.845884 49.140837, -122.845372 49.140849, -122.844766 49.140848, -122.844278 49.140849, -122.843847 49.140845, -122.842718 49.14084, -122.84175 49.140842, -122.841651 49.14084, -122.841536 49.140834, -122.841457 49.140827, -122.84135 49.140813, -122.841132 49.140775, -122.840937 49.140721, -122.840803 49.140672, -122.840716 49.140632, -122.840617 49.140582, -122.840529 49.140531, -122.840381 49.140416, -122.840317 49.14035, -122.840254 49.140279, -122.840198 49.140204, -122.840157 49.140136, -122.840107 49.14003, -122.840086 49.13997, -122.840072 49.139895, -122.840064 49.139823, -122.840063 49.139687, -122.840061 49.139433, -122.840056 49.139096, -122.840055 49.13901, -122.840051 49.138976, -122.840043 49.138937, -122.840036 49.138907, -122.840024 49.138863, -122.84001 49.138828, -122.839992 49.13878, -122.839958 49.13872, -122.839926 49.138671, -122.839887 49.138621, -122.839821 49.13855, -122.839744 49.138484, -122.83962 49.138396, -122.839503 49.138321, -122.839422 49.138265, -122.839276 49.138169, -122.839195 49.138118, -122.839075 49.138034, -122.838976 49.137954, -122.838873 49.137828, -122.838787 49.137713, -122.838736 49.137606, -122.838701 49.137493, -122.838689 49.137422, -122.838681 49.137319, -122.838679 49.136708, -122.838666 49.135366, -122.838677 49.134513, -122.838646 49.133674, -122.838634 49.133132, -122.838637 49.132418, -122.838639 49.131482, -122.838624 49.130658, -122.838633 49.129956, -122.83863 49.129711, -122.838643 49.129462, -122.838652 49.129337, -122.838659 49.129252, -122.838677 49.129176, -122.838714 49.129066, -122.838756 49.128954, -122.838814 49.128819, -122.838878 49.128686, -122.838959 49.128539, -122.839049 49.1284, -122.839203 49.128204, -122.839345 49.128043, -122.839544 49.127859, -122.839705 49.127725, -122.84011 49.127434, -122.840702 49.127004, -122.841148 49.12669, -122.841327 49.126573, -122.841444 49.126505, -122.841563 49.126451, -122.841683 49.126405, -122.841844 49.126353, -122.84203 49.126304, -122.842221 49.126261, -122.842389 49.126235, -122.842573 49.126222, -122.842809 49.126217, -122.843457 49.126224, -122.844781 49.12623, -122.846481 49.126247, -122.847664 49.126271, -122.848353 49.126281, -122.84835 49.126702, -122.848359 49.127612, -122.84835 49.128857, -122.848344 49.130194, -122.848337 49.131677, -122.849707 49.131706, -122.85114 49.131729, -122.85114 49.132801, -122.851147 49.133561, -122.851154 49.133678, -122.851162 49.133745, -122.851253 49.134108, -122.851383 49.134559, -122.851413 49.13464, -122.851443 49.134687, -122.851485 49.134731, -122.851701 49.134916, -122.852295 49.135416, -122.85174 49.135408, -122.851102 49.135398, -122.851 49.135394, -122.850925 49.135389, -122.85087 49.135383, -122.850787 49.135372, -122.850697 49.135356, -122.850452 49.135576, -122.849708 49.135684, -122.8487 49.135674, -122.848445 49.135676, -122.848449 49.136415, -122.848444 49.136446, -122.848433 49.136469, -122.848413 49.136501, -122.848354 49.136581, -122.848381 49.136637, -122.848389 49.136667, -122.848391 49.136713, -122.8484 49.137594, -122.848402 49.138859, -122.848404 49.140089, -122.848411 49.140865)))"
822246,East Newton North,Neighborhood,N,Neighborhood,Newton,East Newton North,,CAN,"Vancouver, BC",49.139738,-122.816493,20220419,1320108.418,Canada,British Columbia,"Vancouver, BC",Surrey,"MULTIPOLYGON (((-122.812712 49.148071, -122.812694 49.147863, -122.812668 49.147861, -122.812646 49.147856, -122.812622 49.147848, -122.812586 49.147829, -122.812556 49.147804, -122.812524 49.147764, -122.812494 49.147711, -122.812475 49.147663, -122.812461 49.147614, -122.812448 49.147528, -122.812435 49.147353, -122.812443 49.147125, -122.812441 49.147058, -122.812435 49.147014, -122.812419 49.14694, -122.8124 49.146849, -122.812391 49.146771, -122.812387 49.146683, -122.81237 49.14603, -122.812355 49.145311, -122.812339 49.144582, -122.812333 49.143854, -122.812316 49.143123, -122.812296 49.142421, -122.811656 49.142422, -122.811137 49.142421, -122.810583 49.142424, -122.810029 49.142425, -122.80931 49.142424, -122.80882 49.142427, -122.808192 49.142421, -122.808175 49.142001, -122.808638 49.14199, -122.809434 49.141976, -122.809433 49.141697, -122.80943 49.141512, -122.809428 49.141066, -122.809499 49.141065, -122.8095 49.140902, -122.809501 49.140574, -122.80949 49.140086, -122.80948 49.139722, -122.809474 49.139192, -122.809474 49.138709, -122.809469 49.13836, -122.809466 49.13808, -122.809462 49.137742, -122.809451 49.137427, -122.809456 49.137072, -122.80945 49.136738, -122.809441 49.136443, -122.809436 49.136178, -122.809444 49.135794, -122.809436 49.13547, -122.809436 49.135209, -122.809438 49.135029, -122.809431 49.134928, -122.809431 49.134651, -122.809432 49.134489, -122.809425 49.134399, -122.809426 49.134208, -122.809415 49.134035, -122.809405 49.133731, -122.809782 49.133731, -122.811528 49.133742, -122.81318 49.133734, -122.814861 49.133739, -122.816364 49.133735, -122.817592 49.133737, -122.819189 49.133739, -122.820451 49.133735, -122.82177 49.133736, -122.823339 49.133743, -122.823333 49.134712, -122.823345 49.135542, -122.82335 49.136234, -122.823352 49.136873, -122.82336 49.13762, -122.823361 49.13833, -122.823369 49.138957, -122.823378 49.139625, -122.823378 49.140213, -122.823391 49.14088, -122.823391 49.141507, -122.823394 49.142078, -122.823404 49.142731, -122.8234 49.143285, -122.82341 49.143915, -122.823411 49.144436, -122.823413 49.144766, -122.822945 49.144786, -122.822474 49.144724, -122.822408 49.144726, -122.822331 49.144732, -122.822235 49.144742, -122.822164 49.144767, -122.822124 49.144797, -122.822091 49.144841, -122.822031 49.144987, -122.821906 49.145334, -122.821667 49.145319, -122.821622 49.145304, -122.821601 49.145294, -122.821573 49.145266, -122.821548 49.145229, -122.821533 49.145185, -122.821506 49.145157, -122.821444 49.145121, -122.821406 49.145099, -122.821353 49.145085, -122.821277 49.145081, -122.821192 49.145101, -122.821066 49.14516, -122.820984 49.145207, -122.820906 49.145266, -122.820774 49.145421, -122.820699 49.145526, -122.820653 49.145575, -122.820596 49.145593, -122.820517 49.145612, -122.820393 49.145612, -122.820282 49.145603, -122.820147 49.145577, -122.820026 49.14554, -122.819926 49.145486, -122.81982 49.145402, -122.819748 49.145337, -122.819699 49.145281, -122.81967 49.145232, -122.819613 49.145151, -122.819528 49.145041, -122.819442 49.144927, -122.819396 49.144831, -122.819308 49.144639, -122.81928 49.144595, -122.819239 49.144559, -122.819185 49.144519, -122.819137 49.144494, -122.819067 49.144472, -122.81896 49.144455, -122.818865 49.14445, -122.818604 49.144444, -122.818455 49.144458, -122.818335 49.144492, -122.818222 49.144544, -122.818048 49.144669, -122.817979 49.144741, -122.81789 49.144945, -122.817873 49.145052, -122.817876 49.145095, -122.817892 49.145131, -122.817969 49.145209, -122.818066 49.14531, -122.818075 49.145342, -122.818077 49.14537, -122.818053 49.145415, -122.818038 49.145437, -122.818002 49.145463, -122.817948 49.145483, -122.817878 49.145515, -122.817776 49.145586, -122.817666 49.145699, -122.817532 49.145864, -122.817478 49.145916, -122.81736 49.14599, -122.817192 49.146066, -122.816917 49.146162, -122.816813 49.146186, -122.816706 49.146189, -122.816615 49.146189, -122.816513 49.146171, -122.816414 49.146144, -122.816332 49.146132, -122.816256 49.146129, -122.816205 49.146131, -122.816182 49.146144, -122.816141 49.146171, -122.816083 49.146245, -122.816055 49.146299, -122.81605 49.146375, -122.815984 49.14653, -122.815659 49.147142, -122.815551 49.14741, -122.815529 49.147476, -122.815529 49.147539, -122.815545 49.147614, -122.815581 49.147685, -122.815593 49.147751, -122.815569 49.14784, -122.815484 49.148051, -122.815363 49.148347, -122.813906 49.14823, -122.812712 49.148071)))"
1280387,West Panorama Ridge,Neighborhood,N,Neighborhood,Newton,West Panorama Ridge,,CAN,"Vancouver, BC",49.103659,-122.863741,20220419,3962195.903,Canada,British Columbia,"Vancouver, BC",Surrey,"MULTIPOLYGON (((-122.8312695 49.1045165, -122.8297729 49.1034534, -122.8286403 49.1029014, -122.8275553 49.1025207, -122.826337 49.1022542, -122.8249283 49.1021019, -122.823672 49.1019401, -122.8227392 49.1017783, -122.8218731 49.1015118, -122.8209118 49.1011025, -122.820022 49.100635, -122.8208166 49.1006171, -122.8215971 49.100836, -122.8225394 49.1010549, -122.8233484 49.1012357, -122.8243097 49.1012072, -122.8250711 49.1011501, -122.8262894 49.1010454, -122.8273744 49.1009502, -122.8283453 49.1008741, -122.8289925 49.1008455, -122.8299252 49.1009121, -122.830877 49.1010644, -122.8322095 49.1012357, -122.8330185 49.1012833, -122.8342082 49.1012072, -122.8352838 49.1011215, -122.836483 49.1012833, -122.8373491 49.1013214, -122.8382057 49.1012167, -122.8411658 49.1015879, -122.8421081 49.1018496, -122.8442496 49.1021923, -122.8455773 49.102435, -122.8469407 49.1024778, -122.8479258 49.1025207, -122.8492964 49.1023565, -122.8507883 49.1021566, -122.8517306 49.1019639, -122.853194 49.1016712, -122.8544789 49.1015427, -122.8544432 49.1006433, -122.857013 49.1010002, -122.8587322 49.1006825, -122.8587084 49.0998081, -122.8598386 49.0995761, -122.8615994 49.0990645, -122.8622002 49.0989277, -122.8669829 49.0988563, -122.8669829 49.0982376, -122.8705521 49.0980592, -122.8721107 49.0977022, -122.8750255 49.0970836, -122.8772384 49.0969408, -122.8793561 49.0968694, -122.8806886 49.0969646, -122.8819022 49.0972026, -122.883306 49.0976547, -122.8845434 49.0981781, -122.8854 49.0989396, -122.8863993 49.0997248, -122.890402 49.101514, -122.890339 49.10271, -122.890354 49.102725, -122.890365 49.102737, -122.890376 49.102755, -122.89038 49.102772, -122.89038 49.102795, -122.890382 49.102939, -122.890386 49.103207, -122.890391 49.103691, -122.890396 49.104283, -122.890402 49.104624, -122.890403 49.104802, -122.890407 49.105446, -122.890406 49.105963, -122.890408 49.106371, -122.890409 49.106787, -122.890412 49.107292, -122.890422 49.108098, -122.8904249 49.1082381, -122.884011 49.108274, -122.876237 49.108234, -122.8708 49.108184, -122.865394 49.108134, -122.856323 49.108234, -122.851436 49.108224, -122.847419 49.108264, -122.845587 49.108274, -122.8409421 49.1081885, -122.8400141 49.1080458, -122.8390861 49.1077126, -122.8378964 49.1070702, -122.8369208 49.1064277, -122.8358977 49.1058329, -122.8351814 49.1053722, -122.8339251 49.104794, -122.8326259 49.1045656, -122.831671 49.104515, -122.8312695 49.1045165)))"
51491,Rosemary Heights West,Neighborhood,N,Neighborhood,South Surrey,Rosemary Heights West,,CAN,"Vancouver, BC",49.066232,-122.80624,20220419,613646.962,Canada,British Columbia,"Vancouver, BC",Surrey,"MULTIPOLYGON (((-122.801213 49.061577, -122.801416 49.061579, -122.802629 49.061588, -122.803091 49.06159, -122.803429 49.061587, -122.803637 49.061578, -122.803728 49.06157, -122.803917 49.06155, -122.804101 49.061525, -122.804283 49.061498, -122.804499 49.061457, -122.804693 49.061411, -122.804834 49.061374, -122.805061 49.06129, -122.80762 49.063148, -122.809722 49.064685, -122.811146 49.06572, -122.813978 49.067784, -122.815186 49.068669, -122.815556 49.068938, -122.815309 49.068976, -122.815546 49.069152, -122.814365 49.0692, -122.814228 49.069163, -122.81394 49.069199, -122.812243 49.069223, -122.811106 49.069293, -122.810367 49.069256, -122.808027 49.068883, -122.807507 49.068837, -122.807014 49.068882, -122.806315 49.069051, -122.80611 49.069123, -122.805451 49.069491, -122.805022 49.069751, -122.804545 49.069984, -122.803449 49.070171, -122.801518 49.070347, -122.801224 49.070391, -122.801213 49.061577)))"
51498,Morgan Heights,Neighborhood,S,Sub Neighborhood,South Surrey,Grandview,Morgan Heights,CAN,"Vancouver, BC",49.049942,-122.776317,20220419,849033.753,Canada,British Columbia,"Vancouver, BC",Surrey,"MULTIPOLYGON (((-122.768115 49.049297, -122.768125 49.048757, -122.768127 49.048225, -122.768131 49.047537, -122.768127 49.047367, -122.768121 49.046979, -122.768129 49.046419, -122.768128 49.046108, -122.768136 49.04562, -122.768563 49.045617, -122.771088 49.045598, -122.772017 49.045591, -122.773091 49.045585, -122.775292 49.045581, -122.775281 49.04592, -122.775277 49.046015, -122.775256 49.046104, -122.775233 49.046175, -122.775195 49.046265, -122.775156 49.046342, -122.775065 49.046506, -122.775004 49.046607, -122.774972 49.04668, -122.774949 49.046752, -122.774934 49.046829, -122.774921 49.046902, -122.774916 49.046965, -122.774913 49.047097, -122.774916 49.047226, -122.774909 49.0474, -122.776289 49.047416, -122.777681 49.047423, -122.778306 49.047414, -122.779187 49.04743, -122.779193 49.047729, -122.779206 49.048259, -122.779457 49.048264, -122.780277 49.048265, -122.780965 49.048267, -122.781464 49.048276, -122.782014 49.048276, -122.782037 49.049196, -122.782419 49.049192, -122.7828664 49.0491865, -122.783155 49.049183, -122.783994 49.04919, -122.784513 49.049193, -122.784628 49.049195, -122.78542 49.049201, -122.785429 49.049354, -122.785442 49.04965, -122.78586 49.049655, -122.78588 49.049877, -122.7861018 49.0500661, -122.786429 49.050345, -122.787091 49.050953, -122.787363 49.050965, -122.787382 49.051195, -122.787395 49.051242, -122.787428 49.051302, -122.787446 49.051347, -122.788215 49.0517, -122.788744 49.051895, -122.788748 49.052193, -122.78898 49.052202, -122.789079 49.052262, -122.789095 49.052477, -122.78939 49.052476, -122.7893849 49.0527379, -122.7893874 49.0528275, -122.7891397 49.0528282, -122.788848 49.052829, -122.787509 49.052824, -122.787458 49.052823, -122.787357 49.05282, -122.787206 49.052819, -122.786916 49.052816, -122.786571 49.052811, -122.786226 49.052806, -122.784991 49.052802, -122.784373 49.052801, -122.783537 49.052804, -122.782419 49.052797, -122.781416 49.052799, -122.780749 49.0528, -122.780328 49.05281, -122.780033 49.052816, -122.779348 49.052811, -122.779104 49.052808, -122.778267 49.052817, -122.778015 49.05282, -122.777963 49.052819, -122.777904 49.052817, -122.777845 49.052816, -122.777789 49.052815, -122.777579 49.052807, -122.777413 49.052802, -122.77691 49.052801, -122.776731 49.0528028, -122.7762 49.052808, -122.775512 49.052814, -122.775036 49.052816, -122.774632 49.052819, -122.774079 49.052821, -122.773771 49.052824, -122.773447 49.052831, -122.772632 49.052857, -122.772076 49.052866, -122.771477 49.052875, -122.770703 49.052882, -122.770175 49.052888, -122.769415 49.052892, -122.76873 49.052898, -122.768288 49.0529, -122.768115 49.049297)))"
51502,Rosemary Heights Central,Neighborhood,N,Neighborhood,South Surrey,Rosemary Heights Central,,CAN,"Vancouver, BC",49.066618,-122.793588,20220419,1415115.711,Canada,British Columbia,"Vancouver, BC",Surrey,"MULTIPOLYGON (((-122.7866216 49.0603948, -122.789712 49.060411, -122.78987 49.060411, -122.790505 49.06041, -122.79064 49.06041, -122.797576 49.060404, -122.797865 49.061004, -122.798411 49.061477, -122.799143 49.061805, -122.801213 49.061577, -122.801224 49.070391, -122.800737 49.070463, -122.799778 49.070722, -122.798969 49.071081, -122.798571 49.07135, -122.798447 49.071503, -122.797994 49.071817, -122.796621 49.072561, -122.7947 49.073727, -122.794151 49.074005, -122.793451 49.07439, -122.79319 49.074642, -122.788666 49.074649, -122.788668 49.074405, -122.788639 49.073941, -122.788642 49.073745, -122.788639 49.073642, -122.7886345 49.0736285, -122.788581 49.073581, -122.788593 49.07355, -122.788604 49.073516, -122.788606 49.073477, -122.788606 49.073435, -122.78861 49.073043, -122.788609 49.072665, -122.788615 49.072452, -122.788599 49.072421, -122.788518 49.072347, -122.788503 49.072331, -122.788526 49.072296, -122.788724 49.072058, -122.788667 49.071771, -122.788668 49.071373, -122.788656 49.071117, -122.788659 49.071053, -122.788821 49.071049, -122.788874 49.071081, -122.789324 49.07105, -122.789325 49.07075, -122.789329 49.070616, -122.788986 49.070615, -122.788986 49.07044, -122.788984 49.070247, -122.788981 49.0701, -122.789078 49.070099, -122.789075 49.069725, -122.788851 49.069725, -122.788694 49.069722, -122.788707 49.069276, -122.788823 49.069275, -122.789019 49.069272, -122.789273 49.069271, -122.789347 49.069271, -122.789347 49.069046, -122.789353 49.068894, -122.789355 49.068713, -122.789353 49.068378, -122.789363 49.068092, -122.789363 49.067723, -122.789364 49.067568, -122.789306 49.067566, -122.789315 49.067519, -122.789324 49.067473, -122.789328 49.06741, -122.789333 49.06737, -122.788723 49.06737, -122.786961 49.067364, -122.786702 49.067365, -122.786686 49.067225, -122.78669 49.067178, -122.786709 49.067132, -122.786716 49.067107, -122.786725 49.067062, -122.786728 49.066991, -122.786712 49.066879, -122.786684 49.066715, -122.786654 49.066543, -122.786613 49.06636, -122.786604 49.066304, -122.786598 49.066273, -122.786591 49.066255, -122.78657 49.066233, -122.786555 49.066217, -122.786527 49.066191, -122.786494 49.066152, -122.786423 49.066042, -122.786334 49.065924, -122.786233 49.0658, -122.78616 49.065722, -122.786081 49.06563, -122.786019 49.065569, -122.785979 49.065535, -122.785879 49.065447, -122.785834 49.065401, -122.785788 49.065353, -122.785703 49.065281, -122.785618 49.065228, -122.785541 49.065187, -122.785404 49.0651, -122.785332 49.065049, -122.78526 49.065005, -122.785182 49.064951, -122.785062 49.064868, -122.784982 49.064816, -122.78491 49.064779, -122.784844 49.064735, -122.784791 49.064696, -122.784746 49.064656, -122.784724 49.064625, -122.784706 49.064589, -122.784688 49.064547, -122.784688 49.064522, -122.784686 49.064402, -122.784556 49.064404, -122.784567 49.064253, -122.784717 49.063944, -122.784868 49.063541, -122.784914 49.063381, -122.784986 49.063216, -122.785048 49.06307, -122.785075 49.062985, -122.785105 49.062891, -122.785144 49.0628, -122.785187 49.06271, -122.785258 49.062542, -122.785293 49.062439, -122.785396 49.062307, -122.785554 49.062118, -122.785745 49.061885, -122.785819 49.061786, -122.785908 49.061694, -122.785999 49.061562, -122.786101 49.061394, -122.786208 49.061278, -122.786351 49.061111, -122.786467 49.060954, -122.786582 49.060834, -122.786628 49.060766, -122.786634 49.060743, -122.786635 49.060706, -122.786636 49.060576, -122.786629 49.060514, -122.786565 49.060499, -122.786586 49.060468, -122.7866105 49.06043, -122.786619 49.06041, -122.7866216 49.0603948)))"
51507,Douglas,Neighborhood,N,Neighborhood,South Surrey,Douglas,,CAN,"Vancouver, BC",49.005263,-122.742167,20220419,1202565.883,Canada,British Columbia,"Vancouver, BC",Surrey,"MULTIPOLYGON (((-122.735397 49.00939, -122.735429 49.005614, -122.728742 49.005738, -122.728701 49.002288, -122.7286915 49.0021255, -122.72884 49.0021255, -122.7295718 49.0021336, -122.73105 49.0021364, -122.7339733 49.0021594, -122.7397954 49.0021206, -122.7412779 49.0021245, -122.7423349 49.0021274, -122.7445115 49.0021332, -122.744575 49.0021328, -122.7450091 49.0021345, -122.7479955 49.0021464, -122.7549174 49.0021043, -122.7550419 49.0021037, -122.7551642 49.0022569, -122.7552355 49.0025709, -122.7552641 49.0040771, -122.7563641 49.0040771, -122.756304 49.004719, -122.753262 49.004685, -122.751219 49.004714, -122.751235 49.005658, -122.751314 49.00773, -122.750848 49.00797, -122.74981 49.007971, -122.749797 49.009388, -122.746328 49.009397, -122.737452 49.009442, -122.735397 49.00939)))"
51510,Campbell Heights,Neighborhood,N,Neighborhood,South Surrey,Campbell Heights,,CAN,"Vancouver, BC",49.053923,-122.697651,20220419,11435215.97,Canada,British Columbia,"Vancouver, BC",Surrey,"MULTIPOLYGON (((-122.68 49.08376, -122.680032 49.082225, -122.680016 49.080669, -122.6801566 49.0793425, -122.6802509 49.0776504, -122.6803021 49.0769079, -122.6803269 49.0765937, -122.680377 49.075651, -122.680427 49.0740642, -122.6804649 49.0728625, -122.680503 49.071653, -122.680592 49.0677033, -122.680598 49.067439, -122.680598 49.06275, -122.680566 49.060195, -122.680534 49.056599, -122.68044 49.05292, -122.680361 49.045667, -122.6803436 49.0435604, -122.68033 49.041914, -122.6803319 49.04147, -122.6803401 49.0395681, -122.6803571 49.0395681, -122.680613 49.039236, -122.680831 49.038536, -122.680957 49.038247, -122.681194 49.037823, -122.681352 49.037544, -122.681407 49.03728, -122.681414 49.037037, -122.681382 49.036872, -122.681429 49.036644, -122.681666 49.03648, -122.681871 49.036149, -122.681855 49.035984, -122.681728 49.035776, -122.681601 49.035589, -122.681632 49.035445, -122.68198 49.035244, -122.682328 49.034873, -122.694302 49.03489, -122.694349 49.038586, -122.701975 49.038631, -122.701712 49.031332, -122.724254 49.031394, -122.724264 49.031714, -122.724267 49.032475, -122.724291 49.033089, -122.724392 49.033446, -122.723818 49.033765, -122.720349 49.035459, -122.719028 49.036077, -122.717783 49.036455, -122.716735 49.036609, -122.715841 49.036717, -122.714606 49.036903, -122.714431 49.036933, -122.714406 49.036804, -122.714335 49.036826, -122.714264 49.036843, -122.714187 49.036858, -122.713725 49.036934, -122.713507 49.036962, -122.713383 49.036978, -122.713384 49.037415, -122.71339 49.037902, -122.713395 49.038365, -122.713401 49.03855, -122.713405 49.039012, -122.713407 49.039352, -122.713411 49.039682, -122.713414 49.040196, -122.713415 49.040548, -122.713415 49.040984, -122.713418 49.041343, -122.713424 49.041918, -122.7134236 49.0420563, -122.713422 49.042605, -122.713426 49.043128, -122.713428 49.043494, -122.713427 49.043728, -122.713426 49.043994, -122.713429 49.044183, -122.713429 49.044377, -122.71343 49.044689, -122.713434 49.045, -122.713436 49.045497, -122.71344 49.045815, -122.713446 49.046266, -122.71345 49.046714, -122.71345 49.046954, -122.713772 49.047085, -122.713914 49.047155, -122.714169 49.04728, -122.714353 49.047476, -122.714644 49.04761, -122.715393 49.047964, -122.715731 49.04813, -122.716479 49.048482, -122.71712 49.048821, -122.717737 49.049177, -122.718146 49.049428, -122.718486 49.049621, -122.718735 49.049741, -122.7188339 49.0497907, -122.7188478 49.0497976, -122.71897 49.049859, -122.719895 49.050341, -122.720844 49.050824, -122.722289 49.051494, -122.72235 49.051549, -122.722397 49.051599, -122.722481 49.051683, -122.72254 49.051773, -122.722555 49.051809, -122.722573 49.051852, -122.722588 49.05198, -122.722586 49.052135, -122.7237266 49.0521671, -122.724222 49.052181, -122.7242216 49.0524075, -122.724221 49.052718, -122.72422 49.053035, -122.724543 49.053051, -122.724636 49.0531, -122.724619 49.05312, -122.72461 49.053138, -122.724605 49.053167, -122.724604 49.053255, -122.724607 49.053379, -122.724618 49.054629, -122.724613 49.055456, -122.724614 49.055481, -122.7246175 49.0555075, -122.724631 49.05553, -122.72454 49.055534, -122.724538 49.055641, -122.724472 49.055639, -122.724459 49.056221, -122.724366 49.0577, -122.724381 49.058748, -122.72439 49.058813, -122.724402 49.05892, -122.72442 49.059347, -122.724423 49.059796, -122.724421 49.060138, -122.705311 49.060362, -122.696268 49.074829, -122.6917 49.074734, -122.691521 49.0839, -122.690536 49.083868, -122.68 49.08376)))"
51512,North Grandview Heights,Neighborhood,N,Neighborhood,South Surrey,North Grandview Heights,,CAN,"Vancouver, BC",49.056517,-122.764282,20220419,3381462.575,Canada,British Columbia,"Vancouver, BC",Surrey,"MULTIPOLYGON (((-122.7866216 49.0603948, -122.786611 49.060383, -122.786597 49.060372, -122.786569 49.060356, -122.786481 49.060311, -122.786476 49.060107, -122.785824 49.060104, -122.78475 49.060103, -122.783669 49.0601, -122.782724 49.060099, -122.781702 49.060098, -122.78071 49.060094, -122.779327 49.060095, -122.779 49.060096, -122.777285 49.060106, -122.775837 49.060109, -122.774299 49.060126, -122.773199 49.060138, -122.772231 49.060148, -122.771122 49.060157, -122.770552 49.060164, -122.76986 49.060171, -122.769118 49.060177, -122.768144 49.060187, -122.767827 49.060194, -122.767066 49.060201, -122.766398 49.060209, -122.765969 49.060212, -122.765713 49.060216, -122.765511 49.060214, -122.765244 49.060216, -122.765187 49.060217, -122.7569041 49.0603172, -122.7459443 49.0601506, -122.735367 49.0601501, -122.7353746 49.0589113, -122.735375 49.058845, -122.7353751 49.0588175, -122.735377 49.05792, -122.73537 49.057176, -122.735365 49.05646, -122.735357 49.055548, -122.735354 49.0551928, -122.735336 49.053097, -122.735335 49.0529137, -122.736394 49.052924, -122.736759 49.052861, -122.736807 49.052878, -122.736852 49.052894, -122.736892 49.052902, -122.736946 49.052907, -122.737613 49.052921, -122.738755 49.052917, -122.739338 49.052927, -122.73942 49.052926, -122.739476 49.052922, -122.739535 49.052915, -122.739581 49.052909, -122.73962 49.052901, -122.739671 49.052888, -122.739743 49.052864, -122.739897 49.052944, -122.740635 49.0528, -122.74114 49.05302, -122.741545 49.053217, -122.741922 49.053344, -122.742091 49.053259, -122.742365 49.053264, -122.743534 49.053215, -122.743739 49.053298, -122.744188 49.053459, -122.744525 49.05338, -122.744913 49.053287, -122.744859 49.053123, -122.745169 49.053074, -122.745379 49.053085, -122.74546 49.053082, -122.745552 49.053073, -122.745744 49.053037, -122.74609 49.052984, -122.746214 49.052969, -122.746323 49.05296, -122.746931 49.052926, -122.747027 49.052919, -122.747157 49.052914, -122.747209 49.052907, -122.747249 49.052902, -122.747316 49.052906, -122.747403 49.052917, -122.747459 49.052918, -122.747547 49.052913, -122.747641 49.052906, -122.747688 49.052905, -122.747749 49.052907, -122.74792 49.052914, -122.748512 49.052911, -122.748801 49.052903, -122.748913 49.052807, -122.748943 49.052777, -122.749015 49.052816, -122.749055 49.052834, -122.74912 49.052858, -122.74919 49.05288, -122.749253 49.052897, -122.749347 49.05292, -122.74941 49.052935, -122.749488 49.052948, -122.749576 49.052959, -122.749673 49.052967, -122.749766 49.052971, -122.749891 49.052974, -122.750873 49.052977, -122.751774 49.052977, -122.752694 49.052986, -122.75424 49.052992, -122.755598 49.052993, -122.756679 49.052998, -122.757124 49.053, -122.757886 49.052991, -122.758069 49.052989, -122.758187 49.052991, -122.75829 49.052999, -122.758371 49.053009, -122.758473 49.053027, -122.758561 49.053051, -122.758643 49.053078, -122.75871 49.053104, -122.758773 49.053134, -122.758852 49.053172, -122.758929 49.053209, -122.759001 49.053247, -122.759125 49.053308, -122.759285 49.053385, -122.759371 49.053425, -122.759471 49.05346, -122.759559 49.053481, -122.759654 49.053496, -122.759757 49.053505, -122.760024 49.053506, -122.760355 49.053498, -122.760682 49.053498, -122.760893 49.053494, -122.760957 49.05349, -122.761071 49.053478, -122.761179 49.053459, -122.761266 49.05344, -122.761343 49.053413, -122.761382 49.053399, -122.761413 49.053384, -122.761512 49.053334, -122.761608 49.053278, -122.761756 49.053194, -122.762032 49.053044, -122.762137 49.053006, -122.762206 49.052988, -122.762274 49.052976, -122.762368 49.052963, -122.762471 49.052951, -122.762647 49.05294, -122.762863 49.052928, -122.763372 49.052902, -122.763486 49.052898, -122.763561 49.052898, -122.763657 49.052904, -122.763753 49.052914, -122.763884 49.05293, -122.764152 49.052964, -122.764453 49.053005, -122.764542 49.053014, -122.764614 49.053017, -122.764749 49.053015, -122.764908 49.05301, -122.765561 49.052986, -122.765996 49.052966, -122.766301 49.052947, -122.766793 49.052926, -122.766964 49.052919, -122.767356 49.052907, -122.76794 49.0529, -122.768288 49.0529, -122.76873 49.052898, -122.769415 49.052892, -122.770175 49.052888, -122.770703 49.052882, -122.771477 49.052875, -122.772076 49.052866, -122.772632 49.052857, -122.773447 49.052831, -122.773771 49.052824, -122.774079 49.052821, -122.774632 49.052819, -122.775036 49.052816, -122.775512 49.052814, -122.7762 49.052808, -122.776731 49.0528028, -122.77691 49.052801, -122.777413 49.052802, -122.777579 49.052807, -122.777789 49.052815, -122.777845 49.052816, -122.777904 49.052817, -122.777963 49.052819, -122.778015 49.05282, -122.778267 49.052817, -122.779104 49.052808, -122.779348 49.052811, -122.780033 49.052816, -122.780328 49.05281, -122.780749 49.0528, -122.781416 49.052799, -122.782419 49.052797, -122.783537 49.052804, -122.784373 49.052801, -122.784991 49.052802, -122.786226 49.052806, -122.786571 49.052811, -122.786916 49.052816, -122.787206 49.052819, -122.787357 49.05282, -122.787458 49.052823, -122.787509 49.052824, -122.788848 49.052829, -122.7891397 49.0528282, -122.7893874 49.0528275, -122.78994 49.052826, -122.790162 49.052827, -122.7906 49.052828, -122.791126 49.052834, -122.791468 49.052834, -122.791845 49.052832, -122.792302 49.052836, -122.792534 49.052845, -122.792573 49.052847, -122.792625 49.052855, -122.792671 49.052867, -122.792712 49.052884, -122.7928 49.052921, -122.79284 49.052941, -122.79312 49.052809, -122.793328 49.052706, -122.793363 49.052734, -122.793929 49.053168, -122.794745 49.053761, -122.794602 49.053842, -122.794357 49.05414, -122.793867 49.054621, -122.793788 49.054875, -122.793709 49.055514, -122.793749 49.055932, -122.793512 49.056044, -122.793313 49.056226, -122.793358 49.056504, -122.793525 49.056652, -122.793806 49.056749, -122.794051 49.056801, -122.794161 49.056996, -122.793998 49.057099, -122.793759 49.057252, -122.793482 49.057248, -122.793175 49.057335, -122.792886 49.057441, -122.792658 49.05762, -122.792361 49.057686, -122.792107 49.057826, -122.7918 49.057835, -122.791476 49.057861, -122.791205 49.057992, -122.790452 49.05829, -122.790487 49.060116, -122.790505 49.06041, -122.78987 49.060411, -122.789712 49.060411, -122.7866216 49.0603948)))"
88999,Ocean Park,Neighborhood,N,Neighborhood,South Surrey,Ocean Park,,CAN,"Vancouver, BC",49.036624,-122.865753,20220419,5346510.868,Canada,British Columbia,"Vancouver, BC",Surrey,"MULTIPOLYGON (((-122.867371 49.047384, -122.86738 49.046594, -122.867385 49.045888, -122.867386 49.045572, -122.86739 49.045087, -122.8674 49.043965, -122.867403 49.043304, -122.867411 49.04265, -122.867411 49.042343, -122.867421 49.04139, -122.867438 49.040204, -122.867437 49.039629, -122.867446 49.038832, -122.867447 49.038532, -122.867241 49.038533, -122.866453 49.038529, -122.865282 49.038527, -122.864178 49.038526, -122.863267 49.038523, -122.862425 49.03852, -122.861489 49.038519, -122.860413 49.038519, -122.860023 49.038516, -122.859704 49.038519, -122.857905 49.038514, -122.857264 49.038511, -122.856476 49.038511, -122.855553 49.038511, -122.854239 49.038509, -122.851176 49.038502, -122.850783 49.038501, -122.849118 49.038497, -122.84755 49.038494, -122.845942 49.038494, -122.845451 49.038492, -122.84545 49.037709, -122.845445 49.036763, -122.845438 49.035102, -122.845434 49.034747, -122.845436 49.033993, -122.845433 49.033436, -122.845425 49.03173, -122.845423 49.031589, -122.845427 49.031221, -122.845805 49.024785, -122.8458054 49.024692, -122.8458069 49.0242789, -122.8478214 49.0243033, -122.8521437 49.0244097, -122.8557963 49.0243299, -122.8583938 49.0243166, -122.8613362 49.0240105, -122.8645018 49.0240904, -122.8661604 49.024249, -122.8670685 49.0243358, -122.8679792 49.0246825, -122.8695456 49.0250995, -122.8696872 49.0250996, -122.8707284 49.0257299, -122.871553 49.026044, -122.874642 49.028104, -122.87613 49.031422, -122.877389 49.03394, -122.880021 49.037259, -122.8801099 49.0373726, -122.8811613 49.0386439, -122.881609 49.0392876, -122.882081 49.039891, -122.884255 49.043095, -122.8846973 49.0442487, -122.8846969 49.044299, -122.8846116 49.0457244, -122.8844732 49.0464754, -122.884484 49.046642, -122.884381 49.047488, -122.883096 49.04712, -122.881786 49.049937, -122.8806 49.051222, -122.878673 49.052631, -122.876202 49.053669, -122.874463 49.054049, -122.874015 49.053983, -122.873041 49.053839, -122.872104 49.053705, -122.870677 49.053486, -122.868515 49.053152, -122.868046 49.053082, -122.8677 49.053036, -122.867534 49.05302, -122.867347 49.053015, -122.867348 49.052805, -122.867352 49.052143, -122.867354 49.051627, -122.867359 49.051191, -122.867357 49.051002, -122.86736 49.05066, -122.86736 49.050335, -122.867361 49.049924, -122.867361 49.049631, -122.867361 49.049488, -122.867367 49.048377, -122.867371 49.047384)))"
89024,South Surrey,Neighborhood,M,Macro Neighborhood,South Surrey,,,CAN,"Vancouver, BC",49.049387,-122.768826,20220419,118772831.5,Canada,British Columbia,"Vancouver, BC",Surrey,"MULTIPOLYGON (((-122.825209 49.088874, -122.824634 49.088777, -122.823379 49.088925, -122.82303 49.088601, -122.823399 49.088036, -122.823543 49.087403, -122.823235 49.086824, -122.822618 49.086635, -122.821116 49.086675, -122.819634 49.086783, -122.818565 49.086568, -122.818256 49.086204, -122.81794 49.083891, -122.816816 49.083603, -122.816158 49.084008, -122.815309 49.085264, -122.813822 49.086752, -122.81303 49.088629, -122.812537 49.089545, -122.811734 49.090071, -122.810459 49.089976, -122.809842 49.089518, -122.809121 49.088602, -122.808463 49.088265, -122.807476 49.08809, -122.805581 49.088125, -122.804913 49.088835, -122.804913 49.089385, -122.80505 49.089834, -122.801145 49.089814, -122.789996 49.089814, -122.77903 49.089784, -122.778938 49.089684, -122.771724 49.089654, -122.759751 49.089574, -122.749181 49.089594, -122.735469 49.089604, -122.72975 49.089604, -122.729429 49.089734, -122.723862 49.089744, -122.723603 49.089654, -122.713125 49.089664, -122.708122 49.089594, -122.707923 49.089704, -122.705437 49.089774, -122.704309 49.089704, -122.700877 49.089694, -122.696393 49.089704, -122.696133 49.089574, -122.690795 49.089574, -122.685686 49.089554, -122.6799908 49.0896195, -122.6796 49.089624, -122.6796887 49.0881459, -122.679906 49.085841, -122.68 49.08376, -122.680032 49.082225, -122.680016 49.080669, -122.6801566 49.0793425, -122.6802509 49.0776504, -122.6803021 49.0769079, -122.6803269 49.0765937, -122.680377 49.075651, -122.680427 49.0740642, -122.6804649 49.0728625, -122.680503 49.071653, -122.680592 49.0677033, -122.680598 49.067439, -122.680598 49.06275, -122.680566 49.060195, -122.680534 49.056599, -122.68044 49.05292, -122.680361 49.045667, -122.6803436 49.0435604, -122.68033 49.041914, -122.6803319 49.04147, -122.6803401 49.0395681, -122.680345 49.038422, -122.680344 49.038164, -122.6803207 49.037363, -122.680285 49.0354392, -122.680285 49.0349645, -122.6803049 49.0335381, -122.68031 49.0331692, -122.6802893 49.0314685, -122.680285 49.0311134, -122.6801208 49.0311134, -122.6798088 49.0311146, -122.6794906 49.0311117, -122.6795013 49.0274055, -122.6801259 49.0274138, -122.6800628 49.0266031, -122.6799595 49.0239461, -122.6799833 49.0207899, -122.6799476 49.0196989, -122.6799239 49.0180154, -122.6799833 49.0166515, -122.6799952 49.0154902, -122.6799932 49.0096126, -122.6800034 49.0092427, -122.6801947 49.0023238, -122.6801972 49.0022347, -122.6845834 49.0022395, -122.6899509 49.002183, -122.6912546 49.0021625, -122.6952767 49.0021602, -122.6958642 49.0021556, -122.700898 49.002167, -122.7053666 49.0021662, -122.71378 49.0021582, -122.7172327 49.0021345, -122.7224582 49.0021345, -122.7236009 49.0021291, -122.7237327 49.0021327, -122.7241957 49.002132, -122.7286545 49.0021255, -122.7286915 49.0021255, -122.72884 49.0021255, -122.7295718 49.0021336, -122.73105 49.0021364, -122.7339733 49.0021594, -122.7397954 49.0021206, -122.7412779 49.0021245, -122.7423349 49.0021274, -122.7445115 49.0021332, -122.744575 49.0021328, -122.7450091 49.0021345, -122.7479955 49.0021464, -122.7549174 49.0021043, -122.7550419 49.0021037, -122.7578935 49.0021008, -122.7582185 49.0025024, -122.7587263 49.0029639, -122.7588404 49.0030402, -122.7609358 49.0046205, -122.7627802 49.0058553, -122.7646967 49.0069562, -122.7670204 49.0081877, -122.7703099 49.0099089, -122.7727057 49.0110438, -122.7735234 49.0113307, -122.7749304 49.0117921, -122.7776588 49.0126713, -122.7834222 49.0142446, -122.7835925 49.0142886, -122.7890581 49.0157018, -122.7892599 49.0157736, -122.790418 49.016134, -122.799306 49.019017, -122.800346 49.019354, -122.8077734 49.0215114, -122.808298 49.021664, -122.8132094 49.023079, -122.8179875 49.0242313, -122.8233985 49.0249627, -122.8276761 49.0253155, -122.8278186 49.0253152, -122.8296972 49.0253476, -122.8323584 49.0251682, -122.8346515 49.0250085, -122.8367619 49.0248089, -122.8390956 49.0246625, -122.8405769 49.0244629, -122.8424032 49.0242766, -122.8445137 49.0242633, -122.8458069 49.0242789, -122.8478214 49.0243033, -122.8521437 49.0244097, -122.8557963 49.0243299, -122.8583938 49.0243166, -122.8613362 49.0240105, -122.8645018 49.0240904, -122.8661604 49.024249, -122.8670685 49.0243358, -122.8679792 49.0246825, -122.8695456 49.0250995, -122.8696872 49.0250996, -122.8707284 49.0257299, -122.871553 49.026044, -122.874642 49.028104, -122.87613 49.031422, -122.877389 49.03394, -122.880021 49.037259, -122.8801099 49.0373726, -122.8811613 49.0386439, -122.881609 49.0392876, -122.882081 49.039891, -122.884255 49.043095, -122.8846973 49.0442487, -122.8846969 49.044299, -122.8846116 49.0457244, -122.8844732 49.0464754, -122.884484 49.046642, -122.884381 49.047488, -122.8843055 49.0481157, -122.884286 49.0482785, -122.8845029 49.0495832, -122.8866753 49.0539649, -122.888328 49.057171, -122.884141 49.05923, -122.8833308 49.0597871, -122.882847 49.0603065, -122.8825756 49.0603064, -122.88231 49.060489, -122.8816557 49.0605414, -122.880933 49.0611305, -122.8801643 49.061835, -122.8788857 49.0626109, -122.8779846 49.0626477, -122.876473 49.063235, -122.87407 49.062663, -122.87458 49.061404, -122.874642 49.059459, -122.87201 49.058543, -122.869607 49.057971, -122.8693102 49.0578253, -122.8692045 49.0577735, -122.8679782 49.0583526, -122.8676918 49.0584878, -122.8665392 49.0590081, -122.866636 49.0590828, -122.8643362 49.0602292, -122.8623708 49.0611963, -122.8612669 49.0619972, -122.8610337 49.0622785, -122.8606358 49.0627586, -122.8602875 49.0633481, -122.8600263 49.0640422, -122.8598086 49.0648124, -122.8596309 49.0655399, -122.8589524 49.068007, -122.8587057 49.0688436, -122.8585316 49.0697088, -122.8584445 49.0708211, -122.8584155 49.0726654, -122.8585461 49.0747473, -122.8587928 49.0774945, -122.8588799 49.0789394, -122.8589669 49.0806503, -122.859054 49.0821236, -122.8592971 49.0858019, -122.8592999 49.0858451, -122.856699 49.085745, -122.856034 49.084895, -122.854278 49.084026, -122.851783 49.083712, -122.849869 49.085494, -122.847167 49.085394, -122.843315 49.085607, -122.838767 49.087551, -122.836237 49.087349, -122.834488 49.087484, -122.831464 49.088104, -122.828357 49.088925, -122.828125 49.090184, -122.828522 49.091539, -122.828172 49.092132, -122.827123 49.092469, -122.825992 49.092361, -122.825333 49.09162, -122.825642 49.08999, -122.82558 49.089128, -122.825209 49.088874)))"
89036,Crescent Beach,Neighborhood,N,Neighborhood,South Surrey,Crescent Beach,,CAN,"Vancouver, BC",49.056283,-122.879315,20220419,1165304.129,Canada,British Columbia,"Vancouver, BC",Surrey,"MULTIPOLYGON (((-122.87458 49.061404, -122.874642 49.059459, -122.87201 49.058543, -122.869607 49.057971, -122.8693102 49.0578253, -122.8692045 49.0577735, -122.867828 49.057098, -122.867437 49.057109, -122.867696 49.056345, -122.86773 49.056253, -122.867763 49.056159, -122.867816 49.056077, -122.867941 49.055946, -122.868072 49.055826, -122.868158 49.055758, -122.868266 49.055696, -122.868374 49.055662, -122.868776 49.055569, -122.869336 49.055444, -122.8695 49.055417, -122.869672 49.055415, -122.869818 49.055417, -122.870065 49.055412, -122.87018 49.055405, -122.870325 49.055374, -122.871408 49.05509, -122.872405 49.054931, -122.873416 49.054799, -122.873719 49.05466, -122.874284 49.054283, -122.874356 49.05424, -122.874377 49.05422, -122.874388 49.054196, -122.874399 49.054164, -122.874409 49.05413, -122.874463 49.054049, -122.876202 49.053669, -122.878673 49.052631, -122.8806 49.051222, -122.881786 49.049937, -122.883096 49.04712, -122.884381 49.047488, -122.8843055 49.0481157, -122.884286 49.0482785, -122.8845029 49.0495832, -122.8866753 49.0539649, -122.888328 49.057171, -122.884141 49.05923, -122.8833308 49.0597871, -122.882847 49.0603065, -122.8825756 49.0603064, -122.88231 49.060489, -122.8816557 49.0605414, -122.880933 49.0611305, -122.8801643 49.061835, -122.8788857 49.0626109, -122.8779846 49.0626477, -122.876473 49.063235, -122.87407 49.062663, -122.87458 49.061404)))"
822234,Elgin - Chantrell,Neighborhood,N,Neighborhood,South Surrey,Elgin - Chantrell,,CAN,"Vancouver, BC",49.051368,-122.849664,20220419,6779404.506,Canada,British Columbia,"Vancouver, BC",Surrey,"MULTIPOLYGON (((-122.845451 49.038492, -122.845942 49.038494, -122.84755 49.038494, -122.849118 49.038497, -122.850783 49.038501, -122.851176 49.038502, -122.854239 49.038509, -122.855553 49.038511, -122.856476 49.038511, -122.857264 49.038511, -122.857905 49.038514, -122.859704 49.038519, -122.860023 49.038516, -122.860413 49.038519, -122.861489 49.038519, -122.862425 49.03852, -122.863267 49.038523, -122.864178 49.038526, -122.865282 49.038527, -122.866453 49.038529, -122.867241 49.038533, -122.867447 49.038532, -122.867446 49.038832, -122.867437 49.039629, -122.867438 49.040204, -122.867421 49.04139, -122.867411 49.042343, -122.867411 49.04265, -122.867403 49.043304, -122.8674 49.043965, -122.86739 49.045087, -122.867386 49.045572, -122.867385 49.045888, -122.86738 49.046594, -122.867371 49.047384, -122.867367 49.048377, -122.867361 49.049488, -122.867361 49.049631, -122.867361 49.049924, -122.86736 49.050335, -122.86736 49.05066, -122.867357 49.051002, -122.867359 49.051191, -122.867354 49.051627, -122.867352 49.052143, -122.867348 49.052805, -122.867347 49.053015, -122.867534 49.05302, -122.8677 49.053036, -122.868046 49.053082, -122.868515 49.053152, -122.870677 49.053486, -122.872104 49.053705, -122.873041 49.053839, -122.874015 49.053983, -122.874463 49.054049, -122.874409 49.05413, -122.874399 49.054164, -122.874388 49.054196, -122.874377 49.05422, -122.874356 49.05424, -122.874284 49.054283, -122.873719 49.05466, -122.873416 49.054799, -122.872405 49.054931, -122.871408 49.05509, -122.870325 49.055374, -122.87018 49.055405, -122.870065 49.055412, -122.869818 49.055417, -122.869672 49.055415, -122.8695 49.055417, -122.869336 49.055444, -122.868776 49.055569, -122.868374 49.055662, -122.868266 49.055696, -122.868158 49.055758, -122.868072 49.055826, -122.867941 49.055946, -122.867816 49.056077, -122.867763 49.056159, -122.86773 49.056253, -122.867696 49.056345, -122.867437 49.057109, -122.866408 49.057206, -122.865892 49.057279, -122.865326 49.057383, -122.864293 49.057674, -122.862671 49.058326, -122.862044 49.058551, -122.861539 49.058713, -122.860777 49.058898, -122.859658 49.059124, -122.858932 49.059266, -122.857887 49.05942, -122.857136 49.059508, -122.856386 49.059637, -122.855415 49.059807, -122.854923 49.059928, -122.854554 49.060097, -122.854026 49.060395, -122.853025 49.06114, -122.852644 49.061502, -122.852435 49.061744, -122.852324 49.061929, -122.852091 49.06251, -122.850742 49.066062, -122.850634 49.0664, -122.850561 49.066602, -122.850475 49.066755, -122.850315 49.066916, -122.850057 49.067093, -122.849712 49.06723, -122.849171 49.067359, -122.848704 49.067424, -122.848101 49.067448, -122.847191 49.067456, -122.846662 49.067448, -122.84611 49.067408, -122.843456 49.067039, -122.842226 49.066894, -122.841426 49.066797, -122.840983 49.066757, -122.840652 49.066757, -122.840184 49.066805, -122.839741 49.06691, -122.83936 49.067063, -122.839104 49.067215, -122.838821 49.067417, -122.838403 49.067788, -122.837645 49.068554, -122.836812 49.069415, -122.836195 49.068786, -122.836148 49.068734, -122.836049 49.068635, -122.835574 49.068204, -122.835506 49.06823, -122.835375 49.068104, -122.835258 49.067995, -122.835208 49.067957, -122.835168 49.067929, -122.835126 49.067909, -122.835097 49.067899, -122.835039 49.067886, -122.834913 49.067869, -122.834736 49.067863, -122.834511 49.067865, -122.834259 49.06787, -122.834257 49.067825, -122.83425 49.067694, -122.83425 49.067608, -122.834249 49.067527, -122.834249 49.067486, -122.834246 49.067431, -122.834237 49.067343, -122.834335 49.067323, -122.834338 49.067217, -122.834343 49.066983, -122.834346 49.066799, -122.834352 49.066541, -122.834357 49.066308, -122.834361 49.066032, -122.834366 49.065754, -122.834374 49.065414, -122.83438 49.065046, -122.834387 49.064728, -122.834397 49.064332, -122.834404 49.063905, -122.834405 49.063777, -122.834414 49.063378, -122.834421 49.063076, -122.834424 49.062762, -122.834424 49.062374, -122.834427 49.061976, -122.834427 49.061835, -122.834429 49.061592, -122.834431 49.061035, -122.834433 49.060664, -122.834437 49.060333, -122.834433 49.060148, -122.834436 49.059963, -122.834438 49.059436, -122.834437 49.058986, -122.834435 49.058239, -122.834435 49.057615, -122.834434 49.056878, -122.834434 49.056213, -122.834431 49.055844, -122.83443 49.055198, -122.834427 49.054812, -122.834427 49.054453, -122.834424 49.054048, -122.834426 49.053662, -122.834427 49.053181, -122.834427 49.052926, -122.834426 49.052608, -122.834422 49.052034, -122.834423 49.051564, -122.834424 49.051104, -122.83442 49.050585, -122.834422 49.050141, -122.834418 49.049617, -122.834418 49.049317, -122.834416 49.0486, -122.834416 49.04755, -122.834416 49.046658, -122.834411 49.046008, -122.834406 49.045622, -122.834409 49.0446, -122.834404 49.044258, -122.8344 49.043889, -122.8344 49.043603, -122.834396 49.043306, -122.834397 49.042906, -122.834396 49.042636, -122.834392 49.042183, -122.834391 49.041994, -122.83439 49.041829, -122.834388 49.041689, -122.834384 49.041267, -122.834382 49.040831, -122.834381 49.040449, -122.834379 49.039922, -122.834376 49.039416, -122.834381 49.038946, -122.83438 49.038471, -122.835329 49.038479, -122.840142 49.038483, -122.841564 49.038485, -122.841882 49.038485, -122.843053 49.038488, -122.844406 49.03849, -122.845451 49.038492)))"
822235,Amble Green,Neighborhood,S,Sub Neighborhood,South Surrey,Ocean Park,Amble Green,CAN,"Vancouver, BC",49.034671,-122.851716,20220419,732253.104,Canada,British Columbia,"Vancouver, BC",Surrey,"MULTIPOLYGON (((-122.845451 49.038492, -122.84545 49.037709, -122.845445 49.036763, -122.845438 49.035102, -122.845434 49.034747, -122.845436 49.033993, -122.845433 49.033436, -122.845425 49.03173, -122.845423 49.031589, -122.845427 49.031221, -122.846358 49.031226, -122.848212 49.031234, -122.849984 49.031238, -122.852226 49.031249, -122.853119 49.031249, -122.85444 49.031265, -122.856962 49.031262, -122.859243 49.031267, -122.859239 49.031969, -122.859235 49.032094, -122.859239 49.032584, -122.859222 49.033277, -122.859224 49.033656, -122.859227 49.034077, -122.859215 49.034343, -122.859217 49.034482, -122.859228 49.034695, -122.859224 49.03489, -122.858451 49.034888, -122.858096 49.034889, -122.857236 49.034896, -122.85645 49.03491, -122.85646 49.03561, -122.856458 49.036166, -122.856454 49.037042, -122.856454 49.037294, -122.856476 49.038511, -122.855553 49.038511, -122.854239 49.038509, -122.851176 49.038502, -122.850783 49.038501, -122.849118 49.038497, -122.84755 49.038494, -122.845942 49.038494, -122.845451 49.038492)))"
822236,King George Corridor,Neighborhood,N,Neighborhood,South Surrey,King George Corridor,,CAN,"Vancouver, BC",49.049477,-122.797449,20220419,4715286.654,Canada,British Columbia,"Vancouver, BC",Surrey,"MULTIPOLYGON (((-122.815556 49.068938, -122.815186 49.068669, -122.813978 49.067784, -122.811146 49.06572, -122.809722 49.064685, -122.80762 49.063148, -122.805061 49.06129, -122.804834 49.061374, -122.804693 49.061411, -122.804499 49.061457, -122.804283 49.061498, -122.804101 49.061525, -122.803917 49.06155, -122.803728 49.06157, -122.803637 49.061578, -122.803429 49.061587, -122.803091 49.06159, -122.802629 49.061588, -122.801416 49.061579, -122.801213 49.061577, -122.801214 49.061305, -122.801223 49.060114, -122.801196 49.059322, -122.801197 49.058502, -122.801198 49.058462, -122.800994 49.058321, -122.7997 49.057377, -122.798151 49.056253, -122.796344 49.054939, -122.795108 49.054037, -122.794745 49.053761, -122.793929 49.053168, -122.793363 49.052734, -122.793328 49.052706, -122.7933 49.052682, -122.792774 49.052213, -122.79204 49.051568, -122.790281 49.049982, -122.789157 49.048971, -122.788516 49.048385, -122.787498 49.047469, -122.786521 49.046594, -122.785899 49.046032, -122.785509 49.045681, -122.785267 49.045457, -122.784678 49.044924, -122.782438 49.042911, -122.780889 49.041522, -122.779826 49.040555, -122.778813 49.039643, -122.777983 49.038897, -122.777135 49.038127, -122.77621 49.037296, -122.775127 49.036317, -122.773437 49.034799, -122.771373 49.032935, -122.770244 49.031918, -122.76937 49.031128, -122.768838 49.03065, -122.768068 49.029955, -122.767153 49.029129, -122.766977 49.028955, -122.7669 49.028876, -122.766603 49.028576, -122.766531 49.028491, -122.76643 49.028383, -122.766299 49.028223, -122.766116 49.027999, -122.765956 49.027796, -122.765845 49.027646, -122.765724 49.027468, -122.76554 49.027199, -122.765261 49.026725, -122.764925 49.026132, -122.764566 49.02549, -122.764335 49.025083, -122.763786 49.024107, -122.7631445 49.0229741, -122.762487 49.021813, -122.7637335 49.0215287, -122.763874 49.021642, -122.764085 49.021812, -122.764625 49.022245, -122.765222 49.022715, -122.765761 49.023146, -122.767031 49.024194, -122.767736 49.024757, -122.768203 49.025134, -122.769062 49.025827, -122.769904 49.026509, -122.770823 49.027245, -122.771182 49.027533, -122.771492 49.027784, -122.772218 49.028375, -122.772706 49.028766, -122.773053 49.029048, -122.77359 49.029483, -122.774213 49.029984, -122.774739 49.030412, -122.775216 49.030798, -122.775543 49.031077, -122.775785 49.031072, -122.77682 49.03107, -122.779032 49.031062, -122.779338 49.031062, -122.782073 49.031067, -122.783383 49.031073, -122.783385 49.031209, -122.783388 49.031328, -122.783391 49.031667, -122.783391 49.031817, -122.78339 49.032204, -122.78339 49.032911, -122.783576 49.032911, -122.783904 49.032916, -122.78439 49.032917, -122.784945 49.032919, -122.785166 49.03292, -122.785746 49.032921, -122.786518 49.032926, -122.786532 49.033457, -122.786402 49.033516, -122.786342 49.033567, -122.786377 49.033595, -122.786406 49.033624, -122.786427 49.033654, -122.786439 49.033687, -122.78645 49.033715, -122.786456 49.033741, -122.78646 49.033771, -122.786463 49.03381, -122.786459 49.034062, -122.786461 49.034152, -122.786469 49.034196, -122.786484 49.034237, -122.786513 49.034279, -122.786534 49.034308, -122.786568 49.034348, -122.786639 49.034411, -122.786578 49.03444, -122.785679 49.034921, -122.785143 49.035211, -122.784232 49.035697, -122.78361 49.036032, -122.783386 49.036157, -122.783854 49.036537, -122.784425 49.037001, -122.784809 49.037314, -122.784857 49.037353, -122.784908 49.037387, -122.78496 49.037414, -122.785025 49.037434, -122.785101 49.037451, -122.785182 49.037468, -122.785294 49.037493, -122.785381 49.037527, -122.785468 49.037574, -122.785574 49.037651, -122.785681 49.037737, -122.7858 49.037841, -122.785923 49.037952, -122.785579 49.038141, -122.785534 49.038172, -122.785434 49.038268, -122.785371 49.038326, -122.785541 49.038326, -122.785865 49.038325, -122.787027 49.03833, -122.787419 49.038329, -122.7874 49.038444, -122.787051 49.038643, -122.786933 49.038715, -122.786969 49.038777, -122.787117 49.038985, -122.787192 49.039087, -122.787829 49.039609, -122.788099 49.039843, -122.788244 49.039967, -122.788254 49.039994, -122.788269 49.04001, -122.788299 49.040028, -122.788331 49.040043, -122.788354 49.040052, -122.788379 49.040062, -122.788401 49.04007, -122.788501 49.040124, -122.7885 49.040138, -122.788509 49.040152, -122.788566 49.040201, -122.789044 49.040596, -122.789355 49.040838, -122.789315 49.040864, -122.789398 49.040932, -122.789813 49.04128, -122.789959 49.041233, -122.790095 49.041189, -122.790204 49.041197, -122.790205 49.041301, -122.790199 49.041761, -122.7902 49.041951, -122.790472 49.041955, -122.790516 49.041955, -122.790983 49.041957, -122.791849 49.041959, -122.792035 49.042103, -122.792575 49.042539, -122.793093 49.042946, -122.793609 49.043347, -122.793736 49.043433, -122.793735 49.04346, -122.793736 49.043478, -122.793763 49.043501, -122.793912 49.043619, -122.794002 49.043621, -122.794339 49.043616, -122.794552 49.043618, -122.794916 49.043613, -122.794937 49.043623, -122.794943 49.043649, -122.795545 49.043651, -122.795703 49.043654, -122.795703 49.04368, -122.796525 49.043672, -122.796879 49.043672, -122.797617 49.043678, -122.797833 49.043681, -122.798448 49.043703, -122.798448 49.043731, -122.79892 49.043733, -122.798922 49.043712, -122.798997 49.043712, -122.7991335 49.0437095, -122.799466 49.043711, -122.799956 49.043715, -122.800274 49.043715, -122.80031 49.043709, -122.800418 49.04371, -122.800586 49.043696, -122.800954 49.0437, -122.801198 49.043702, -122.801194 49.04397, -122.801191 49.045058, -122.801205 49.045618, -122.801837 49.045625, -122.804159 49.045631, -122.804189 49.04593, -122.80421 49.045995, -122.804242 49.04607, -122.804526 49.046543, -122.804744 49.046828, -122.805152 49.047345, -122.805598 49.047857, -122.806749 49.048763, -122.80672 49.050022, -122.806717 49.05046, -122.806724 49.051141, -122.806726 49.051821, -122.806718 49.051902, -122.806723 49.052135, -122.806724 49.052443, -122.806719 49.052779, -122.806716 49.05289, -122.807081 49.052888, -122.808459 49.052896, -122.809723 49.052903, -122.810658 49.052914, -122.811664 49.052923, -122.812199 49.052919, -122.812197 49.052983, -122.812377 49.052978, -122.812473 49.053115, -122.812595 49.053298, -122.812635 49.053361, -122.812665 49.053383, -122.812699 49.053397, -122.812772 49.053416, -122.812841 49.053448, -122.812903 49.053476, -122.813011 49.053531, -122.813139 49.053614, -122.813338 49.053748, -122.813437 49.053825, -122.813539 49.053913, -122.813671 49.05404, -122.813763 49.054126, -122.814083 49.054431, -122.814196 49.054557, -122.814273 49.054648, -122.81435 49.054746, -122.814377 49.054785, -122.814395 49.054813, -122.814409 49.054838, -122.814423 49.054873, -122.814438 49.054925, -122.814448 49.054961, -122.814459 49.054997, -122.814477 49.055078, -122.814529 49.055321, -122.814638 49.055823, -122.81471 49.056215, -122.814811 49.056669, -122.814851 49.056843, -122.814922 49.057157, -122.814963 49.057306, -122.814989 49.057374, -122.815013 49.05743, -122.815061 49.05752, -122.815083 49.057564, -122.815118 49.057618, -122.815144 49.057657, -122.815197 49.057728, -122.815266 49.057814, -122.815361 49.057936, -122.815548 49.058175, -122.815764 49.058414, -122.815944 49.05859, -122.816148 49.058788, -122.816351 49.058972, -122.816498 49.059097, -122.816566 49.059156, -122.816723 49.059282, -122.816917 49.059417, -122.817216 49.059618, -122.817314 49.059685, -122.817418 49.059764, -122.817478 49.059821, -122.817555 49.059905, -122.817604 49.059976, -122.81766 49.060061, -122.817731 49.060159, -122.817861 49.060302, -122.818101 49.060579, -122.818193 49.060673, -122.818278 49.060762, -122.818327 49.060829, -122.818383 49.060904, -122.818418 49.06098, -122.818476 49.061071, -122.818593 49.061213, -122.818721 49.061408, -122.818752 49.061452, -122.818787 49.06149, -122.81881 49.061519, -122.818828 49.06155, -122.818842 49.061581, -122.818861 49.06163, -122.818878 49.06168, -122.818886 49.061716, -122.818895 49.061755, -122.818904 49.061789, -122.818919 49.061834, -122.81893 49.061877, -122.818948 49.061939, -122.818961 49.062017, -122.818973 49.062076, -122.81899 49.062124, -122.819029 49.06222, -122.8191 49.062367, -122.819192 49.062538, -122.819239 49.062638, -122.819279 49.062733, -122.819319 49.062824, -122.819375 49.062908, -122.819471 49.063032, -122.819547 49.063171, -122.819622 49.063341, -122.819677 49.063443, -122.819693 49.06346, -122.819712 49.063478, -122.819735 49.063498, -122.819798 49.063544, -122.819961 49.063675, -122.820034 49.063724, -122.82007 49.063744, -122.820091 49.06375, -122.820132 49.063755, -122.820191 49.063757, -122.820245 49.06376, -122.820288 49.063767, -122.820321 49.063775, -122.820343 49.063786, -122.820358 49.063795, -122.8203725 49.063815, -122.820384 49.063879, -122.821743 49.06389, -122.822792 49.063899, -122.823268 49.063903, -122.82327 49.064111, -122.823267 49.064338, -122.823269 49.064573, -122.823268 49.064663, -122.823263 49.064749, -122.823259 49.064801, -122.823251 49.064853, -122.823239 49.064898, -122.823226 49.064942, -122.823215 49.064968, -122.823201 49.065008, -122.823176 49.065058, -122.823131 49.065151, -122.822978 49.065476, -122.82269 49.066149, -122.822595 49.066421, -122.822589 49.066496, -122.82259 49.066564, -122.822598 49.066651, -122.822729 49.066653, -122.822793 49.066658, -122.822865 49.066666, -122.822907 49.066673, -122.822982 49.06669, -122.823013 49.066699, -122.823078 49.066724, -122.823289 49.066826, -122.823553 49.06697, -122.823876 49.067161, -122.824165 49.067324, -122.824375 49.067407, -122.824472 49.067439, -122.824561 49.067457, -122.824652 49.067473, -122.824829 49.067495, -122.824893 49.0675, -122.824999 49.067499, -122.825112 49.067492, -122.825334 49.067476, -122.825615 49.067454, -122.825766 49.06744, -122.825939 49.067416, -122.826046 49.0674, -122.826454 49.067316, -122.82697 49.067212, -122.827282 49.067166, -122.827442 49.067152, -122.827548 49.067147, -122.827656 49.067146, -122.82778 49.067146, -122.827975 49.067157, -122.82812 49.067173, -122.828289 49.067197, -122.828415 49.067219, -122.828509 49.06724, -122.828778 49.067292, -122.828822 49.067551, -122.828847 49.067723, -122.82885 49.067851, -122.828844 49.068044, -122.828844 49.068229, -122.82886 49.068429, -122.828881 49.068648, -122.828893 49.068831, -122.82891 49.068951, -122.828949 49.069108, -122.828959 49.069148, -122.82896 49.069164, -122.828889 49.06927, -122.828858 49.069315, -122.828844 49.06934, -122.828841 49.069357, -122.828843 49.069413, -122.828843 49.069726, -122.828844 49.069987, -122.828841 49.070152, -122.828844 49.070201, -122.828847 49.070219, -122.828853 49.070239, -122.828865 49.070259, -122.828887 49.070291, -122.828407 49.070681, -122.827673 49.07017, -122.827457 49.070033, -122.827318 49.069947, -122.827158 49.069855, -122.826998 49.069792, -122.826803 49.069723, -122.826601 49.069669, -122.826351 49.069632, -122.826017 49.069605, -122.825663 49.069573, -122.825464 49.069539, -122.824768 49.06937, -122.824079 49.069222, -122.82376 49.06916, -122.823534 49.069136, -122.823365 49.069131, -122.823221 49.069131, -122.823009 49.069144, -122.822821 49.069172, -122.822683 49.069217, -122.822545 49.069287, -122.822433 49.069361, -122.822358 49.069426, -122.822295 49.069537, -122.822026 49.070078, -122.821741 49.07074, -122.821665 49.070867, -122.821578 49.070995, -122.821484 49.071093, -122.821384 49.071171, -122.821252 49.071241, -122.821109 49.07129, -122.820952 49.071327, -122.820777 49.071355, -122.820545 49.071339, -122.820408 49.071294, -122.820245 49.071224, -122.820082 49.07113, -122.819951 49.071043, -122.819813 49.070912, -122.819228 49.070312, -122.81889 49.06996, -122.818746 49.069808, -122.818615 49.069677, -122.818459 49.069554, -122.818309 49.069461, -122.818121 49.069367, -122.817965 49.069297, -122.817784 49.069223, -122.817527 49.069145, -122.817302 49.069084, -122.817077 49.069039, -122.816751 49.068985, -122.816532 49.068961, -122.816257 49.068952, -122.815556 49.068938)))"
822237,Orchard Grove,Neighborhood,S,Sub Neighborhood,South Surrey,Grandview Heights,Orchard Grove,CAN,"Vancouver, BC",49.047483,-122.762583,20220419,331047.124,Canada,British Columbia,"Vancouver, BC",Surrey,"MULTIPOLYGON (((-122.768136 49.04562, -122.768128 49.046108, -122.768129 49.046419, -122.768121 49.046979, -122.768127 49.047367, -122.768131 49.047537, -122.768127 49.048225, -122.768125 49.048757, -122.768115 49.049297, -122.766909 49.049308, -122.765661 49.049315, -122.7644 49.049322, -122.763037 49.049325, -122.762438 49.049318, -122.761205 49.049309, -122.76055 49.049302, -122.760279 49.049303, -122.759599 49.049307, -122.758954 49.049308, -122.758289 49.049317, -122.757705 49.049323, -122.756986 49.04933, -122.756994 49.048934, -122.757001 49.048318, -122.757006 49.047934, -122.757013 49.047301, -122.757031 49.046065, -122.757031 49.045678, -122.758134 49.045677, -122.759578 49.045667, -122.760724 49.045661, -122.761971 49.045654, -122.763326 49.045646, -122.764276 49.045642, -122.765092 49.045635, -122.766219 49.045627, -122.767631 49.045624, -122.768136 49.04562)))"
822238,Semiahmoo Town Centre,Neighborhood,N,Neighborhood,South Surrey,Semiahmoo Town Centre,,CAN,"Vancouver, BC",49.034536,-122.800976,20220419,755665.15,Canada,British Columbia,"Vancouver, BC",Surrey,"MULTIPOLYGON (((-122.790183 49.031347, -122.790182 49.031209, -122.790181 49.031083, -122.790348 49.031083, -122.79102 49.031085, -122.792768 49.031099, -122.793441 49.031099, -122.794259 49.031086, -122.795531 49.031088, -122.795852 49.031087, -122.796555 49.031089, -122.798308 49.031108, -122.799262 49.031113, -122.799876 49.031109, -122.800983 49.031119, -122.801373 49.031107, -122.802514 49.031116, -122.805122 49.031132, -122.805459 49.031123, -122.807631 49.031134, -122.8087 49.031139, -122.8103 49.031146, -122.810306 49.031364, -122.810314 49.031498, -122.810286 49.031521, -122.81026 49.031555, -122.810247 49.031572, -122.810234 49.031592, -122.810218 49.031618, -122.810212 49.031632, -122.810207 49.031647, -122.810202 49.031666, -122.810171 49.031778, -122.810158 49.031835, -122.810145 49.031884, -122.810127 49.031935, -122.810109 49.031977, -122.810093 49.032014, -122.810084 49.032032, -122.81007 49.032052, -122.810054 49.032074, -122.810023 49.03211, -122.810009 49.032124, -122.809994 49.032136, -122.809972 49.032149, -122.809916 49.032177, -122.809854 49.032167, -122.80982 49.032161, -122.809796 49.03216, -122.809751 49.032163, -122.809693 49.032166, -122.809643 49.032172, -122.809602 49.032179, -122.809545 49.032188, -122.809462 49.032208, -122.809414 49.032221, -122.809323 49.032249, -122.809266 49.032268, -122.809214 49.032287, -122.809168 49.032305, -122.809129 49.032326, -122.809075 49.032356, -122.809027 49.032382, -122.808978 49.032407, -122.808923 49.03243, -122.808884 49.032444, -122.808828 49.032461, -122.808649 49.032507, -122.808548 49.03254, -122.808503 49.032555, -122.808435 49.032589, -122.808383 49.032615, -122.808334 49.032646, -122.808294 49.032677, -122.808256 49.032712, -122.808233 49.032747, -122.808216 49.032771, -122.808208 49.032793, -122.8082045 49.032825, -122.8082075 49.0328465, -122.808217 49.032869, -122.808246 49.032931, -122.808329 49.033071, -122.808402 49.033197, -122.808428 49.033236, -122.808438 49.033248, -122.808453 49.033265, -122.808488 49.033295, -122.808518 49.033316, -122.808575 49.033345, -122.808613 49.033364, -122.808697 49.033403, -122.808758 49.033428, -122.808815 49.033451, -122.808903 49.033483, -122.808952 49.0335, -122.808898 49.033547, -122.808839 49.033602, -122.80869 49.033726, -122.808645 49.033768, -122.808515 49.033882, -122.808461 49.033847, -122.808349 49.033929, -122.808289 49.033983, -122.808172 49.034057, -122.808106 49.034106, -122.808017 49.034159, -122.807921 49.034211, -122.807823 49.034271, -122.807774 49.034302, -122.80773 49.034325, -122.807694 49.034343, -122.807451 49.0345, -122.807283 49.034607, -122.807064 49.034768, -122.807029 49.034841, -122.807024 49.034858, -122.807016 49.034878, -122.806956 49.034944, -122.806936 49.034958, -122.806917 49.034968, -122.806896 49.034977, -122.806875 49.034981, -122.806849 49.034983, -122.806832 49.034985, -122.806812 49.034984, -122.806794 49.034982, -122.806773 49.034975, -122.806747 49.034964, -122.806711 49.034942, -122.806679 49.034917, -122.806633 49.034881, -122.806597 49.034849, -122.806557 49.034814, -122.806533 49.034794, -122.806505 49.034768, -122.806476 49.034742, -122.806416 49.03468, -122.806367 49.034631, -122.806338 49.034595, -122.80618 49.034646, -122.80613 49.034662, -122.806086 49.034684, -122.806049 49.034705, -122.806022 49.034727, -122.805999 49.034769, -122.805989 49.034788, -122.805983 49.034805, -122.805977 49.03483, -122.805957 49.034983, -122.805937 49.035124, -122.805923 49.035215, -122.805912 49.035274, -122.805897 49.035333, -122.805889 49.035361, -122.805885 49.035401, -122.805886 49.035418, -122.805891 49.035435, -122.805901 49.035459, -122.805913 49.035479, -122.805937 49.035506, -122.806009 49.035575, -122.806111 49.035667, -122.806147 49.035708, -122.806165 49.035734, -122.80617 49.035748, -122.8061745 49.035763, -122.806173 49.035793, -122.806168 49.035819, -122.806161 49.035846, -122.806151 49.035886, -122.806132 49.035926, -122.806104 49.035981, -122.806083 49.036015, -122.806047 49.036054, -122.806022 49.036074, -122.805995 49.036083, -122.805946 49.036106, -122.805887 49.036141, -122.805836 49.036176, -122.805813 49.036197, -122.805786 49.036225, -122.805705 49.036338, -122.805675 49.036367, -122.805647 49.036389, -122.805611 49.036418, -122.805553 49.036462, -122.805368 49.036655, -122.80518 49.036849, -122.80504 49.037017, -122.805005 49.037051, -122.804979 49.037071, -122.804951 49.037089, -122.80492 49.037103, -122.804885 49.037113, -122.804855 49.037121, -122.804812 49.037129, -122.804779 49.037132, -122.804728 49.037134, -122.804458 49.037134, -122.804016 49.037124, -122.80353 49.037116, -122.803399 49.037116, -122.803372 49.037118, -122.803323 49.037125, -122.803289 49.037133, -122.803268 49.037139, -122.803196 49.037181, -122.803122 49.037229, -122.803091 49.037255, -122.803067 49.037286, -122.803055 49.037308, -122.803048 49.037329, -122.803045 49.037346, -122.803045 49.037373, -122.803046 49.037405, -122.803048 49.037443, -122.803051 49.037473, -122.803057 49.037493, -122.803067 49.037512, -122.803079 49.037529, -122.803125 49.037529, -122.803124 49.037593, -122.803123 49.037831, -122.80312 49.038354, -122.802294 49.038355, -122.802289 49.038812, -122.802285 49.039749, -122.802288 49.039809, -122.802274 49.039989, -122.802259 49.040354, -122.802258 49.040487, -122.802257 49.040538, -122.802259 49.040593, -122.802258 49.0409, -122.802262 49.041071, -122.801383 49.041066, -122.801194 49.041061, -122.801194 49.040643, -122.801194 49.040197, -122.800741 49.040199, -122.800402 49.0401955, -122.800285 49.0401865, -122.80006 49.04018, -122.799696 49.040179, -122.799448 49.040179, -122.799114 49.040175, -122.799108 49.040077, -122.79911 49.039701, -122.799107 49.039449, -122.799122 49.039217, -122.799118 49.038947, -122.799151 49.038703, -122.799172 49.038358, -122.799047 49.038357, -122.79826 49.038356, -122.797153 49.038355, -122.795925 49.038355, -122.795693 49.038353, -122.795692 49.038253, -122.795691 49.0378, -122.795688 49.037331, -122.795684 49.036755, -122.795679 49.036117, -122.795677 49.035612, -122.795676 49.034934, -122.795676 49.034628, -122.795675 49.03395, -122.795675 49.033754, -122.795673 49.033039, -122.795673 49.032846, -122.795673 49.032586, -122.795682 49.032013, -122.794889 49.032014, -122.793782 49.032014, -122.793179 49.032018, -122.792584 49.032015, -122.791787 49.032016, -122.791482 49.032018, -122.791485 49.032102, -122.790969 49.032098, -122.790192 49.032089, -122.790183 49.031347)))"
822240,Morgan Creek,Neighborhood,N,Neighborhood,South Surrey,Morgan Creek,,CAN,"Vancouver, BC",49.066216,-122.777801,20220419,1897782.246,Canada,British Columbia,"Vancouver, BC",Surrey,"MULTIPOLYGON (((-122.765184 49.060461, -122.765187 49.060217, -122.765244 49.060216, -122.765511 49.060214, -122.765713 49.060216, -122.765969 49.060212, -122.766398 49.060209, -122.767066 49.060201, -122.767827 49.060194, -122.768144 49.060187, -122.769118 49.060177, -122.76986 49.060171, -122.770552 49.060164, -122.771122 49.060157, -122.772231 49.060148, -122.773199 49.060138, -122.774299 49.060126, -122.775837 49.060109, -122.777285 49.060106, -122.779 49.060096, -122.779327 49.060095, -122.78071 49.060094, -122.781702 49.060098, -122.782724 49.060099, -122.783669 49.0601, -122.78475 49.060103, -122.785824 49.060104, -122.786476 49.060107, -122.786481 49.060311, -122.786569 49.060356, -122.786597 49.060372, -122.786611 49.060383, -122.7866216 49.0603948, -122.786619 49.06041, -122.7866105 49.06043, -122.786586 49.060468, -122.786565 49.060499, -122.786629 49.060514, -122.786636 49.060576, -122.786635 49.060706, -122.786634 49.060743, -122.786628 49.060766, -122.786582 49.060834, -122.786467 49.060954, -122.786351 49.061111, -122.786208 49.061278, -122.786101 49.061394, -122.785999 49.061562, -122.785908 49.061694, -122.785819 49.061786, -122.785745 49.061885, -122.785554 49.062118, -122.785396 49.062307, -122.785293 49.062439, -122.785258 49.062542, -122.785187 49.06271, -122.785144 49.0628, -122.785105 49.062891, -122.785075 49.062985, -122.785048 49.06307, -122.784986 49.063216, -122.784914 49.063381, -122.784868 49.063541, -122.784717 49.063944, -122.784567 49.064253, -122.784556 49.064404, -122.784686 49.064402, -122.784688 49.064522, -122.784688 49.064547, -122.784706 49.064589, -122.784724 49.064625, -122.784746 49.064656, -122.784791 49.064696, -122.784844 49.064735, -122.78491 49.064779, -122.784982 49.064816, -122.785062 49.064868, -122.785182 49.064951, -122.78526 49.065005, -122.785332 49.065049, -122.785404 49.0651, -122.785541 49.065187, -122.785618 49.065228, -122.785703 49.065281, -122.785788 49.065353, -122.785834 49.065401, -122.785879 49.065447, -122.785979 49.065535, -122.786019 49.065569, -122.786081 49.06563, -122.78616 49.065722, -122.786233 49.0658, -122.786334 49.065924, -122.786423 49.066042, -122.786494 49.066152, -122.786527 49.066191, -122.786555 49.066217, -122.78657 49.066233, -122.786591 49.066255, -122.786598 49.066273, -122.786604 49.066304, -122.786613 49.06636, -122.786654 49.066543, -122.786684 49.066715, -122.786712 49.066879, -122.786728 49.066991, -122.786725 49.067062, -122.786716 49.067107, -122.786709 49.067132, -122.78669 49.067178, -122.786686 49.067225, -122.786702 49.067365, -122.786961 49.067364, -122.788723 49.06737, -122.789333 49.06737, -122.789328 49.06741, -122.789324 49.067473, -122.789315 49.067519, -122.789306 49.067566, -122.789364 49.067568, -122.789363 49.067723, -122.789363 49.068092, -122.789353 49.068378, -122.789355 49.068713, -122.789353 49.068894, -122.789347 49.069046, -122.789347 49.069271, -122.789273 49.069271, -122.789019 49.069272, -122.788823 49.069275, -122.788707 49.069276, -122.788694 49.069722, -122.788851 49.069725, -122.789075 49.069725, -122.789078 49.070099, -122.788981 49.0701, -122.788984 49.070247, -122.788986 49.07044, -122.788986 49.070615, -122.789329 49.070616, -122.789325 49.07075, -122.789324 49.07105, -122.788874 49.071081, -122.788821 49.071049, -122.788659 49.071053, -122.788656 49.071117, -122.788668 49.071373, -122.788667 49.071771, -122.788724 49.072058, -122.788526 49.072296, -122.788503 49.072331, -122.788518 49.072347, -122.788599 49.072421, -122.788615 49.072452, -122.788609 49.072665, -122.78861 49.073043, -122.788606 49.073435, -122.788606 49.073477, -122.788604 49.073516, -122.788593 49.07355, -122.788581 49.073581, -122.7886345 49.0736285, -122.788639 49.073642, -122.788642 49.073745, -122.788639 49.073941, -122.788668 49.074405, -122.788666 49.074649, -122.787544 49.074647, -122.786126 49.074644, -122.784576 49.074641, -122.783201 49.074637, -122.781959 49.074631, -122.780706 49.074624, -122.780041 49.074622, -122.779388 49.074621, -122.779115 49.074621, -122.779113 49.074179, -122.779115 49.073737, -122.779133 49.072972, -122.77914 49.072071, -122.779134 49.071525, -122.77914 49.070938, -122.779146 49.07034, -122.779159 49.069652, -122.779151 49.069232, -122.779156 49.068618, -122.779157 49.068103, -122.779161 49.067665, -122.77916 49.067379, -122.779061 49.067342, -122.778997 49.06732, -122.778962 49.067316, -122.778931 49.067313, -122.778891 49.067309, -122.778861 49.067306, -122.778801 49.067303, -122.778552 49.0673, -122.77835 49.067303, -122.778157 49.067306, -122.777548 49.067322, -122.777185 49.067336, -122.77651 49.067346, -122.77626 49.067347, -122.776073 49.067345, -122.776011 49.067344, -122.775927 49.067341, -122.775806 49.067339, -122.775737 49.067337, -122.775503 49.067339, -122.775134 49.067343, -122.77486 49.067346, -122.774786 49.06735, -122.774739 49.067353, -122.77466 49.067357, -122.774668 49.067423, -122.774671 49.067484, -122.774666 49.067534, -122.774659 49.067581, -122.774642 49.067647, -122.774588 49.067864, -122.774428 49.068349, -122.774404 49.068389, -122.774446 49.068386, -122.774191 49.068865, -122.773868 49.068868, -122.773762 49.068867, -122.773731 49.06886, -122.773666 49.068863, -122.773602 49.068869, -122.773366 49.068862, -122.772695 49.068871, -122.772689 49.069019, -122.772493 49.069028, -122.772039 49.069044, -122.771624 49.069047, -122.771469 49.069047, -122.771251 49.069054, -122.769995 49.06907, -122.769298 49.069078, -122.76808 49.069095, -122.766578 49.069116, -122.765905 49.069125, -122.765638 49.069127, -122.765641 49.068839, -122.765641 49.068686, -122.765643 49.068568, -122.765643 49.068364, -122.765646 49.067882, -122.765654 49.067618, -122.765536 49.067618, -122.765528 49.067435, -122.765527 49.067329, -122.765516 49.067099, -122.765505 49.066931, -122.765497 49.066765, -122.765482 49.0665, -122.765471 49.06631, -122.765449 49.065948, -122.76544 49.065896, -122.765447 49.065865, -122.765444 49.065718, -122.765541 49.065717, -122.765528 49.065358, -122.765372 49.065373, -122.765386 49.065338, -122.765393 49.065301, -122.7654 49.065271, -122.765407 49.06522, -122.765418 49.065147, -122.765422 49.065107, -122.765423 49.064976, -122.76543 49.064779, -122.765431 49.064736, -122.765429 49.064711, -122.765428 49.064682, -122.765427 49.06466, -122.765423 49.064589, -122.765411 49.064387, -122.765395 49.06414, -122.765387 49.064, -122.765372 49.063866, -122.765359 49.063803, -122.765351 49.063711, -122.765351 49.063676, -122.765349 49.063651, -122.765348 49.063624, -122.765347 49.063595, -122.765339 49.063499, -122.765326 49.063446, -122.765316 49.063414, -122.765293 49.06337, -122.76526 49.06332, -122.765217 49.063276, -122.765187 49.063248, -122.765152 49.063223, -122.765099 49.063194, -122.765049 49.063173, -122.764987 49.063151, -122.764891 49.063127, -122.765029 49.06309, -122.765072 49.063082, -122.765124 49.063077, -122.765198 49.063074, -122.765215 49.063048, -122.765221 49.063028, -122.765224 49.063004, -122.765224 49.062975, -122.765242 49.062975, -122.765237 49.062901, -122.765215 49.062587, -122.765195 49.062342, -122.76518 49.062128, -122.765179 49.061945, -122.765181 49.061519, -122.765183 49.061291, -122.765183 49.06117, -122.765184 49.060923, -122.765181 49.060771, -122.765184 49.060461)))"
822242,Sunnyside Heights,Neighborhood,S,Sub Neighborhood,South Surrey,Grandview Heights,Sunnyside Heights,CAN,"Vancouver, BC",49.039108,-122.764261,20220419,1705108.276,Canada,British Columbia,"Vancouver, BC",Surrey,"MULTIPOLYGON (((-122.757052 49.042182, -122.757057 49.041673, -122.757062 49.0411, -122.757068 49.040532, -122.757072 49.040225, -122.757077 49.039456, -122.757077 49.039164, -122.75708 49.038848, -122.757084 49.038488, -122.757084 49.038259, -122.757089 49.03781, -122.75709 49.037511, -122.75709 49.037176, -122.757093 49.036932, -122.757094 49.036774, -122.757097 49.036545, -122.757097 49.035946, -122.757101 49.034835, -122.7571 49.034656, -122.757102 49.03426, -122.757105 49.033544, -122.757113 49.033036, -122.757127 49.031554, -122.757134 49.031097, -122.75714 49.030719, -122.757144 49.029961, -122.757155 49.0294, -122.757155 49.029232, -122.75716 49.028974, -122.757167 49.02838, -122.758174 49.028386, -122.759978 49.028378, -122.761905 49.030125, -122.762745 49.031089, -122.764933 49.033043, -122.765182 49.033259, -122.765246 49.03332, -122.765283 49.033359, -122.76532 49.033407, -122.765453 49.033565, -122.765587 49.033724, -122.765633 49.033773, -122.765671 49.033806, -122.765797 49.033912, -122.765837 49.033943, -122.765864 49.03396, -122.765912 49.033985, -122.765953 49.034006, -122.765971 49.034018, -122.765991 49.034036, -122.766006 49.034052, -122.766024 49.034083, -122.766037 49.034116, -122.766049 49.034144, -122.766058 49.034162, -122.766076 49.034181, -122.766325 49.034406, -122.766508 49.03459, -122.766533 49.034619, -122.766543 49.034634, -122.766553 49.034653, -122.766559 49.034669, -122.766563 49.0346915, -122.766561 49.034712, -122.766553 49.034747, -122.766922 49.034745, -122.767569 49.035378, -122.768175 49.035386, -122.768173 49.036161, -122.768699 49.036581, -122.769656 49.03744, -122.769864 49.037438, -122.770615 49.037439, -122.771263 49.037959, -122.771718 49.038333, -122.772514 49.038329, -122.772503 49.038492, -122.772487 49.038822, -122.772484 49.039135, -122.77248 49.039401, -122.772525 49.039403, -122.772569 49.039404, -122.772606 49.039406, -122.77264 49.03941, -122.772689 49.039418, -122.77275 49.039426, -122.772847 49.039432, -122.773062 49.039442, -122.773703 49.039488, -122.773645 49.041053, -122.775216 49.04105, -122.775246 49.041396, -122.775277 49.04191, -122.775333 49.04191, -122.775314 49.042614, -122.775307 49.04331, -122.775309 49.043898, -122.775305 49.044762, -122.7753 49.045319, -122.775297 49.0454177, -122.775292 49.045581, -122.773091 49.045585, -122.772017 49.045591, -122.771088 49.045598, -122.768563 49.045617, -122.768136 49.04562, -122.767631 49.045624, -122.766219 49.045627, -122.765092 49.045635, -122.764276 49.045642, -122.763326 49.045646, -122.761971 49.045654, -122.760724 49.045661, -122.759578 49.045667, -122.758134 49.045677, -122.757031 49.045678, -122.757031 49.045301, -122.757036 49.043913, -122.75704 49.043765, -122.757045 49.043014, -122.757052 49.042182)))"
822243,Highway 99 Corridor,Neighborhood,N,Neighborhood,South Surrey,Highway 99 Corridor,,CAN,"Vancouver, BC",49.035757,-122.771722,20220419,1868639.446,Canada,British Columbia,"Vancouver, BC",Surrey,"MULTIPOLYGON (((-122.7893874 49.0528275, -122.7893849 49.0527379, -122.78939 49.052476, -122.789095 49.052477, -122.789079 49.052262, -122.78898 49.052202, -122.788748 49.052193, -122.788744 49.051895, -122.788215 49.0517, -122.787446 49.051347, -122.787428 49.051302, -122.787395 49.051242, -122.787382 49.051195, -122.787363 49.050965, -122.787091 49.050953, -122.786429 49.050345, -122.7861018 49.0500661, -122.78588 49.049877, -122.78586 49.049655, -122.785442 49.04965, -122.785429 49.049354, -122.78542 49.049201, -122.784628 49.049195, -122.784513 49.049193, -122.783994 49.04919, -122.783155 49.049183, -122.7828664 49.0491865, -122.782419 49.049192, -122.782037 49.049196, -122.782014 49.048276, -122.781464 49.048276, -122.780965 49.048267, -122.780277 49.048265, -122.779457 49.048264, -122.779206 49.048259, -122.779193 49.047729, -122.779187 49.04743, -122.778306 49.047414, -122.777681 49.047423, -122.776289 49.047416, -122.774909 49.0474, -122.774916 49.047226, -122.774913 49.047097, -122.774916 49.046965, -122.774921 49.046902, -122.774934 49.046829, -122.774949 49.046752, -122.774972 49.04668, -122.775004 49.046607, -122.775065 49.046506, -122.775156 49.046342, -122.775195 49.046265, -122.775233 49.046175, -122.775256 49.046104, -122.775277 49.046015, -122.775281 49.04592, -122.775292 49.045581, -122.775297 49.0454177, -122.7753 49.045319, -122.775305 49.044762, -122.775309 49.043898, -122.775307 49.04331, -122.775314 49.042614, -122.775333 49.04191, -122.775277 49.04191, -122.775246 49.041396, -122.775216 49.04105, -122.773645 49.041053, -122.773703 49.039488, -122.773062 49.039442, -122.772847 49.039432, -122.77275 49.039426, -122.772689 49.039418, -122.77264 49.03941, -122.772606 49.039406, -122.772569 49.039404, -122.772525 49.039403, -122.77248 49.039401, -122.772484 49.039135, -122.772487 49.038822, -122.772503 49.038492, -122.772514 49.038329, -122.771718 49.038333, -122.771263 49.037959, -122.770615 49.037439, -122.769864 49.037438, -122.769656 49.03744, -122.768699 49.036581, -122.768173 49.036161, -122.768175 49.035386, -122.767569 49.035378, -122.766922 49.034745, -122.766553 49.034747, -122.766561 49.034712, -122.766563 49.0346915, -122.766559 49.034669, -122.766553 49.034653, -122.766543 49.034634, -122.766533 49.034619, -122.766508 49.03459, -122.766325 49.034406, -122.766076 49.034181, -122.766058 49.034162, -122.766049 49.034144, -122.766037 49.034116, -122.766024 49.034083, -122.766006 49.034052, -122.765991 49.034036, -122.765971 49.034018, -122.765953 49.034006, -122.765912 49.033985, -122.765864 49.03396, -122.765837 49.033943, -122.765797 49.033912, -122.765671 49.033806, -122.765633 49.033773, -122.765587 49.033724, -122.765453 49.033565, -122.76532 49.033407, -122.765283 49.033359, -122.765246 49.03332, -122.765182 49.033259, -122.764933 49.033043, -122.762745 49.031089, -122.761905 49.030125, -122.759978 49.028378, -122.758174 49.028386, -122.757167 49.02838, -122.757169 49.028223, -122.757178 49.02754, -122.757182 49.027388, -122.757192 49.026672, -122.757196 49.026353, -122.7572 49.02609, -122.757209 49.025711, -122.757209 49.025538, -122.757214 49.025152, -122.757221 49.024752, -122.757225 49.02433, -122.75723 49.023921, -122.757232 49.023726, -122.757236 49.023322, -122.757238 49.022852, -122.757238 49.022369, -122.757238 49.021817, -122.757241 49.021418, -122.757241 49.021019, -122.757243 49.02062, -122.757248 49.020157, -122.757246 49.019567, -122.75725 49.019178, -122.757254 49.018723, -122.757258 49.018402, -122.757262 49.018174, -122.757259 49.018131, -122.757253 49.018088, -122.757244 49.018048, -122.757232 49.018009, -122.7572717 49.0166501, -122.757311 49.016657, -122.757451 49.016687, -122.757742 49.016758, -122.757885 49.016814, -122.758011 49.016835, -122.758145 49.016837, -122.758394 49.016827, -122.759283 49.016769, -122.759677 49.016744, -122.76017 49.017639, -122.760391 49.018107, -122.760758 49.018739, -122.760914 49.019016, -122.761079 49.019325, -122.761405 49.019892, -122.761788 49.020571, -122.762487 49.021813, -122.7631445 49.0229741, -122.763786 49.024107, -122.764335 49.025083, -122.764566 49.02549, -122.764925 49.026132, -122.765261 49.026725, -122.76554 49.027199, -122.765724 49.027468, -122.765845 49.027646, -122.765956 49.027796, -122.766116 49.027999, -122.766299 49.028223, -122.76643 49.028383, -122.766531 49.028491, -122.766603 49.028576, -122.7669 49.028876, -122.766977 49.028955, -122.767153 49.029129, -122.768068 49.029955, -122.768838 49.03065, -122.76937 49.031128, -122.770244 49.031918, -122.771373 49.032935, -122.773437 49.034799, -122.775127 49.036317, -122.77621 49.037296, -122.777135 49.038127, -122.777983 49.038897, -122.778813 49.039643, -122.779826 49.040555, -122.780889 49.041522, -122.782438 49.042911, -122.784678 49.044924, -122.785267 49.045457, -122.785509 49.045681, -122.785899 49.046032, -122.786521 49.046594, -122.787498 49.047469, -122.788516 49.048385, -122.789157 49.048971, -122.790281 49.049982, -122.79204 49.051568, -122.792774 49.052213, -122.7933 49.052682, -122.793328 49.052706, -122.79312 49.052809, -122.79284 49.052941, -122.7928 49.052921, -122.792712 49.052884, -122.792671 49.052867, -122.792625 49.052855, -122.792573 49.052847, -122.792534 49.052845, -122.792302 49.052836, -122.791845 49.052832, -122.791468 49.052834, -122.791126 49.052834, -122.7906 49.052828, -122.790162 49.052827, -122.78994 49.052826, -122.7893874 49.0528275)))"
822274,Grandview Heights,Neighborhood,N,Neighborhood,South Surrey,Grandview Heights,,CAN,"Vancouver, BC",49.043606,-122.74546,20220419,10913788.87,Canada,British Columbia,"Vancouver, BC",Surrey,"MULTIPOLYGON (((-122.735135 49.06015, -122.731945 49.060144, -122.729625 49.060146, -122.727374 49.060142, -122.726269 49.060138, -122.7248 49.060138, -122.724421 49.060138, -122.724423 49.059796, -122.72442 49.059347, -122.724402 49.05892, -122.72439 49.058813, -122.724381 49.058748, -122.724366 49.0577, -122.724459 49.056221, -122.724472 49.055639, -122.724538 49.055641, -122.72454 49.055534, -122.724631 49.05553, -122.7246175 49.0555075, -122.724614 49.055481, -122.724613 49.055456, -122.724618 49.054629, -122.724607 49.053379, -122.724604 49.053255, -122.724605 49.053167, -122.72461 49.053138, -122.724619 49.05312, -122.724636 49.0531, -122.724543 49.053051, -122.72422 49.053035, -122.724221 49.052718, -122.7242216 49.0524075, -122.724222 49.052181, -122.7237266 49.0521671, -122.722586 49.052135, -122.722588 49.05198, -122.722573 49.051852, -122.722555 49.051809, -122.72254 49.051773, -122.722481 49.051683, -122.722397 49.051599, -122.72235 49.051549, -122.722289 49.051494, -122.720844 49.050824, -122.719895 49.050341, -122.71897 49.049859, -122.7188478 49.0497976, -122.7188339 49.0497907, -122.718735 49.049741, -122.718486 49.049621, -122.718146 49.049428, -122.717737 49.049177, -122.71712 49.048821, -122.716479 49.048482, -122.715731 49.04813, -122.715393 49.047964, -122.714644 49.04761, -122.714353 49.047476, -122.714169 49.04728, -122.713914 49.047155, -122.713772 49.047085, -122.71345 49.046954, -122.71345 49.046714, -122.713446 49.046266, -122.71344 49.045815, -122.713436 49.045497, -122.713434 49.045, -122.71343 49.044689, -122.713429 49.044377, -122.713429 49.044183, -122.713426 49.043994, -122.713427 49.043728, -122.713428 49.043494, -122.713426 49.043128, -122.713422 49.042605, -122.7134236 49.0420563, -122.713424 49.041918, -122.713418 49.041343, -122.713415 49.040984, -122.713415 49.040548, -122.713414 49.040196, -122.713411 49.039682, -122.713407 49.039352, -122.713405 49.039012, -122.713401 49.03855, -122.713395 49.038365, -122.71339 49.037902, -122.713384 49.037415, -122.713383 49.036978, -122.713507 49.036962, -122.713725 49.036934, -122.714187 49.036858, -122.714264 49.036843, -122.714335 49.036826, -122.714406 49.036804, -122.714431 49.036933, -122.714606 49.036903, -122.715841 49.036717, -122.716735 49.036609, -122.717783 49.036455, -122.719028 49.036077, -122.720349 49.035459, -122.723818 49.033765, -122.724392 49.033446, -122.724291 49.033089, -122.724267 49.032475, -122.724264 49.031714, -122.724254 49.031394, -122.724248 49.031215, -122.726636 49.031219, -122.727721 49.031215, -122.72886 49.031213, -122.730501 49.031208, -122.731664 49.03121, -122.732725 49.031211, -122.733505 49.031214, -122.734956 49.031217, -122.735397 49.031224, -122.736676 49.031225, -122.73821 49.031215, -122.739423 49.031206, -122.74041 49.0312, -122.741408 49.031193, -122.742424 49.031189, -122.743299 49.031184, -122.743812 49.031181, -122.743988 49.03118, -122.744706 49.031176, -122.745667 49.031171, -122.74622 49.031168, -122.746512 49.031165, -122.747053 49.031162, -122.747368 49.03116, -122.748098 49.031154, -122.749385 49.031146, -122.750659 49.031139, -122.751388 49.031134, -122.752533 49.031127, -122.753948 49.031117, -122.755013 49.03111, -122.757134 49.031097, -122.75714 49.030719, -122.757144 49.029961, -122.757155 49.0294, -122.757155 49.029232, -122.75716 49.028974, -122.757167 49.02838, -122.758174 49.028386, -122.759978 49.028378, -122.761905 49.030125, -122.762745 49.031089, -122.764933 49.033043, -122.765182 49.033259, -122.765246 49.03332, -122.765283 49.033359, -122.76532 49.033407, -122.765453 49.033565, -122.765587 49.033724, -122.765633 49.033773, -122.765671 49.033806, -122.765797 49.033912, -122.765837 49.033943, -122.765864 49.03396, -122.765912 49.033985, -122.765953 49.034006, -122.765971 49.034018, -122.765991 49.034036, -122.766006 49.034052, -122.766024 49.034083, -122.766037 49.034116, -122.766049 49.034144, -122.766058 49.034162, -122.766076 49.034181, -122.766325 49.034406, -122.766508 49.03459, -122.766533 49.034619, -122.766543 49.034634, -122.766553 49.034653, -122.766559 49.034669, -122.766563 49.0346915, -122.766561 49.034712, -122.766553 49.034747, -122.766922 49.034745, -122.767569 49.035378, -122.768175 49.035386, -122.768173 49.036161, -122.768699 49.036581, -122.769656 49.03744, -122.769864 49.037438, -122.770615 49.037439, -122.771263 49.037959, -122.771718 49.038333, -122.772514 49.038329, -122.772503 49.038492, -122.772487 49.038822, -122.772484 49.039135, -122.77248 49.039401, -122.772525 49.039403, -122.772569 49.039404, -122.772606 49.039406, -122.77264 49.03941, -122.772689 49.039418, -122.77275 49.039426, -122.772847 49.039432, -122.773062 49.039442, -122.773703 49.039488, -122.773645 49.041053, -122.775216 49.04105, -122.775246 49.041396, -122.775277 49.04191, -122.775333 49.04191, -122.775314 49.042614, -122.775307 49.04331, -122.775309 49.043898, -122.775305 49.044762, -122.7753 49.045319, -122.775297 49.0454177, -122.775292 49.045581, -122.775281 49.04592, -122.775277 49.046015, -122.775256 49.046104, -122.775233 49.046175, -122.775195 49.046265, -122.775156 49.046342, -122.775065 49.046506, -122.775004 49.046607, -122.774972 49.04668, -122.774949 49.046752, -122.774934 49.046829, -122.774921 49.046902, -122.774916 49.046965, -122.774913 49.047097, -122.774916 49.047226, -122.774909 49.0474, -122.776289 49.047416, -122.777681 49.047423, -122.778306 49.047414, -122.779187 49.04743, -122.779193 49.047729, -122.779206 49.048259, -122.779457 49.048264, -122.780277 49.048265, -122.780965 49.048267, -122.781464 49.048276, -122.782014 49.048276, -122.782037 49.049196, -122.782419 49.049192, -122.7828664 49.0491865, -122.783155 49.049183, -122.783994 49.04919, -122.784513 49.049193, -122.784628 49.049195, -122.78542 49.049201, -122.785429 49.049354, -122.785442 49.04965, -122.78586 49.049655, -122.78588 49.049877, -122.7861018 49.0500661, -122.786429 49.050345, -122.787091 49.050953, -122.787363 49.050965, -122.787382 49.051195, -122.787395 49.051242, -122.787428 49.051302, -122.787446 49.051347, -122.788215 49.0517, -122.788744 49.051895, -122.788748 49.052193, -122.78898 49.052202, -122.789079 49.052262, -122.789095 49.052477, -122.78939 49.052476, -122.7893849 49.0527379, -122.7893874 49.0528275, -122.7891397 49.0528282, -122.788848 49.052829, -122.787509 49.052824, -122.787458 49.052823, -122.787357 49.05282, -122.787206 49.052819, -122.786916 49.052816, -122.786571 49.052811, -122.786226 49.052806, -122.784991 49.052802, -122.784373 49.052801, -122.783537 49.052804, -122.782419 49.052797, -122.781416 49.052799, -122.780749 49.0528, -122.780328 49.05281, -122.780033 49.052816, -122.779348 49.052811, -122.779104 49.052808, -122.778267 49.052817, -122.778015 49.05282, -122.777963 49.052819, -122.777904 49.052817, -122.777845 49.052816, -122.777789 49.052815, -122.777579 49.052807, -122.777413 49.052802, -122.77691 49.052801, -122.776731 49.0528028, -122.7762 49.052808, -122.775512 49.052814, -122.775036 49.052816, -122.774632 49.052819, -122.774079 49.052821, -122.773771 49.052824, -122.773447 49.052831, -122.772632 49.052857, -122.772076 49.052866, -122.771477 49.052875, -122.770703 49.052882, -122.770175 49.052888, -122.769415 49.052892, -122.76873 49.052898, -122.768288 49.0529, -122.76794 49.0529, -122.767356 49.052907, -122.766964 49.052919, -122.766793 49.052926, -122.766301 49.052947, -122.765996 49.052966, -122.765561 49.052986, -122.764908 49.05301, -122.764749 49.053015, -122.764614 49.053017, -122.764542 49.053014, -122.764453 49.053005, -122.764152 49.052964, -122.763884 49.05293, -122.763753 49.052914, -122.763657 49.052904, -122.763561 49.052898, -122.763486 49.052898, -122.763372 49.052902, -122.762863 49.052928, -122.762647 49.05294, -122.762471 49.052951, -122.762368 49.052963, -122.762274 49.052976, -122.762206 49.052988, -122.762137 49.053006, -122.762032 49.053044, -122.761756 49.053194, -122.761608 49.053278, -122.761512 49.053334, -122.761413 49.053384, -122.761382 49.053399, -122.761343 49.053413, -122.761266 49.05344, -122.761179 49.053459, -122.761071 49.053478, -122.760957 49.05349, -122.760893 49.053494, -122.760682 49.053498, -122.760355 49.053498, -122.760024 49.053506, -122.759757 49.053505, -122.759654 49.053496, -122.759559 49.053481, -122.759471 49.05346, -122.759371 49.053425, -122.759285 49.053385, -122.759125 49.053308, -122.759001 49.053247, -122.758929 49.053209, -122.758852 49.053172, -122.758773 49.053134, -122.75871 49.053104, -122.758643 49.053078, -122.758561 49.053051, -122.758473 49.053027, -122.758371 49.053009, -122.75829 49.052999, -122.758187 49.052991, -122.758069 49.052989, -122.757886 49.052991, -122.757124 49.053, -122.756679 49.052998, -122.755598 49.052993, -122.75424 49.052992, -122.752694 49.052986, -122.751774 49.052977, -122.750873 49.052977, -122.749891 49.052974, -122.749766 49.052971, -122.749673 49.052967, -122.749576 49.052959, -122.749488 49.052948, -122.74941 49.052935, -122.749347 49.05292, -122.749253 49.052897, -122.74919 49.05288, -122.74912 49.052858, -122.749055 49.052834, -122.749015 49.052816, -122.748943 49.052777, -122.748913 49.052807, -122.748801 49.052903, -122.748512 49.052911, -122.74792 49.052914, -122.747749 49.052907, -122.747688 49.052905, -122.747641 49.052906, -122.747547 49.052913, -122.747459 49.052918, -122.747403 49.052917, -122.747316 49.052906, -122.747249 49.052902, -122.747209 49.052907, -122.747157 49.052914, -122.747027 49.052919, -122.746931 49.052926, -122.746323 49.05296, -122.746214 49.052969, -122.74609 49.052984, -122.745744 49.053037, -122.745552 49.053073, -122.74546 49.053082, -122.745379 49.053085, -122.745169 49.053074, -122.744859 49.053123, -122.744913 49.053287, -122.744525 49.05338, -122.744188 49.053459, -122.743739 49.053298, -122.743534 49.053215, -122.742365 49.053264, -122.742091 49.053259, -122.741922 49.053344, -122.741545 49.053217, -122.74114 49.05302, -122.740635 49.0528, -122.739897 49.052944, -122.739743 49.052864, -122.739671 49.052888, -122.73962 49.052901, -122.739581 49.052909, -122.739535 49.052915, -122.739476 49.052922, -122.73942 49.052926, -122.739338 49.052927, -122.738755 49.052917, -122.737613 49.052921, -122.736946 49.052907, -122.736892 49.052902, -122.736852 49.052894, -122.736807 49.052878, -122.736759 49.052861, -122.736394 49.052924, -122.735335 49.0529137, -122.735336 49.053097, -122.735354 49.0551928, -122.735357 49.055548, -122.735365 49.05646, -122.73537 49.057176, -122.735377 49.05792, -122.7353751 49.0588175, -122.735375 49.058845, -122.7353746 49.0589113, -122.735367 49.0601501, -122.735135 49.06015)))"
88960,White Rock,Neighborhood,N,Neighborhood,South Surrey,White Rock,,CAN,"Vancouver, BC",49.025635,-122.805889,20220419,5286654.219,Canada,British Columbia,"Vancouver, BC",White Rock,"MULTIPOLYGON (((-122.807631 49.031134, -122.805459 49.031123, -122.805122 49.031132, -122.802514 49.031116, -122.801373 49.031107, -122.800983 49.031119, -122.799876 49.031109, -122.799262 49.031113, -122.798308 49.031108, -122.796555 49.031089, -122.795852 49.031087, -122.795531 49.031088, -122.794259 49.031086, -122.793441 49.031099, -122.792768 49.031099, -122.79102 49.031085, -122.790348 49.031083, -122.790181 49.031083, -122.790182 49.031209, -122.790183 49.031347, -122.783388 49.031328, -122.783385 49.031209, -122.783383 49.031073, -122.782073 49.031067, -122.779338 49.031062, -122.7792752 49.0165804, -122.7821015 49.0165588, -122.7827282 49.0155176, -122.7835925 49.0142886, -122.7890581 49.0157018, -122.7892599 49.0157736, -122.790418 49.016134, -122.799306 49.019017, -122.800346 49.019354, -122.8077734 49.0215114, -122.808298 49.021664, -122.8132094 49.023079, -122.8179875 49.0242313, -122.8233985 49.0249627, -122.8276761 49.0253155, -122.8278186 49.0253152, -122.8296972 49.0253476, -122.8323584 49.0251682, -122.8346515 49.0250085, -122.8367619 49.0248089, -122.8390956 49.0246625, -122.8405769 49.0244629, -122.8424032 49.0242766, -122.8445137 49.0242633, -122.8458069 49.0242789, -122.8458054 49.024692, -122.845805 49.024785, -122.845427 49.031221, -122.81245 49.03135, -122.810306 49.031364, -122.8103 49.031146, -122.8087 49.031139, -122.807631 49.031134)))"
51509,South Westminster,Neighborhood,N,Neighborhood,Whalley,South Westminster,,CAN,"Vancouver, BC",49.194389,-122.892444,20220419,5366032.702,Canada,British Columbia,"Vancouver, BC",Surrey,"MULTIPOLYGON (((-122.8916786 49.2067045, -122.890045 49.20612, -122.889685 49.205994, -122.888917 49.205705, -122.887851 49.205512, -122.886658 49.205531, -122.884693 49.205714, -122.88204 49.205935, -122.879739 49.206128, -122.87769 49.206211, -122.874363 49.206285, -122.870911 49.206275, -122.868356 49.206285, -122.866307 49.206469, -122.866251 49.204712, -122.867416 49.204694, -122.867458 49.203995, -122.867416 49.202799, -122.867458 49.20142, -122.867528 49.200716, -122.867637 49.199328, -122.868274 49.19947, -122.868446 49.199507, -122.868541 49.199526, -122.86859 49.199533, -122.868648 49.199536, -122.868723 49.199536, -122.868814 49.19953, -122.868895 49.19952, -122.868971 49.199508, -122.869033 49.199496, -122.869122 49.199472, -122.869275 49.19943, -122.869651 49.19931, -122.870192 49.199114, -122.870552 49.198976, -122.870883 49.198839, -122.87113 49.198728, -122.871442 49.198577, -122.871605 49.198501, -122.871805 49.198408, -122.871984 49.198334, -122.872168 49.198262, -122.872414 49.198172, -122.872925 49.198002, -122.873734 49.197727, -122.873936 49.197642, -122.875121 49.19724, -122.875138 49.196358, -122.875065 49.195345, -122.876169 49.193917, -122.87703 49.19299, -122.877921 49.191827, -122.87943 49.19184, -122.880918 49.191932, -122.880875 49.1907, -122.881514 49.190663, -122.882974 49.190635, -122.882981 49.19007, -122.882988 49.189734, -122.883128 49.189527, -122.883402 49.189439, -122.883942 49.189426, -122.885121 49.189426, -122.885107 49.188722, -122.885325 49.188533, -122.885591 49.188345, -122.885928 49.188175, -122.887135 49.188184, -122.888609 49.188161, -122.890047 49.188152, -122.890453 49.188058, -122.890565 49.187531, -122.891041 49.186766, -122.891794 49.186727, -122.893063 49.186719, -122.894054 49.186561, -122.894948 49.186434, -122.895988 49.186062, -122.896942 49.185579, -122.898175 49.18523, -122.899878 49.184993, -122.900857 49.184676, -122.902555 49.18407, -122.905407 49.18304, -122.907316 49.182343, -122.908929 49.181311, -122.910845 49.179285, -122.912536 49.17797, -122.913465 49.177161, -122.913578 49.177062, -122.913641 49.177009, -122.9141826 49.1773806, -122.9144916 49.1776059, -122.9148838 49.1778389, -122.9153829 49.1779555, -122.9159058 49.1779788, -122.9162267 49.1779399, -122.9165594 49.1777768, -122.9168328 49.1774971, -122.9169754 49.1772407, -122.9171195 49.1769082, -122.9171264 49.1768905, -122.9172487 49.1765726, -122.9172962 49.1764172, -122.9176171 49.1764949, -122.9195423 49.1770698, -122.9197238 49.1771027, -122.9193522 49.1777768, -122.9196236 49.1778176, -122.9193165 49.1783594, -122.917938 49.1808764, -122.9171061 49.182399, -122.9169754 49.1826708, -122.916809 49.1826475, -122.9166902 49.1828417, -122.9165 49.1829272, -122.9155968 49.1832457, -122.9151235 49.1839488, -122.9153697 49.1840345, -122.914933 49.184747, -122.9132795 49.1872226, -122.9122456 49.1887217, -122.9113017 49.1900316, -122.9110878 49.190249, -122.910834 49.190519, -122.910545 49.190882, -122.90993 49.191776, -122.90816 49.193718, -122.907955 49.193662, -122.90762 49.193941, -122.907369 49.193885, -122.907229 49.19409, -122.906213 49.19478, -122.905748 49.195357, -122.904807 49.195842, -122.904192 49.195787, -122.903996 49.195912, -122.903949 49.196098, -122.903754 49.196303, -122.903186 49.196666, -122.903083 49.196815, -122.901842 49.197806, -122.90144 49.197698, -122.901265 49.197629, -122.900827 49.197442, -122.900909 49.197591, -122.901112 49.197745, -122.901012 49.197861, -122.901222 49.19792, -122.901458 49.197945, -122.901563 49.198091, -122.901193 49.198378, -122.901055 49.198512, -122.901174 49.198574, -122.90021 49.199277, -122.900232 49.199436, -122.900913 49.199878, -122.900755 49.200092, -122.900536 49.20022, -122.900247 49.200295, -122.899697 49.200518, -122.899436 49.200649, -122.899294 49.200739, -122.899101 49.2007, -122.898886 49.200609, -122.898962 49.200809, -122.898645 49.20083, -122.898426 49.200816, -122.89823 49.200922, -122.897951 49.201233, -122.897466 49.201633, -122.897206 49.201969, -122.897094 49.202136, -122.896852 49.202295, -122.896507 49.20249, -122.896209 49.202733, -122.895957 49.202947, -122.895883 49.203115, -122.894252 49.204307, -122.894113 49.204251, -122.893721 49.204596, -122.893488 49.204661, -122.893405 49.204829, -122.893572 49.20509, -122.892874 49.205719, -122.892701 49.206054, -122.892166 49.206436, -122.8920356 49.2065319, -122.891761 49.206734, -122.8916786 49.2067045)))"
88954,Whalley,Neighborhood,M,Macro Neighborhood,Whalley,,,CAN,"Vancouver, BC",49.188269,-122.859332,20220419,34510916.39,Canada,British Columbia,"Vancouver, BC",Surrey,"MULTIPOLYGON (((-122.8190906 49.2175734, -122.8186815 49.2139641, -122.8179221 49.212972, -122.8183272 49.2119798, -122.8189347 49.2113845, -122.8192384 49.2109215, -122.8192384 49.2104254, -122.8192384 49.2093339, -122.8191878 49.2074487, -122.8193397 49.2059602, -122.820251 49.205001, -122.8214154 49.2037441, -122.8225292 49.2027517, -122.823085 49.202024, -122.823085 49.200923, -122.823084 49.184067, -122.823252 49.177001, -122.823421 49.166406, -122.823344 49.155553, -122.823535 49.150259, -122.823499 49.149516, -122.823488 49.149291, -122.82709 49.150543, -122.83115 49.151879, -122.832013 49.152822, -122.834458 49.152844, -122.834557 49.154462, -122.836128 49.154491, -122.838816 49.155195, -122.84583 49.157016, -122.853961 49.159621, -122.85687 49.159621, -122.856864 49.163042, -122.856964 49.168103, -122.857483 49.168089, -122.857768 49.167943, -122.858032 49.167912, -122.858675 49.167841, -122.859244 49.167659, -122.859758 49.167401, -122.860625 49.16733, -122.861234 49.167166, -122.862507 49.166864, -122.864294 49.166393, -122.864558 49.166123, -122.865086 49.165901, -122.86686 49.165439, -122.867564 49.165363, -122.868424 49.165443, -122.869386 49.165243, -122.870394 49.164871, -122.871511 49.164635, -122.87357 49.1646, -122.873566 49.166507, -122.876857 49.166586, -122.879334 49.166888, -122.890306 49.166849, -122.890297 49.167311, -122.890292 49.167988, -122.890272 49.169003, -122.890253 49.1703, -122.8902463 49.170616, -122.890246 49.170629, -122.890237 49.171532, -122.890224 49.172421, -122.890209 49.173219, -122.890192 49.174327, -122.890177 49.175347, -122.890159 49.176409, -122.89014 49.176988, -122.890135 49.177138, -122.890396 49.177142, -122.891872 49.177147, -122.892813 49.177142, -122.893933 49.177141, -122.895156 49.177141, -122.896772 49.177141, -122.898047 49.177139, -122.899476 49.177135, -122.90099 49.177132, -122.901251 49.1771312, -122.901328 49.177131, -122.902631 49.177127, -122.90351 49.177126, -122.904748 49.177125, -122.905785 49.177124, -122.906647 49.177126, -122.906953 49.177118, -122.908009 49.17712, -122.908778 49.17712, -122.909323 49.177108, -122.9094724 49.1771025, -122.909675 49.177095, -122.909986 49.177085, -122.910031 49.177096, -122.910051 49.177101, -122.9100821 49.1771056, -122.910136 49.177113, -122.910197 49.17712, -122.910242 49.177123, -122.910301 49.177128, -122.910405 49.177127, -122.910951 49.177129, -122.910994 49.177128, -122.91103 49.177128, -122.911069 49.177126, -122.911201 49.177122, -122.911327 49.177122, -122.911369 49.177122, -122.91139 49.17712, -122.911417 49.177114, -122.913063 49.177123, -122.913092 49.177127, -122.913124 49.177133, -122.913148 49.177138, -122.913171 49.177144, -122.913188 49.17715, -122.913209 49.177156, -122.913229 49.17716, -122.913246 49.177159, -122.913275 49.177155, -122.913295 49.177149, -122.913311 49.177138, -122.913465 49.177161, -122.913578 49.177062, -122.913641 49.177009, -122.9141826 49.1773806, -122.9144916 49.1776059, -122.9148838 49.1778389, -122.9153829 49.1779555, -122.9159058 49.1779788, -122.9162267 49.1779399, -122.9165594 49.1777768, -122.9168328 49.1774971, -122.9169754 49.1772407, -122.9171195 49.1769082, -122.9171264 49.1768905, -122.9172487 49.1765726, -122.9172962 49.1764172, -122.9176171 49.1764949, -122.9195423 49.1770698, -122.9197238 49.1771027, -122.9193522 49.1777768, -122.9196236 49.1778176, -122.9193165 49.1783594, -122.917938 49.1808764, -122.9171061 49.182399, -122.9169754 49.1826708, -122.916809 49.1826475, -122.9166902 49.1828417, -122.9165 49.1829272, -122.9155968 49.1832457, -122.9151235 49.1839488, -122.9153697 49.1840345, -122.914933 49.184747, -122.9132795 49.1872226, -122.9122456 49.1887217, -122.9113017 49.1900316, -122.9110878 49.190249, -122.910834 49.190519, -122.910545 49.190882, -122.90993 49.191776, -122.90816 49.193718, -122.907955 49.193662, -122.90762 49.193941, -122.907369 49.193885, -122.907229 49.19409, -122.906213 49.19478, -122.905748 49.195357, -122.904807 49.195842, -122.904192 49.195787, -122.903996 49.195912, -122.903949 49.196098, -122.903754 49.196303, -122.903186 49.196666, -122.903083 49.196815, -122.901842 49.197806, -122.90144 49.197698, -122.901265 49.197629, -122.900827 49.197442, -122.900909 49.197591, -122.901112 49.197745, -122.901012 49.197861, -122.901222 49.19792, -122.901458 49.197945, -122.901563 49.198091, -122.901193 49.198378, -122.901055 49.198512, -122.901174 49.198574, -122.90021 49.199277, -122.900232 49.199436, -122.900913 49.199878, -122.900755 49.200092, -122.900536 49.20022, -122.900247 49.200295, -122.899697 49.200518, -122.899436 49.200649, -122.899294 49.200739, -122.899101 49.2007, -122.898886 49.200609, -122.898962 49.200809, -122.898645 49.20083, -122.898426 49.200816, -122.89823 49.200922, -122.897951 49.201233, -122.897466 49.201633, -122.897206 49.201969, -122.897094 49.202136, -122.896852 49.202295, -122.896507 49.20249, -122.896209 49.202733, -122.895957 49.202947, -122.895883 49.203115, -122.894252 49.204307, -122.894113 49.204251, -122.893721 49.204596, -122.893488 49.204661, -122.893405 49.204829, -122.893572 49.20509, -122.892874 49.205719, -122.892701 49.206054, -122.892166 49.206436, -122.8920356 49.2065319, -122.891761 49.206734, -122.8916786 49.2067045, -122.8910174 49.2073364, -122.8872805 49.2097308, -122.8855086 49.2107561, -122.8822178 49.212542, -122.8806484 49.2132365, -122.8791802 49.2137657, -122.8767502 49.2145594, -122.8753326 49.214857, -122.8739657 49.2149893, -122.8729532 49.2152869, -122.8715356 49.2153861, -122.8691562 49.2158822, -122.8679918 49.2159153, -122.8670299 49.2159483, -122.8613091 49.2165766, -122.8541707 49.2168412, -122.853867 49.2167751, -122.8519938 49.2167089, -122.8403497 49.2168081, -122.8371602 49.2171719, -122.8332114 49.2175687, -122.8313382 49.2176018, -122.8243011 49.2179325, -122.8190906 49.2175734)))"
822231,Surrey Metro Centre,Neighborhood,N,Neighborhood,Whalley,Surrey Metro Centre,,CAN,"Vancouver, BC",49.188512,-122.843347,20220419,5115542.998,Canada,British Columbia,"Vancouver, BC",Surrey,"MULTIPOLYGON (((-122.854426 49.204971, -122.853983 49.204683, -122.853824 49.204789, -122.85327 49.205184, -122.852933 49.205214, -122.852822 49.205144, -122.852636 49.205173, -122.852357 49.205189, -122.852081 49.205206, -122.851746 49.205259, -122.851744 49.205333, -122.850094 49.20533, -122.849524 49.205327, -122.848124 49.205316, -122.848124 49.204869, -122.848119 49.20454, -122.848116 49.204313, -122.848115 49.204221, -122.848118 49.204193, -122.848128 49.204162, -122.848158 49.204091, -122.848051 49.204035, -122.847931 49.203963, -122.847193 49.203477, -122.846914 49.203311, -122.846772 49.203237, -122.846768 49.20309, -122.846765 49.202791, -122.846765 49.202753, -122.846762 49.202688, -122.84676 49.202669, -122.846752 49.20265, -122.846744 49.202634, -122.846731 49.202618, -122.846711 49.202601, -122.846695 49.202591, -122.846679 49.202583, -122.846653 49.202572, -122.846634 49.202567, -122.846593 49.202561, -122.846559 49.202557, -122.846527 49.202555, -122.846451 49.202553, -122.846205 49.202553, -122.845642 49.202558, -122.845267 49.202553, -122.845265 49.202518, -122.845261 49.202266, -122.845251 49.201634, -122.845044 49.201716, -122.844857 49.201812, -122.84472 49.201875, -122.844681 49.201895, -122.844594 49.201941, -122.844527 49.201972, -122.844406 49.202026, -122.844356 49.201983, -122.844199 49.201859, -122.844018 49.201716, -122.843856 49.201585, -122.84376 49.201508, -122.84355 49.201327, -122.842963 49.200842, -122.842594 49.20055, -122.842283 49.200716, -122.84199 49.200483, -122.841684 49.200238, -122.841406 49.200018, -122.840916 49.199628, -122.840762 49.199521, -122.840559 49.199393, -122.840464 49.199329, -122.840422 49.199298, -122.8404 49.199315, -122.84038 49.199329, -122.840355 49.199343, -122.840204 49.199419, -122.840111 49.199467, -122.840029 49.199502, -122.840001 49.199517, -122.839984 49.199525, -122.839962 49.19953, -122.839947 49.199531, -122.83993 49.199531, -122.839905 49.199539, -122.839854 49.199565, -122.839493 49.199756, -122.839087 49.199952, -122.839055 49.199898, -122.839047 49.199879, -122.839041 49.199857, -122.839035 49.199805, -122.838982 49.199806, -122.838977 49.199599, -122.838974 49.199515, -122.838654 49.199514, -122.838425 49.199522, -122.838225 49.199526, -122.837719 49.199533, -122.83772 49.19962, -122.837597 49.199628, -122.837431 49.199637, -122.837023 49.199662, -122.837018 49.199554, -122.836996 49.198855, -122.835734 49.198848, -122.834105 49.198832, -122.834105 49.19871, -122.834113 49.197422, -122.83412 49.196251, -122.834124 49.195378, -122.834123 49.194344, -122.834126 49.193451, -122.834129 49.192655, -122.834135 49.191599, -122.834133 49.191371, -122.834133 49.191243, -122.834145 49.190739, -122.834141 49.19, -122.834148 49.189183, -122.834151 49.188485, -122.834149 49.187882, -122.83415 49.187629, -122.83416 49.18697, -122.834165 49.186183, -122.834169 49.185235, -122.834172 49.184223, -122.832918 49.184206, -122.832123 49.184189, -122.831837 49.184177, -122.83168 49.184168, -122.831517 49.184153, -122.831369 49.184147, -122.831235 49.184137, -122.830896 49.184113, -122.830764 49.184104, -122.830614 49.184094, -122.83047 49.184084, -122.830275 49.184073, -122.829887 49.184059, -122.829768 49.184055, -122.82951 49.184047, -122.829185 49.184043, -122.828817 49.184043, -122.828607 49.184045, -122.828259 49.184048, -122.828091 49.184048, -122.82712 49.184054, -122.826308 49.184058, -122.824591 49.184059, -122.823084 49.184067, -122.823252 49.177001, -122.824589 49.177005, -122.825801 49.177011, -122.826864 49.177004, -122.827071 49.176996, -122.827358 49.176963, -122.827617 49.176918, -122.82776 49.176876, -122.827892 49.176828, -122.82806 49.176755, -122.82823 49.176668, -122.828456 49.176545, -122.828712 49.176649, -122.829927 49.177112, -122.831982 49.177896, -122.833268 49.178384, -122.834272 49.17877, -122.834487 49.178845, -122.834499 49.178702, -122.834522 49.178307, -122.834528 49.178055, -122.834533 49.177826, -122.834548 49.176969, -122.834742 49.176974, -122.837503 49.176983, -122.839257 49.176995, -122.839982 49.176992, -122.83998 49.176859, -122.839981 49.176443, -122.83997 49.175929, -122.839983 49.175604, -122.839984 49.175517, -122.839995 49.175334, -122.839987 49.175117, -122.839973 49.17487, -122.839979 49.174837, -122.839987 49.174812, -122.839999 49.17479, -122.840018 49.174769, -122.840045 49.174747, -122.839945 49.174687, -122.839901 49.174659, -122.839876 49.174631, -122.839866 49.1746, -122.839863 49.174561, -122.839866 49.174513, -122.839871 49.174453, -122.839876 49.174417, -122.839883 49.174378, -122.839893 49.174347, -122.839901 49.174326, -122.839916 49.174298, -122.839939 49.174269, -122.839961 49.17424, -122.839982 49.174212, -122.839998 49.174189, -122.840015 49.17416, -122.840025 49.174135, -122.840036 49.174101, -122.840043 49.174069, -122.840049 49.174046, -122.840055 49.174016, -122.840062 49.173986, -122.840066 49.173957, -122.840067 49.173913, -122.840688 49.173893, -122.841282 49.173894, -122.841477 49.173922, -122.842522 49.173911, -122.842689 49.173803, -122.843176 49.173569, -122.843415 49.173555, -122.843422 49.173844, -122.843888 49.173906, -122.844359 49.173964, -122.84496 49.173961, -122.845041 49.173981, -122.845127 49.173984, -122.845179 49.173965, -122.845564 49.173963, -122.845847 49.173964, -122.845848 49.174167, -122.845812 49.17511, -122.846054 49.175106, -122.846238 49.175106, -122.846589 49.17511, -122.846761 49.175186, -122.847243 49.175263, -122.847556 49.175303, -122.848223 49.175351, -122.84863 49.175374, -122.848629 49.17533, -122.848618 49.175114, -122.848624 49.174657, -122.848634 49.173966, -122.849679 49.173973, -122.851255 49.173974, -122.851444 49.173974, -122.851445 49.174007, -122.851436 49.174383, -122.851429 49.174805, -122.851419 49.175347, -122.851418 49.175491, -122.851414 49.175765, -122.851398 49.176155, -122.851401 49.17646, -122.851394 49.17662, -122.851381 49.17675, -122.851357 49.176892, -122.851344 49.176964, -122.851285 49.177206, -122.851281 49.177353, -122.851282 49.178015, -122.851286 49.178148, -122.851296 49.178817, -122.8513 49.179016, -122.851306 49.179491, -122.851318 49.180404, -122.85132 49.180645, -122.851327 49.181022, -122.851333 49.181224, -122.851339 49.181606, -122.851351 49.18231, -122.851355 49.182506, -122.851347 49.183368, -122.851349 49.183468, -122.851356 49.183562, -122.851373 49.183638, -122.851389 49.183693, -122.851425 49.183764, -122.851465 49.183837, -122.851521 49.183914, -122.851577 49.183975, -122.851671 49.184053, -122.851761 49.184119, -122.851851 49.184175, -122.851954 49.184223, -122.852086 49.184277, -122.85221 49.184313, -122.852347 49.184345, -122.852484 49.184367, -122.852578 49.184376, -122.852719 49.18438, -122.853176 49.184384, -122.854032 49.184388, -122.855183 49.184394, -122.856364 49.184404, -122.856532 49.184405, -122.856528 49.184524, -122.856511 49.185405, -122.856502 49.18627, -122.856486 49.18758, -122.856486 49.187845, -122.856461 49.189415, -122.856455 49.190187, -122.85645 49.190885, -122.85644 49.191538, -122.856443 49.191791, -122.856444 49.192446, -122.856448 49.193158, -122.856445 49.193722, -122.856447 49.194367, -122.856459 49.195261, -122.856464 49.195919, -122.85647 49.197089, -122.856474 49.197875, -122.856476 49.19885, -122.856481 49.19909, -122.856465 49.199851, -122.856457 49.200688, -122.856446 49.201565, -122.856433 49.2027, -122.856416 49.203156, -122.856398 49.203306, -122.85638 49.203387, -122.856353 49.203456, -122.856277 49.203609, -122.856216 49.203706, -122.856151 49.203791, -122.856087 49.20386, -122.856025 49.203918, -122.855951 49.203978, -122.855881 49.204029, -122.855785 49.204089, -122.855666 49.204167, -122.855386 49.204341, -122.854715 49.204789, -122.854426 49.204971)))"
822245,South Westminster Heights,Neighborhood,N,Neighborhood,Whalley,South Westminster Heights,,CAN,"Vancouver, BC",49.195355,-122.870282,20220419,314850.64,Canada,British Columbia,"Vancouver, BC",Surrey,"MULTIPOLYGON (((-122.873451 49.191759, -122.873466 49.192032, -122.873467 49.19209, -122.873466 49.192107, -122.873459 49.192123, -122.873451 49.192138, -122.873435 49.192162, -122.873506 49.192181, -122.873492 49.192668, -122.873071 49.19267, -122.873006 49.193637, -122.872975 49.194679, -122.872431 49.194697, -122.872414 49.195528, -122.873034 49.195552, -122.873003 49.196166, -122.87298 49.197245, -122.87388 49.197247, -122.873887 49.197411, -122.873893 49.197478, -122.873902 49.19752, -122.873936 49.197642, -122.873734 49.197727, -122.872925 49.198002, -122.872414 49.198172, -122.872168 49.198262, -122.871984 49.198334, -122.871805 49.198408, -122.871605 49.198501, -122.871442 49.198577, -122.87113 49.198728, -122.870883 49.198839, -122.870552 49.198976, -122.870192 49.199114, -122.869651 49.19931, -122.869275 49.19943, -122.869122 49.199472, -122.869033 49.199496, -122.868971 49.199508, -122.868895 49.19952, -122.868814 49.19953, -122.868723 49.199536, -122.868648 49.199536, -122.86859 49.199533, -122.868541 49.199526, -122.868446 49.199507, -122.868274 49.19947, -122.867637 49.199328, -122.867632 49.198799, -122.867654 49.197517, -122.867673 49.196425, -122.867693 49.195412, -122.867699 49.194262, -122.867727 49.192665, -122.867739 49.191704, -122.868672 49.191706, -122.87068 49.191721, -122.872272 49.191739, -122.873451 49.191759)))"
