21454,West End,Neighborhood,N,Neighborhood,Vancouver Downtown,West End,,CAN,"Vancouver, BC",49.285346,-123.134612,20220419,2018279.098,Canada,British Columbia,"Vancouver, BC",Vancouver,"MULTIPOLYGON (((-123.135588 49.293789, -123.134766 49.293269, -123.1341379 49.2928576, -123.133743 49.292599, -123.1332819 49.2923097, -123.130756 49.290725, -123.127578 49.288585, -123.126849 49.288123, -123.12534 49.2871559, -123.123126 49.285737, -123.122876 49.285567, -123.121948 49.28497, -123.1211022 49.2844259, -123.12109 49.284418, -123.121921 49.283875, -123.122217 49.2836772, -123.122831 49.283267, -123.1232382 49.2830001, -123.124395 49.282242, -123.125365 49.281597, -123.12599 49.281185, -123.126867 49.280607, -123.127991 49.279862, -123.128652 49.279425, -123.12925 49.27903, -123.129704 49.278728, -123.13024 49.278372, -123.131091 49.277812, -123.131707 49.277398, -123.132232 49.277055, -123.1323588 49.2769903, -123.132377 49.276981, -123.132544 49.276894, -123.132662 49.276849, -123.132932 49.276757, -123.133969 49.276421, -123.134741 49.276169, -123.135732 49.275848, -123.136294 49.275665, -123.1363204 49.2757142, -123.1363633 49.2757949, -123.13638 49.27583, -123.136375 49.275848, -123.136248 49.275889, -123.136182 49.275934, -123.136151 49.275965, -123.13613 49.276001, -123.136121 49.276042, -123.13612 49.276094, -123.13612 49.27616, -123.1361207 49.2762072, -123.136121 49.276224, -123.136121 49.276257, -123.136127 49.276281, -123.136149 49.276318, -123.136203 49.276392, -123.136386 49.276616, -123.136478 49.276737, -123.136498 49.276777, -123.1365074 49.2768072, -123.136572 49.277015, -123.136619 49.277137, -123.136659 49.277201, -123.136715 49.27727, -123.136777 49.277332, -123.13687 49.277399, -123.13695 49.27745, -123.137071 49.277515, -123.1371264 49.2775438, -123.137194 49.277579, -123.137273 49.277614, -123.137372 49.277645, -123.137437 49.277653, -123.1375 49.277654, -123.137568 49.277651, -123.137631 49.277645, -123.137669 49.277634, -123.1376831 49.2776248, -123.137715 49.277604, -123.13772 49.277585, -123.137697 49.277556, -123.1376679 49.2775269, -123.137653 49.277503, -123.137653 49.277472, -123.13766 49.277455, -123.1376801 49.2774378, -123.137708 49.277426, -123.137739 49.27743, -123.137779 49.277451, -123.137931 49.277588, -123.137951 49.277605, -123.137975 49.277639, -123.137986 49.277656, -123.138008 49.277684, -123.138027 49.277699, -123.138091 49.277726, -123.138449 49.277887, -123.138486 49.277907, -123.138498 49.277922, -123.138496 49.277939, -123.138386 49.278455, -123.138387 49.278515, -123.138396 49.278563, -123.138418 49.278617, -123.13844 49.278657, -123.138471 49.278694, -123.138529 49.278736, -123.138572 49.278756, -123.138626 49.278776, -123.138655 49.278782, -123.138682 49.278782, -123.1387281 49.2787673, -123.138775 49.278748, -123.13881 49.27874, -123.138862 49.278739, -123.138937 49.278742, -123.139477 49.278828, -123.139538 49.278843, -123.139554 49.278856, -123.13956 49.278869, -123.139546 49.278888, -123.139535 49.278902, -123.139507 49.278954, -123.139463 49.279184, -123.139436 49.279423, -123.139437 49.279467, -123.139459 49.279529, -123.139486 49.27957, -123.1395148 49.2795997, -123.139537 49.27962, -123.139561 49.279639, -123.139579 49.279655, -123.139607 49.279658, -123.13964 49.279653, -123.13971 49.27962, -123.139758 49.279603, -123.139812 49.279601, -123.139904 49.279607, -123.140173 49.279654, -123.140366 49.279709, -123.140409 49.27972, -123.140415 49.2797355, -123.140404 49.279749, -123.140377 49.279755, -123.140337 49.279757, -123.140314 49.279758, -123.140298 49.279764, -123.140284 49.279771, -123.140277 49.279801, -123.140234 49.280292, -123.1402252 49.2804994, -123.140223 49.28055, -123.140229 49.280605, -123.140246 49.280681, -123.1402918 49.2807762, -123.140333 49.280839, -123.14036 49.28087, -123.140442 49.280943, -123.140496 49.280981, -123.140596 49.281041, -123.140637 49.28106, -123.140673 49.281072, -123.140718 49.281078, -123.14076 49.281078, -123.1408076 49.2810745, -123.1408273 49.281073, -123.140997 49.281027, -123.141018 49.281014, -123.141036 49.280997, -123.141057 49.280977, -123.141077 49.280953, -123.141104 49.280888, -123.141118 49.280839, -123.141132 49.280823, -123.1411527 49.2808143, -123.14117 49.280807, -123.141199 49.280806, -123.141215 49.280811, -123.141224 49.280822, -123.141278 49.281093, -123.141285 49.281125, -123.141285 49.281142, -123.141281 49.281164, -123.141269 49.281185, -123.141256 49.281199, -123.141239 49.281214, -123.141224 49.281232, -123.141223 49.281252, -123.141243 49.281303, -123.141277 49.28136, -123.141299 49.28138, -123.141328 49.281393, -123.141393 49.281408, -123.141416 49.281407, -123.1414391 49.281392, -123.141443 49.281374, -123.141448 49.281355, -123.141466 49.28135, -123.141481 49.281359, -123.141698 49.281551, -123.14172 49.281569, -123.141723 49.281583, -123.141709 49.281592, -123.141688 49.281603, -123.141675 49.281618, -123.141673 49.281637, -123.14167 49.281672, -123.141707 49.281828, -123.141764 49.281952, -123.1417936 49.2819954, -123.141887 49.282132, -123.1419085 49.2821531, -123.1421119 49.2823532, -123.1423845 49.2826213, -123.142432 49.282668, -123.142526 49.282773, -123.142675 49.283059, -123.142834 49.283315, -123.142879 49.283382, -123.143096 49.283588, -123.1431174 49.2836044, -123.14327 49.283722, -123.143405 49.283865, -123.1434799 49.2839524, -123.143489 49.283963, -123.143537 49.284007, -123.143589 49.28405, -123.143634 49.284086, -123.143714 49.284109, -123.143881 49.284139, -123.144065 49.284181, -123.1441 49.284195, -123.1441558 49.2842443, -123.144178 49.284281, -123.144194 49.284341, -123.144194 49.284373, -123.1441729 49.2843981, -123.144162 49.284411, -123.144124 49.284465, -123.144096 49.284488, -123.144074 49.284497, -123.144039 49.285048, -123.144029 49.285109, -123.144011 49.285184, -123.143966 49.285328, -123.143914 49.285501, -123.143862 49.285756, -123.143775 49.28635, -123.1436343 49.2870218, -123.143615 49.287114, -123.143598 49.287288, -123.143589 49.287513, -123.1435943 49.2876655, -123.143595 49.287687, -123.143606 49.28802, -123.1436101 49.2880633, -123.143615 49.288115, -123.143638 49.288252, -123.14366 49.288339, -123.143679 49.288385, -123.143698 49.288414, -123.143766 49.288476, -123.143881 49.288555, -123.143913 49.288583, -123.143946 49.288622, -123.143971 49.288695, -123.143998 49.288752, -123.144047 49.288822, -123.144098 49.288862, -123.144131 49.288888, -123.144881 49.289485, -123.144881 49.289501, -123.144888 49.289524, -123.144936 49.289612, -123.144974 49.289685, -123.144987 49.289714, -123.145004 49.289758, -123.14502 49.2898185, -123.1450195 49.2898415, -123.14501 49.289854, -123.14494 49.289911, -123.14514 49.290042, -123.145335 49.29017, -123.145429 49.290231, -123.145637 49.290357, -123.145142 49.290685, -123.144683 49.290995, -123.14412 49.291383, -123.143562 49.291746, -123.143055 49.292084, -123.142594 49.292393, -123.142188 49.292663, -123.141997 49.292792, -123.141926 49.292826, -123.141843 49.292863, -123.141859 49.292878, -123.141899 49.292941, -123.14157 49.292988, -123.14083 49.293115, -123.139988 49.293258, -123.139323 49.293366, -123.138671 49.293471, -123.138624 49.293477, -123.138584 49.293478, -123.138558 49.293476, -123.138542 49.293473, -123.138509 49.293459, -123.13842 49.293414, -123.138222 49.29352, -123.138171 49.29354, -123.138135 49.293557, -123.138004 49.293646, -123.137381 49.294042, -123.137464 49.294091, -123.137404 49.294135, -123.137026 49.294382, -123.136926 49.294448, -123.136674 49.294572, -123.136644 49.294531, -123.136614 49.294498, -123.136568 49.294455, -123.136505 49.294404, -123.136433 49.294355, -123.135588 49.293789)))"
21455,Downtown Vancouver,Neighborhood,N,Neighborhood,Vancouver Downtown,Downtown Vancouver,,CAN,"Vancouver, BC",49.281004,-123.116904,20220419,3942023.255,Canada,British Columbia,"Vancouver, BC",Vancouver,"MULTIPOLYGON (((-123.1217907 49.2905209, -123.1203273 49.2899856, -123.119352 49.290009, -123.117736 49.290461, -123.113922 49.289589, -123.115009 49.288414, -123.114811 49.288162, -123.110538 49.289726, -123.106591 49.289976, -123.112644 49.287732, -123.110935 49.286858, -123.108961 49.287462, -123.108248 49.286519, -123.106785 49.286721, -123.105046 49.286393, -123.103084 49.286379, -123.1029191 49.2858178, -123.102851 49.285586, -123.100917 49.285558, -123.10092 49.285382, -123.100782 49.285374, -123.100699 49.285365, -123.100631 49.285356, -123.100573 49.285343, -123.100455 49.28531, -123.100408 49.285294, -123.100388 49.285285, -123.100266 49.285184, -123.100222 49.285197, -123.100188 49.285206, -123.100138 49.285217, -123.100076 49.285227, -123.100019 49.285234, -123.099966 49.285237, -123.099914 49.285237, -123.09984 49.285233, -123.099772 49.285226, -123.099714 49.285218, -123.099668 49.285209, -123.099619 49.285196, -123.099564 49.285178, -123.099512 49.285159, -123.099459 49.285136, -123.099413 49.285109, -123.099362 49.285077, -123.099314 49.285042, -123.099279 49.285013, -123.099245 49.284979, -123.099209 49.284935, -123.099187 49.284904, -123.099165 49.284861, -123.099147 49.284822, -123.0991427 49.2848064, -123.099137 49.284786, -123.099133 49.284756, -123.099132 49.284714, -123.099135 49.284672, -123.0991568 49.2845934, -123.0991733 49.2845604, -123.0992344 49.2844841, -123.099342 49.28435, -123.099419 49.284129, -123.0994887 49.2841317, -123.100173 49.284158, -123.102164 49.2838196, -123.1021759 49.2834626, -123.102177 49.283447, -123.102192 49.283058, -123.102208 49.282618, -123.102225 49.282136, -123.102248 49.281627, -123.102255 49.281385, -123.10145 49.28137, -123.100842 49.281359, -123.10022 49.281347, -123.0996777 49.2813385, -123.099649 49.281338, -123.097473 49.2812971, -123.0974222 49.2813016, -123.0969488 49.2776227, -123.09824 49.2776445, -123.098725 49.277654, -123.099349 49.277668, -123.0995695 49.2776666, -123.0997762 49.2776676, -123.0998241 49.2771959, -123.0998429 49.2769021, -123.099845 49.276849, -123.0998613 49.2765858, -123.09989 49.276122, -123.0999142 49.2754503, -123.099922 49.275233, -123.0999377 49.2749134, -123.0998964 49.274913, -123.100026 49.272806, -123.1001756 49.2728255, -123.100887 49.272918, -123.101722 49.273021, -123.101723 49.272911, -123.102163 49.272935, -123.10218 49.272953, -123.102214 49.272973, -123.102243 49.272985, -123.102282 49.272995, -123.102329 49.273005, -123.102394 49.273017, -123.102461 49.273031, -123.102501 49.273041, -123.102537 49.273054, -123.102564 49.273065, -123.102587 49.273078, -123.102608 49.273094, -123.102635 49.273121, -123.102916 49.273065, -123.10291 49.272803, -123.104501 49.273028, -123.103751 49.274971, -123.1031068 49.2750406, -123.1032545 49.275643, -123.1063846 49.2757473, -123.1067634 49.2759322, -123.1085732 49.2760286, -123.1084825 49.2746685, -123.108612 49.273982, -123.1096389 49.2742921, -123.1102384 49.2740313, -123.1108196 49.2741211, -123.1123819 49.2734649, -123.114784 49.272456, -123.1160919 49.2724846, -123.1167343 49.2729843, -123.117526 49.273228, -123.1191138 49.2731509, -123.1195659 49.2727226, -123.1196373 49.2716042, -123.1200533 49.2711881, -123.1201369 49.2711045, -123.1214207 49.2707406, -123.1221833 49.2711997, -123.1224213 49.2709974, -123.123522 49.271731, -123.1247531 49.2717232, -123.1256335 49.271057, -123.1254001 49.2708711, -123.1255557 49.2705727, -123.1255681 49.270549, -123.127274 49.270503, -123.127799 49.270955, -123.1291789 49.2717708, -123.1295533 49.2715092, -123.1296739 49.2714794, -123.1300355 49.2713901, -123.13042 49.271783, -123.1309873 49.2716042, -123.1326767 49.272794, -123.136294 49.275665, -123.135732 49.275848, -123.134741 49.276169, -123.133969 49.276421, -123.132932 49.276757, -123.132662 49.276849, -123.132544 49.276894, -123.132377 49.276981, -123.1323588 49.2769903, -123.132232 49.277055, -123.131707 49.277398, -123.131091 49.277812, -123.13024 49.278372, -123.129704 49.278728, -123.12925 49.27903, -123.128652 49.279425, -123.127991 49.279862, -123.126867 49.280607, -123.12599 49.281185, -123.125365 49.281597, -123.124395 49.282242, -123.1232382 49.2830001, -123.122831 49.283267, -123.122217 49.2836772, -123.121921 49.283875, -123.12109 49.284418, -123.1211022 49.2844259, -123.121948 49.28497, -123.122876 49.285567, -123.123126 49.285737, -123.12534 49.2871559, -123.126849 49.288123, -123.127578 49.288585, -123.130756 49.290725, -123.1332819 49.2923097, -123.133743 49.292599, -123.1341379 49.2928576, -123.134766 49.293269, -123.135588 49.293789, -123.136433 49.294355, -123.136505 49.294404, -123.136568 49.294455, -123.136614 49.294498, -123.136644 49.294531, -123.136674 49.294572, -123.136636 49.294683, -123.135528 49.295701, -123.134212 49.295697, -123.129478 49.293773, -123.127111 49.292984, -123.123428 49.291671, -123.1217907 49.2905209)))"
88930,Stanley Park,Neighborhood,N,Neighborhood,Vancouver Downtown,Stanley Park,,CAN,"Vancouver, BC",49.302263,-123.14247,20220419,4066455.546,Canada,British Columbia,"Vancouver, BC",Vancouver,"MULTIPOLYGON (((-123.140772 49.313476, -123.140475 49.313357, -123.1402507 49.3136029, -123.139817 49.313591, -123.138909 49.3123, -123.136773 49.310135, -123.135651 49.308668, -123.1355162 49.3081003, -123.135278 49.307097, -123.1326767 49.3057257, -123.131249 49.3040125, -123.130579 49.303745, -123.128816 49.302663, -123.12604 49.302733, -123.124918 49.301825, -123.122408 49.300568, -123.1201812 49.3000831, -123.1187212 49.2997652, -123.1179206 49.3007217, -123.117549 49.300987, -123.1174778 49.3009947, -123.116908 49.301056, -123.116481 49.300602, -123.116481 49.299031, -123.117282 49.297844, -123.119151 49.297774, -123.120059 49.297809, -123.120486 49.297844, -123.120807 49.298193, -123.121394 49.298367, -123.121714 49.298053, -123.121875 49.297809, -123.122248 49.29739, -123.122942 49.297459, -123.123797 49.297634, -123.125025 49.297948, -123.1262 49.297809, -123.126841 49.29725, -123.127108 49.296447, -123.127214 49.296063, -123.127962 49.295923, -123.128977 49.296167, -123.129617 49.296866, -123.130205 49.297704, -123.131113 49.297669, -123.131914 49.296936, -123.133088 49.296796, -123.133889 49.297075, -123.135064 49.296621, -123.135528 49.295701, -123.136636 49.294683, -123.136674 49.294572, -123.136926 49.294448, -123.137026 49.294382, -123.137404 49.294135, -123.137464 49.294091, -123.137381 49.294042, -123.138004 49.293646, -123.138135 49.293557, -123.138171 49.29354, -123.138222 49.29352, -123.13842 49.293414, -123.138509 49.293459, -123.138542 49.293473, -123.138558 49.293476, -123.138584 49.293478, -123.138624 49.293477, -123.138671 49.293471, -123.139323 49.293366, -123.139988 49.293258, -123.14083 49.293115, -123.14157 49.292988, -123.141899 49.292941, -123.141859 49.292878, -123.141843 49.292863, -123.141926 49.292826, -123.141997 49.292792, -123.142188 49.292663, -123.142594 49.292393, -123.143055 49.292084, -123.143562 49.291746, -123.14412 49.291383, -123.144683 49.290995, -123.145142 49.290685, -123.145637 49.290357, -123.145429 49.290231, -123.145335 49.29017, -123.14514 49.290042, -123.14494 49.289911, -123.14501 49.289854, -123.1450195 49.2898415, -123.14502 49.2898185, -123.145004 49.289758, -123.144987 49.289714, -123.144974 49.289685, -123.144936 49.289612, -123.144888 49.289524, -123.144881 49.289501, -123.144881 49.289485, -123.1453593 49.2894145, -123.1456142 49.2895263, -123.145876 49.2895977, -123.146102 49.2896453, -123.1462448 49.2898357, -123.1465184 49.2899546, -123.1468634 49.2900022, -123.1470078 49.2899301, -123.1471389 49.2899536, -123.147167 49.2902122, -123.1480964 49.2909893, -123.1485592 49.2912819, -123.1486959 49.2914538, -123.1487578 49.2914848, -123.149005 49.291608, -123.1491413 49.2916936, -123.1492905 49.2917868, -123.1493089 49.2917982, -123.149695 49.2920367, -123.1499448 49.2922865, -123.1501947 49.2925483, -123.1503731 49.2927505, -123.1504802 49.2931074, -123.150487 49.293326, -123.1504921 49.2934881, -123.1503025 49.2936443, -123.1502899 49.2936547, -123.1501615 49.2938767, -123.150163 49.2939212, -123.1502066 49.2943566, -123.1502691 49.2945215, -123.1502743 49.2945352, -123.150338 49.294702, -123.1503949 49.2947513, -123.1504071 49.2947619, -123.1504307 49.2947822, -123.1505992 49.2949277, -123.1508263 49.2949611, -123.151004 49.294987, -123.151218 49.294951, -123.1513189 49.2949513, -123.1515748 49.2949515, -123.1516204 49.2949629, -123.1520569 49.295072, -123.1527865 49.2953437, -123.1528526 49.2953692, -123.1528688 49.29539, -123.152899 49.295399, -123.152908 49.2954112, -123.1529311 49.2956178, -123.1529192 49.2958081, -123.1530345 49.2960146, -123.1531164 49.2961611, -123.1531452 49.2962126, -123.153514 49.2966409, -123.1536534 49.2968572, -123.153859 49.297176, -123.1540223 49.2972922, -123.1543112 49.2974975, -123.1547062 49.2976358, -123.154787 49.297664, -123.155549 49.297497, -123.1559203 49.2974157, -123.1561433 49.2973667, -123.1566162 49.297331, -123.156774 49.297319, -123.1568887 49.2973596, -123.1571784 49.2974618, -123.1574564 49.2976235, -123.15769 49.297759, -123.1578575 49.2979209, -123.1580231 49.2980805, -123.1582611 49.2984374, -123.158475 49.2987824, -123.1586299 49.2990323, -123.1586894 49.2995558, -123.1586897 49.2999481, -123.15869 49.299996, -123.1585941 49.3001389, -123.1585226 49.3001924, -123.158356 49.300317, -123.1583674 49.3003649, -123.1583715 49.3003822, -123.158404 49.300519, -123.1584787 49.3006585, -123.15857 49.300829, -123.1586448 49.3008814, -123.158773 49.300971, -123.158844 49.301186, -123.158785 49.301388, -123.1587335 49.3014062, -123.158618 49.301447, -123.1583626 49.3014867, -123.158341 49.30149, -123.158309 49.301495, -123.1581947 49.301552, -123.157928 49.301685, -123.1576104 49.3017371, -123.157416 49.301769, -123.157143 49.30209, -123.1571218 49.3022994, -123.1570832 49.3026848, -123.1570158 49.303059, -123.1569708 49.3033817, -123.1569653 49.3034216, -123.1569286 49.3038983, -123.1568334 49.3044218, -123.1567977 49.3052665, -123.156736 49.3057703, -123.1566549 49.3064324, -123.1564765 49.3071938, -123.1562504 49.3084668, -123.156234 49.3084668, -123.1562399 49.3085164, -123.156045 49.308624, -123.15605 49.308738, -123.1551416 49.3088571, -123.1549417 49.3089784, -123.1545848 49.3092045, -123.1543468 49.3095019, -123.1542041 49.3098469, -123.1540993 49.3098619, -123.1536806 49.3098231, -123.1534902 49.3100135, -123.1534189 49.3106203, -123.1534546 49.3108463, -123.1535259 49.3112865, -123.1532404 49.3115007, -123.1529311 49.3117029, -123.1527169 49.3119647, -123.1525884 49.3121003, -123.1521696 49.3123097, -123.1517413 49.3124881, -123.1511465 49.3127499, -123.1504921 49.312857, -123.1497426 49.312964, -123.1493308 49.3129465, -123.1486708 49.3132083, -123.1481259 49.3132679, -123.1480467 49.313268, -123.1480046 49.3132679, -123.1478271 49.3133566, -123.1473988 49.3135113, -123.1470062 49.3135589, -123.1467445 49.3135232, -123.1464827 49.3134756, -123.1461853 49.3135351, -123.1456737 49.3136065, -123.1451859 49.3136779, -123.1447263 49.313741, -123.1445792 49.3137612, -123.1443277 49.3137887, -123.1441747 49.3138052, -123.1439248 49.3138325, -123.1436988 49.3138563, -123.1433894 49.3139515, -123.1431846 49.3139978, -123.143021 49.314035, -123.1427836 49.3140618, -123.1424971 49.3140943, -123.1418904 49.3141181, -123.1414145 49.3140824, -123.141185 49.3139226, -123.1410355 49.313683, -123.14101 49.313642, -123.1409307 49.3135867, -123.140772 49.313476)))"
88957,Yaletown,Neighborhood,S,Sub Neighborhood,Vancouver Downtown,Downtown Vancouver,Yaletown,CAN,"Vancouver, BC",49.274663,-123.119489,20220419,495560.871,Canada,British Columbia,"Vancouver, BC",Vancouver,"MULTIPOLYGON (((-123.114784 49.272456, -123.1160919 49.2724846, -123.1167343 49.2729843, -123.117526 49.273228, -123.1191138 49.2731509, -123.1195659 49.2727226, -123.1196373 49.2716042, -123.1200533 49.2711881, -123.1201369 49.2711045, -123.1214207 49.2707406, -123.1221833 49.2711997, -123.1224213 49.2709974, -123.123522 49.271731, -123.1247531 49.2717232, -123.1256335 49.271057, -123.1254001 49.2708711, -123.1255557 49.2705727, -123.1255681 49.270549, -123.127274 49.270503, -123.127799 49.270955, -123.126579 49.27176, -123.125977 49.272192, -123.125921 49.273086, -123.125876 49.27325, -123.125848 49.273319, -123.125823 49.273371, -123.125794 49.273423, -123.125761 49.273474, -123.12571 49.273547, -123.125668 49.273597, -123.125619 49.273651, -123.125544 49.273723, -123.125484 49.273776, -123.125412 49.273832, -123.125181 49.273987, -123.12463 49.27436, -123.123913 49.274833, -123.12317 49.275325, -123.12268 49.275648, -123.122173 49.275983, -123.121597 49.276366, -123.120975 49.276777, -123.120406 49.277157, -123.12009 49.277366, -123.119484 49.277765, -123.11887 49.278171, -123.118364 49.278504, -123.117918 49.2788, -123.117385 49.279146, -123.116895 49.279478, -123.113438 49.27728, -123.113846 49.276936, -123.114002 49.276568, -123.114021 49.275906, -123.113477 49.275474, -123.113127 49.275168, -123.112427 49.275067, -123.113827 49.274545, -123.114721 49.274265, -123.114702 49.273515, -123.114784 49.272456)))"
89028,Gastown,Neighborhood,S,Sub Neighborhood,Vancouver Downtown,Downtown Vancouver,Gastown,CAN,"Vancouver, BC",49.284564,-123.106415,20220419,379873.821,Canada,British Columbia,"Vancouver, BC",Vancouver,"MULTIPOLYGON (((-123.100917 49.285558, -123.10092 49.285382, -123.100782 49.285374, -123.100699 49.285365, -123.100631 49.285356, -123.100573 49.285343, -123.100455 49.28531, -123.100408 49.285294, -123.100388 49.285285, -123.100266 49.285184, -123.100222 49.285197, -123.100188 49.285206, -123.100138 49.285217, -123.100076 49.285227, -123.100019 49.285234, -123.099966 49.285237, -123.099914 49.285237, -123.09984 49.285233, -123.099772 49.285226, -123.099714 49.285218, -123.099668 49.285209, -123.099619 49.285196, -123.099564 49.285178, -123.099512 49.285159, -123.099459 49.285136, -123.099413 49.285109, -123.099362 49.285077, -123.099314 49.285042, -123.099279 49.285013, -123.099245 49.284979, -123.099209 49.284935, -123.099187 49.284904, -123.099165 49.284861, -123.099147 49.284822, -123.0991427 49.2848064, -123.099137 49.284786, -123.099133 49.284756, -123.099132 49.284714, -123.099135 49.284672, -123.0991568 49.2845934, -123.0991733 49.2845604, -123.0992344 49.2844841, -123.099342 49.28435, -123.099419 49.284129, -123.0994887 49.2841317, -123.100173 49.284158, -123.102164 49.2838196, -123.1021759 49.2834626, -123.102177 49.283447, -123.102192 49.283058, -123.102208 49.282618, -123.102225 49.282136, -123.102248 49.281627, -123.102255 49.281385, -123.102969 49.2814, -123.103632 49.281412, -123.10383 49.281419, -123.103938 49.281426, -123.104043 49.281437, -123.104177 49.281457, -123.104474 49.281508, -123.104861 49.281578, -123.109392 49.282413, -123.10956 49.282577, -123.1094984 49.2827195, -123.109141 49.283546, -123.1099649 49.2840635, -123.1109278 49.2846683, -123.111532 49.285103, -123.111877 49.285339, -123.112023 49.2854388, -123.112404 49.285699, -123.113438 49.286329, -123.113857 49.2865939, -123.113903 49.286623, -123.113421 49.286998, -123.1132916 49.287101, -123.113269 49.287119, -123.113108 49.28724, -123.113075 49.287266, -123.113066 49.287277, -123.113052 49.287303, -123.112644 49.287732, -123.110935 49.286858, -123.108961 49.287462, -123.108248 49.286519, -123.106785 49.286721, -123.105046 49.286393, -123.103084 49.286379, -123.1029191 49.2858178, -123.102851 49.285586, -123.100917 49.285558)))"
89052,Little Ginza,Neighborhood,S,Sub Neighborhood,Vancouver Downtown,West End,Little Ginza,CAN,"Vancouver, BC",49.285413,-123.123795,20220419,51339.499,Canada,British Columbia,"Vancouver, BC",Vancouver,"MULTIPOLYGON (((-123.123126 49.285737, -123.122876 49.285567, -123.121948 49.28497, -123.1211022 49.2844259, -123.12109 49.284418, -123.121921 49.283875, -123.122217 49.2836772, -123.1264736 49.2863549, -123.12534 49.2871559, -123.123126 49.285737)))"
89065,Coal Harbour,Neighborhood,S,Sub Neighborhood,Vancouver Downtown,Downtown Vancouver,Coal Harbour,CAN,"Vancouver, BC",49.290662,-123.126012,20220419,586448.142,Canada,British Columbia,"Vancouver, BC",Vancouver,"MULTIPOLYGON (((-123.129478 49.293773, -123.127111 49.292984, -123.123428 49.291671, -123.1217907 49.2905209, -123.1203273 49.2899856, -123.119352 49.290009, -123.117736 49.290461, -123.113922 49.289589, -123.115009 49.288414, -123.115382 49.288106, -123.115657 49.288177, -123.117009 49.288525, -123.117973 49.288785, -123.118113 49.288818, -123.118169 49.288827, -123.118226 49.28883, -123.118286 49.28883, -123.118342 49.288823, -123.118408 49.288808, -123.118471 49.288786, -123.118539 49.288753, -123.118611 49.28871, -123.119214 49.28831, -123.120035 49.287769, -123.120893 49.287203, -123.121569 49.286758, -123.122109 49.286398, -123.123126 49.285737, -123.12534 49.2871559, -123.126849 49.288123, -123.127578 49.288585, -123.130756 49.290725, -123.1332819 49.2923097, -123.133743 49.292599, -123.1341379 49.2928576, -123.134766 49.293269, -123.135588 49.293789, -123.136433 49.294355, -123.136505 49.294404, -123.136568 49.294455, -123.136614 49.294498, -123.136644 49.294531, -123.136674 49.294572, -123.136636 49.294683, -123.135528 49.295701, -123.134212 49.295697, -123.129478 49.293773)))"
822190,Downtown South,Neighborhood,S,Sub Neighborhood,Vancouver Downtown,Downtown Vancouver,Downtown South,CAN,"Vancouver, BC",49.277145,-123.126235,20220419,401546.125,Canada,British Columbia,"Vancouver, BC",Vancouver,"MULTIPOLYGON (((-123.12009 49.277366, -123.120406 49.277157, -123.120975 49.276777, -123.121597 49.276366, -123.122173 49.275983, -123.12268 49.275648, -123.12317 49.275325, -123.123913 49.274833, -123.12463 49.27436, -123.125181 49.273987, -123.125412 49.273832, -123.125484 49.273776, -123.125544 49.273723, -123.125619 49.273651, -123.125668 49.273597, -123.12571 49.273547, -123.125761 49.273474, -123.125794 49.273423, -123.125823 49.273371, -123.125848 49.273319, -123.125876 49.27325, -123.125921 49.273086, -123.126326 49.273164, -123.126427 49.27319, -123.126511 49.27322, -123.126625 49.273263, -123.126755 49.27332, -123.126876 49.273385, -123.127149 49.273546, -123.127675 49.273879, -123.128384 49.274337, -123.129126 49.274824, -123.129762 49.275236, -123.130388 49.275639, -123.131074 49.276121, -123.131927 49.276687, -123.132377 49.276981, -123.1323588 49.2769903, -123.132232 49.277055, -123.131707 49.277398, -123.131091 49.277812, -123.13024 49.278372, -123.129704 49.278728, -123.12925 49.27903, -123.128652 49.279425, -123.127991 49.279862, -123.126867 49.280607, -123.12599 49.281185, -123.12545 49.28084, -123.125084 49.280601, -123.124466 49.280202, -123.123681 49.279693, -123.123132 49.279337, -123.122398 49.278861, -123.121788 49.278469, -123.121255 49.278123, -123.120666 49.277739, -123.12009 49.277366)))"
822192,Davie Village,Neighborhood,S,Sub Neighborhood,Vancouver Downtown,West End,Davie Village,CAN,"Vancouver, BC",49.280941,-123.132055,20220419,64742.839,Canada,British Columbia,"Vancouver, BC",Vancouver,"MULTIPOLYGON (((-123.128652 49.279425, -123.12925 49.27903, -123.129704 49.278728, -123.130234 49.279072, -123.130981 49.279554, -123.131679 49.28, -123.132291 49.280377, -123.13292 49.280813, -123.133635 49.281273, -123.134338 49.281731, -123.135132 49.282236, -123.135473 49.282455, -123.1349279 49.2828071, -123.134832 49.282869, -123.134404 49.283156, -123.133969 49.282871, -123.133395 49.282502, -123.132509 49.28193, -123.131976 49.281589, -123.13145 49.281244, -123.130939 49.280917, -123.1304 49.280571, -123.129869 49.280222, -123.12941 49.279922, -123.128652 49.279425)))"
822193,Nelson Plateau,Neighborhood,S,Sub Neighborhood,Vancouver Downtown,West End,Nelson Plateau,CAN,"Vancouver, BC",49.283059,-123.128834,20220419,326672.104,Canada,British Columbia,"Vancouver, BC",Vancouver,"MULTIPOLYGON (((-123.1232382 49.2830001, -123.124395 49.282242, -123.125365 49.281597, -123.12599 49.281185, -123.126867 49.280607, -123.127991 49.279862, -123.128652 49.279425, -123.12941 49.279922, -123.129869 49.280222, -123.1304 49.280571, -123.130939 49.280917, -123.13145 49.281244, -123.131976 49.281589, -123.132509 49.28193, -123.133395 49.282502, -123.133969 49.282871, -123.134404 49.283156, -123.1330136 49.284072, -123.1290719 49.2866689, -123.1277348 49.2858281, -123.1232382 49.2830001)))"
822263,West of Denman,Neighborhood,S,Sub Neighborhood,Vancouver Downtown,West End,West of Denman,CAN,"Vancouver, BC",49.291118,-123.140189,20220419,298594.854,Canada,British Columbia,"Vancouver, BC",Vancouver,"MULTIPOLYGON (((-123.135588 49.293789, -123.134766 49.293269, -123.1341379 49.2928576, -123.1353232 49.2920846, -123.1354222 49.2921588, -123.1359728 49.2917973, -123.1357648 49.2916639, -123.1373505 49.2906131, -123.1416308 49.2877754, -123.1423929 49.2882672, -123.1424271 49.2881097, -123.1423868 49.2877027, -123.1435943 49.2876655, -123.143595 49.287687, -123.143606 49.28802, -123.1436101 49.2880633, -123.143615 49.288115, -123.143638 49.288252, -123.14366 49.288339, -123.143679 49.288385, -123.143698 49.288414, -123.143766 49.288476, -123.143881 49.288555, -123.143913 49.288583, -123.143946 49.288622, -123.143971 49.288695, -123.143998 49.288752, -123.144047 49.288822, -123.144098 49.288862, -123.144131 49.288888, -123.144881 49.289485, -123.144881 49.289501, -123.144888 49.289524, -123.144936 49.289612, -123.144974 49.289685, -123.144987 49.289714, -123.145004 49.289758, -123.14502 49.2898185, -123.1450195 49.2898415, -123.14501 49.289854, -123.14494 49.289911, -123.14514 49.290042, -123.145335 49.29017, -123.145429 49.290231, -123.145637 49.290357, -123.145142 49.290685, -123.144683 49.290995, -123.14412 49.291383, -123.143562 49.291746, -123.143055 49.292084, -123.142594 49.292393, -123.142188 49.292663, -123.141997 49.292792, -123.141926 49.292826, -123.141843 49.292863, -123.141859 49.292878, -123.141899 49.292941, -123.14157 49.292988, -123.14083 49.293115, -123.139988 49.293258, -123.139323 49.293366, -123.138671 49.293471, -123.138624 49.293477, -123.138584 49.293478, -123.138558 49.293476, -123.138542 49.293473, -123.138509 49.293459, -123.13842 49.293414, -123.138222 49.29352, -123.138171 49.29354, -123.138135 49.293557, -123.138004 49.293646, -123.137381 49.294042, -123.137464 49.294091, -123.137404 49.294135, -123.137026 49.294382, -123.136926 49.294448, -123.136674 49.294572, -123.136644 49.294531, -123.136614 49.294498, -123.136568 49.294455, -123.136505 49.294404, -123.136433 49.294355, -123.135588 49.293789)))"
822264,West End Beach,Neighborhood,S,Sub Neighborhood,Vancouver Downtown,West End,West End Beach,CAN,"Vancouver, BC",49.281417,-123.137594,20220419,574789.43,Canada,British Columbia,"Vancouver, BC",Vancouver,"MULTIPOLYGON (((-123.1413222 49.2869695, -123.138674 49.285216, -123.1349279 49.2828071, -123.135473 49.282455, -123.135132 49.282236, -123.134338 49.281731, -123.133635 49.281273, -123.13292 49.280813, -123.132291 49.280377, -123.131679 49.28, -123.130981 49.279554, -123.130234 49.279072, -123.129704 49.278728, -123.13024 49.278372, -123.131091 49.277812, -123.131707 49.277398, -123.132232 49.277055, -123.1323588 49.2769903, -123.132377 49.276981, -123.132544 49.276894, -123.132662 49.276849, -123.132932 49.276757, -123.133969 49.276421, -123.134741 49.276169, -123.135732 49.275848, -123.136294 49.275665, -123.1363204 49.2757142, -123.1363633 49.2757949, -123.13638 49.27583, -123.136375 49.275848, -123.136248 49.275889, -123.136182 49.275934, -123.136151 49.275965, -123.13613 49.276001, -123.136121 49.276042, -123.13612 49.276094, -123.13612 49.27616, -123.1361207 49.2762072, -123.136121 49.276224, -123.136121 49.276257, -123.136127 49.276281, -123.136149 49.276318, -123.136203 49.276392, -123.136386 49.276616, -123.136478 49.276737, -123.136498 49.276777, -123.1365074 49.2768072, -123.136572 49.277015, -123.136619 49.277137, -123.136659 49.277201, -123.136715 49.27727, -123.136777 49.277332, -123.13687 49.277399, -123.13695 49.27745, -123.137071 49.277515, -123.1371264 49.2775438, -123.137194 49.277579, -123.137273 49.277614, -123.137372 49.277645, -123.137437 49.277653, -123.1375 49.277654, -123.137568 49.277651, -123.137631 49.277645, -123.137669 49.277634, -123.1376831 49.2776248, -123.137715 49.277604, -123.13772 49.277585, -123.137697 49.277556, -123.1376679 49.2775269, -123.137653 49.277503, -123.137653 49.277472, -123.13766 49.277455, -123.1376801 49.2774378, -123.137708 49.277426, -123.137739 49.27743, -123.137779 49.277451, -123.137931 49.277588, -123.137951 49.277605, -123.137975 49.277639, -123.137986 49.277656, -123.138008 49.277684, -123.138027 49.277699, -123.138091 49.277726, -123.138449 49.277887, -123.138486 49.277907, -123.138498 49.277922, -123.138496 49.277939, -123.138386 49.278455, -123.138387 49.278515, -123.138396 49.278563, -123.138418 49.278617, -123.13844 49.278657, -123.138471 49.278694, -123.138529 49.278736, -123.138572 49.278756, -123.138626 49.278776, -123.138655 49.278782, -123.138682 49.278782, -123.1387281 49.2787673, -123.138775 49.278748, -123.13881 49.27874, -123.138862 49.278739, -123.138937 49.278742, -123.139477 49.278828, -123.139538 49.278843, -123.139554 49.278856, -123.13956 49.278869, -123.139546 49.278888, -123.139535 49.278902, -123.139507 49.278954, -123.139463 49.279184, -123.139436 49.279423, -123.139437 49.279467, -123.139459 49.279529, -123.139486 49.27957, -123.1395148 49.2795997, -123.139537 49.27962, -123.139561 49.279639, -123.139579 49.279655, -123.139607 49.279658, -123.13964 49.279653, -123.13971 49.27962, -123.139758 49.279603, -123.139812 49.279601, -123.139904 49.279607, -123.140173 49.279654, -123.140366 49.279709, -123.140409 49.27972, -123.140415 49.2797355, -123.140404 49.279749, -123.140377 49.279755, -123.140337 49.279757, -123.140314 49.279758, -123.140298 49.279764, -123.140284 49.279771, -123.140277 49.279801, -123.140234 49.280292, -123.1402252 49.2804994, -123.140223 49.28055, -123.140229 49.280605, -123.140246 49.280681, -123.1402918 49.2807762, -123.140333 49.280839, -123.14036 49.28087, -123.140442 49.280943, -123.140496 49.280981, -123.140596 49.281041, -123.140637 49.28106, -123.140673 49.281072, -123.140718 49.281078, -123.14076 49.281078, -123.1408076 49.2810745, -123.1408273 49.281073, -123.140997 49.281027, -123.141018 49.281014, -123.141036 49.280997, -123.141057 49.280977, -123.141077 49.280953, -123.141104 49.280888, -123.141118 49.280839, -123.141132 49.280823, -123.1411527 49.2808143, -123.14117 49.280807, -123.141199 49.280806, -123.141215 49.280811, -123.141224 49.280822, -123.141278 49.281093, -123.141285 49.281125, -123.141285 49.281142, -123.141281 49.281164, -123.141269 49.281185, -123.141256 49.281199, -123.141239 49.281214, -123.141224 49.281232, -123.141223 49.281252, -123.141243 49.281303, -123.141277 49.28136, -123.141299 49.28138, -123.141328 49.281393, -123.141393 49.281408, -123.141416 49.281407, -123.1414391 49.281392, -123.141443 49.281374, -123.141448 49.281355, -123.141466 49.28135, -123.141481 49.281359, -123.141698 49.281551, -123.14172 49.281569, -123.141723 49.281583, -123.141709 49.281592, -123.141688 49.281603, -123.141675 49.281618, -123.141673 49.281637, -123.14167 49.281672, -123.141707 49.281828, -123.141764 49.281952, -123.1417936 49.2819954, -123.141887 49.282132, -123.1419085 49.2821531, -123.1421119 49.2823532, -123.1423845 49.2826213, -123.142432 49.282668, -123.142526 49.282773, -123.142675 49.283059, -123.142834 49.283315, -123.142879 49.283382, -123.143096 49.283588, -123.1431174 49.2836044, -123.14327 49.283722, -123.143405 49.283865, -123.1434799 49.2839524, -123.143489 49.283963, -123.143537 49.284007, -123.143589 49.28405, -123.143634 49.284086, -123.143714 49.284109, -123.143881 49.284139, -123.144065 49.284181, -123.1441 49.284195, -123.1441558 49.2842443, -123.144178 49.284281, -123.144194 49.284341, -123.144194 49.284373, -123.1441729 49.2843981, -123.144162 49.284411, -123.144124 49.284465, -123.144096 49.284488, -123.144074 49.284497, -123.144039 49.285048, -123.144029 49.285109, -123.144011 49.285184, -123.143966 49.285328, -123.143914 49.285501, -123.143862 49.285756, -123.143775 49.28635, -123.1436343 49.2870218, -123.143615 49.287114, -123.143598 49.287288, -123.143589 49.287513, -123.1435943 49.2876655, -123.1423868 49.2877027, -123.1423868 49.2876075, -123.1417396 49.2872458, -123.1413222 49.2869695)))"
822266,Chinatown,Neighborhood,S,Sub Neighborhood,Vancouver Downtown,Downtown Vancouver,Chinatown,CAN,"Vancouver, BC",49.279719,-123.100958,20220419,211569.022,Canada,British Columbia,"Vancouver, BC",Vancouver,"MULTIPOLYGON (((-123.099649 49.281338, -123.097473 49.2812971, -123.0974222 49.2813016, -123.0969488 49.2776227, -123.09824 49.2776445, -123.098725 49.277654, -123.099349 49.277668, -123.0995695 49.2776666, -123.0997762 49.2776676, -123.100583 49.27766, -123.101808 49.277629, -123.102137 49.277616, -123.10213 49.278152, -123.102131 49.278917, -123.102133 49.279003, -123.10214 49.279054, -123.102151 49.279114, -123.102168 49.279169, -123.102207 49.279269, -123.102391 49.279234, -123.102487 49.279222, -123.10262 49.27921, -123.102737 49.279204, -123.103026 49.279205, -123.104076 49.279226, -123.104282 49.279231, -123.104438 49.279234, -123.104534 49.279238, -123.104622 49.279242, -123.104712 49.279249, -123.104875 49.279267, -123.105708 49.279398, -123.106141 49.279475, -123.105945 49.27993, -123.105655 49.280613, -123.10559 49.280748, -123.105734 49.280773, -123.105888 49.280797, -123.105363 49.281173, -123.105397 49.281189, -123.104861 49.281578, -123.104474 49.281508, -123.104177 49.281457, -123.104043 49.281437, -123.103938 49.281426, -123.10383 49.281419, -123.103632 49.281412, -123.102969 49.2814, -123.102255 49.281385, -123.10145 49.28137, -123.100842 49.281359, -123.10022 49.281347, -123.0996777 49.2813385, -123.099649 49.281338)))"
822288,Granville Entertainment District,Neighborhood,S,Sub Neighborhood,Vancouver Downtown,Downtown Vancouver,Granville Entertainment District,CAN,"Vancouver, BC",49.283381,-123.118499,20220419,706445.562,Canada,British Columbia,"Vancouver, BC",Vancouver,"MULTIPOLYGON (((-123.115382 49.288106, -123.114906 49.287982, -123.114327 49.287824, -123.114051 49.287751, -123.113897 49.287707, -123.113674 49.287638, -123.113495 49.287578, -123.113345 49.287523, -123.113221 49.287477, -123.113147 49.287447, -123.113103 49.287422, -123.113077 49.287399, -123.11306 49.287367, -123.113052 49.28735, -123.113049 49.287322, -123.113052 49.287303, -123.113066 49.287277, -123.113075 49.287266, -123.113108 49.28724, -123.113269 49.287119, -123.1132916 49.287101, -123.113421 49.286998, -123.113903 49.286623, -123.113857 49.2865939, -123.113438 49.286329, -123.112404 49.285699, -123.112023 49.2854388, -123.111877 49.285339, -123.111532 49.285103, -123.1109278 49.2846683, -123.111511 49.284291, -123.112245 49.283808, -123.113008 49.283306, -123.113624 49.282897, -123.114241 49.282489, -123.11503 49.281968, -123.115654 49.281555, -123.116143 49.281231, -123.115188 49.280615, -123.115432 49.280447, -123.116012 49.280063, -123.116895 49.279478, -123.117385 49.279146, -123.117918 49.2788, -123.118364 49.278504, -123.11887 49.278171, -123.119484 49.277765, -123.12009 49.277366, -123.120666 49.277739, -123.121255 49.278123, -123.121788 49.278469, -123.122398 49.278861, -123.123132 49.279337, -123.123681 49.279693, -123.124466 49.280202, -123.125084 49.280601, -123.12545 49.28084, -123.12599 49.281185, -123.125365 49.281597, -123.124395 49.282242, -123.1232382 49.2830001, -123.122831 49.283267, -123.122217 49.2836772, -123.121921 49.283875, -123.12109 49.284418, -123.1211022 49.2844259, -123.121948 49.28497, -123.122876 49.285567, -123.123126 49.285737, -123.122109 49.286398, -123.121569 49.286758, -123.120893 49.287203, -123.120035 49.287769, -123.119214 49.28831, -123.118611 49.28871, -123.118539 49.288753, -123.118471 49.288786, -123.118408 49.288808, -123.118342 49.288823, -123.118286 49.28883, -123.118226 49.28883, -123.118169 49.288827, -123.118113 49.288818, -123.117973 49.288785, -123.117009 49.288525, -123.115657 49.288177, -123.115382 49.288106)))"
1280417,Robson Village,Neighborhood,S,Sub Neighborhood,Vancouver Downtown,West End,Robson Village,CAN,"Vancouver, BC",49.285183,-123.125654,20220419,62646.447,Canada,British Columbia,"Vancouver, BC",Vancouver,"MULTIPOLYGON (((-123.1264736 49.2863549, -123.122217 49.2836772, -123.122831 49.283267, -123.1232382 49.2830001, -123.1277348 49.2858281, -123.1290719 49.2866689, -123.1280059 49.2873733, -123.1264736 49.2863549)))"
1280418,Nelson Slopes,Neighborhood,S,Sub Neighborhood,Vancouver Downtown,West End,Nelson Slopes,CAN,"Vancouver, BC",49.286819,-123.135264,20220419,400736.766,Canada,British Columbia,"Vancouver, BC",Vancouver,"MULTIPOLYGON (((-123.13444 49.2901382, -123.1329338 49.2891698, -123.1290719 49.2866689, -123.1330136 49.284072, -123.134404 49.283156, -123.134832 49.282869, -123.1349279 49.2828071, -123.138674 49.285216, -123.1413222 49.2869695, -123.1408372 49.2872763, -123.1409532 49.2873626, -123.1399627 49.2880913, -123.1384042 49.2891323, -123.1373005 49.2899083, -123.1371163 49.2897569, -123.1365942 49.2901488, -123.1359295 49.2896338, -123.1353632 49.290043, -123.136102 49.2905183, -123.1355671 49.2908891, -123.13444 49.2901382)))"
1280419,Denman Village,Neighborhood,S,Sub Neighborhood,Vancouver Downtown,West End,Denman Village,CAN,"Vancouver, BC",49.290031,-123.137386,20220419,72450.441,Canada,British Columbia,"Vancouver, BC",Vancouver,"MULTIPOLYGON (((-123.1332819 49.2923097, -123.1338713 49.2918835, -123.1339992 49.2919757, -123.1350766 49.291229, -123.1338927 49.2904808, -123.13444 49.2901382, -123.1355671 49.2908891, -123.136102 49.2905183, -123.1353632 49.290043, -123.1359295 49.2896338, -123.1365942 49.2901488, -123.1371163 49.2897569, -123.1373005 49.2899083, -123.1384042 49.2891323, -123.1399627 49.2880913, -123.1409532 49.2873626, -123.1408372 49.2872763, -123.1413222 49.2869695, -123.1417396 49.2872458, -123.1423868 49.2876075, -123.1423868 49.2877027, -123.1424271 49.2881097, -123.1423929 49.2882672, -123.1416308 49.2877754, -123.1373505 49.2906131, -123.1357648 49.2916639, -123.1359728 49.2917973, -123.1354222 49.2921588, -123.1353232 49.2920846, -123.1341379 49.2928576, -123.133743 49.292599, -123.1332819 49.2923097)))"
21453,Mt. Pleasant,Neighborhood,N,Neighborhood,Vancouver Eastside,Mt. Pleasant,,CAN,"Vancouver, BC",49.262971,-123.098459,20220419,3683506.754,Canada,British Columbia,"Vancouver, BC",Vancouver,"MULTIPOLYGON (((-123.102163 49.272935, -123.101723 49.272911, -123.101722 49.273021, -123.100887 49.272918, -123.1001756 49.2728255, -123.100026 49.272806, -123.100039 49.272491, -123.100057 49.272156, -123.1000615 49.2721168, -123.100073 49.272016, -123.100094 49.271921, -123.100122 49.271845, -123.100217 49.271636, -123.100514 49.271106, -123.100546 49.271028, -123.100573 49.270956, -123.1005878 49.2709018, -123.100602 49.27085, -123.100626 49.270739, -123.100633 49.270628, -123.100656 49.27016, -123.100692 49.269067, -123.100476 49.269015, -123.100403 49.268994, -123.100275 49.268944, -123.100061 49.268838, -123.099942 49.2687687, -123.099805 49.268689, -123.099261 49.26837, -123.09863 49.26801, -123.097983 49.26764, -123.097459 49.26734, -123.097339 49.267272, -123.097208 49.267204, -123.097114 49.267158, -123.097015 49.267114, -123.096912 49.267073, -123.096792 49.267032, -123.096653 49.266988, -123.096487 49.266939, -123.096335 49.266904, -123.096204 49.266881, -123.096014 49.266849, -123.095868 49.266831, -123.095728 49.26682, -123.09558 49.266814, -123.0955605 49.2668139, -123.095044 49.266811, -123.093874 49.266799, -123.0927657 49.266792, -123.09171 49.266782, -123.090455 49.266772, -123.089855 49.266767, -123.089665 49.266761, -123.089518 49.266749, -123.089382 49.266734, -123.089259 49.266715, -123.0892185 49.266708, -123.08909 49.266686, -123.088887 49.266648, -123.0886344 49.2665994, -123.08831 49.266537, -123.087363 49.266355, -123.086636 49.266216, -123.085672 49.266032, -123.084682 49.265843, -123.083707 49.265654, -123.082684 49.265457, -123.082053 49.265337, -123.081846 49.265301, -123.081682 49.265273, -123.081596 49.26526, -123.081453 49.265245, -123.081123 49.265222, -123.080912 49.265215, -123.08027 49.265209, -123.079266 49.265202, -123.078237 49.265192, -123.07746 49.265176, -123.077431 49.26241, -123.0774786 49.2586714, -123.0776226 49.2581548, -123.0776105 49.2567193, -123.0778582 49.2567233, -123.0778296 49.2562721, -123.0781565 49.256241, -123.08555 49.256392, -123.089959 49.25648, -123.096493 49.256535, -123.097727 49.256554, -123.098885 49.256575, -123.100059 49.256591, -123.101406 49.256582, -123.10231 49.256588, -123.103042 49.256602, -123.103945 49.256616, -123.10492 49.256635, -123.115128 49.256907, -123.114842 49.26664, -123.114918 49.268014, -123.114951 49.268696, -123.114969 49.269109, -123.11497 49.269399, -123.114952 49.269846, -123.114918 49.270643, -123.114882 49.271248, -123.114511 49.271323, -123.114321 49.271358, -123.114223 49.271369, -123.114119 49.271381, -123.114082 49.271384, -123.114024 49.271381, -123.113811 49.27161, -123.113857 49.271718, -123.113067 49.27186, -123.1130457 49.2718062, -123.112907 49.271455, -123.112563 49.271535, -123.112262 49.271589, -123.111739 49.271665, -123.111783 49.271851, -123.111348 49.271924, -123.111329 49.271882, -123.1113 49.271887, -123.111273 49.2719, -123.111233 49.271925, -123.111215 49.271946, -123.111207 49.271972, -123.1112068 49.2720025, -123.1112125 49.2720275, -123.11123 49.272044, -123.111258 49.272066, -123.111289 49.272083, -123.111315 49.272095, -123.111351 49.272107, -123.111389 49.272113, -123.111452 49.272119, -123.111511 49.272118, -123.111555 49.272118, -123.111619 49.272113, -123.111684 49.272107, -123.111703 49.272106, -123.111726 49.272109, -123.111751 49.2721215, -123.1117525 49.272151, -123.111729 49.272167, -123.111156 49.272331, -123.110985 49.272383, -123.110932 49.272388, -123.110898 49.272388, -123.110867 49.272389, -123.110829 49.272396, -123.110797 49.272407, -123.110753 49.272423, -123.110725 49.272432, -123.110689 49.272435, -123.110294 49.272442, -123.110153 49.272436, -123.110062 49.272425, -123.110021 49.272418, -123.109996 49.272411, -123.109971 49.272397, -123.10996 49.27238, -123.109774 49.272299, -123.109616 49.272358, -123.109525 49.272386, -123.10948 49.272398, -123.109414 49.272411, -123.109365 49.272421, -123.109336 49.272424, -123.109254 49.272423, -123.109106 49.27241, -123.108802 49.272376, -123.108739 49.272374, -123.10874 49.27235, -123.108208 49.272337, -123.1081677 49.2723364, -123.107858 49.272332, -123.1078559 49.2723703, -123.107855 49.272388, -123.10773 49.272384, -123.107742 49.272108, -123.107283 49.272096, -123.107304 49.272135, -123.107306 49.27215, -123.107306 49.272168, -123.107304 49.27219, -123.1073 49.272205, -123.107292 49.272222, -123.107278 49.27224, -123.107257 49.272258, -123.107235 49.27227, -123.10719 49.272291, -123.107157 49.272304, -123.107108 49.272315, -123.107039 49.272325, -123.107001 49.272329, -123.106947 49.272331, -123.106919 49.27233, -123.10687 49.272326, -123.106801 49.272319, -123.106716 49.272304, -123.106618 49.27228, -123.106418 49.272232, -123.106349 49.272217, -123.106307 49.272212, -123.106278 49.272213, -123.106211 49.272216, -123.106148 49.272224, -123.106114 49.272233, -123.106091 49.272238, -123.106049 49.272242, -123.105955 49.272241, -123.105797 49.272228, -123.105725 49.272226, -123.105676 49.272228, -123.105365 49.272243, -123.105294 49.272241, -123.105074 49.272226, -123.104937 49.272227, -123.104834 49.272232, -123.104527 49.272249, -123.104523 49.272331, -123.104443 49.272331, -123.1044296 49.2724775, -123.103978 49.272477, -123.103991 49.272326, -123.103559 49.272326, -123.10347 49.27233, -123.10347 49.272372, -123.10337 49.272372, -123.103373 49.272295, -123.103229 49.272293, -123.103152 49.272294, -123.103092 49.272303, -123.103037 49.272324, -123.102982 49.272353, -123.102952 49.272381, -123.102926 49.272418, -123.102917 49.272446, -123.102916 49.272475, -123.10291 49.272803, -123.102916 49.273065, -123.102635 49.273121, -123.102608 49.273094, -123.102587 49.273078, -123.102564 49.273065, -123.102537 49.273054, -123.102501 49.273041, -123.102461 49.273031, -123.102394 49.273017, -123.102329 49.273005, -123.102282 49.272995, -123.102243 49.272985, -123.102214 49.272973, -123.10218 49.272953, -123.102163 49.272935)))"
21456,Grandview - Woodland,Neighborhood,N,Neighborhood,Vancouver Eastside,Grandview - Woodland,,CAN,"Vancouver, BC",49.275804,-123.06679,20220419,4519002.258,Canada,British Columbia,"Vancouver, BC",Vancouver,"MULTIPOLYGON (((-123.056671 49.291323, -123.056659 49.291045, -123.056646 49.290968, -123.056625 49.290904, -123.056598 49.290852, -123.056573 49.290818, -123.056512 49.290719, -123.056495 49.290606, -123.056495 49.290282, -123.056494 49.289757, -123.056516 49.289086, -123.056527 49.288919, -123.056529 49.288878, -123.056524 49.28885, -123.056516 49.288822, -123.056503 49.288795, -123.056479 49.28876, -123.056399 49.288672, -123.056452 49.288625, -123.056484 49.288585, -123.056505 49.288542, -123.056516 49.288504, -123.05652 49.288459, -123.056515 49.288324, -123.056503 49.287864, -123.056513 49.287348, -123.056509 49.286846, -123.056514 49.286241, -123.056523 49.285659, -123.056519 49.28495, -123.056529 49.284257, -123.056536 49.283582, -123.056542 49.282913, -123.056548 49.282195, -123.056552 49.281363, -123.056552 49.281149, -123.056554 49.2807119, -123.056558 49.279805, -123.056581 49.262221, -123.0585418 49.262241, -123.065885 49.262316, -123.0667926 49.2623234, -123.077431 49.26241, -123.07746 49.265176, -123.077425 49.265587, -123.07742 49.26569, -123.077419 49.265997, -123.077422 49.266257, -123.0774209 49.2663283, -123.077412 49.26689, -123.077394 49.267733, -123.077398 49.268508, -123.077405 49.269162, -123.077384 49.269964, -123.077358 49.270427, -123.077338 49.270904, -123.077331 49.271482, -123.077316 49.272214, -123.077303 49.273042, -123.077284 49.273868, -123.077264 49.274826, -123.077241 49.275865, -123.07723 49.276381, -123.07722 49.276749, -123.0772444 49.2767494, -123.0771497 49.2808537, -123.077138 49.281361, -123.0771073 49.2836548, -123.0770942 49.2846364, -123.0770823 49.2855262, -123.077075 49.285598, -123.077071 49.285822, -123.077067 49.286452, -123.077051 49.287172, -123.0770532 49.287469, -123.077196 49.287468, -123.077192 49.287952, -123.077186 49.288185, -123.077184 49.288518, -123.077181 49.288841, -123.07778 49.288965, -123.077842 49.288982, -123.077873 49.289001, -123.077889 49.289023, -123.077897 49.289043, -123.077899 49.28929, -123.077897 49.289612, -123.077023 49.289967, -123.0698415 49.2881945, -123.0697709 49.2897857, -123.0692278 49.2897471, -123.0686295 49.2897045, -123.0683893 49.2896862, -123.0684622 49.286621, -123.068047 49.286617, -123.0673916 49.2866155, -123.0674152 49.2875014, -123.0676532 49.2879297, -123.0676532 49.2892384, -123.0672011 49.289524, -123.0669631 49.289524, -123.0669631 49.2875014, -123.0666419 49.2874978, -123.0654737 49.2874543, -123.0649555 49.2872409, -123.0640341 49.2873135, -123.0638222 49.2875728, -123.063846 49.2888815, -123.064655 49.2888101, -123.064774 49.2890481, -123.0637033 49.2891432, -123.0636081 49.288239, -123.063275 49.2882866, -123.0628179 49.2881384, -123.0627041 49.2883819, -123.0629418 49.2885484, -123.0625373 49.2891432, -123.0621804 49.2893812, -123.0616331 49.2895953, -123.0613238 49.2898333, -123.0609431 49.2899998, -123.0606559 49.289861, -123.060388 49.290017, -123.0613238 49.2909516, -123.0608955 49.2911896, -123.0599913 49.2906661, -123.0596715 49.290434, -123.0594185 49.2905813, -123.0598723 49.2911896, -123.0590633 49.2915703, -123.0586057 49.2910544, -123.058402 49.291173, -123.056653 49.291941, -123.056413 49.291563, -123.056576 49.291501, -123.056702 49.291451, -123.056804 49.29141, -123.056671 49.291323)))"
21457,Hastings - Sunrise,Neighborhood,N,Neighborhood,Vancouver Eastside,Hastings - Sunrise,,CAN,"Vancouver, BC",49.277465,-123.040313,20220419,8031514.58,Canada,British Columbia,"Vancouver, BC",Vancouver,"MULTIPOLYGON (((-123.048908 49.293201, -123.048783 49.293196, -123.048723 49.293196, -123.048678 49.293202, -123.048648 49.293211, -123.048608 49.293228, -123.048591 49.293242, -123.048573 49.293292, -123.048543 49.293341, -123.048519 49.293371, -123.048487 49.293399, -123.048458 49.293418, -123.048417 49.293435, -123.048349 49.293453, -123.048315 49.293455, -123.04826 49.293455, -123.048155 49.293453, -123.048099 49.293449, -123.048039 49.29345, -123.047991 49.293462, -123.047969 49.293471, -123.047929 49.293536, -123.047909 49.293565, -123.047879 49.2936, -123.047839 49.293631, -123.047742 49.293666, -123.047468 49.293736, -123.047414 49.293745, -123.047322 49.293754, -123.047224 49.293753, -123.046785 49.293729, -123.046713 49.29372, -123.046647 49.293706, -123.046459 49.293659, -123.046416 49.293641, -123.046377 49.293614, -123.046346 49.293588, -123.046325 49.29357, -123.046317 49.293541, -123.046309 49.293445, -123.046317 49.293419, -123.046325 49.293364, -123.046317 49.293316, -123.046286 49.29326, -123.046224 49.293176, -123.046181 49.293134, -123.046098 49.293071, -123.046053 49.293028, -123.046023 49.292989, -123.046 49.292929, -123.045995 49.292882, -123.045994 49.292804, -123.045992 49.292773, -123.045983 49.29274, -123.045951 49.292699, -123.045924 49.292684, -123.045864 49.292656, -123.045753 49.292618, -123.045709 49.292612, -123.045666 49.292614, -123.045551 49.292617, -123.045384 49.292876, -123.045224 49.29283, -123.045148 49.292919, -123.044503 49.292723, -123.044587 49.292612, -123.044472 49.292576, -123.0444944 49.292545, -123.044655 49.292323, -123.04453 49.292282, -123.044483 49.292254, -123.044327 49.292158, -123.044233 49.292099, -123.044168 49.292068, -123.044115 49.292052, -123.04407 49.292043, -123.044028 49.29204, -123.043969 49.292042, -123.043908 49.292054, -123.04366 49.292171, -123.043315 49.292401, -123.043278 49.292419, -123.043204 49.292443, -123.043132 49.292458, -123.043089 49.29246, -123.042992 49.292462, -123.042948 49.292459, -123.042885 49.292442, -123.042835 49.292424, -123.042798 49.292414, -123.042763 49.292415, -123.042439 49.292428, -123.042348 49.292429, -123.042293 49.292424, -123.042146 49.292381, -123.041965 49.292317, -123.041802 49.292278, -123.041668 49.292256, -123.041581 49.292252, -123.041484 49.292261, -123.041391 49.292261, -123.041254 49.292255, -123.040843 49.292204, -123.04072 49.292186, -123.040638 49.292184, -123.040512 49.292188, -123.040453 49.292183, -123.040325 49.292153, -123.04014 49.2921, -123.040042 49.292062, -123.039963 49.292025, -123.039857 49.291961, -123.039791 49.291919, -123.039747 49.291886, -123.039719 49.291853, -123.039671 49.291788, -123.039652 49.291738, -123.039629 49.291668, -123.039596 49.291567, -123.039585 49.291513, -123.039581 49.291474, -123.039573 49.291438, -123.039557 49.291412, -123.039523 49.291373, -123.039483 49.291336, -123.039428 49.291303, -123.039217 49.291186, -123.039108 49.29113, -123.039003 49.291084, -123.038907 49.291053, -123.038794 49.291025, -123.038679 49.291012, -123.038393 49.291002, -123.03792 49.290995, -123.037705 49.290978, -123.037581 49.290961, -123.037484 49.290946, -123.037398 49.290917, -123.037296 49.290864, -123.037165 49.290713, -123.037077 49.290633, -123.036997 49.290579, -123.036926 49.290543, -123.036868 49.290527, -123.036791 49.290513, -123.036727 49.290505, -123.036665 49.290499, -123.036571 49.290495, -123.03651 49.290497, -123.036416 49.290504, -123.036374 49.290511, -123.036359 49.290518, -123.036351 49.290541, -123.036329 49.290609, -123.036299 49.290631, -123.036246 49.290652, -123.03621 49.290655, -123.03618 49.29065, -123.036167 49.290643, -123.036147 49.290626, -123.036132 49.290599, -123.036117 49.290555, -123.036103 49.290487, -123.036093 49.290469, -123.036063 49.290451, -123.036022 49.290436, -123.035994 49.290429, -123.035945 49.290421, -123.035913 49.290422, -123.03568 49.290457, -123.035378 49.290495, -123.035352 49.290531, -123.03533 49.29056, -123.035312 49.290577, -123.035293 49.290587, -123.035264 49.290595, -123.035423 49.290982, -123.035475 49.291086, -123.03531 49.291122, -123.034893 49.291531, -123.03485 49.291562, -123.034778 49.2916, -123.034688 49.291635, -123.034558 49.291674, -123.03402 49.291786, -123.03297 49.292, -123.032475 49.292105, -123.032484 49.292123, -123.032363 49.292137, -123.032238 49.292138, -123.03208 49.29213, -123.031955 49.292112, -123.0313 49.292005, -123.030171 49.292245, -123.028975 49.292482, -123.028888 49.29228, -123.028271 49.292514, -123.02779 49.292701, -123.027694 49.292737, -123.027596 49.292776, -123.027564 49.292779, -123.027487 49.292779, -123.027403 49.292769, -123.027325 49.292753, -123.027199 49.292719, -123.027086 49.292664, -123.026987 49.292604, -123.026922 49.292545, -123.026895 49.292515, -123.026872 49.292499, -123.026852 49.292493, -123.026827 49.29249, -123.026798 49.2925, -123.026713 49.292558, -123.026554 49.292678, -123.026478 49.292741, -123.026405 49.292786, -123.02599 49.292924, -123.025939 49.292949, -123.025882 49.292986, -123.025762 49.293126, -123.025622 49.2933249, -123.025593 49.293343, -123.025555 49.293351, -123.025481 49.293355, -123.02544 49.293349, -123.0253845 49.2933364, -123.025335 49.293324, -123.025291 49.293311, -123.025265 49.293287, -123.025232 49.293252, -123.025198 49.293229, -123.025162 49.293213, -123.02514 49.293212, -123.025071 49.293216, -123.024391 49.293274, -123.024056 49.293333, -123.02373 49.293371, -123.023321 49.293421, -123.023334 49.291301, -123.023356 49.290223, -123.023381 49.288836, -123.0234016 49.2878713, -123.0234901 49.2817771, -123.023489 49.281228, -123.023489 49.281117, -123.023539 49.276526, -123.023588 49.273908, -123.023538 49.265609, -123.0237256 49.2655525, -123.023744 49.265547, -123.026012 49.264866, -123.028468 49.263515, -123.030752 49.262125, -123.031932 49.261897, -123.044192 49.261992, -123.05567 49.262011, -123.056581 49.262221, -123.056558 49.279805, -123.056554 49.2807119, -123.056552 49.281149, -123.056552 49.281363, -123.056548 49.282195, -123.056542 49.282913, -123.056536 49.283582, -123.056529 49.284257, -123.056519 49.28495, -123.056523 49.285659, -123.056514 49.286241, -123.056509 49.286846, -123.056513 49.287348, -123.056503 49.287864, -123.056515 49.288324, -123.05652 49.288459, -123.056516 49.288504, -123.056505 49.288542, -123.056484 49.288585, -123.056452 49.288625, -123.056399 49.288672, -123.056479 49.28876, -123.056503 49.288795, -123.056516 49.288822, -123.056524 49.28885, -123.056529 49.288878, -123.056527 49.288919, -123.056516 49.289086, -123.056494 49.289757, -123.056495 49.290282, -123.056495 49.290606, -123.056512 49.290719, -123.056573 49.290818, -123.056598 49.290852, -123.056625 49.290904, -123.056646 49.290968, -123.056659 49.291045, -123.056671 49.291323, -123.056804 49.29141, -123.056702 49.291451, -123.056576 49.291501, -123.056413 49.291563, -123.056653 49.291941, -123.056587 49.291933, -123.056515 49.291926, -123.056445 49.291918, -123.056403 49.291919, -123.056377 49.291926, -123.056333 49.291947, -123.0562126 49.2920603, -123.056198 49.292074, -123.056152 49.292117, -123.056113 49.292142, -123.056041 49.292177, -123.055726 49.292291, -123.055056 49.292505, -123.054928 49.292557, -123.054878 49.292586, -123.054809 49.29261, -123.054281 49.29277, -123.05352 49.292992, -123.052662 49.293282, -123.052141 49.293459, -123.05151 49.293622, -123.050903 49.293818, -123.050185 49.293984, -123.0501 49.293997, -123.049994 49.293998, -123.04994 49.293994, -123.04986 49.293981, -123.04981 49.293967, -123.049736 49.293947, -123.049703 49.293934, -123.049672 49.293915, -123.049654 49.293894, -123.049637 49.293863, -123.049626 49.29382, -123.049628 49.293764, -123.049643 49.293645, -123.04966 49.293587, -123.049662 49.293547, -123.049662 49.293476, -123.049661 49.293418, -123.049654 49.293395, -123.049648 49.293377, -123.049631 49.293354, -123.049618 49.2933375, -123.049596 49.293325, -123.049575 49.293314, -123.049509 49.293295, -123.049258 49.293243, -123.049053 49.293212, -123.048908 49.293201)))"
21458,Renfrew - Collingwood,Neighborhood,N,Neighborhood,Vancouver Eastside,Renfrew - Collingwood,,CAN,"Vancouver, BC",49.247383,-123.040221,20220419,8089345.835,Canada,British Columbia,"Vancouver, BC",Vancouver,"MULTIPOLYGON (((-123.0237489 49.2639432, -123.023722 49.261022, -123.023651 49.258171, -123.023663 49.256667, -123.02366 49.255402, -123.023646 49.254186, -123.0236523 49.2533255, -123.023655 49.25296, -123.023677 49.251559, -123.023672 49.250585, -123.023672 49.249098, -123.023672 49.247596, -123.023704 49.246206, -123.02369 49.245356, -123.023675 49.244879, -123.023651 49.244137, -123.023651 49.243816, -123.023649 49.243005, -123.023652 49.242031, -123.02365 49.241038, -123.023655 49.240601, -123.023644 49.240357, -123.023641 49.240289, -123.023621 49.24017, -123.023584 49.239964, -123.023542 49.239702, -123.023519 49.239529, -123.023514 49.239446, -123.023508 49.239266, -123.023501 49.238424, -123.023508 49.237413, -123.023512 49.236377, -123.023501 49.23532, -123.023508 49.234298, -123.023491 49.233355, -123.023473 49.232318, -123.025242 49.232237, -123.026583 49.232169, -123.027641 49.232121, -123.028971 49.232053, -123.029924 49.232013, -123.03031 49.23199, -123.030673 49.231986, -123.03087 49.231991, -123.031023 49.232005, -123.031266 49.232033, -123.031423 49.232059, -123.031512 49.232076, -123.031671 49.232111, -123.031854 49.232164, -123.032048 49.232227, -123.032232 49.23229, -123.032355 49.23234, -123.032638 49.232482, -123.033379 49.232861, -123.034252 49.233317, -123.035069 49.233735, -123.035878 49.234165, -123.03611 49.233934, -123.036309 49.233739, -123.036515 49.233562, -123.036609 49.233494, -123.036729 49.233411, -123.036909 49.233321, -123.037092 49.233241, -123.037245 49.233187, -123.037439 49.233129, -123.037651 49.233071, -123.037858 49.233029, -123.038038 49.232999, -123.038184 49.232981, -123.038378 49.232965, -123.038607 49.232961, -123.039733 49.232962, -123.040972 49.232957, -123.042665 49.232973, -123.04422 49.232975, -123.044989 49.232982, -123.0457389 49.2329761, -123.04614 49.232973, -123.0461534 49.2329725, -123.046398 49.232964, -123.046547 49.232959, -123.046682 49.232948, -123.046846 49.232932, -123.047175 49.232893, -123.047717 49.23283, -123.047981 49.232803, -123.048186 49.232794, -123.048453 49.232787, -123.048906 49.232786, -123.049304 49.232786, -123.05093 49.232789, -123.052417 49.2328, -123.053827 49.232814, -123.055365 49.232823, -123.057364 49.232842, -123.058869 49.232862, -123.058813 49.233885, -123.058802 49.234848, -123.058783 49.235736, -123.0587814 49.2358616, -123.058772 49.236597, -123.058761 49.237466, -123.058752 49.238274, -123.058754 49.238858, -123.05873 49.239423, -123.058713 49.239919, -123.058698 49.240467, -123.058691 49.240781, -123.058675 49.240931, -123.058653 49.24103, -123.058627 49.241127, -123.058582 49.241256, -123.058509 49.2414, -123.058426 49.241537, -123.058306 49.241697, -123.058111 49.241896, -123.057493 49.242431, -123.057069 49.242833, -123.056958 49.242944, -123.056899 49.243015, -123.056844 49.243095, -123.056772 49.243213, -123.056727 49.243313, -123.056692 49.243417, -123.056673 49.243502, -123.056663 49.243574, -123.056659 49.243716, -123.056656 49.244577, -123.056656 49.2454448, -123.056656 49.245506, -123.0566507 49.2462254, -123.05665 49.246328, -123.056655 49.247245, -123.056644 49.248137, -123.056644 49.248626, -123.056644 49.249255, -123.056641 49.2501, -123.056635 49.250662, -123.056634 49.251524, -123.056634 49.252276, -123.056627 49.253226, -123.056624 49.254305, -123.05662 49.255041, -123.056616 49.255687, -123.056614 49.256281, -123.056598 49.256831, -123.056599 49.257299, -123.056612 49.257759, -123.056571 49.261728, -123.056581 49.262221, -123.05567 49.262011, -123.044192 49.261992, -123.031932 49.261897, -123.030752 49.262125, -123.028468 49.263515, -123.026012 49.264866, -123.023744 49.265547, -123.023757 49.264816, -123.0237489 49.2639432)))"
21459,Kensington - Cedar Cottage,Neighborhood,N,Neighborhood,Vancouver Eastside,Kensington - Cedar Cottage,,CAN,"Vancouver, BC",49.246763,-123.072954,20220419,7269325.505,Canada,British Columbia,"Vancouver, BC",Vancouver,"MULTIPOLYGON (((-123.056598 49.256831, -123.056614 49.256281, -123.056616 49.255687, -123.05662 49.255041, -123.056624 49.254305, -123.056627 49.253226, -123.056634 49.252276, -123.056634 49.251524, -123.056635 49.250662, -123.056641 49.2501, -123.056644 49.249255, -123.056644 49.248626, -123.056644 49.248137, -123.056655 49.247245, -123.05665 49.246328, -123.0566507 49.2462254, -123.056656 49.245506, -123.056656 49.2454448, -123.056656 49.244577, -123.056659 49.243716, -123.056663 49.243574, -123.056673 49.243502, -123.056692 49.243417, -123.056727 49.243313, -123.056772 49.243213, -123.056844 49.243095, -123.056899 49.243015, -123.056958 49.242944, -123.057069 49.242833, -123.057493 49.242431, -123.058111 49.241896, -123.058306 49.241697, -123.058426 49.241537, -123.058509 49.2414, -123.058582 49.241256, -123.058627 49.241127, -123.058653 49.24103, -123.058675 49.240931, -123.058691 49.240781, -123.058698 49.240467, -123.058713 49.239919, -123.05873 49.239423, -123.058754 49.238858, -123.058752 49.238274, -123.058761 49.237466, -123.058772 49.236597, -123.0587814 49.2358616, -123.058783 49.235736, -123.058802 49.234848, -123.058813 49.233885, -123.058869 49.232862, -123.077224 49.23276, -123.090713 49.232948, -123.089959 49.25648, -123.08555 49.256392, -123.0781565 49.256241, -123.0778296 49.2562721, -123.0778582 49.2567233, -123.0776105 49.2567193, -123.0776226 49.2581548, -123.0774786 49.2586714, -123.077431 49.26241, -123.0667926 49.2623234, -123.065885 49.262316, -123.0585418 49.262241, -123.056581 49.262221, -123.056571 49.261728, -123.056612 49.257759, -123.056599 49.257299, -123.056598 49.256831)))"
21467,Sunset,Neighborhood,N,Neighborhood,Vancouver Eastside,Sunset,,CAN,"Vancouver, BC",49.219156,-123.092118,20220419,6407327.829,Canada,British Columbia,"Vancouver, BC",Vancouver,"MULTIPOLYGON (((-123.10298 49.204377, -123.104476 49.204377, -123.105434 49.204416, -123.106769 49.204493, -123.1067672 49.2045358, -123.106746 49.2050375, -123.106211 49.2177, -123.106195 49.21855, -123.1059314 49.2257517, -123.10566 49.233165, -123.105133 49.233149, -123.103723 49.233121, -123.1024519 49.2331017, -123.101504 49.233083, -123.100412 49.233062, -123.098924 49.233028, -123.097706 49.233009, -123.097209 49.232996, -123.090713 49.232948, -123.077224 49.23276, -123.077479 49.220439, -123.0774806 49.220322, -123.077481 49.220293, -123.077479 49.220223, -123.077474 49.220172, -123.077457 49.220097, -123.077438 49.220033, -123.077406 49.219952, -123.077355 49.219843, -123.0772 49.219546, -123.077127 49.219412, -123.077085 49.219314, -123.077061 49.219239, -123.077032 49.219144, -123.077017 49.219071, -123.077012 49.219012, -123.077012 49.2189369, -123.077012 49.218894, -123.077027 49.218172, -123.077053 49.216779, -123.077071 49.215458, -123.077083 49.214294, -123.077101 49.213148, -123.077111 49.212107, -123.077147 49.210836, -123.077222 49.209505, -123.077312 49.208127, -123.079075 49.207779, -123.082061 49.207224, -123.085323 49.206593, -123.085934 49.206464, -123.08674 49.206286, -123.089886 49.205583, -123.091903 49.205135, -123.093581 49.204854, -123.094834 49.204705, -123.095652 49.20462, -123.098797 49.204465, -123.10298 49.204377)))"
21468,Victoria - Fraserview,Neighborhood,N,Neighborhood,Vancouver Eastside,Victoria - Fraserview,,CAN,"Vancouver, BC",49.220106,-123.064086,20220419,5521825.438,Canada,British Columbia,"Vancouver, BC",Vancouver,"MULTIPOLYGON (((-123.05093 49.232789, -123.049304 49.232786, -123.048906 49.232786, -123.048771 49.229367, -123.050202 49.229312, -123.050544 49.220204, -123.050554 49.219864, -123.050566 49.219175, -123.05056 49.218869, -123.050559 49.218078, -123.0506145 49.2172541, -123.0506544 49.2170559, -123.0506704 49.2168734, -123.0507901 49.2165343, -123.0510616 49.2161588, -123.0512213 49.2159449, -123.0514928 49.2156737, -123.0518442 49.2153398, -123.0519265 49.2152668, -123.0524579 49.2147951, -123.0533294 49.2140723, -123.0539922 49.2134516, -123.0534971 49.2131595, -123.0538565 49.2127682, -123.0539477 49.2122194, -123.0540721 49.2113546, -123.0542152 49.2105615, -123.0542877 49.21016, -123.0544074 49.2097322, -123.0545751 49.2092053, -123.0547668 49.208861, -123.0550303 49.2084541, -123.0555031 49.2079136, -123.0555413 49.2078698, -123.0557889 49.2076194, -123.0557486 49.2074088, -123.055701 49.2071603, -123.0558734 49.2071521, -123.0569068 49.207103, -123.0568829 49.2058248, -123.0571181 49.2045929, -123.059675 49.204758, -123.060706 49.20479, -123.0618484 49.2047356, -123.062549 49.204662, -123.064398 49.204357, -123.066534 49.205696, -123.067068 49.205973, -123.067669 49.206243, -123.068724 49.206672, -123.069487 49.206979, -123.070086 49.207207, -123.070958 49.207527, -123.071468 49.207683, -123.072416 49.207946, -123.073081 49.208088, -123.073658 49.208195, -123.07428 49.208266, -123.075082 49.208309, -123.075812 49.208331, -123.076226 49.208323, -123.076499 49.208288, -123.077312 49.208127, -123.077222 49.209505, -123.077147 49.210836, -123.077111 49.212107, -123.077101 49.213148, -123.077083 49.214294, -123.077071 49.215458, -123.077053 49.216779, -123.077027 49.218172, -123.077012 49.218894, -123.077012 49.2189369, -123.077012 49.219012, -123.077017 49.219071, -123.077032 49.219144, -123.077061 49.219239, -123.077085 49.219314, -123.077127 49.219412, -123.0772 49.219546, -123.077355 49.219843, -123.077406 49.219952, -123.077438 49.220033, -123.077457 49.220097, -123.077474 49.220172, -123.077479 49.220223, -123.077481 49.220293, -123.0774806 49.220322, -123.077479 49.220439, -123.077224 49.23276, -123.058869 49.232862, -123.057364 49.232842, -123.055365 49.232823, -123.053827 49.232814, -123.052417 49.2328, -123.05093 49.232789)))"
822184,Fraserview,Neighborhood,S,Sub Neighborhood,Vancouver Eastside,Victoria Fraserview,Fraserview,CAN,"Vancouver, BC",49.213483,-123.064577,20220419,2733854.392,Canada,British Columbia,"Vancouver, BC",Vancouver,"MULTIPOLYGON (((-123.070761 49.219947, -123.070349 49.219945, -123.070289 49.219948, -123.070245 49.219953, -123.070202 49.219964, -123.070103 49.219996, -123.069316 49.220282, -123.069154 49.220344, -123.068512 49.220342, -123.067397 49.220325, -123.066545 49.220319, -123.066307 49.220151, -123.065871 49.220295, -123.065003 49.220282, -123.063394 49.220259, -123.062168 49.220245, -123.060893 49.220234, -123.059525 49.220223, -123.058282 49.220213, -123.057022 49.220209, -123.055867 49.220204, -123.055006 49.2202, -123.053946 49.220202, -123.052835 49.220214, -123.051741 49.220208, -123.050544 49.220204, -123.050554 49.219864, -123.050566 49.219175, -123.05056 49.218869, -123.050559 49.218078, -123.0506145 49.2172541, -123.0506544 49.2170559, -123.0506704 49.2168734, -123.0507901 49.2165343, -123.0510616 49.2161588, -123.0512213 49.2159449, -123.0514928 49.2156737, -123.0518442 49.2153398, -123.0519265 49.2152668, -123.0524579 49.2147951, -123.0533294 49.2140723, -123.0539922 49.2134516, -123.0534971 49.2131595, -123.0538565 49.2127682, -123.0539477 49.2122194, -123.0540721 49.2113546, -123.0542152 49.2105615, -123.0542877 49.21016, -123.0544074 49.2097322, -123.0545751 49.2092053, -123.0547668 49.208861, -123.0550303 49.2084541, -123.0555031 49.2079136, -123.0555413 49.2078698, -123.0557889 49.2076194, -123.0557486 49.2074088, -123.055701 49.2071603, -123.0558734 49.2071521, -123.0569068 49.207103, -123.0568829 49.2058248, -123.0571181 49.2045929, -123.059675 49.204758, -123.060706 49.20479, -123.0618484 49.2047356, -123.062549 49.204662, -123.064398 49.204357, -123.066534 49.205696, -123.067068 49.205973, -123.067669 49.206243, -123.068724 49.206672, -123.069487 49.206979, -123.070086 49.207207, -123.070958 49.207527, -123.071468 49.207683, -123.072416 49.207946, -123.073081 49.208088, -123.073658 49.208195, -123.07428 49.208266, -123.075082 49.208309, -123.075812 49.208331, -123.076226 49.208323, -123.076499 49.208288, -123.077312 49.208127, -123.077222 49.209505, -123.077147 49.210836, -123.077111 49.212107, -123.077101 49.213148, -123.077083 49.214294, -123.077071 49.215458, -123.077053 49.216779, -123.077027 49.218172, -123.077012 49.218894, -123.077012 49.2189369, -123.077012 49.219012, -123.077017 49.219071, -123.077032 49.219144, -123.077061 49.219239, -123.077085 49.219314, -123.077127 49.219412, -123.0772 49.219546, -123.077355 49.219843, -123.077406 49.219952, -123.077438 49.220033, -123.077457 49.220097, -123.077474 49.220172, -123.077479 49.220223, -123.077481 49.220293, -123.0774806 49.220322, -123.077479 49.220439, -123.076005 49.220428, -123.074522 49.220412, -123.073112 49.220398, -123.071965 49.220379, -123.071974 49.219954, -123.070761 49.219947)))"
822185,Renfrew Heights,Neighborhood,S,Sub Neighborhood,Vancouver Eastside,Renfrew Collingwood,Renfrew Heights,CAN,"Vancouver, BC",49.251518,-123.039423,20220419,3453489.699,Canada,British Columbia,"Vancouver, BC",Vancouver,"MULTIPOLYGON (((-123.023651 49.258171, -123.023663 49.256667, -123.02366 49.255402, -123.023646 49.254186, -123.0236523 49.2533255, -123.023655 49.25296, -123.023677 49.251559, -123.023672 49.250585, -123.023672 49.249098, -123.023672 49.247596, -123.023704 49.246206, -123.02369 49.245356, -123.023675 49.244879, -123.023966 49.24466, -123.024042 49.244614, -123.024151 49.244564, -123.024253 49.244528, -123.02432 49.244511, -123.02451 49.244481, -123.024652 49.244469, -123.024928 49.244467, -123.025353 49.244469, -123.025442 49.244467, -123.025526 49.244461, -123.025581 49.244455, -123.025633 49.244445, -123.025685 49.244433, -123.025729 49.24442, -123.025797 49.244395, -123.025928 49.244342, -123.026064 49.244416, -123.02612 49.244439, -123.026166 49.244452, -123.026225 49.244462, -123.026338 49.24447, -123.026455 49.244474, -123.027021 49.244474, -123.028104 49.244483, -123.029281 49.244491, -123.030264 49.244495, -123.031223 49.2445, -123.032394 49.244504, -123.033477 49.244513, -123.034767 49.244523, -123.035774 49.244527, -123.036678 49.24453, -123.03741 49.244535, -123.038393 49.244534, -123.039365 49.244538, -123.040337 49.244543, -123.041338 49.244548, -123.042259 49.244553, -123.043149 49.244554, -123.04385 49.244561, -123.044539 49.244578, -123.04534 49.244599, -123.045862 49.244608, -123.046775 49.244612, -123.04792 49.244619, -123.048957 49.244624, -123.049683 49.244625, -123.049664 49.244728, -123.049655 49.244816, -123.049648 49.244917, -123.049646 49.245005, -123.049642 49.245169, -123.049641 49.245725, -123.050375 49.246024, -123.051252 49.24639, -123.052616 49.246954, -123.053576 49.247354, -123.054282 49.24765, -123.055074 49.247977, -123.055986 49.248354, -123.056644 49.248626, -123.056644 49.249255, -123.056641 49.2501, -123.056635 49.250662, -123.056634 49.251524, -123.056634 49.252276, -123.056627 49.253226, -123.056624 49.254305, -123.05662 49.255041, -123.056616 49.255687, -123.056614 49.256281, -123.056598 49.256831, -123.056599 49.257299, -123.056612 49.257759, -123.056109 49.257672, -123.055684 49.257609, -123.055408 49.257575, -123.055174 49.25755, -123.054859 49.257523, -123.054465 49.257499, -123.054166 49.257488, -123.053797 49.257482, -123.053469 49.257481, -123.053169 49.257489, -123.052902 49.2575, -123.052623 49.257522, -123.052296 49.25755, -123.051919 49.257597, -123.051088 49.257705, -123.050111 49.257853, -123.049016 49.258016, -123.048194 49.258136, -123.047988 49.25816, -123.047797 49.258172, -123.047624 49.25818, -123.047364 49.258182, -123.046031 49.258182, -123.044031 49.25817, -123.041956 49.258146, -123.039945 49.258144, -123.038024 49.258144, -123.036362 49.258156, -123.034513 49.258165, -123.032678 49.258145, -123.030918 49.258143, -123.0291 49.258143, -123.02732 49.258152, -123.025988 49.258159, -123.025109 49.258166, -123.023651 49.258171)))"
822186,Collingwood,Neighborhood,S,Sub Neighborhood,Vancouver Eastside,Renfrew Collingwood,Collingwood,CAN,"Vancouver, BC",49.238898,-123.041385,20220419,3467405.126,Canada,British Columbia,"Vancouver, BC",Vancouver,"MULTIPOLYGON (((-123.039365 49.244538, -123.038393 49.244534, -123.03741 49.244535, -123.036678 49.24453, -123.035774 49.244527, -123.034767 49.244523, -123.033477 49.244513, -123.032394 49.244504, -123.031223 49.2445, -123.030264 49.244495, -123.029281 49.244491, -123.028104 49.244483, -123.027021 49.244474, -123.026455 49.244474, -123.026338 49.24447, -123.026225 49.244462, -123.026166 49.244452, -123.02612 49.244439, -123.026064 49.244416, -123.025928 49.244342, -123.025797 49.244395, -123.025729 49.24442, -123.025685 49.244433, -123.025633 49.244445, -123.025581 49.244455, -123.025526 49.244461, -123.025442 49.244467, -123.025353 49.244469, -123.024928 49.244467, -123.024652 49.244469, -123.02451 49.244481, -123.02432 49.244511, -123.024253 49.244528, -123.024151 49.244564, -123.024042 49.244614, -123.023966 49.24466, -123.023675 49.244879, -123.023651 49.244137, -123.023651 49.243816, -123.023649 49.243005, -123.023652 49.242031, -123.02365 49.241038, -123.023655 49.240601, -123.023644 49.240357, -123.023641 49.240289, -123.023621 49.24017, -123.023584 49.239964, -123.023542 49.239702, -123.023519 49.239529, -123.023514 49.239446, -123.023508 49.239266, -123.023501 49.238424, -123.023508 49.237413, -123.023512 49.236377, -123.023501 49.23532, -123.023508 49.234298, -123.023491 49.233355, -123.023473 49.232318, -123.025242 49.232237, -123.026583 49.232169, -123.027641 49.232121, -123.028971 49.232053, -123.029924 49.232013, -123.03031 49.23199, -123.030673 49.231986, -123.03087 49.231991, -123.031023 49.232005, -123.031266 49.232033, -123.031423 49.232059, -123.031512 49.232076, -123.031671 49.232111, -123.031854 49.232164, -123.032048 49.232227, -123.032232 49.23229, -123.032355 49.23234, -123.032638 49.232482, -123.033379 49.232861, -123.034252 49.233317, -123.035069 49.233735, -123.035878 49.234165, -123.03611 49.233934, -123.036309 49.233739, -123.036515 49.233562, -123.036609 49.233494, -123.036729 49.233411, -123.036909 49.233321, -123.037092 49.233241, -123.037245 49.233187, -123.037439 49.233129, -123.037651 49.233071, -123.037858 49.233029, -123.038038 49.232999, -123.038184 49.232981, -123.038378 49.232965, -123.038607 49.232961, -123.039733 49.232962, -123.040972 49.232957, -123.042665 49.232973, -123.04422 49.232975, -123.044989 49.232982, -123.0457389 49.2329761, -123.04614 49.232973, -123.0461534 49.2329725, -123.046398 49.232964, -123.046547 49.232959, -123.046682 49.232948, -123.046846 49.232932, -123.047175 49.232893, -123.047717 49.23283, -123.047981 49.232803, -123.048186 49.232794, -123.048453 49.232787, -123.048906 49.232786, -123.049304 49.232786, -123.05093 49.232789, -123.052417 49.2328, -123.053827 49.232814, -123.055365 49.232823, -123.057364 49.232842, -123.058869 49.232862, -123.058813 49.233885, -123.058802 49.234848, -123.058783 49.235736, -123.0587814 49.2358616, -123.058772 49.236597, -123.058761 49.237466, -123.058752 49.238274, -123.058754 49.238858, -123.05873 49.239423, -123.058713 49.239919, -123.058698 49.240467, -123.058691 49.240781, -123.058675 49.240931, -123.058653 49.24103, -123.058627 49.241127, -123.058582 49.241256, -123.058509 49.2414, -123.058426 49.241537, -123.058306 49.241697, -123.058111 49.241896, -123.057493 49.242431, -123.057069 49.242833, -123.056958 49.242944, -123.056899 49.243015, -123.056844 49.243095, -123.056772 49.243213, -123.056727 49.243313, -123.056692 49.243417, -123.056673 49.243502, -123.056663 49.243574, -123.056659 49.243716, -123.056656 49.244577, -123.056656 49.2454448, -123.056656 49.245506, -123.0566507 49.2462254, -123.05665 49.246328, -123.056655 49.247245, -123.056644 49.248137, -123.056644 49.248626, -123.055986 49.248354, -123.055074 49.247977, -123.054282 49.24765, -123.053576 49.247354, -123.052616 49.246954, -123.051252 49.24639, -123.050375 49.246024, -123.049641 49.245725, -123.049642 49.245169, -123.049646 49.245005, -123.049648 49.244917, -123.049655 49.244816, -123.049664 49.244728, -123.049683 49.244625, -123.048957 49.244624, -123.04792 49.244619, -123.046775 49.244612, -123.045862 49.244608, -123.04534 49.244599, -123.044539 49.244578, -123.04385 49.244561, -123.043149 49.244554, -123.042259 49.244553, -123.041338 49.244548, -123.040337 49.244543, -123.039365 49.244538)))"
822187,The Drive,Neighborhood,S,Sub Neighborhood,Vancouver Eastside,Grandview Woodland,The Drive,CAN,"Vancouver, BC",49.270593,-123.069725,20220419,144258.972,Canada,British Columbia,"Vancouver, BC",Vancouver,"MULTIPOLYGON (((-123.070432 49.263991, -123.070384 49.264052, -123.070373 49.264071, -123.070369 49.264087, -123.070368 49.264112, -123.070366 49.264132, -123.070361 49.264536, -123.070342 49.265084, -123.07027 49.265083, -123.070268 49.265124, -123.070263 49.265394, -123.070262 49.265727, -123.07026 49.265999, -123.070231 49.265997, -123.070208 49.266434, -123.070271 49.266435, -123.070271 49.266532, -123.070267 49.266752, -123.070265 49.266893, -123.070335 49.266894, -123.070325 49.267357, -123.070254 49.267357, -123.070247 49.267552, -123.070245 49.267801, -123.07021 49.267802, -123.070212 49.267877, -123.070212 49.268084, -123.070209 49.268252, -123.070481 49.268255, -123.070478 49.268463, -123.070472 49.268705, -123.07036 49.268705, -123.070349 49.269132, -123.070343 49.269338, -123.070339 49.269612, -123.071112 49.269622, -123.071091 49.270076, -123.070717 49.270076, -123.070718 49.270268, -123.070709 49.270524, -123.070132 49.27052, -123.070137 49.270992, -123.070121 49.271425, -123.070217 49.271425, -123.070211 49.271783, -123.070351 49.271791, -123.070353 49.271846, -123.070344 49.272148, -123.070247 49.272146, -123.070244 49.272501, -123.070229 49.272629, -123.070224 49.273065, -123.070647 49.273067, -123.071494 49.273067, -123.071487 49.273331, -123.07146 49.273931, -123.0702206 49.2739338, -123.0701349 49.2762233, -123.0701938 49.2762232, -123.0701886 49.2766662, -123.069532 49.276659, -123.06884 49.276652, -123.068851 49.276251, -123.068856 49.27574, -123.068867 49.275141, -123.068888 49.274602, -123.06889 49.273947, -123.069029 49.273945, -123.069031 49.273681, -123.069034 49.273568, -123.069034 49.273552, -123.069029 49.273535, -123.069015 49.27352, -123.068982 49.273498, -123.068928 49.273462, -123.0689075 49.2734395, -123.0689 49.273414, -123.068901 49.27314, -123.06891 49.272629, -123.068919 49.272138, -123.06885 49.272138, -123.068853 49.272088, -123.068856 49.271646, -123.068869 49.271289, -123.069011 49.271289, -123.06902 49.270864, -123.069055 49.270864, -123.06907 49.270509, -123.06884 49.270506, -123.068842 49.270343, -123.068854 49.26994, -123.068866 49.269602, -123.068969 49.269603, -123.068971 49.269432, -123.068984 49.268959, -123.068993 49.268405, -123.069003 49.267786, -123.069085 49.267786, -123.069094 49.267374, -123.069093 49.267095, -123.069128 49.267096, -123.069141 49.266467, -123.069145 49.2661, -123.069119 49.2661, -123.069119 49.266059, -123.069119 49.26577, -123.069129 49.265577, -123.069253 49.265573, -123.0697 49.265571, -123.069707 49.265072, -123.069089 49.265078, -123.06907 49.264538, -123.06906 49.26416, -123.069215 49.264157, -123.069219 49.263967, -123.069227 49.263528, -123.069948 49.263817, -123.070432 49.263991)))"
822188,Historic Japantown,Neighborhood,S,Sub Neighborhood,Vancouver Eastside,Downtown Eastside,Historic Japantown,CAN,"Vancouver, BC",49.283096,-123.095467,20220419,368076.674,Canada,British Columbia,"Vancouver, BC",Vancouver,"MULTIPOLYGON (((-123.089451 49.284417, -123.089472 49.283817, -123.089485 49.283227, -123.089488 49.282883, -123.089506 49.282079, -123.089526 49.2811532, -123.089734 49.281157, -123.0974222 49.2813016, -123.097473 49.2812971, -123.099649 49.281338, -123.0996777 49.2813385, -123.10022 49.281347, -123.100842 49.281359, -123.10145 49.28137, -123.102255 49.281385, -123.102248 49.281627, -123.102225 49.282136, -123.102208 49.282618, -123.102192 49.283058, -123.102177 49.283447, -123.1021759 49.2834626, -123.102164 49.2838196, -123.100173 49.284158, -123.0994887 49.2841317, -123.099419 49.284129, -123.099342 49.28435, -123.0992344 49.2844841, -123.0991733 49.2845604, -123.0991568 49.2845934, -123.0989817 49.284639, -123.097963 49.284886, -123.09694 49.285134, -123.096273 49.285274, -123.09596 49.285343, -123.095832 49.285366, -123.095608 49.285402, -123.095429 49.28543, -123.095256 49.28545, -123.095081 49.285467, -123.094901 49.285482, -123.094696 49.285487, -123.094493 49.285493, -123.094318 49.285488, -123.09402 49.285476, -123.093481 49.285432, -123.093125 49.28539, -123.092905 49.285347, -123.092215 49.285172, -123.0912 49.284896, -123.089451 49.284417)))"
89067,Riley Park,Neighborhood,N,Neighborhood,Vancouver Eastside,Riley Park,,CAN,"Vancouver, BC",49.244803,-123.103203,20220419,4893910.722,Canada,British Columbia,"Vancouver, BC",Vancouver,"MULTIPOLYGON (((-123.10231 49.256588, -123.101406 49.256582, -123.100059 49.256591, -123.098885 49.256575, -123.097727 49.256554, -123.096493 49.256535, -123.089959 49.25648, -123.090713 49.232948, -123.097209 49.232996, -123.097706 49.233009, -123.098924 49.233028, -123.100412 49.233062, -123.101504 49.233083, -123.1024519 49.2331017, -123.103723 49.233121, -123.105133 49.233149, -123.10566 49.233165, -123.106504 49.23319, -123.107873 49.233236, -123.109227 49.233283, -123.110728 49.233335, -123.112044 49.233384, -123.113001 49.233427, -123.114143 49.233472, -123.116345 49.233554, -123.116018 49.238141, -123.116688 49.239083, -123.117894 49.240259, -123.118346 49.241072, -123.118316 49.242338, -123.117954 49.243273, -123.116613 49.243936, -123.115437 49.244848, -123.115317 49.246513, -123.115264 49.252488, -123.115128 49.256907, -123.10492 49.256635, -123.103945 49.256616, -123.103042 49.256602, -123.10231 49.256588)))"
822294,Strathcona,Neighborhood,N,Neighborhood,Vancouver Eastside,Strathcona,,CAN,"Vancouver, BC",49.271112,-123.088368,20220419,1733385.453,Canada,British Columbia,"Vancouver, BC",Vancouver,"MULTIPOLYGON (((-123.09363 49.276654, -123.0936309 49.2764823, -123.0936203 49.276311, -123.0935586 49.2761696, -123.0934635 49.2760408, -123.0933507 49.275897, -123.0932467 49.2757993, -123.0931004 49.2756843, -123.0929488 49.2755889, -123.0928078 49.2755268, -123.0927015 49.2755005, -123.0926089 49.2754776, -123.0924271 49.2754325, -123.0922015 49.2754072, -123.0920376 49.2753876, -123.0901491 49.2752069, -123.0900647 49.2751988, -123.0892946 49.2751294, -123.0892017 49.275122, -123.0889926 49.2750796, -123.0887769 49.2750359, -123.0887096 49.2750179, -123.0886775 49.2750094, -123.0882605 49.2749012, -123.0878816 49.2747977, -123.0874603 49.2746793, -123.0873705 49.2746471, -123.0865333 49.2743397, -123.0859513 49.2741196, -123.0856238 49.2739893, -123.0850898 49.2737835, -123.0849682 49.2737432, -123.0846985 49.2736547, -123.0845064 49.2735914, -123.0840182 49.273427, -123.0835476 49.2732867, -123.0834277 49.2732568, -123.0831933 49.2732223, -123.0827633 49.2731648, -123.0827333 49.2733994, -123.0827221 49.2739525, -123.0826416 49.2768285, -123.082572 49.2768274, -123.081486 49.276813, -123.080727 49.276805, -123.080462 49.276806, -123.079332 49.276788, -123.07793 49.276762, -123.0772444 49.2767494, -123.07722 49.276749, -123.07723 49.276381, -123.077241 49.275865, -123.077264 49.274826, -123.077284 49.273868, -123.077303 49.273042, -123.077316 49.272214, -123.077331 49.271482, -123.077338 49.270904, -123.077358 49.270427, -123.077384 49.269964, -123.077405 49.269162, -123.077398 49.268508, -123.077394 49.267733, -123.077412 49.26689, -123.0774209 49.2663283, -123.077422 49.266257, -123.077419 49.265997, -123.07742 49.26569, -123.077425 49.265587, -123.07746 49.265176, -123.078237 49.265192, -123.079266 49.265202, -123.08027 49.265209, -123.080912 49.265215, -123.081123 49.265222, -123.081453 49.265245, -123.081596 49.26526, -123.081682 49.265273, -123.081846 49.265301, -123.082053 49.265337, -123.082684 49.265457, -123.083707 49.265654, -123.084682 49.265843, -123.085672 49.266032, -123.086636 49.266216, -123.087363 49.266355, -123.08831 49.266537, -123.0886344 49.2665994, -123.088887 49.266648, -123.08909 49.266686, -123.0892185 49.266708, -123.089259 49.266715, -123.089382 49.266734, -123.089518 49.266749, -123.089665 49.266761, -123.089855 49.266767, -123.090455 49.266772, -123.09171 49.266782, -123.0927657 49.266792, -123.093874 49.266799, -123.095044 49.266811, -123.0955605 49.2668139, -123.09558 49.266814, -123.095728 49.26682, -123.095868 49.266831, -123.096014 49.266849, -123.096204 49.266881, -123.096335 49.266904, -123.096487 49.266939, -123.096653 49.266988, -123.096792 49.267032, -123.096912 49.267073, -123.097015 49.267114, -123.097114 49.267158, -123.097208 49.267204, -123.097339 49.267272, -123.097459 49.26734, -123.097983 49.26764, -123.09863 49.26801, -123.099261 49.26837, -123.099805 49.268689, -123.099942 49.2687687, -123.100061 49.268838, -123.100275 49.268944, -123.100403 49.268994, -123.100476 49.269015, -123.100692 49.269067, -123.100656 49.27016, -123.100633 49.270628, -123.100626 49.270739, -123.100602 49.27085, -123.1005878 49.2709018, -123.100573 49.270956, -123.100546 49.271028, -123.100514 49.271106, -123.100217 49.271636, -123.100122 49.271845, -123.100094 49.271921, -123.100073 49.272016, -123.1000615 49.2721168, -123.100057 49.272156, -123.100039 49.272491, -123.100026 49.272806, -123.0998964 49.274913, -123.0999377 49.2749134, -123.099922 49.275233, -123.0999142 49.2754503, -123.09989 49.276122, -123.0998613 49.2765858, -123.099845 49.276849, -123.0998429 49.2769021, -123.0998241 49.2771959, -123.098977 49.277179, -123.09881 49.277169, -123.098625 49.277148, -123.098425 49.27712, -123.098271 49.277086, -123.097917 49.277002, -123.097388 49.276865, -123.0972647 49.2768346, -123.097185 49.276815, -123.096974 49.276771, -123.096825 49.276748, -123.096675 49.276733, -123.0963995 49.2767125, -123.096312 49.276706, -123.096003 49.276698, -123.095106 49.276682, -123.094089 49.276662, -123.09363 49.276654)))"
822189,Hogans Alley,Neighborhood,S,Sub Neighborhood,Vancouver Eastside,Strathcona,Hogans Alley,CAN,"Vancouver, BC",49.27721,-123.096329,20220419,38069.822,Canada,British Columbia,"Vancouver, BC",Vancouver,"MULTIPOLYGON (((-123.0969488 49.2776227, -123.096648 49.277617, -123.09534 49.277589, -123.094243 49.277572, -123.093585 49.277563, -123.093608 49.277125, -123.09363 49.276654, -123.094089 49.276662, -123.095106 49.276682, -123.096003 49.276698, -123.096312 49.276706, -123.0963995 49.2767125, -123.096675 49.276733, -123.096825 49.276748, -123.096974 49.276771, -123.097185 49.276815, -123.0972647 49.2768346, -123.097388 49.276865, -123.097917 49.277002, -123.098271 49.277086, -123.098425 49.27712, -123.098625 49.277148, -123.09881 49.277169, -123.098977 49.277179, -123.0998241 49.2771959, -123.0997762 49.2776676, -123.0995695 49.2776666, -123.099349 49.277668, -123.098725 49.277654, -123.09824 49.2776445, -123.0969488 49.2776227)))"
822203,East Hastings,Neighborhood,S,Sub Neighborhood,Vancouver Eastside,Hastings Sunrise,East Hastings,CAN,"Vancouver, BC",49.286839,-123.040172,20220419,3037300.524,Canada,British Columbia,"Vancouver, BC",Vancouver,"MULTIPOLYGON (((-123.048908 49.293201, -123.048783 49.293196, -123.048723 49.293196, -123.048678 49.293202, -123.048648 49.293211, -123.048608 49.293228, -123.048591 49.293242, -123.048573 49.293292, -123.048543 49.293341, -123.048519 49.293371, -123.048487 49.293399, -123.048458 49.293418, -123.048417 49.293435, -123.048349 49.293453, -123.048315 49.293455, -123.04826 49.293455, -123.048155 49.293453, -123.048099 49.293449, -123.048039 49.29345, -123.047991 49.293462, -123.047969 49.293471, -123.047929 49.293536, -123.047909 49.293565, -123.047879 49.2936, -123.047839 49.293631, -123.047742 49.293666, -123.047468 49.293736, -123.047414 49.293745, -123.047322 49.293754, -123.047224 49.293753, -123.046785 49.293729, -123.046713 49.29372, -123.046647 49.293706, -123.046459 49.293659, -123.046416 49.293641, -123.046377 49.293614, -123.046346 49.293588, -123.046325 49.29357, -123.046317 49.293541, -123.046309 49.293445, -123.046317 49.293419, -123.046325 49.293364, -123.046317 49.293316, -123.046286 49.29326, -123.046224 49.293176, -123.046181 49.293134, -123.046098 49.293071, -123.046053 49.293028, -123.046023 49.292989, -123.046 49.292929, -123.045995 49.292882, -123.045994 49.292804, -123.045992 49.292773, -123.045983 49.29274, -123.045951 49.292699, -123.045924 49.292684, -123.045864 49.292656, -123.045753 49.292618, -123.045709 49.292612, -123.045666 49.292614, -123.045551 49.292617, -123.045384 49.292876, -123.045224 49.29283, -123.045148 49.292919, -123.044503 49.292723, -123.044587 49.292612, -123.044472 49.292576, -123.0444944 49.292545, -123.044655 49.292323, -123.04453 49.292282, -123.044483 49.292254, -123.044327 49.292158, -123.044233 49.292099, -123.044168 49.292068, -123.044115 49.292052, -123.04407 49.292043, -123.044028 49.29204, -123.043969 49.292042, -123.043908 49.292054, -123.04366 49.292171, -123.043315 49.292401, -123.043278 49.292419, -123.043204 49.292443, -123.043132 49.292458, -123.043089 49.29246, -123.042992 49.292462, -123.042948 49.292459, -123.042885 49.292442, -123.042835 49.292424, -123.042798 49.292414, -123.042763 49.292415, -123.042439 49.292428, -123.042348 49.292429, -123.042293 49.292424, -123.042146 49.292381, -123.041965 49.292317, -123.041802 49.292278, -123.041668 49.292256, -123.041581 49.292252, -123.041484 49.292261, -123.041391 49.292261, -123.041254 49.292255, -123.040843 49.292204, -123.04072 49.292186, -123.040638 49.292184, -123.040512 49.292188, -123.040453 49.292183, -123.040325 49.292153, -123.04014 49.2921, -123.040042 49.292062, -123.039963 49.292025, -123.039857 49.291961, -123.039791 49.291919, -123.039747 49.291886, -123.039719 49.291853, -123.039671 49.291788, -123.039652 49.291738, -123.039629 49.291668, -123.039596 49.291567, -123.039585 49.291513, -123.039581 49.291474, -123.039573 49.291438, -123.039557 49.291412, -123.039523 49.291373, -123.039483 49.291336, -123.039428 49.291303, -123.039217 49.291186, -123.039108 49.29113, -123.039003 49.291084, -123.038907 49.291053, -123.038794 49.291025, -123.038679 49.291012, -123.038393 49.291002, -123.03792 49.290995, -123.037705 49.290978, -123.037581 49.290961, -123.037484 49.290946, -123.037398 49.290917, -123.037296 49.290864, -123.037165 49.290713, -123.037077 49.290633, -123.036997 49.290579, -123.036926 49.290543, -123.036868 49.290527, -123.036791 49.290513, -123.036727 49.290505, -123.036665 49.290499, -123.036571 49.290495, -123.03651 49.290497, -123.036416 49.290504, -123.036374 49.290511, -123.036359 49.290518, -123.036351 49.290541, -123.036329 49.290609, -123.036299 49.290631, -123.036246 49.290652, -123.03621 49.290655, -123.03618 49.29065, -123.036167 49.290643, -123.036147 49.290626, -123.036132 49.290599, -123.036117 49.290555, -123.036103 49.290487, -123.036093 49.290469, -123.036063 49.290451, -123.036022 49.290436, -123.035994 49.290429, -123.035945 49.290421, -123.035913 49.290422, -123.03568 49.290457, -123.035378 49.290495, -123.035352 49.290531, -123.03533 49.29056, -123.035312 49.290577, -123.035293 49.290587, -123.035264 49.290595, -123.035423 49.290982, -123.035475 49.291086, -123.03531 49.291122, -123.034893 49.291531, -123.03485 49.291562, -123.034778 49.2916, -123.034688 49.291635, -123.034558 49.291674, -123.03402 49.291786, -123.03297 49.292, -123.032475 49.292105, -123.032484 49.292123, -123.032363 49.292137, -123.032238 49.292138, -123.03208 49.29213, -123.031955 49.292112, -123.0313 49.292005, -123.030171 49.292245, -123.028975 49.292482, -123.028888 49.29228, -123.028271 49.292514, -123.02779 49.292701, -123.027694 49.292737, -123.027596 49.292776, -123.027564 49.292779, -123.027487 49.292779, -123.027403 49.292769, -123.027325 49.292753, -123.027199 49.292719, -123.027086 49.292664, -123.026987 49.292604, -123.026922 49.292545, -123.026895 49.292515, -123.026872 49.292499, -123.026852 49.292493, -123.026827 49.29249, -123.026798 49.2925, -123.026713 49.292558, -123.026554 49.292678, -123.026478 49.292741, -123.026405 49.292786, -123.02599 49.292924, -123.025939 49.292949, -123.025882 49.292986, -123.025762 49.293126, -123.025622 49.2933249, -123.025593 49.293343, -123.025555 49.293351, -123.025481 49.293355, -123.02544 49.293349, -123.0253845 49.2933364, -123.025335 49.293324, -123.025291 49.293311, -123.025265 49.293287, -123.025232 49.293252, -123.025198 49.293229, -123.025162 49.293213, -123.02514 49.293212, -123.025071 49.293216, -123.024391 49.293274, -123.024056 49.293333, -123.02373 49.293371, -123.023321 49.293421, -123.023334 49.291301, -123.023356 49.290223, -123.023381 49.288836, -123.0234016 49.2878713, -123.0234901 49.2817771, -123.023489 49.281228, -123.023489 49.281117, -123.024046 49.281118, -123.026053 49.28112, -123.027474 49.281124, -123.028806 49.281122, -123.030231 49.281123, -123.031735 49.281123, -123.033169 49.281128, -123.034656 49.281132, -123.036399 49.281132, -123.037894 49.281132, -123.039698 49.281134, -123.040822 49.281134, -123.042031 49.281133, -123.043413 49.281128, -123.044841 49.281125, -123.045916 49.281132, -123.047327 49.281142, -123.048569 49.281142, -123.049855 49.281142, -123.051308 49.281143, -123.052437 49.281146, -123.054078 49.281145, -123.055243 49.281145, -123.056552 49.281149, -123.056552 49.281363, -123.056548 49.282195, -123.056542 49.282913, -123.056536 49.283582, -123.056529 49.284257, -123.056519 49.28495, -123.056523 49.285659, -123.056514 49.286241, -123.056509 49.286846, -123.056513 49.287348, -123.056503 49.287864, -123.056515 49.288324, -123.05652 49.288459, -123.056516 49.288504, -123.056505 49.288542, -123.056484 49.288585, -123.056452 49.288625, -123.056399 49.288672, -123.056479 49.28876, -123.056503 49.288795, -123.056516 49.288822, -123.056524 49.28885, -123.056529 49.288878, -123.056527 49.288919, -123.056516 49.289086, -123.056494 49.289757, -123.056495 49.290282, -123.056495 49.290606, -123.056512 49.290719, -123.056573 49.290818, -123.056598 49.290852, -123.056625 49.290904, -123.056646 49.290968, -123.056659 49.291045, -123.056671 49.291323, -123.056804 49.29141, -123.056702 49.291451, -123.056576 49.291501, -123.056413 49.291563, -123.056653 49.291941, -123.056587 49.291933, -123.056515 49.291926, -123.056445 49.291918, -123.056403 49.291919, -123.056377 49.291926, -123.056333 49.291947, -123.0562126 49.2920603, -123.056198 49.292074, -123.056152 49.292117, -123.056113 49.292142, -123.056041 49.292177, -123.055726 49.292291, -123.055056 49.292505, -123.054928 49.292557, -123.054878 49.292586, -123.054809 49.29261, -123.054281 49.29277, -123.05352 49.292992, -123.052662 49.293282, -123.052141 49.293459, -123.05151 49.293622, -123.050903 49.293818, -123.050185 49.293984, -123.0501 49.293997, -123.049994 49.293998, -123.04994 49.293994, -123.04986 49.293981, -123.04981 49.293967, -123.049736 49.293947, -123.049703 49.293934, -123.049672 49.293915, -123.049654 49.293894, -123.049637 49.293863, -123.049626 49.29382, -123.049628 49.293764, -123.049643 49.293645, -123.04966 49.293587, -123.049662 49.293547, -123.049662 49.293476, -123.049661 49.293418, -123.049654 49.293395, -123.049648 49.293377, -123.049631 49.293354, -123.049618 49.2933375, -123.049596 49.293325, -123.049575 49.293314, -123.049509 49.293295, -123.049258 49.293243, -123.049053 49.293212, -123.048908 49.293201)))"
822262,Little India,Neighborhood,S,Sub Neighborhood,Vancouver Eastside,Sunset,Little India,CAN,"Vancouver, BC",49.224965,-123.101699,20220419,36516.035,Canada,British Columbia,"Vancouver, BC",Vancouver,"MULTIPOLYGON (((-123.1009592 49.2256085, -123.101015 49.223751, -123.101699 49.223763, -123.101711 49.223423, -123.101733 49.222867, -123.102369 49.222875, -123.102353 49.223483, -123.102344 49.223687, -123.10235 49.223722, -123.10236 49.223772, -123.102371 49.223842, -123.102371 49.223884, -123.102366 49.224397, -123.102338 49.22499, -123.102321 49.225563, -123.102316 49.225678, -123.102287 49.226256, -123.102251 49.226673, -123.101575 49.226659, -123.100928 49.226647, -123.1009592 49.2256085)))"
822265,Olympic Village,Neighborhood,S,Sub Neighborhood,Vancouver Eastside,Mount Pleasant,Olympic Village,CAN,"Vancouver, BC",49.271262,-123.106961,20220419,81176.008,Canada,British Columbia,"Vancouver, BC",Vancouver,"MULTIPOLYGON (((-123.1081677 49.2723364, -123.107858 49.272332, -123.1078559 49.2723703, -123.107855 49.272388, -123.10773 49.272384, -123.107742 49.272108, -123.107283 49.272096, -123.107304 49.272135, -123.107306 49.27215, -123.107306 49.272168, -123.107304 49.27219, -123.1073 49.272205, -123.107292 49.272222, -123.107278 49.27224, -123.107257 49.272258, -123.107235 49.27227, -123.10719 49.272291, -123.107157 49.272304, -123.107108 49.272315, -123.107039 49.272325, -123.107001 49.272329, -123.106947 49.272331, -123.106919 49.27233, -123.10687 49.272326, -123.106801 49.272319, -123.106716 49.272304, -123.106618 49.27228, -123.106418 49.272232, -123.106349 49.272217, -123.106307 49.272212, -123.106278 49.272213, -123.106211 49.272216, -123.106148 49.272224, -123.106114 49.272233, -123.106091 49.272238, -123.106049 49.272242, -123.105955 49.272241, -123.105797 49.272228, -123.105725 49.272226, -123.105676 49.272228, -123.105365 49.272243, -123.105294 49.272241, -123.105074 49.272226, -123.104937 49.272227, -123.104834 49.272232, -123.104527 49.272249, -123.104523 49.272331, -123.104443 49.272331, -123.104375 49.272294, -123.104375 49.272016, -123.10436 49.271737, -123.10446 49.271735, -123.104521 49.271638, -123.104533 49.271618, -123.104537 49.271603, -123.104546 49.271484, -123.104569 49.271116, -123.104571 49.270714, -123.104574 49.270649, -123.10457 49.270594, -123.104564 49.270557, -123.104554 49.270533, -123.104541 49.270498, -123.104539 49.270466, -123.104546 49.270179, -123.105054 49.270187, -123.106082 49.270202, -123.107396 49.27025, -123.108582 49.270257, -123.109408 49.27025, -123.109399 49.270721, -123.109385 49.271081, -123.109377 49.271421, -123.109366 49.271641, -123.109369 49.271664, -123.109379 49.271699, -123.109387 49.271734, -123.109392 49.271867, -123.109387 49.272022, -123.109385 49.272042, -123.109379 49.272056, -123.109359 49.272084, -123.109354 49.272212, -123.109419 49.272212, -123.109414 49.272411, -123.109365 49.272421, -123.109336 49.272424, -123.109254 49.272423, -123.109106 49.27241, -123.108802 49.272376, -123.108739 49.272374, -123.10874 49.27235, -123.108208 49.272337, -123.1081677 49.2723364)))"
89049,Killarney,Neighborhood,N,Neighborhood,Vancouver Eastside,Killarney,,CAN,"Vancouver, BC",49.217016,-123.037577,20220419,6923077.28,Canada,British Columbia,"Vancouver, BC",Vancouver,"MULTIPOLYGON (((-123.034252 49.233317, -123.033379 49.232861, -123.032638 49.232482, -123.032355 49.23234, -123.032232 49.23229, -123.032048 49.232227, -123.031854 49.232164, -123.031671 49.232111, -123.031512 49.232076, -123.031423 49.232059, -123.031266 49.232033, -123.031023 49.232005, -123.03087 49.231991, -123.030673 49.231986, -123.03031 49.23199, -123.029924 49.232013, -123.028971 49.232053, -123.027641 49.232121, -123.026583 49.232169, -123.025242 49.232237, -123.023473 49.232318, -123.023552 49.231474, -123.023483 49.224729, -123.023618 49.222565, -123.023672 49.221969, -123.023696 49.221817, -123.023704 49.221693, -123.023714 49.22156, -123.023722 49.221422, -123.023728 49.221061, -123.023727 49.21988, -123.023725 49.218738, -123.023726 49.217712, -123.023718 49.216824, -123.023715 49.215897, -123.023714 49.215057, -123.023719 49.214353, -123.023714 49.213431, -123.023704 49.212708, -123.023706 49.212432, -123.023715 49.212274, -123.023725 49.212157, -123.02374 49.212064, -123.023757 49.211958, -123.02378 49.211809, -123.023932 49.211233, -123.024049 49.210816, -123.02407 49.210728, -123.024087 49.210628, -123.024099 49.210509, -123.024105 49.210414, -123.024099 49.210312, -123.024089 49.210235, -123.024077 49.210177, -123.02405 49.21009, -123.023899 49.209631, -123.023796 49.209334, -123.023769 49.209248, -123.023751 49.209151, -123.023659 49.208612, -123.023583 49.208155, -123.023543 49.207917, -123.023467 49.207422, -123.023439 49.207167, -123.023426 49.206975, -123.02342 49.206466, -123.02344 49.205961, -123.023449 49.205241, -123.023446 49.205003, -123.023434 49.204843, -123.023427 49.204773, -123.023409 49.204643, -123.023372 49.204389, -123.023363 49.204295, -123.023337 49.20382, -123.023335 49.203518, -123.023332 49.203402, -123.023319 49.203295, -123.023305 49.203203, -123.023284 49.203114, -123.023259 49.203043, -123.023231 49.202984, -123.023206 49.202938, -123.023156 49.202868, -123.023081 49.202765, -123.022963 49.202615, -123.023165 49.202518, -123.0232 49.202496, -123.023225 49.202475, -123.02326 49.202438, -123.023287 49.202408, -123.023313 49.202371, -123.023344 49.202321, -123.023358 49.202287, -123.023367 49.202225, -123.023373 49.202165, -123.023386 49.201766, -123.023397 49.201454, -123.023521 49.201456, -123.023577 49.201456, -123.02361 49.201459, -123.023637 49.201465, -123.02367 49.201475, -123.023699 49.20148, -123.023811 49.201493, -123.024678 49.199888, -123.032691 49.201782, -123.03696 49.202744, -123.039142 49.203181, -123.042333 49.203711, -123.043644 49.203928, -123.04469 49.204023, -123.046876 49.204117, -123.050911 49.204288, -123.052927 49.204355, -123.0539909 49.2044063, -123.0571181 49.2045929, -123.0568829 49.2058248, -123.0569068 49.207103, -123.0558734 49.2071521, -123.055701 49.2071603, -123.0557486 49.2074088, -123.0557889 49.2076194, -123.0555413 49.2078698, -123.0555031 49.2079136, -123.0550303 49.2084541, -123.0547668 49.208861, -123.0545751 49.2092053, -123.0544074 49.2097322, -123.0542877 49.21016, -123.0542152 49.2105615, -123.0540721 49.2113546, -123.0539477 49.2122194, -123.0538565 49.2127682, -123.0534971 49.2131595, -123.0539922 49.2134516, -123.0533294 49.2140723, -123.0524579 49.2147951, -123.0519265 49.2152668, -123.0518442 49.2153398, -123.0514928 49.2156737, -123.0512213 49.2159449, -123.0510616 49.2161588, -123.0507901 49.2165343, -123.0506704 49.2168734, -123.0506544 49.2170559, -123.0506145 49.2172541, -123.050559 49.218078, -123.05056 49.218869, -123.050566 49.219175, -123.050554 49.219864, -123.050544 49.220204, -123.050202 49.229312, -123.048771 49.229367, -123.048906 49.232786, -123.048453 49.232787, -123.048186 49.232794, -123.047981 49.232803, -123.047717 49.23283, -123.047175 49.232893, -123.046846 49.232932, -123.046682 49.232948, -123.046547 49.232959, -123.046398 49.232964, -123.0461534 49.2329725, -123.04614 49.232973, -123.0457389 49.2329761, -123.044989 49.232982, -123.04422 49.232975, -123.042665 49.232973, -123.040972 49.232957, -123.039733 49.232962, -123.038607 49.232961, -123.038378 49.232965, -123.038184 49.232981, -123.038038 49.232999, -123.037858 49.233029, -123.037651 49.233071, -123.037439 49.233129, -123.037245 49.233187, -123.037092 49.233241, -123.036909 49.233321, -123.036729 49.233411, -123.036609 49.233494, -123.036515 49.233562, -123.036309 49.233739, -123.03611 49.233934, -123.035878 49.234165, -123.035069 49.233735, -123.034252 49.233317)))"
822267,Champlain Heights,Neighborhood,S,Sub Neighborhood,Vancouver Eastside,Killarney,Champlain Heights,CAN,"Vancouver, BC",49.211231,-123.0322,20220419,2814830.185,Canada,British Columbia,"Vancouver, BC",Vancouver,"MULTIPOLYGON (((-123.023672 49.221969, -123.023696 49.221817, -123.023704 49.221693, -123.023714 49.22156, -123.023722 49.221422, -123.023728 49.221061, -123.023727 49.21988, -123.023725 49.218738, -123.023726 49.217712, -123.023718 49.216824, -123.023715 49.215897, -123.023714 49.215057, -123.023719 49.214353, -123.023714 49.213431, -123.023704 49.212708, -123.023706 49.212432, -123.023715 49.212274, -123.023725 49.212157, -123.02374 49.212064, -123.023757 49.211958, -123.02378 49.211809, -123.023932 49.211233, -123.024049 49.210816, -123.02407 49.210728, -123.024087 49.210628, -123.024099 49.210509, -123.024105 49.210414, -123.024099 49.210312, -123.024089 49.210235, -123.024077 49.210177, -123.02405 49.21009, -123.023899 49.209631, -123.023796 49.209334, -123.023769 49.209248, -123.023751 49.209151, -123.023659 49.208612, -123.023583 49.208155, -123.023543 49.207917, -123.023467 49.207422, -123.023439 49.207167, -123.023426 49.206975, -123.02342 49.206466, -123.02344 49.205961, -123.023449 49.205241, -123.023446 49.205003, -123.023434 49.204843, -123.023427 49.204773, -123.023409 49.204643, -123.023372 49.204389, -123.023363 49.204295, -123.023337 49.20382, -123.023335 49.203518, -123.023332 49.203402, -123.023319 49.203295, -123.023305 49.203203, -123.023284 49.203114, -123.023259 49.203043, -123.023231 49.202984, -123.023206 49.202938, -123.023156 49.202868, -123.023081 49.202765, -123.022963 49.202615, -123.023165 49.202518, -123.0232 49.202496, -123.023225 49.202475, -123.02326 49.202438, -123.023287 49.202408, -123.023313 49.202371, -123.023344 49.202321, -123.023358 49.202287, -123.023367 49.202225, -123.023373 49.202165, -123.023386 49.201766, -123.023397 49.201454, -123.023521 49.201456, -123.023577 49.201456, -123.02361 49.201459, -123.023637 49.201465, -123.02367 49.201475, -123.023699 49.20148, -123.023811 49.201493, -123.024678 49.199888, -123.032691 49.201782, -123.03696 49.202744, -123.039142 49.203181, -123.042333 49.203711, -123.042321 49.204563, -123.042296 49.205345, -123.04229 49.205495, -123.042292 49.205515, -123.042302 49.205529, -123.042336 49.20559, -123.042324 49.205754, -123.042291 49.206279, -123.042282 49.206581, -123.042272 49.206636, -123.042263 49.206727, -123.042249 49.207114, -123.042235 49.207582, -123.042233 49.207849, -123.042244 49.208205, -123.042248 49.208507, -123.042242 49.208673, -123.042233 49.208808, -123.042212 49.208972, -123.042187 49.20909, -123.042156 49.209232, -123.042119 49.209371, -123.042006 49.209801, -123.041902 49.210216, -123.041833 49.210482, -123.0418 49.210636, -123.041784 49.210705, -123.041765 49.210815, -123.041748 49.210928, -123.041741 49.211018, -123.041704 49.211615, -123.041662 49.212395, -123.041629 49.21307, -123.041601 49.213629, -123.041568 49.21436, -123.041537 49.214991, -123.041513 49.215508, -123.041478 49.216273, -123.041437 49.217109, -123.041403 49.21785, -123.041371 49.218519, -123.04134 49.219157, -123.041316 49.21965, -123.041297 49.220177, -123.040094 49.220169, -123.038712 49.220159, -123.037362 49.220147, -123.035962 49.220133, -123.034676 49.220122, -123.033655 49.220111, -123.032397 49.220095, -123.032396 49.220134, -123.032089 49.220137, -123.032033 49.220141, -123.031972 49.22015, -123.031687 49.220152, -123.031124 49.220144, -123.031111 49.220131, -123.031091 49.22012, -123.031058 49.220114, -123.031002 49.220112, -123.030057 49.220101, -123.029949 49.220693, -123.029851 49.221246, -123.029794 49.221446, -123.02974 49.221593, -123.02967 49.221751, -123.029607 49.221874, -123.029559 49.221959, -123.029457 49.222131, -123.029326 49.222306, -123.029213 49.222436, -123.029114 49.222532, -123.029032 49.222604, -123.028813 49.222781, -123.028581 49.22296, -123.028459 49.223045, -123.028141 49.223246, -123.027944 49.223124, -123.027767 49.223015, -123.027505 49.222858, -123.027269 49.222725, -123.027062 49.222618, -123.026921 49.22255, -123.026774 49.222492, -123.026581 49.222417, -123.026388 49.222348, -123.026167 49.222278, -123.025985 49.222221, -123.025724 49.222159, -123.025461 49.222103, -123.025113 49.222043, -123.024751 49.221997, -123.024439 49.221975, -123.024306 49.221969, -123.024171 49.221966, -123.023972 49.221966, -123.023672 49.221969)))"
822290,Downtown Eastside,Neighborhood,N,Neighborhood,Vancouver Eastside,Downtown Eastside,,CAN,"Vancouver, BC",49.282479,-123.091707,20220419,2972573.398,Canada,British Columbia,"Vancouver, BC",Vancouver,"MULTIPOLYGON (((-123.0982914 49.2903194, -123.098595 49.289858, -123.097175 49.289471, -123.095746 49.289087, -123.095556 49.289363, -123.093746 49.288865, -123.093577 49.289132, -123.092691 49.288891, -123.092868 49.288618, -123.092573 49.288541, -123.09184 49.28833, -123.091785 49.289461, -123.091783 49.289502, -123.091718 49.289525, -123.091338 49.289421, -123.090676 49.28924, -123.089964 49.289046, -123.089077 49.288795, -123.088368 49.288602, -123.087583 49.288384, -123.086934 49.288207, -123.086687 49.288134, -123.082423 49.287904, -123.082199 49.287905, -123.081134 49.288068, -123.080844 49.288067, -123.080835 49.288185, -123.080634 49.288178, -123.079674 49.288187, -123.07968 49.289325, -123.079646 49.28941, -123.079525 49.289583, -123.079344 49.289585, -123.077897 49.289612, -123.077899 49.28929, -123.077897 49.289043, -123.077889 49.289023, -123.077873 49.289001, -123.077842 49.288982, -123.07778 49.288965, -123.077181 49.288841, -123.077184 49.288518, -123.077186 49.288185, -123.077192 49.287952, -123.077196 49.287468, -123.0770532 49.287469, -123.077051 49.287172, -123.077067 49.286452, -123.077071 49.285822, -123.077075 49.285598, -123.0770823 49.2855262, -123.0770942 49.2846364, -123.0771073 49.2836548, -123.077138 49.281361, -123.0771497 49.2808537, -123.0772444 49.2767494, -123.07793 49.276762, -123.079332 49.276788, -123.080462 49.276806, -123.080727 49.276805, -123.081486 49.276813, -123.082572 49.2768274, -123.0826416 49.2768285, -123.0827221 49.2739525, -123.0827333 49.2733994, -123.0827633 49.2731648, -123.0831933 49.2732223, -123.0834277 49.2732568, -123.0835476 49.2732867, -123.0840182 49.273427, -123.0845064 49.2735914, -123.0846985 49.2736547, -123.0849682 49.2737432, -123.0850898 49.2737835, -123.0856238 49.2739893, -123.0859513 49.2741196, -123.0865333 49.2743397, -123.0873705 49.2746471, -123.0874603 49.2746793, -123.0878816 49.2747977, -123.0882605 49.2749012, -123.0886775 49.2750094, -123.0887096 49.2750179, -123.0887769 49.2750359, -123.0889926 49.2750796, -123.0892017 49.275122, -123.0892946 49.2751294, -123.0900647 49.2751988, -123.0901491 49.2752069, -123.0920376 49.2753876, -123.0922015 49.2754072, -123.0924271 49.2754325, -123.0926089 49.2754776, -123.0927015 49.2755005, -123.0928078 49.2755268, -123.0929488 49.2755889, -123.0931004 49.2756843, -123.0932467 49.2757993, -123.0933507 49.275897, -123.0934635 49.2760408, -123.0935586 49.2761696, -123.0936203 49.276311, -123.0936309 49.2764823, -123.09363 49.276654, -123.094089 49.276662, -123.095106 49.276682, -123.096003 49.276698, -123.096312 49.276706, -123.0963995 49.2767125, -123.096675 49.276733, -123.096825 49.276748, -123.096974 49.276771, -123.097185 49.276815, -123.0972647 49.2768346, -123.097388 49.276865, -123.097917 49.277002, -123.098271 49.277086, -123.098425 49.27712, -123.098625 49.277148, -123.09881 49.277169, -123.098977 49.277179, -123.0998241 49.2771959, -123.0997762 49.2776676, -123.100583 49.27766, -123.101808 49.277629, -123.102137 49.277616, -123.10213 49.278152, -123.102131 49.278917, -123.102133 49.279003, -123.10214 49.279054, -123.102151 49.279114, -123.102168 49.279169, -123.102207 49.279269, -123.102391 49.279234, -123.102487 49.279222, -123.10262 49.27921, -123.102737 49.279204, -123.103026 49.279205, -123.104076 49.279226, -123.104282 49.279231, -123.104438 49.279234, -123.104534 49.279238, -123.104622 49.279242, -123.104712 49.279249, -123.104875 49.279267, -123.105708 49.279398, -123.106141 49.279475, -123.105945 49.27993, -123.105655 49.280613, -123.10559 49.280748, -123.105734 49.280773, -123.105888 49.280797, -123.105363 49.281173, -123.105397 49.281189, -123.104861 49.281578, -123.109392 49.282413, -123.10956 49.282577, -123.1094984 49.2827195, -123.109141 49.283546, -123.1099649 49.2840635, -123.1109278 49.2846683, -123.111532 49.285103, -123.111877 49.285339, -123.112023 49.2854388, -123.112404 49.285699, -123.113438 49.286329, -123.113857 49.2865939, -123.113903 49.286623, -123.113421 49.286998, -123.1132916 49.287101, -123.113269 49.287119, -123.113108 49.28724, -123.113075 49.287266, -123.113066 49.287277, -123.113052 49.287303, -123.112644 49.287732, -123.110935 49.286858, -123.108961 49.287462, -123.108248 49.286519, -123.106785 49.286721, -123.105046 49.286393, -123.103084 49.286379, -123.1029191 49.2858178, -123.102851 49.285586, -123.100917 49.285558, -123.10091 49.285943, -123.101031 49.286565, -123.100944 49.286585, -123.1000095 49.2867035, -123.09995 49.286711, -123.099934 49.286901, -123.099809 49.286898, -123.099778 49.287153, -123.099681 49.287781, -123.099849 49.287852, -123.099963 49.287902, -123.10002 49.287929, -123.100072 49.287972, -123.100114 49.288023, -123.100164 49.288083, -123.100189 49.288133, -123.100213 49.288197, -123.100226 49.288256, -123.10023 49.288319, -123.100228 49.288423, -123.100213 49.288568, -123.100158 49.289014, -123.10009 49.289547, -123.100079 49.289694, -123.100085 49.2899, -123.100079 49.289972, -123.100193 49.290006, -123.1000401 49.290247, -123.10003 49.290263, -123.099981 49.2902495, -123.099127 49.290014, -123.098755 49.289906, -123.0984604 49.2903124, -123.098352 49.290462, -123.098218 49.290431, -123.0982914 49.2903194)))"
1173601,Norquay Village,Neighborhood,S,Sub Neighborhood,Vancouver Eastside,Renfrew Collingwood,Norquay Village,CAN,"Vancouver, BC",49.238942,-123.053669,20220419,1536567.107,Canada,British Columbia,"Vancouver, BC",Vancouver,"MULTIPOLYGON (((-123.0575564 49.246258, -123.0574458 49.24624, -123.0566507 49.2462254, -123.056656 49.245506, -123.056656 49.2454448, -123.0560666 49.2454611, -123.0559822 49.2454634, -123.055964 49.2446382, -123.0521446 49.2446382, -123.049683 49.244625, -123.0508519 49.2432956, -123.0490499 49.2425667, -123.0479335 49.2421447, -123.045446 49.2411985, -123.0424884 49.2400604, -123.043977 49.2386025, -123.0428802 49.2382061, -123.0445842 49.2365308, -123.0450739 49.2362366, -123.0459151 49.2363603, -123.0457389 49.2329761, -123.04614 49.232973, -123.0461534 49.2329725, -123.046398 49.232964, -123.046547 49.232959, -123.046682 49.232948, -123.046846 49.232932, -123.047175 49.232893, -123.047717 49.23283, -123.047981 49.232803, -123.048186 49.232794, -123.048453 49.232787, -123.048906 49.232786, -123.049304 49.232786, -123.05093 49.232789, -123.052417 49.2328, -123.053827 49.232814, -123.055365 49.232823, -123.057364 49.232842, -123.058869 49.232862, -123.058813 49.233885, -123.058802 49.234848, -123.058783 49.235736, -123.0587814 49.2358616, -123.0621209 49.2359085, -123.0620911 49.2372759, -123.0620921 49.2386455, -123.0621009 49.2389381, -123.0619988 49.2389373, -123.0619246 49.2389357, -123.0619322 49.2391593, -123.0619284 49.2393681, -123.061918 49.2396695, -123.0618994 49.2398095, -123.0628941 49.2398112, -123.0628495 49.2406979, -123.062803 49.2418307, -123.0628035 49.2425988, -123.0627239 49.2427617, -123.0626607 49.2428812, -123.0616032 49.2437626, -123.0611041 49.2441931, -123.0608426 49.2444298, -123.0606263 49.2446509, -123.0604884 49.2448402, -123.0604598 49.244961, -123.0604224 49.2461971, -123.060418 49.2462314, -123.0602738 49.2462334, -123.0598028 49.246236, -123.0598036 49.246254, -123.05947 49.2462526, -123.0585798 49.246261, -123.0575564 49.246258)))"
1280420,Cedar Cove,Neighborhood,S,Sub Neighborhood,Vancouver Eastside,Grandview Woodland,Cedar Cove,CAN,"Vancouver, BC",49.283926,-123.064345,20220419,888253.174,Canada,British Columbia,"Vancouver, BC",Vancouver,"MULTIPOLYGON (((-123.056552 49.281149, -123.056554 49.2807119, -123.0585026 49.2807253, -123.0636385 49.2807606, -123.0636384 49.2802789, -123.0655896 49.2802878, -123.0655896 49.2806953, -123.0704007 49.2807612, -123.0771497 49.2808537, -123.077138 49.281361, -123.0771073 49.2836548, -123.0734965 49.2840908, -123.0703437 49.2845072, -123.0652636 49.2851616, -123.0642761 49.2853638, -123.0635742 49.2856018, -123.0632767 49.2857207, -123.0629793 49.2859587, -123.0625272 49.2863751, -123.0620513 49.2870294, -123.0615992 49.2876005, -123.0606831 49.2888616, -123.0602429 49.2894089, -123.0592673 49.2901227, -123.0580062 49.2907295, -123.056671 49.291323, -123.056659 49.291045, -123.056646 49.290968, -123.056625 49.290904, -123.056598 49.290852, -123.056573 49.290818, -123.056512 49.290719, -123.056495 49.290606, -123.056495 49.290282, -123.056494 49.289757, -123.056516 49.289086, -123.056527 49.288919, -123.056529 49.288878, -123.056524 49.28885, -123.056516 49.288822, -123.056503 49.288795, -123.056479 49.28876, -123.056399 49.288672, -123.056452 49.288625, -123.056484 49.288585, -123.056505 49.288542, -123.056516 49.288504, -123.05652 49.288459, -123.056515 49.288324, -123.056503 49.287864, -123.056513 49.287348, -123.056509 49.286846, -123.056514 49.286241, -123.056523 49.285659, -123.056519 49.28495, -123.056529 49.284257, -123.056536 49.283582, -123.056542 49.282913, -123.056548 49.282195, -123.056552 49.281363, -123.056552 49.281149)))"
1280421,Britannia-Woodland,Neighborhood,S,Sub Neighborhood,Vancouver Eastside,Grandview Woodland,Britannia-Woodland,CAN,"Vancouver, BC",49.27292,-123.073731,20220419,881249.039,Canada,British Columbia,"Vancouver, BC",Vancouver,"MULTIPOLYGON (((-123.0704007 49.2807612, -123.0704633 49.2783137, -123.0704514 49.2781055, -123.0703741 49.2779092, -123.0702789 49.2777724, -123.0700885 49.2775939, -123.0699041 49.2774393, -123.0696959 49.2772846, -123.069571 49.2771121, -123.0694996 49.276892, -123.069532 49.276659, -123.0701886 49.2766662, -123.0701938 49.2762232, -123.0701349 49.2762233, -123.0702206 49.2739338, -123.07146 49.273931, -123.071487 49.273331, -123.071494 49.273067, -123.070647 49.273067, -123.070224 49.273065, -123.070229 49.272629, -123.070244 49.272501, -123.070247 49.272146, -123.070344 49.272148, -123.070353 49.271846, -123.070351 49.271791, -123.070211 49.271783, -123.070217 49.271425, -123.070121 49.271425, -123.070137 49.270992, -123.070132 49.27052, -123.070709 49.270524, -123.070718 49.270268, -123.070717 49.270076, -123.071091 49.270076, -123.071112 49.269622, -123.070339 49.269612, -123.070343 49.269338, -123.070349 49.269132, -123.07036 49.268705, -123.070472 49.268705, -123.070478 49.268463, -123.070481 49.268255, -123.070209 49.268252, -123.070212 49.268084, -123.070212 49.267877, -123.07021 49.267802, -123.070245 49.267801, -123.070247 49.267552, -123.070254 49.267357, -123.070325 49.267357, -123.070335 49.266894, -123.070265 49.266893, -123.070267 49.266752, -123.070271 49.266532, -123.070271 49.266435, -123.070208 49.266434, -123.070231 49.265997, -123.07026 49.265999, -123.070262 49.265727, -123.070263 49.265394, -123.070268 49.265124, -123.07027 49.265083, -123.070342 49.265084, -123.070361 49.264536, -123.070366 49.264132, -123.070368 49.264112, -123.070369 49.264087, -123.070373 49.264071, -123.070384 49.264052, -123.070432 49.263991, -123.0774209 49.2663283, -123.077412 49.26689, -123.077394 49.267733, -123.077398 49.268508, -123.077405 49.269162, -123.077384 49.269964, -123.077358 49.270427, -123.077338 49.270904, -123.077331 49.271482, -123.077316 49.272214, -123.077303 49.273042, -123.077284 49.273868, -123.077264 49.274826, -123.077241 49.275865, -123.07723 49.276381, -123.07722 49.276749, -123.0772444 49.2767494, -123.0771497 49.2808537, -123.0704007 49.2807612)))"
1280422,Grandview,Neighborhood,S,Sub Neighborhood,Vancouver Eastside,Grandview Woodland,Grandview,CAN,"Vancouver, BC",49.271669,-123.062891,20220419,1878845.335,Canada,British Columbia,"Vancouver, BC",Vancouver,"MULTIPOLYGON (((-123.0655896 49.2802878, -123.0636384 49.2802789, -123.0636385 49.2807606, -123.0585026 49.2807253, -123.056554 49.2807119, -123.056558 49.279805, -123.056581 49.262221, -123.0585418 49.262241, -123.065885 49.262316, -123.0667926 49.2623234, -123.0668071 49.2624588, -123.0668357 49.2625659, -123.0669784 49.2626658, -123.069227 49.263528, -123.069219 49.263967, -123.069215 49.264157, -123.06906 49.26416, -123.06907 49.264538, -123.069089 49.265078, -123.069707 49.265072, -123.0697 49.265571, -123.069253 49.265573, -123.069129 49.265577, -123.069119 49.26577, -123.069119 49.266059, -123.069119 49.2661, -123.069145 49.2661, -123.069141 49.266467, -123.069128 49.267096, -123.069093 49.267095, -123.069094 49.267374, -123.069085 49.267786, -123.069003 49.267786, -123.068993 49.268405, -123.068984 49.268959, -123.068971 49.269432, -123.068969 49.269603, -123.068866 49.269602, -123.068854 49.26994, -123.068842 49.270343, -123.06884 49.270506, -123.06907 49.270509, -123.069055 49.270864, -123.06902 49.270864, -123.069011 49.271289, -123.068869 49.271289, -123.068856 49.271646, -123.068853 49.272088, -123.06885 49.272138, -123.068919 49.272138, -123.06891 49.272629, -123.068901 49.27314, -123.0689 49.273414, -123.0689075 49.2734395, -123.068928 49.273462, -123.068982 49.273498, -123.069015 49.27352, -123.069029 49.273535, -123.069034 49.273552, -123.069034 49.273568, -123.069031 49.273681, -123.069029 49.273945, -123.06889 49.273947, -123.068888 49.274602, -123.068867 49.275141, -123.068856 49.27574, -123.068851 49.276251, -123.06884 49.276652, -123.069532 49.276659, -123.0694996 49.276892, -123.069571 49.2771121, -123.0696959 49.2772846, -123.0699041 49.2774393, -123.0700885 49.2775939, -123.0702789 49.2777724, -123.0703741 49.2779092, -123.0704514 49.2781055, -123.0704633 49.2783137, -123.0704007 49.2807612, -123.0655896 49.2806953, -123.0655896 49.2802878)))"
21450,West Point Grey,Neighborhood,N,Neighborhood,Vancouver Westside,West Point Grey,,CAN,"Vancouver, BC",49.26756,-123.203556,20220419,4760873.283,Canada,British Columbia,"Vancouver, BC",Vancouver,"MULTIPOLYGON (((-123.2214833 49.2781406, -123.2211859 49.2780692, -123.2208052 49.2780692, -123.2206399 49.2780614, -123.2205554 49.2780573, -123.2205091 49.278004, -123.2204007 49.2778789, -123.2201152 49.2777837, -123.2196036 49.2777956, -123.2193061 49.2777718, -123.2191277 49.2775339, -123.2187827 49.2773911, -123.2182116 49.2773673, -123.217474 49.2774625, -123.2168948 49.2776324, -123.2163046 49.2776835, -123.2161771 49.2776244, -123.2161771 49.2775458, -123.216082 49.2773911, -123.2157013 49.2771293, -123.2151778 49.2770699, -123.2146067 49.2770818, -123.2145507 49.2771051, -123.2145106 49.2771027, -123.2129273 49.2772854, -123.2127789 49.2769311, -123.2127495 49.2769135, -123.2125723 49.2766654, -123.2121559 49.2765345, -123.2114539 49.2765226, -123.2110409 49.2765443, -123.2110018 49.2765464, -123.2108472 49.2762965, -123.2107163 49.2759991, -123.2106937 49.2759495, -123.2105973 49.2757374, -123.21005 49.2755946, -123.2091577 49.2754994, -123.2074564 49.2755946, -123.2060168 49.2757017, -123.2052171 49.2758388, -123.2047676 49.2759158, -123.2022692 49.2763322, -123.2021621 49.2764631, -123.2021631 49.2764786, -123.2021453 49.2764817, -123.2016505 49.2771293, -123.2019004 49.277284, -123.2016029 49.2775458, -123.2014483 49.2774744, -123.201365 49.2773673, -123.201365 49.2771175, -123.2019135 49.2763968, -123.2016543 49.2762555, -123.2008625 49.2759658, -123.2002394 49.275697, -123.1992503 49.2754965, -123.1991213 49.2754978, -123.1988308 49.2755555, -123.198773 49.2755671, -123.1987595 49.2755827, -123.1985215 49.2756184, -123.1983431 49.2755351, -123.1983331 49.2755033, -123.1982836 49.2753448, -123.1983772 49.275244, -123.198438 49.275178, -123.1986071 49.2750726, -123.1986286 49.2750592, -123.1985879 49.2749932, -123.198533 49.274905, -123.198153 49.274679, -123.1980985 49.2746558, -123.19751 49.274405, -123.197394 49.274371, -123.1969392 49.2742383, -123.1967794 49.2742244, -123.1966656 49.2742145, -123.1966891 49.274085, -123.1968321 49.2739766, -123.1968321 49.2737386, -123.1967013 49.273346, -123.1961897 49.2729891, -123.1951665 49.2725846, -123.1943575 49.2725608, -123.1932867 49.2725846, -123.1921446 49.2725965, -123.1905633 49.2728257, -123.189794 49.2729371, -123.1896818 49.2729534, -123.18967 49.272979, -123.189123 49.273061, -123.1884843 49.2731859, -123.1884806 49.2732736, -123.1884758 49.27339, -123.1884596 49.2737688, -123.1884523 49.2739409, -123.1883912 49.2753871, -123.188264 49.275403, -123.1882621 49.2754161, -123.1876474 49.2754161, -123.1860175 49.2752139, -123.1856779 49.2752, -123.1855945 49.2751871, -123.1852405 49.2748494, -123.1853925 49.2734004, -123.185503 49.273167, -123.185663 49.268589, -123.185949 49.261255, -123.183974 49.259851, -123.183984 49.257913, -123.184961 49.257931, -123.187131 49.257954, -123.190227 49.258003, -123.193975 49.258074, -123.197988 49.25813, -123.200109 49.258155, -123.202174 49.25819, -123.203215 49.258205, -123.204179 49.258219, -123.206249 49.258256, -123.207882 49.258276, -123.209872 49.258307, -123.211635 49.258333, -123.213496 49.258359, -123.215419 49.258394, -123.215386 49.259314, -123.215368 49.259845, -123.215345 49.260504, -123.215323 49.26119, -123.215297 49.261744, -123.215275 49.262329, -123.215257 49.262915, -123.215232 49.263544, -123.215203 49.264197, -123.215183 49.264749, -123.215159 49.26539, -123.215134 49.266121, -123.215107 49.26689, -123.215085 49.267406, -123.215485 49.2674, -123.216407 49.267384, -123.216869 49.267376, -123.21711 49.26737, -123.218038 49.267319, -123.21898 49.267252, -123.219442 49.267217, -123.219502 49.267212, -123.219527 49.267205, -123.219553 49.26719, -123.219576 49.267174, -123.219623 49.26723, -123.219642 49.26726, -123.219663 49.267293, -123.219712 49.267395, -123.219734 49.267455, -123.219744 49.267486, -123.219752 49.267526, -123.219753 49.267562, -123.219753 49.267585, -123.21975 49.267606, -123.219743 49.267629, -123.219711 49.26769, -123.219619 49.267915, -123.219598 49.267969, -123.219594 49.267991, -123.219588 49.268148, -123.219571 49.268359, -123.219557 49.268566, -123.219557 49.26859, -123.219563 49.268623, -123.219573 49.268684, -123.21958 49.268831, -123.219588 49.26897, -123.221037 49.268817, -123.222335 49.268684, -123.222277 49.270547, -123.222984 49.271146, -123.223651 49.271774, -123.225121 49.272916, -123.225034 49.274207, -123.224988 49.274995, -123.224763 49.276155, -123.224399 49.277418, -123.22455 49.277427, -123.224503 49.277706, -123.224506 49.277731, -123.224519 49.27776, -123.224579 49.278101, -123.2245937 49.2781908, -123.2244062 49.2782478, -123.2241721 49.2783191, -123.2239818 49.2782477, -123.2237914 49.2781525, -123.2232798 49.278093, -123.2226969 49.2781287, -123.2221972 49.2782715, -123.2220762 49.2783304, -123.2218392 49.2783728, -123.2217451 49.2782715, -123.2214833 49.2781406)))"
21451,Kitsilano,Neighborhood,N,Neighborhood,Vancouver Westside,Kitsilano,,CAN,"Vancouver, BC",49.26644,-123.163204,20220419,5544103.814,Canada,British Columbia,"Vancouver, BC",Vancouver,"MULTIPOLYGON (((-123.146313 49.277994, -123.146252 49.277993, -123.146185 49.277994, -123.146122 49.277998, -123.146049 49.278008, -123.145942 49.278031, -123.145828 49.278062, -123.1457428 49.2780885, -123.1455904 49.2782953, -123.145539 49.2784304, -123.1454953 49.2785451, -123.1453049 49.2787593, -123.144991 49.2788314, -123.1446473 49.2788848, -123.1444602 49.2789139, -123.1440914 49.278902, -123.1434132 49.2787831, -123.1429135 49.2786284, -123.1426178 49.2785262, -123.1425169 49.2784911, -123.1424453 49.2784663, -123.1422949 49.2784143, -123.1419684 49.2781768, -123.141771 49.278034, -123.1413194 49.2777065, -123.141309 49.277699, -123.141278 49.2776862, -123.140998 49.27757, -123.1407307 49.277418, -123.140641 49.277367, -123.140554 49.2773703, -123.140308 49.2773792, -123.1401535 49.277285, -123.1398202 49.2770818, -123.1391778 49.2766773, -123.139026 49.2765417, -123.1381784 49.275785, -123.1379286 49.2755589, -123.1377144 49.2752734, -123.1389493 49.2748591, -123.1392455 49.2747514, -123.1442931 49.2730956, -123.1444033 49.2730466, -123.1446747 49.2729036, -123.1450035 49.2726974, -123.145211 49.2724943, -123.1453867 49.2721594, -123.1454709 49.2718479, -123.1455375 49.2707643, -123.1456253 49.2684312, -123.1458359 49.2623025, -123.1460411 49.2571822, -123.152943 49.257276, -123.153657 49.257293, -123.15509 49.257319, -123.156446 49.257339, -123.157695 49.257356, -123.159105 49.257373, -123.160479 49.257397, -123.161535 49.257416, -123.162637 49.257433, -123.16364 49.257452, -123.163812 49.257459, -123.163944 49.257467, -123.164061 49.257476, -123.16423 49.257496, -123.164444 49.257528, -123.164754 49.257574, -123.164967 49.257597, -123.165139 49.257605, -123.166983 49.257646, -123.170661 49.257713, -123.17361 49.257751, -123.177045 49.257797, -123.178072 49.257814, -123.17935 49.257836, -123.182468 49.257885, -123.183984 49.257913, -123.183974 49.259851, -123.185949 49.261255, -123.185663 49.268589, -123.185503 49.273167, -123.1853925 49.2734004, -123.1842157 49.2734025, -123.183804 49.2733546, -123.1837689 49.2731556, -123.183519 49.2730724, -123.1826862 49.272882, -123.1818534 49.2727749, -123.1807946 49.2725727, -123.1798666 49.2723942, -123.1788196 49.2722871, -123.1771897 49.2722396, -123.1768713 49.2722445, -123.1764877 49.2721087, -123.1759999 49.2720016, -123.1755597 49.2719183, -123.1751195 49.2719302, -123.1747031 49.2719183, -123.1742867 49.2718232, -123.173787 49.2717399, -123.1731565 49.2717756, -123.1726211 49.2717637, -123.1720976 49.2717042, -123.1717526 49.2716804, -123.1711696 49.2717399, -123.1705153 49.2717399, -123.1698371 49.2719064, -123.169278 49.2721206, -123.1687069 49.2723823, -123.1681001 49.2725013, -123.1675172 49.2727154, -123.1671346 49.2728338, -123.166863 49.272918, -123.1664588 49.2730389, -123.1664384 49.273045, -123.1664179 49.2730512, -123.166268 49.273096, -123.1661444 49.2731682, -123.1660903 49.2731997, -123.1660736 49.2732095, -123.1659821 49.2732629, -123.1659447 49.27331, -123.165828 49.273322, -123.1657443 49.273336, -123.1657217 49.2733398, -123.1656925 49.2733447, -123.1656072 49.273359, -123.165542 49.27337, -123.165031 49.273501, -123.1648567 49.2736553, -123.1647094 49.2737862, -123.1646788 49.2738542, -123.1646023 49.2740242, -123.1645327 49.2741698, -123.1644715 49.2742978, -123.1641502 49.2742859, -123.1639799 49.2742178, -123.1639123 49.2741907, -123.1636505 49.2741431, -123.1633293 49.2741431, -123.1629843 49.2741669, -123.162556 49.2742145, -123.1622496 49.2741762, -123.162175 49.274167, -123.1621401 49.2741716, -123.1618184 49.2742145, -123.1616017 49.2742867, -123.1614257 49.2743454, -123.1610688 49.2743811, -123.160581 49.2744168, -123.1602836 49.2749046, -123.1600695 49.2751901, -123.16001 49.2751782, -123.1600219 49.2748927, -123.1603788 49.2743573, -123.1600772 49.2742028, -123.159891 49.2741074, -123.159653 49.2739528, -123.1593556 49.2737743, -123.1590106 49.27381, -123.1583581 49.2739049, -123.1583266 49.2738944, -123.1574736 49.2738593, -123.1570356 49.2737743, -123.1567025 49.2737029, -123.1564886 49.2736494, -123.156366 49.273671, -123.156159 49.273719, -123.156054 49.273746, -123.155968 49.27377, -123.155913 49.27378, -123.155891 49.273779, -123.155844 49.273767, -123.155797 49.273747, -123.15577 49.273733, -123.155753 49.273732, -123.155721 49.273737, -123.1556701 49.2737578, -123.1556296 49.273828, -123.1555821 49.2739313, -123.1555335 49.2740229, -123.1554572 49.2741157, -123.1554324 49.2741458, -123.1553425 49.2742288, -123.1552147 49.2743119, -123.1550909 49.2744235, -123.155037 49.274487, -123.154928 49.274599, -123.154575 49.274924, -123.1545656 49.2749326, -123.154293 49.27518, -123.154003 49.275504, -123.153605 49.27586, -123.153254 49.276221, -123.1528836 49.2766338, -123.1527288 49.2768795, -123.1526217 49.2771888, -123.152647 49.277347, -123.1522819 49.2776559, -123.1512358 49.278011, -123.1511822 49.2780335, -123.1508252 49.2780573, -123.1504921 49.2780692, -123.150241 49.2779515, -123.1501287 49.2778989, -123.150018 49.277888, -123.149964 49.277884, -123.149884 49.277866, -123.149845 49.277859, -123.149785 49.277853, -123.14972 49.277853, -123.149659 49.27786, -123.149589 49.277876, -123.1490369 49.2782853, -123.1485574 49.2786682, -123.1483149 49.2789139, -123.148184 49.2790805, -123.1480175 49.2791995, -123.1477125 49.2792198, -123.147669 49.279225, -123.147594 49.279226, -123.147488 49.27922, -123.1474112 49.2792077, -123.1472799 49.2791995, -123.1472571 49.2791468, -123.1470895 49.2787593, -123.1471019 49.2787069, -123.1470986 49.2783733, -123.147098 49.278307, -123.147009 49.278288, -123.14692 49.278263, -123.14681 49.27823, -123.146725 49.2782036, -123.146644 49.278169, -123.146581 49.278123, -123.146549 49.278091, -123.146509 49.278053, -123.146475 49.278027, -123.146445 49.278013, -123.146405 49.278004, -123.146356 49.277997, -123.146313 49.277994)))"
21452,Fairview,Neighborhood,N,Neighborhood,Vancouver Westside,Fairview,,CAN,"Vancouver, BC",49.264091,-123.131422,20220419,3337583.028,Canada,British Columbia,"Vancouver, BC",Vancouver,"MULTIPOLYGON (((-123.139104 49.271023, -123.138077 49.270775, -123.137917 49.271156, -123.13788 49.271253, -123.138335 49.271342, -123.138249 49.271495, -123.138085 49.271775, -123.138044 49.271767, -123.137923 49.27201, -123.137703 49.272368, -123.137629 49.272442, -123.137262 49.272711, -123.13696 49.272883, -123.136452 49.27315, -123.136185 49.273256, -123.136139 49.273261, -123.135949 49.273258, -123.135945 49.273221, -123.135285 49.273225, -123.134828 49.273227, -123.134742 49.273158, -123.134638 49.273221, -123.134332 49.272998, -123.134454 49.272933, -123.13432 49.272825, -123.133939 49.272497, -123.133167 49.272006, -123.132719 49.271627, -123.131903 49.27111, -123.13164 49.270919, -123.131298 49.270631, -123.131024 49.270411, -123.130799 49.27024, -123.130488 49.270027, -123.130322 49.2699, -123.130211 49.269664, -123.130224 49.269459, -123.130216 49.269064, -123.130367 49.269066, -123.130377 49.268834, -123.13038 49.268451, -123.130725 49.268396, -123.130884 49.268396, -123.130926 49.2684, -123.130964 49.268409, -123.131046 49.268433, -123.13121 49.268477, -123.13126 49.268491, -123.131315 49.2685, -123.131367 49.268509, -123.13143 49.268516, -123.131517 49.268522, -123.131769 49.268532, -123.131882 49.268535, -123.131925 49.268539, -123.131966 49.268545, -123.132009 49.26856, -123.132045 49.268572, -123.132095 49.268583, -123.132138 49.268585, -123.132208 49.268584, -123.132268 49.268573, -123.132309 49.268561, -123.132337 49.268561, -123.132428 49.268567, -123.132662 49.268587, -123.132698 49.268593, -123.132743 49.268606, -123.133046 49.268733, -123.133258 49.268815, -123.133337 49.268844, -123.133388 49.268869, -123.133423 49.268886, -123.133473 49.2689, -123.133515 49.268909, -123.133616 49.268753, -123.134001 49.268841, -123.134078 49.268667, -123.134097 49.268626, -123.134107 49.268591, -123.134107 49.2685735, -123.1340987 49.2685474, -123.13407 49.268487, -123.1338169 49.2683479, -123.133343 49.2685109, -123.132897 49.2678422, -123.132296 49.2679875, -123.1316433 49.2673285, -123.1312966 49.2673688, -123.1308445 49.2677733, -123.1307017 49.2680588, -123.1298927 49.2681064, -123.129393 49.2683206, -123.1256335 49.2682492, -123.1251814 49.2679161, -123.1248483 49.2677495, -123.12442 49.2678209, -123.1241106 49.2681064, -123.1240631 49.2684633, -123.1235872 49.2682492, -123.1231351 49.268273, -123.1227068 49.2683444, -123.1222547 49.2686537, -123.1216836 49.2687013, -123.1212077 49.2685585, -123.1211136 49.2680054, -123.1208533 49.2677682, -123.1191852 49.2677971, -123.118971 49.2678923, -123.1188044 49.2695341, -123.1183286 49.2691296, -123.1181382 49.2692486, -123.1180192 49.2695817, -123.1177099 49.2695817, -123.1175433 49.269891, -123.1156636 49.2708428, -123.114882 49.271248, -123.114918 49.270643, -123.114952 49.269846, -123.11497 49.269399, -123.114969 49.269109, -123.114951 49.268696, -123.114918 49.268014, -123.114842 49.26664, -123.115128 49.256907, -123.127208 49.257153, -123.1278647 49.2571396, -123.131289 49.25707, -123.1313074 49.2570775, -123.1314741 49.2569386, -123.1318049 49.2571078, -123.1326754 49.2574999, -123.1335456 49.2577858, -123.1337404 49.2578345, -123.1339377 49.2578731, -123.1341472 49.2578942, -123.134454 49.257913, -123.1351336 49.2579299, -123.1356989 49.257944, -123.1359018 49.257949, -123.136307 49.257942, -123.136565 49.2579067, -123.1368127 49.2578559, -123.1370397 49.2577823, -123.1373361 49.2576791, -123.1376272 49.2575468, -123.1379031 49.257397, -123.1382756 49.2571948, -123.1383682 49.2571445, -123.1384439 49.2571112, -123.1384978 49.2570922, -123.1385505 49.2570787, -123.1386155 49.2570709, -123.1387123 49.2570677, -123.1388152 49.2570686, -123.1390221 49.2570705, -123.1391597 49.2570732, -123.1395195 49.2570752, -123.1396308 49.2570758, -123.141249 49.257106, -123.1412991 49.2571068, -123.1422598 49.2571245, -123.1433413 49.257153, -123.1458199 49.2571798, -123.14588 49.25718, -123.1460411 49.2571822, -123.1458359 49.2623025, -123.1456253 49.2684312, -123.1455375 49.2707643, -123.1454709 49.2718479, -123.1453867 49.2721594, -123.145211 49.2724943, -123.1450035 49.2726974, -123.1446747 49.2729036, -123.1444033 49.2730466, -123.1442931 49.2730956, -123.1392455 49.2747514, -123.1389493 49.2748591, -123.138837 49.274673, -123.139628 49.273024, -123.139104 49.271023)))"
21460,South Cambie,Neighborhood,N,Neighborhood,Vancouver Westside,South Cambie,,CAN,"Vancouver, BC",49.245605,-123.121794,20220419,2184005.353,Canada,British Columbia,"Vancouver, BC",Vancouver,"MULTIPOLYGON (((-123.115128 49.256907, -123.115264 49.252488, -123.115317 49.246513, -123.115437 49.244848, -123.116613 49.243936, -123.117954 49.243273, -123.118316 49.242338, -123.118346 49.241072, -123.117894 49.240259, -123.116688 49.239083, -123.116018 49.238141, -123.116345 49.233554, -123.117648 49.233593, -123.119002 49.233634, -123.120292 49.233667, -123.122203 49.233748, -123.124043 49.233807, -123.125706 49.233865, -123.127349 49.233928, -123.128051 49.233953, -123.127208 49.257153, -123.115128 49.256907)))"
21465,Marpole,Neighborhood,N,Neighborhood,Vancouver Westside,Marpole,,CAN,"Vancouver, BC",49.210054,-123.128941,20220419,5943784.517,Canada,British Columbia,"Vancouver, BC",Vancouver,"MULTIPOLYGON (((-123.135127 49.219289, -123.1340401 49.2192721, -123.133997 49.219273, -123.132779 49.219258, -123.131637 49.219243, -123.1312448 49.2192379, -123.130564 49.219229, -123.1294 49.219215, -123.128589 49.219204, -123.127879 49.219194, -123.126644 49.219179, -123.125453 49.219165, -123.124177 49.219149, -123.1238679 49.2191437, -123.122998 49.219132, -123.121742 49.219118, -123.120775 49.219104, -123.119535 49.219089, -123.118111 49.219069, -123.116782 49.219054, -123.116832 49.217829, -123.11611 49.217821, -123.115298 49.217813, -123.114713 49.217807, -123.113653 49.217795, -123.113518 49.217793, -123.113455 49.21779, -123.113416 49.217784, -123.113382 49.217772, -123.113361 49.21776, -123.113345 49.21775, -123.11333 49.217733, -123.113225 49.217743, -123.113177 49.217747, -123.113092 49.217748, -123.112808 49.217765, -123.112794 49.217767, -123.112775 49.217771, -123.112743 49.217764, -123.112709 49.217758, -123.112664 49.217754, -123.112571 49.217749, -123.112271 49.217744, -123.112199 49.217749, -123.112084 49.217754, -123.111991 49.217757, -123.111919 49.217758, -123.111832 49.217756, -123.111541 49.217748, -123.111419 49.217739, -123.11135 49.217732, -123.111278 49.217722, -123.111211 49.217711, -123.111126 49.217694, -123.111083 49.217688, -123.111025 49.217684, -123.110973 49.217684, -123.110823 49.217689, -123.110617 49.217701, -123.110399 49.217703, -123.110154 49.217696, -123.110074 49.217696, -123.109887 49.217701, -123.1097 49.217701, -123.109643 49.217689, -123.109606 49.217684, -123.109535 49.21768, -123.109416 49.217678, -123.108969 49.217671, -123.108325 49.217659, -123.107742 49.217659, -123.107736 49.217768, -123.107293 49.217758, -123.106606 49.217751, -123.106608 49.217702, -123.106211 49.2177, -123.106746 49.2050375, -123.1067672 49.2045358, -123.106769 49.204493, -123.10838 49.204587, -123.109636 49.20466, -123.111162 49.204752, -123.11172 49.204779, -123.1123 49.204778, -123.11299 49.204747, -123.113572 49.204688, -123.114048 49.204624, -123.114373 49.204561, -123.114746 49.204475, -123.115208 49.204362, -123.115712 49.20424, -123.116281 49.204101, -123.117586 49.203769, -123.117662 49.20303, -123.117759 49.202083, -123.118075 49.202083, -123.119373 49.201994, -123.120455 49.201905, -123.121375 49.201728, -123.1213896 49.2017236, -123.12243 49.201409, -123.125446 49.200474, -123.1268961 49.1999801, -123.12815 49.199553, -123.129124 49.199323, -123.129854 49.199181, -123.1304944 49.1990806, -123.131098 49.198986, -123.1315298 49.1989372, -123.132276 49.198853, -123.133112 49.198101, -123.134438 49.198516, -123.137068 49.199131, -123.141277 49.200185, -123.1415299 49.2003014, -123.1487914 49.2036441, -123.150375 49.204719, -123.149416 49.20635, -123.149358 49.206447, -123.149331 49.206441, -123.149307 49.206433, -123.149293 49.206428, -123.149248 49.206598, -123.149183 49.206846, -123.149099 49.207122, -123.149031 49.207341, -123.149271 49.207468, -123.149199 49.2076, -123.149184 49.207637, -123.149146 49.207768, -123.149033 49.208229, -123.149021 49.208284, -123.149011 49.208338, -123.149001 49.208375, -123.14898 49.208446, -123.14893 49.208582, -123.148899 49.208651, -123.148876 49.208691, -123.148858 49.208714, -123.148839 49.208735, -123.148801 49.208767, -123.14877 49.208787, -123.148733 49.208808, -123.148657 49.208843, -123.148556 49.208888, -123.148254 49.209011, -123.148451 49.209209, -123.148711 49.209486, -123.148819 49.209593, -123.148696 49.209648, -123.148664 49.209667, -123.148645 49.209683, -123.148632 49.209699, -123.148619 49.209727, -123.148609 49.209763, -123.148604 49.21002, -123.148588 49.210648, -123.148563 49.211306, -123.148538 49.212003, -123.148507 49.212636, -123.148495 49.213063, -123.148487 49.213279, -123.148471 49.213709, -123.148445 49.21433, -123.148418 49.215003, -123.148395 49.215628, -123.148398 49.215703, -123.1483766 49.216736, -123.1483469 49.2177709, -123.1482874 49.2186764, -123.1482281 49.2193816, -123.140148 49.219355, -123.138985 49.219337, -123.137801 49.219324, -123.136475 49.219306, -123.135127 49.219289)))"
822194,Kits Point,Neighborhood,S,Sub Neighborhood,Vancouver Westside,Kitsilano,Kits Point,CAN,"Vancouver, BC",49.275,-123.150844,20220419,407586.191,Canada,British Columbia,"Vancouver, BC",Vancouver,"MULTIPOLYGON (((-123.146313 49.277994, -123.146252 49.277993, -123.146185 49.277994, -123.146122 49.277998, -123.146049 49.278008, -123.145942 49.278031, -123.145828 49.278062, -123.1457428 49.2780885, -123.145693 49.278104, -123.145482 49.277978, -123.145654 49.277632, -123.145686 49.277574, -123.145702 49.277552, -123.145734 49.277514, -123.145766 49.27748, -123.145801 49.277451, -123.14588 49.277397, -123.145947 49.277359, -123.146006 49.277328, -123.146061 49.277302, -123.146176 49.277249, -123.146177 49.276881, -123.14618 49.276846, -123.146212 49.27675, -123.146187 49.27673, -123.146176 49.276717, -123.146168 49.276697, -123.146166 49.276665, -123.146166 49.27662, -123.146204 49.275985, -123.146243 49.274924, -123.146283 49.274137, -123.146309 49.273621, -123.146318 49.273467, -123.146341 49.272885, -123.14635 49.2727, -123.14635 49.272646, -123.146347 49.27262, -123.1463594 49.2724629, -123.146409 49.272459, -123.1465 49.272453, -123.146631 49.272448, -123.146731 49.272447, -123.147726 49.272464, -123.148614 49.272479, -123.149601 49.272495, -123.150381 49.272509, -123.151233 49.272522, -123.152171 49.272536, -123.153124 49.272553, -123.154052 49.272567, -123.155031 49.27258, -123.156067 49.272599, -123.157124 49.272615, -123.157966 49.272629, -123.158908 49.272646, -123.159713 49.272657, -123.159708 49.272915, -123.159701 49.273139, -123.1597023 49.273188, -123.159703 49.273217, -123.159712 49.273276, -123.159727 49.273324, -123.15974 49.273352, -123.15976 49.273383, -123.159775 49.273402, -123.159806 49.273426, -123.159859 49.273463, -123.1593866 49.2737551, -123.1593556 49.2737743, -123.1590106 49.27381, -123.1583581 49.2739049, -123.1583266 49.2738944, -123.1574736 49.2738593, -123.1570356 49.2737743, -123.1567025 49.2737029, -123.1564886 49.2736494, -123.156366 49.273671, -123.156159 49.273719, -123.156054 49.273746, -123.155968 49.27377, -123.155913 49.27378, -123.155891 49.273779, -123.155844 49.273767, -123.155797 49.273747, -123.15577 49.273733, -123.155753 49.273732, -123.155721 49.273737, -123.1556701 49.2737578, -123.1556296 49.273828, -123.1555821 49.2739313, -123.1555335 49.2740229, -123.1554572 49.2741157, -123.1554324 49.2741458, -123.1553425 49.2742288, -123.1552147 49.2743119, -123.1550909 49.2744235, -123.155037 49.274487, -123.154928 49.274599, -123.154575 49.274924, -123.1545656 49.2749326, -123.154293 49.27518, -123.154003 49.275504, -123.153605 49.27586, -123.153254 49.276221, -123.1528836 49.2766338, -123.1527288 49.2768795, -123.1526217 49.2771888, -123.152647 49.277347, -123.1522819 49.2776559, -123.1512358 49.278011, -123.1511822 49.2780335, -123.1508252 49.2780573, -123.1504921 49.2780692, -123.150241 49.2779515, -123.1501287 49.2778989, -123.150018 49.277888, -123.149964 49.277884, -123.149884 49.277866, -123.149845 49.277859, -123.149785 49.277853, -123.14972 49.277853, -123.149659 49.27786, -123.149589 49.277876, -123.1490369 49.2782853, -123.1485574 49.2786682, -123.1483149 49.2789139, -123.148184 49.2790805, -123.1480175 49.2791995, -123.1477125 49.2792198, -123.147669 49.279225, -123.147594 49.279226, -123.147488 49.27922, -123.1474112 49.2792077, -123.1472799 49.2791995, -123.1472571 49.2791468, -123.1470895 49.2787593, -123.1471019 49.2787069, -123.1470986 49.2783733, -123.147098 49.278307, -123.147009 49.278288, -123.14692 49.278263, -123.14681 49.27823, -123.146725 49.2782036, -123.146644 49.278169, -123.146581 49.278123, -123.146549 49.278091, -123.146509 49.278053, -123.146475 49.278027, -123.146445 49.278013, -123.146405 49.278004, -123.146356 49.277997, -123.146313 49.277994)))"
822198,Greektown,Neighborhood,S,Sub Neighborhood,Vancouver Westside,Kitsilano,Greektown,CAN,"Vancouver, BC",49.264156,-123.172064,20220419,54569.35,Canada,British Columbia,"Vancouver, BC",Vancouver,"MULTIPOLYGON (((-123.175885 49.263782, -123.175866 49.264201, -123.175917 49.264201, -123.175894 49.264658, -123.175272 49.264652, -123.17461 49.264642, -123.173877 49.264631, -123.173266 49.264615, -123.17241 49.264594, -123.171822 49.264591, -123.171186 49.264581, -123.170391 49.264564, -123.169636 49.264555, -123.168779 49.264548, -123.168318 49.264539, -123.168216 49.264144, -123.168195 49.264042, -123.168185 49.263996, -123.168182 49.263963, -123.168183 49.263809, -123.168187 49.263675, -123.168615 49.263679, -123.169013 49.263685, -123.169147 49.263685, -123.169147 49.263664, -123.16959 49.26367, -123.169974 49.263677, -123.170697 49.263688, -123.172013 49.263714, -123.172797 49.263728, -123.173322 49.263736, -123.17336 49.263739, -123.173406 49.263747, -123.173445 49.263755, -123.173445 49.263728, -123.174278 49.263756, -123.174544 49.263757, -123.175159 49.26377, -123.175885 49.263782)))"
822199,Kerrisdale,Neighborhood,N,Neighborhood,Vancouver Westside,Kerrisdale,,CAN,"Vancouver, BC",49.223643,-123.159571,20220419,6639715.569,Canada,British Columbia,"Vancouver, BC",Vancouver,"MULTIPOLYGON (((-123.1702997 49.2346908, -123.155286 49.23458, -123.1520409 49.2345278, -123.151302 49.23451, -123.149859 49.234489, -123.148511 49.234468, -123.146972 49.234444, -123.14551 49.234422, -123.144136 49.2344, -123.1439432 49.2343976, -123.143269 49.234389, -123.141876 49.234365, -123.140597 49.234348, -123.139619 49.234328, -123.139625 49.234003, -123.139638 49.232999, -123.139671 49.232032, -123.139697 49.231211, -123.139729 49.230379, -123.139759 49.229433, -123.13979 49.228555, -123.139816 49.227732, -123.139842 49.226991, -123.139875 49.226193, -123.139907 49.225398, -123.139946 49.224487, -123.139982 49.223527, -123.140021 49.222588, -123.140058 49.221612, -123.140094 49.220717, -123.1401316 49.2198203, -123.1401329 49.219786, -123.140148 49.219355, -123.1482281 49.2193816, -123.1482874 49.2186764, -123.1483469 49.2177709, -123.1483766 49.216736, -123.148398 49.215703, -123.148395 49.215628, -123.148418 49.215003, -123.148445 49.21433, -123.148471 49.213709, -123.148487 49.213279, -123.148495 49.213063, -123.148507 49.212636, -123.148538 49.212003, -123.148563 49.211306, -123.148588 49.210648, -123.148604 49.21002, -123.148609 49.209763, -123.148619 49.209727, -123.148632 49.209699, -123.148645 49.209683, -123.148664 49.209667, -123.148696 49.209648, -123.148819 49.209593, -123.148711 49.209486, -123.148451 49.209209, -123.148254 49.209011, -123.148556 49.208888, -123.148657 49.208843, -123.148733 49.208808, -123.14877 49.208787, -123.148801 49.208767, -123.148839 49.208735, -123.148858 49.208714, -123.148876 49.208691, -123.148899 49.208651, -123.14893 49.208582, -123.14898 49.208446, -123.149001 49.208375, -123.149011 49.208338, -123.149021 49.208284, -123.149033 49.208229, -123.149146 49.207768, -123.149184 49.207637, -123.149199 49.2076, -123.149271 49.207468, -123.149031 49.207341, -123.149099 49.207122, -123.149183 49.206846, -123.149248 49.206598, -123.149293 49.206428, -123.149307 49.206433, -123.149331 49.206441, -123.149358 49.206447, -123.149416 49.20635, -123.150375 49.204719, -123.152748 49.206551, -123.153763 49.207406, -123.155354 49.208648, -123.156391 49.209393, -123.157376 49.210003, -123.158672 49.210799, -123.160072 49.211527, -123.161212 49.212069, -123.162897 49.21277, -123.164893 49.2136, -123.166163 49.214007, -123.167456 49.214362, -123.169738 49.214769, -123.171319 49.215006, -123.17246 49.21509, -123.1733604 49.2151481, -123.175605 49.215293, -123.1786122 49.2154511, -123.1785897 49.2168153, -123.1787893 49.2169174, -123.178811 49.2169285, -123.1790849 49.2170659, -123.1792458 49.2177856, -123.1790849 49.218012, -123.1790725 49.2185699, -123.1789859 49.2223296, -123.1787493 49.2282313, -123.178739 49.23012, -123.178731 49.230602, -123.178731 49.231062, -123.178729 49.231671, -123.178726 49.232219, -123.178727 49.232782, -123.178728 49.2333, -123.178722 49.233917, -123.178725 49.234503, -123.178724 49.234753, -123.1702997 49.2346908)))"
822201,Westbrook Village,Neighborhood,S,Sub Neighborhood,Vancouver Westside,University Endowment Lands,Westbrook Village,CAN,"Vancouver, BC",49.253091,-123.234371,20220419,453602.16,Canada,British Columbia,"Vancouver, BC",Greater Vancouver A,"MULTIPOLYGON (((-123.231941 49.257331, -123.231803 49.257148, -123.231771 49.257102, -123.231755 49.257077, -123.231739 49.25703, -123.231731 49.256996, -123.231713 49.256884, -123.231711 49.256855, -123.231702 49.256835, -123.231689 49.256817, -123.231667 49.256796, -123.231562 49.256713, -123.231529 49.256682, -123.231515 49.256665, -123.231508 49.256648, -123.2315 49.256617, -123.231495 49.256589, -123.231498 49.256521, -123.231509 49.256454, -123.231509 49.256436, -123.231496 49.256396, -123.231456 49.256399, -123.231428 49.2564, -123.231401 49.256398, -123.231382 49.256396, -123.23134 49.256382, -123.231323 49.256374, -123.231304 49.256359, -123.231289 49.256337, -123.231138 49.256035, -123.230844 49.255404, -123.230619 49.254866, -123.230416 49.254343, -123.230119 49.253412, -123.23001 49.253033, -123.229869 49.252534, -123.229741 49.252147, -123.229732 49.25211, -123.229731 49.252088, -123.229734 49.252051, -123.229696 49.252004, -123.229673 49.251966, -123.229647 49.251921, -123.229617 49.251864, -123.2296 49.251812, -123.229585 49.251764, -123.229544 49.25159, -123.229434 49.251189, -123.229331 49.250807, -123.22922 49.250818, -123.229 49.25013, -123.229196 49.250108, -123.229197 49.250046, -123.229197 49.250011, -123.229196 49.249983, -123.229188 49.24993, -123.229143 49.249745, -123.229184 49.249754, -123.229229 49.249763, -123.229754 49.249807, -123.229951 49.249821, -123.229966 49.24982, -123.229989 49.249814, -123.230011 49.249802, -123.230038 49.249781, -123.23008 49.249742, -123.230192 49.249625, -123.230241 49.249582, -123.23028 49.249555, -123.230318 49.249536, -123.230495 49.249471, -123.2306 49.249479, -123.231512 49.249575, -123.232229 49.249665, -123.232289 49.249804, -123.23255 49.24978, -123.232615 49.249777, -123.232665 49.249777, -123.23274 49.249785, -123.232897 49.24981, -123.233136 49.249858, -123.233594 49.249957, -123.234308 49.250131, -123.234826 49.250286, -123.235745 49.250594, -123.236331 49.250796, -123.236932 49.250994, -123.237359 49.251141, -123.237707 49.25126, -123.237786 49.25128, -123.237846 49.251291, -123.238198 49.251313, -123.238749 49.251384, -123.239802 49.251735, -123.240051 49.251837, -123.240105 49.251864, -123.240181 49.251953, -123.240247 49.252071, -123.240271 49.252159, -123.240278 49.252225, -123.240255 49.253137, -123.240323 49.253627, -123.240379 49.253645, -123.240438 49.253667, -123.240505 49.2537, -123.240581 49.253741, -123.240628 49.253769, -123.240657 49.25379, -123.240698 49.253824, -123.240733 49.253858, -123.24101 49.254122, -123.239384 49.254716, -123.238406 49.255039, -123.237846 49.255196, -123.237597 49.255274, -123.237081 49.255458, -123.236326 49.25572, -123.235814 49.255898, -123.234968 49.256184, -123.234319 49.256411, -123.233892 49.256567, -123.233185 49.256848, -123.23263 49.257073, -123.232409 49.257161, -123.23229 49.257206, -123.232141 49.257259, -123.231941 49.257331)))"
822230,Granville Island,Neighborhood,S,Sub Neighborhood,Vancouver Westside,Fairview,Granville Island,CAN,"Vancouver, BC",49.270669,-123.134367,20220419,195568.704,Canada,British Columbia,"Vancouver, BC",Vancouver,"MULTIPOLYGON (((-123.1340987 49.2685474, -123.134096 49.268523, -123.134086 49.268504, -123.13407 49.268487, -123.134238 49.268339, -123.134322 49.268384, -123.134351 49.268397, -123.134388 49.268411, -123.134437 49.268425, -123.134472 49.268434, -123.134505 49.268441, -123.134552 49.268448, -123.134696 49.268457, -123.13488 49.26847, -123.13492 49.268474, -123.134979 49.268484, -123.135011 49.268495, -123.135062 49.268513, -123.135108 49.268533, -123.135141 49.268548, -123.13517 49.268561, -123.135194 49.268575, -123.135213 49.268587, -123.135229 49.268599, -123.135255 49.26862, -123.135303 49.26867, -123.135352 49.268732, -123.135364 49.268745, -123.135377 49.268756, -123.135401 49.268772, -123.135455 49.268803, -123.13548 49.26882, -123.135502 49.268838, -123.135527 49.268865, -123.135547 49.268889, -123.1355575 49.2689075, -123.135571 49.268953, -123.135595 49.269059, -123.135611 49.269113, -123.135617 49.269131, -123.135625 49.269153, -123.135633 49.269171, -123.135646 49.26919, -123.135709 49.269281, -123.135722 49.269295, -123.135742 49.269314, -123.13577 49.269338, -123.135925 49.269456, -123.136203 49.269653, -123.136273 49.269695, -123.136306 49.269708, -123.136338 49.26972, -123.136379 49.26973, -123.136419 49.26974, -123.136445 49.269744, -123.136472 49.269746, -123.136524 49.269749, -123.136638 49.26975, -123.13669 49.26975, -123.136725 49.269751, -123.13675 49.269755, -123.136781 49.269765, -123.136815 49.269781, -123.136837 49.269796, -123.136866 49.269819, -123.137021 49.269968, -123.136926 49.27003, -123.137181 49.270127, -123.137266 49.27015, -123.137328 49.270168, -123.137389 49.270192, -123.137435 49.270218, -123.13747 49.270246, -123.137483 49.27026, -123.137487 49.270283, -123.137506 49.270443, -123.137507 49.270471, -123.137515 49.270486, -123.137566 49.270543, -123.13763 49.270601, -123.13768 49.270635, -123.137881 49.270738, -123.137934 49.270751, -123.138033 49.270769, -123.138077 49.270775, -123.137917 49.271156, -123.13788 49.271253, -123.138335 49.271342, -123.138249 49.271495, -123.138085 49.271775, -123.138044 49.271767, -123.137923 49.27201, -123.137703 49.272368, -123.137629 49.272442, -123.137262 49.272711, -123.13696 49.272883, -123.136452 49.27315, -123.136185 49.273256, -123.136139 49.273261, -123.135949 49.273258, -123.135945 49.273221, -123.135285 49.273225, -123.134828 49.273227, -123.134742 49.273158, -123.134638 49.273221, -123.134332 49.272998, -123.134454 49.272933, -123.13432 49.272825, -123.133939 49.272497, -123.133167 49.272006, -123.132719 49.271627, -123.131903 49.27111, -123.13164 49.270919, -123.131298 49.270631, -123.131024 49.270411, -123.130799 49.27024, -123.130488 49.270027, -123.130322 49.2699, -123.130211 49.269664, -123.130224 49.269459, -123.130216 49.269064, -123.130367 49.269066, -123.130377 49.268834, -123.13038 49.268451, -123.130725 49.268396, -123.130884 49.268396, -123.130926 49.2684, -123.130964 49.268409, -123.131046 49.268433, -123.13121 49.268477, -123.13126 49.268491, -123.131315 49.2685, -123.131367 49.268509, -123.13143 49.268516, -123.131517 49.268522, -123.131769 49.268532, -123.131882 49.268535, -123.131925 49.268539, -123.131966 49.268545, -123.132009 49.26856, -123.132045 49.268572, -123.132095 49.268583, -123.132138 49.268585, -123.132208 49.268584, -123.132268 49.268573, -123.132309 49.268561, -123.132337 49.268561, -123.132428 49.268567, -123.132662 49.268587, -123.132698 49.268593, -123.132743 49.268606, -123.133046 49.268733, -123.133258 49.268815, -123.133337 49.268844, -123.133388 49.268869, -123.133423 49.268886, -123.133473 49.2689, -123.133515 49.268909, -123.133616 49.268753, -123.134001 49.268841, -123.134078 49.268667, -123.134097 49.268626, -123.134107 49.268591, -123.134107 49.2685735, -123.1340987 49.2685474)))"
822232,Musqueam Indian Reserve 2,Neighborhood,S,Sub Neighborhood,Vancouver Westside,Dunbar - Southlands,Musqueam Indian Reserve 2,CAN,"Vancouver, BC",49.230007,-123.201994,20220419,1947416.1,Canada,British Columbia,"Vancouver, BC",Musqueam 2,"MULTIPOLYGON (((-123.197113 49.235005, -123.196951 49.234959, -123.196864 49.23493, -123.1963736 49.2347259, -123.196154 49.234625, -123.195903 49.234521, -123.195481 49.234353, -123.194924 49.234146, -123.193749 49.233717, -123.193773 49.233567, -123.193781 49.233503, -123.193792 49.233461, -123.193806 49.233416, -123.193823 49.233361, -123.193832 49.233322, -123.193839 49.233287, -123.193841 49.233252, -123.193841 49.233226, -123.193836 49.233197, -123.193824 49.233152, -123.1938 49.233088, -123.193794 49.233063, -123.193787 49.23301, -123.193787 49.232985, -123.19379 49.232959, -123.193797 49.232936, -123.193828 49.232844, -123.193844 49.232797, -123.193849 49.232771, -123.193852 49.232743, -123.193852 49.232726, -123.193845 49.232703, -123.193811 49.232585, -123.193796 49.232526, -123.193792 49.232504, -123.193796 49.232473, -123.193804 49.232433, -123.19383 49.232348, -123.193851 49.232293, -123.193859 49.232263, -123.193863 49.232222, -123.193863 49.2322, -123.193854 49.232163, -123.193844 49.232126, -123.193819 49.232041, -123.193812 49.231994, -123.193809 49.23196, -123.193811 49.231931, -123.193818 49.231895, -123.193826 49.231861, -123.193842 49.231795, -123.193872 49.231677, -123.193892 49.231581, -123.193899 49.231521, -123.193908 49.231413, -123.193911 49.230912, -123.193914 49.230855, -123.193929 49.230794, -123.193954 49.230735, -123.193982 49.230692, -123.194506 49.230048, -123.194066 49.229894, -123.193719 49.229726, -123.191042 49.228407, -123.191056 49.228119, -123.191078 49.227624, -123.19109 49.227073, -123.191088 49.226433, -123.191083 49.226096, -123.191091 49.225864, -123.191091 49.22556, -123.191032 49.225559, -123.191033 49.225489, -123.191036 49.225451, -123.191038 49.225421, -123.191045 49.225354, -123.191081 49.224902, -123.191091 49.224441, -123.1911 49.22393, -123.191106 49.223439, -123.191115 49.223018, -123.191133 49.222637, -123.191142 49.222099, -123.191153 49.221627, -123.191165 49.221322, -123.191171 49.221266, -123.191186 49.221195, -123.191202 49.221052, -123.1912 49.22103, -123.191193 49.221017, -123.191177 49.221002, -123.191146 49.220981, -123.191115 49.220967, -123.191077 49.220954, -123.191002 49.22093, -123.191451 49.219665, -123.192042 49.219824, -123.194947 49.220399, -123.201372 49.221514, -123.20173 49.222555, -123.201773 49.222757, -123.201787 49.222843, -123.201791 49.222879, -123.201764 49.222906, -123.201706 49.222928, -123.201645 49.22293, -123.201608 49.222922, -123.201543 49.2229, -123.201495 49.222886, -123.201455 49.222887, -123.201387 49.22292, -123.200903 49.223258, -123.200856 49.223305, -123.200829 49.223352, -123.200847 49.223429, -123.200895 49.223573, -123.200985 49.223713, -123.201115 49.223898, -123.201228 49.224029, -123.201835 49.224475, -123.202109 49.224726, -123.202178 49.224795, -123.2023 49.224953, -123.202422 49.225179, -123.202644 49.225568, -123.202736 49.22578, -123.202828 49.225933, -123.202965 49.22608, -123.203747 49.226606, -123.203815 49.226609, -123.203944 49.226619, -123.204072 49.226589, -123.20417 49.226534, -123.204237 49.22647, -123.204275 49.226405, -123.204357 49.226361, -123.204418 49.22639, -123.204426 49.226484, -123.204405 49.226612, -123.20442 49.226706, -123.204557 49.226854, -123.20515 49.227371, -123.205257 49.227489, -123.205341 49.227617, -123.205494 49.227839, -123.205647 49.228085, -123.206062 49.228585, -123.206229 49.228712, -123.207072 49.229292, -123.207502 49.229588, -123.207601 49.229647, -123.207715 49.229751, -123.207838 49.230012, -123.207976 49.230243, -123.208257 49.230489, -123.208687 49.23087, -123.208946 49.231067, -123.209947 49.231581, -123.210928 49.232091, -123.212981 49.232971, -123.215122 49.233944, -123.217422 49.235029, -123.218233 49.235508, -123.2186737 49.2357962, -123.21886 49.235918, -123.219657 49.236444, -123.219998 49.23661, -123.220354 49.236703, -123.220551 49.236771, -123.220628 49.236875, -123.220659 49.237003, -123.220713 49.237126, -123.2207739 49.2372152, -123.220797 49.237249, -123.221154 49.237472, -123.220773 49.237935, -123.220338 49.238665, -123.219865 49.239481, -123.219067 49.239347, -123.218882 49.239272, -123.218824 49.23924, -123.218737 49.239168, -123.218673 49.239101, -123.218623 49.239041, -123.217619 49.238663, -123.217055 49.238361, -123.216801 49.23825, -123.216547 49.238149, -123.216195 49.238031, -123.216062 49.237992, -123.215666 49.237862, -123.21546 49.237777, -123.215119 49.237649, -123.214811 49.237514, -123.214578 49.237411, -123.21372 49.237058, -123.21311 49.236829, -123.212515 49.236596, -123.21226 49.236499, -123.211721 49.236323, -123.211021 49.236073, -123.210905 49.236021, -123.210783 49.235971, -123.210701 49.235942, -123.210513 49.235882, -123.210231 49.235781, -123.210154 49.23575, -123.210046 49.235699, -123.209925 49.235633, -123.209842 49.235587, -123.209774 49.235556, -123.209706 49.235529, -123.209619 49.235496, -123.208968 49.235262, -123.208538 49.235121, -123.208473 49.235195, -123.20843 49.235235, -123.208395 49.235269, -123.208339 49.235312, -123.208259 49.235375, -123.208171 49.235438, -123.207903 49.235617, -123.207621 49.235812, -123.207323 49.236005, -123.207141 49.236106, -123.207 49.236152, -123.206074 49.236737, -123.20535 49.237245, -123.205051 49.237159, -123.204163 49.236925, -123.203062 49.23663, -123.202076 49.23636, -123.201138 49.236111, -123.200058 49.235822, -123.199111 49.235564, -123.198216 49.235318, -123.197371 49.23508, -123.197113 49.235005)))"
822257,University Hill,Neighborhood,S,Sub Neighborhood,Vancouver Westside,University Endowment Lands,University Hill,CAN,"Vancouver, BC",49.272245,-123.245418,20220419,769244.789,Canada,British Columbia,"Vancouver, BC",Greater Vancouver A,"MULTIPOLYGON (((-123.239372 49.266912, -123.23968 49.266951, -123.24002 49.266977, -123.240396 49.266994, -123.24066 49.266998, -123.240982 49.266993, -123.241304 49.266976, -123.241626 49.266955, -123.241956 49.266923, -123.242181 49.266898, -123.242464 49.266859, -123.242758 49.266808, -123.24399 49.266627, -123.245535 49.266399, -123.246027 49.267017, -123.246117 49.267104, -123.246347 49.26733, -123.246694 49.267698, -123.246833 49.267829, -123.2469 49.267902, -123.247017 49.268053, -123.247091 49.268153, -123.247201 49.268329, -123.247299 49.268503, -123.24737 49.268616, -123.247431 49.26872, -123.24752 49.268865, -123.247739 49.269196, -123.247652 49.269645, -123.24765 49.269772, -123.24765 49.269859, -123.247656 49.269908, -123.247677 49.270032, -123.247695 49.270152, -123.247728 49.270302, -123.247776 49.270479, -123.247831 49.270673, -123.247935 49.271029, -123.248062 49.271414, -123.248159 49.271695, -123.248252 49.271962, -123.248278 49.272027, -123.248352 49.272184, -123.248402 49.272302, -123.248476 49.272459, -123.248635 49.272797, -123.248746 49.273025, -123.248818 49.273171, -123.249189 49.2731, -123.249558 49.273016, -123.249854 49.272949, -123.250082 49.272889, -123.250422 49.272796, -123.250725 49.272712, -123.250965 49.272641, -123.251187 49.272568, -123.251607 49.272416, -123.25199 49.272266, -123.25228 49.272144, -123.25253 49.272029, -123.252925 49.271839, -123.253239 49.27167, -123.253461 49.271552, -123.254013 49.271224, -123.254055 49.271552, -123.254078 49.271733, -123.254105 49.271895, -123.254146 49.272121, -123.254182 49.272346, -123.254216 49.272558, -123.254239 49.272708, -123.254248 49.272805, -123.254248 49.272878, -123.254243 49.272929, -123.254229 49.273001, -123.254207 49.273076, -123.25418 49.273149, -123.254139 49.273226, -123.254094 49.273309, -123.254036 49.273392, -123.253992 49.273447, -123.253947 49.273494, -123.253883 49.273554, -123.253812 49.273616, -123.253752 49.273664, -123.253683 49.273712, -123.253608 49.273761, -123.253552 49.273795, -123.253477 49.273833, -123.253419 49.273862, -123.253341 49.273896, -123.253282 49.27392, -123.253211 49.273947, -123.25309 49.273987, -123.252938 49.274035, -123.252813 49.274074, -123.25269 49.274115, -123.252624 49.274138, -123.252568 49.274163, -123.252512 49.27419, -123.252452 49.274225, -123.252396 49.274259, -123.252351 49.274293, -123.25231 49.274328, -123.252275 49.274365, -123.252245 49.274396, -123.25221 49.274445, -123.252186 49.274482, -123.25215 49.274541, -123.252127 49.274582, -123.2521 49.274637, -123.25204 49.274766, -123.251973 49.274903, -123.251941 49.274962, -123.251893 49.275035, -123.251858 49.275076, -123.251828 49.275102, -123.251802 49.275124, -123.251757 49.275157, -123.251707 49.275184, -123.251653 49.275211, -123.251598 49.275234, -123.251538 49.275255, -123.25147 49.275274, -123.251401 49.275289, -123.251314 49.275302, -123.251228 49.275316, -123.251112 49.275332, -123.251008 49.275346, -123.250929 49.275359, -123.250854 49.275373, -123.250797 49.275389, -123.250746 49.275407, -123.250698 49.275426, -123.250647 49.275449, -123.250609 49.27547, -123.250535 49.275519, -123.250487 49.275559, -123.250437 49.27561, -123.250385 49.275675, -123.250297 49.275802, -123.250176 49.275987, -123.250069 49.276141, -123.249993 49.276238, -123.249922 49.276332, -123.249862 49.276395, -123.249786 49.27647, -123.249701 49.276546, -123.249629 49.276606, -123.24955 49.276664, -123.249442 49.276741, -123.24933 49.276808, -123.249262 49.27685, -123.249182 49.27689, -123.249088 49.276938, -123.248978 49.276988, -123.248853 49.277038, -123.248615 49.277126, -123.248137 49.277297, -123.247779 49.27743, -123.247479 49.277537, -123.247313 49.277601, -123.247219 49.277639, -123.24708 49.277698, -123.246775 49.277834, -123.246202 49.278093, -123.245645 49.278344, -123.24515 49.278571, -123.244738 49.278757, -123.244318 49.278387, -123.244331 49.278045, -123.244421 49.277698, -123.244607 49.277389, -123.243576 49.276746, -123.242809 49.276246, -123.242391 49.27594, -123.241832 49.27536, -123.2417 49.275014, -123.241495 49.275034, -123.241364 49.274553, -123.241405 49.274549, -123.241437 49.274543, -123.241479 49.274532, -123.241513 49.274521, -123.241559 49.274503, -123.241585 49.274489, -123.241627 49.274461, -123.241658 49.274436, -123.241673 49.274416, -123.24168 49.274397, -123.241686 49.274358, -123.241687 49.274332, -123.241687 49.274308, -123.241682 49.274275, -123.24158 49.273915, -123.241545 49.273923, -123.241513 49.273926, -123.241459 49.273929, -123.241423 49.273929, -123.241363 49.273926, -123.241107 49.273909, -123.241254 49.273431, -123.241067 49.272906, -123.240864 49.272338, -123.240694 49.271845, -123.240548 49.27141, -123.240343 49.27079, -123.240179 49.270317, -123.240033 49.269922, -123.23991 49.269613, -123.239744 49.26939, -123.239476 49.26903, -123.239137 49.268615, -123.238744 49.268123, -123.238369 49.267675, -123.238021 49.267259, -123.237636 49.267187, -123.237913 49.266657, -123.238441 49.266767, -123.238778 49.266832, -123.239195 49.26689, -123.239372 49.266912)))"
822258,Acadia Park,Neighborhood,S,Sub Neighborhood,Vancouver Westside,University Endowment Lands,Acadia Park,CAN,"Vancouver, BC",49.261354,-123.237444,20220419,521820.977,Canada,British Columbia,"Vancouver, BC",Greater Vancouver A,"MULTIPOLYGON (((-123.239372 49.266912, -123.239195 49.26689, -123.238778 49.266832, -123.238441 49.266767, -123.237913 49.266657, -123.23771 49.266602, -123.237482 49.266537, -123.237242 49.266459, -123.237058 49.266391, -123.236861 49.266309, -123.237906 49.265934, -123.237678 49.265662, -123.237149 49.265019, -123.236545 49.264286, -123.235943 49.263541, -123.235395 49.262885, -123.234971 49.262367, -123.234811 49.262423, -123.234272 49.262611, -123.233811 49.262779, -123.233504 49.262411, -123.233249 49.262105, -123.233589 49.261983, -123.234416 49.261691, -123.234179 49.261421, -123.233988 49.261189, -123.233869 49.261038, -123.233837 49.26099, -123.233822 49.260964, -123.233802 49.260918, -123.233791 49.260884, -123.233786 49.260831, -123.233783 49.260796, -123.233794 49.260751, -123.23381 49.260703, -123.233842 49.26062, -123.233561 49.260554, -123.233081 49.259976, -123.232552 49.25923, -123.232087 49.258536, -123.231311 49.257558, -123.231941 49.257331, -123.232141 49.257259, -123.23229 49.257206, -123.232409 49.257161, -123.23263 49.257073, -123.233185 49.256848, -123.233892 49.256567, -123.234319 49.256411, -123.234968 49.256184, -123.235814 49.255898, -123.236326 49.25572, -123.237201 49.256735, -123.238005 49.257641, -123.238941 49.258698, -123.239848 49.259732, -123.240797 49.260815, -123.241681 49.261826, -123.242606 49.262883, -123.241371 49.263319, -123.241905 49.263971, -123.242489 49.264673, -123.243217 49.265567, -123.242038 49.265977, -123.241131 49.266287, -123.24005 49.266671, -123.239372 49.266912)))"
822259,Mackenzie Heights,Neighborhood,S,Sub Neighborhood,Vancouver Westside,Arbutus Ridge,Mackenzie Heights,CAN,"Vancouver, BC",49.242369,-123.16667,20220419,480018.948,Canada,British Columbia,"Vancouver, BC",Vancouver,"MULTIPOLYGON (((-123.167944 49.24619, -123.167902 49.246099, -123.167278 49.246101, -123.166534 49.246094, -123.166228 49.246088, -123.166159 49.24609, -123.166128 49.246092, -123.165966 49.246119, -123.165936 49.246102, -123.165847 49.246059, -123.16575 49.246014, -123.165667 49.245978, -123.165518 49.24592, -123.16491 49.245689, -123.164234 49.245424, -123.163803 49.245257, -123.163691 49.245209, -123.163589 49.245161, -123.163519 49.245121, -123.163438 49.245071, -123.163368 49.245021, -123.163318 49.244983, -123.163262 49.244939, -123.163199 49.244882, -123.16314 49.24482, -123.163079 49.244754, -123.163034 49.244698, -123.16298 49.244622, -123.162957 49.244585, -123.162735 49.244088, -123.162551 49.243671, -123.162508 49.243572, -123.162484 49.243509, -123.162463 49.243445, -123.162449 49.243384, -123.16244 49.243337, -123.162438 49.24328, -123.162438 49.243227, -123.162448 49.242978, -123.162479 49.242209, -123.162498 49.241494, -123.162526 49.240689, -123.162561 49.239811, -123.162586 49.239117, -123.162608 49.238409, -123.162942 49.238414, -123.164214 49.23844, -123.165387 49.238454, -123.165497 49.238458, -123.165581 49.238462, -123.165737 49.238475, -123.16593 49.238495, -123.166016 49.238504, -123.166079 49.238507, -123.166223 49.238509, -123.167251 49.238516, -123.168573 49.238515, -123.169744 49.23852, -123.1702808 49.238525, -123.1702579 49.2391843, -123.170352 49.248009, -123.16987 49.247783, -123.169552 49.247618, -123.169346 49.247495, -123.169251 49.247433, -123.169193 49.247392, -123.169101 49.247327, -123.169003 49.247254, -123.168923 49.247191, -123.168861 49.24714, -123.168758 49.247048, -123.168439 49.246741, -123.168078 49.246347, -123.16798 49.24624, -123.167956 49.246209, -123.167944 49.24619)))"
822260,Arbutus Ridge,Neighborhood,N,Neighborhood,Vancouver Westside,Arbutus Ridge,,CAN,"Vancouver, BC",49.247012,-123.161872,20220419,3862721.429,Canada,British Columbia,"Vancouver, BC",Vancouver,"MULTIPOLYGON (((-123.152922 49.255967, -123.15294 49.255385, -123.152968 49.254808, -123.152989 49.254229, -123.153012 49.253584, -123.153028 49.252949, -123.15303 49.252348, -123.153067 49.251548, -123.15268 49.251445, -123.152503 49.251397, -123.152372 49.251355, -123.152208 49.251294, -123.152079 49.251235, -123.151916 49.251158, -123.151728 49.251061, -123.1510756 49.2506709, -123.150947 49.250594, -123.150464 49.250308, -123.150215 49.250169, -123.150045 49.250075, -123.149911 49.25001, -123.149719 49.249936, -123.149509 49.249858, -123.14931 49.249797, -123.149166 49.249759, -123.149006 49.24972, -123.1488098 49.2496713, -123.148821 49.249435, -123.148849 49.248956, -123.148863 49.248435, -123.148886 49.247876, -123.1489 49.247278, -123.148925 49.24679, -123.148935 49.246551, -123.148937 49.246521, -123.148941 49.246499, -123.148955 49.246478, -123.148977 49.24646, -123.149035 49.246423, -123.148849 49.246166, -123.148634 49.245888, -123.148244 49.245372, -123.147789 49.244745, -123.147329 49.244129, -123.147143 49.243895, -123.147111 49.243853, -123.147089 49.243816, -123.14705 49.243748, -123.147 49.243647, -123.146937 49.243511, -123.146918 49.243463, -123.146896 49.243399, -123.146842 49.243211, -123.146826 49.243148, -123.14681 49.243063, -123.1468 49.242971, -123.146789 49.242837, -123.146788 49.242751, -123.146796 49.242597, -123.146811 49.242157, -123.146815 49.241992, -123.1470225 49.241901, -123.1470267 49.2418588, -123.1470323 49.2418326, -123.1470701 49.2416543, -123.1471267 49.2415215, -123.1472201 49.2413953, -123.14738 49.2411973, -123.1475667 49.2410145, -123.1478267 49.2408426, -123.14825 49.2406924, -123.1486733 49.2405662, -123.1487499 49.2405488, -123.1487881 49.2405442, -123.1492766 49.2404857, -123.1498432 49.2404835, -123.150136 49.2405361, -123.1508498 49.2406642, -123.1512031 49.2407251, -123.1520297 49.2408622, -123.1523797 49.2409188, -123.1525163 49.2409231, -123.152843 49.2409122, -123.1531956 49.2408774, -123.1533386 49.2408524, -123.1536562 49.240778, -123.1539542 49.2406896, -123.1542142 49.2405729, -123.1545067 49.2403713, -123.1548372 49.2399823, -123.1549509 49.2397913, -123.1551243 49.2395225, -123.1551405 49.23919, -123.1551522 49.2384173, -123.1551592 49.2383339, -123.1551623 49.2382966, -123.155286 49.23458, -123.1702997 49.2346908, -123.1702808 49.238525, -123.1702579 49.2391843, -123.170352 49.248009, -123.17046 49.24807, -123.170538 49.24812, -123.170633 49.248184, -123.170689 49.248224, -123.170746 49.24827, -123.170815 49.248329, -123.170868 49.248381, -123.170933 49.248452, -123.171021 49.248562, -123.171278 49.248901, -123.171525 49.249219, -123.171801 49.249578, -123.171923 49.24974, -123.172123 49.250006, -123.172355 49.250316, -123.172404 49.250374, -123.172844 49.250883, -123.172889 49.250926, -123.172935 49.250962, -123.173011 49.251022, -123.173208 49.251189, -123.173267 49.251242, -123.173876 49.251747, -123.174468 49.252203, -123.175212 49.252759, -123.175737 49.253137, -123.175773 49.253165, -123.175814 49.253201, -123.17586 49.253249, -123.17607 49.253494, -123.176441 49.25398, -123.17667 49.254288, -123.176686 49.254311, -123.176696 49.254333, -123.176708 49.254373, -123.176715 49.254426, -123.176723 49.254542, -123.176726 49.254578, -123.176759 49.254697, -123.177 49.254864, -123.177069 49.2549, -123.177146 49.254946, -123.177259 49.255013, -123.177321 49.255052, -123.177381 49.255092, -123.177456 49.255145, -123.177686 49.255317, -123.177759 49.255379, -123.177815 49.255425, -123.177863 49.255467, -123.177946 49.255543, -123.178126 49.255729, -123.178191 49.255796, -123.178222 49.255825, -123.178252 49.255843, -123.178276 49.255851, -123.178325 49.255856, -123.178392 49.255858, -123.17853 49.255857, -123.178524 49.2564, -123.178521 49.256521, -123.178516 49.256556, -123.178505 49.256592, -123.178468 49.256677, -123.178248 49.257128, -123.178119 49.257397, -123.178107 49.257444, -123.178094 49.25749, -123.178085 49.257543, -123.178072 49.257814, -123.177045 49.257797, -123.17361 49.257751, -123.170661 49.257713, -123.166983 49.257646, -123.165139 49.257605, -123.164967 49.257597, -123.164754 49.257574, -123.164444 49.257528, -123.16423 49.257496, -123.164061 49.257476, -123.163944 49.257467, -123.163812 49.257459, -123.16364 49.257452, -123.162637 49.257433, -123.161535 49.257416, -123.160479 49.257397, -123.159105 49.257373, -123.157695 49.257356, -123.156446 49.257339, -123.15509 49.257319, -123.153657 49.257293, -123.152943 49.257276, -123.152923 49.256937, -123.152919 49.256712, -123.152911 49.256371, -123.152922 49.255967)))"
822261,Quilchena,Neighborhood,S,Sub Neighborhood,Vancouver Westside,Arbutus Ridge,Quilchena,CAN,"Vancouver, BC",49.244924,-123.156111,20220419,1377711.614,Canada,British Columbia,"Vancouver, BC",Vancouver,"MULTIPOLYGON (((-123.153067 49.251548, -123.15268 49.251445, -123.152503 49.251397, -123.152372 49.251355, -123.152208 49.251294, -123.152079 49.251235, -123.151916 49.251158, -123.151728 49.251061, -123.1510756 49.2506709, -123.150947 49.250594, -123.150464 49.250308, -123.150215 49.250169, -123.150045 49.250075, -123.149911 49.25001, -123.149719 49.249936, -123.149509 49.249858, -123.14931 49.249797, -123.149166 49.249759, -123.149006 49.24972, -123.1488098 49.2496713, -123.148821 49.249435, -123.148849 49.248956, -123.148863 49.248435, -123.148886 49.247876, -123.1489 49.247278, -123.148925 49.24679, -123.148935 49.246551, -123.148937 49.246521, -123.148941 49.246499, -123.148955 49.246478, -123.148977 49.24646, -123.149035 49.246423, -123.148849 49.246166, -123.148634 49.245888, -123.148244 49.245372, -123.147789 49.244745, -123.147329 49.244129, -123.147143 49.243895, -123.147111 49.243853, -123.147089 49.243816, -123.14705 49.243748, -123.147 49.243647, -123.146937 49.243511, -123.146918 49.243463, -123.146896 49.243399, -123.146842 49.243211, -123.146826 49.243148, -123.14681 49.243063, -123.1468 49.242971, -123.146789 49.242837, -123.146788 49.242751, -123.146796 49.242597, -123.146811 49.242157, -123.146815 49.241992, -123.1470225 49.241901, -123.1470267 49.2418588, -123.1470323 49.2418326, -123.1470701 49.2416543, -123.1471267 49.2415215, -123.1472201 49.2413953, -123.14738 49.2411973, -123.1475667 49.2410145, -123.1478267 49.2408426, -123.14825 49.2406924, -123.1486733 49.2405662, -123.1487499 49.2405488, -123.1487881 49.2405442, -123.1492766 49.2404857, -123.1498432 49.2404835, -123.150136 49.2405361, -123.1508498 49.2406642, -123.1512031 49.2407251, -123.1520297 49.2408622, -123.1523797 49.2409188, -123.1525163 49.2409231, -123.152843 49.2409122, -123.1531956 49.2408774, -123.1533386 49.2408524, -123.1536562 49.240778, -123.1539542 49.2406896, -123.1542142 49.2405729, -123.1545067 49.2403713, -123.1548372 49.2399823, -123.1549509 49.2397913, -123.1551243 49.2395225, -123.1551405 49.23919, -123.1551522 49.2384173, -123.1551592 49.2383339, -123.155241 49.238298, -123.156045 49.238305, -123.157226 49.238325, -123.158262 49.238341, -123.159366 49.23836, -123.15979 49.238369, -123.160374 49.238374, -123.161407 49.238389, -123.162608 49.238409, -123.162586 49.239117, -123.162561 49.239811, -123.162526 49.240689, -123.162498 49.241494, -123.162479 49.242209, -123.162448 49.242978, -123.162438 49.243227, -123.162438 49.24328, -123.16244 49.243337, -123.162449 49.243384, -123.162463 49.243445, -123.162484 49.243509, -123.162508 49.243572, -123.162551 49.243671, -123.162735 49.244088, -123.162957 49.244585, -123.16298 49.244622, -123.163034 49.244698, -123.163079 49.244754, -123.16314 49.24482, -123.163199 49.244882, -123.163262 49.244939, -123.163318 49.244983, -123.163368 49.245021, -123.163438 49.245071, -123.163519 49.245121, -123.163589 49.245161, -123.163691 49.245209, -123.163803 49.245257, -123.164234 49.245424, -123.16491 49.245689, -123.165518 49.24592, -123.165667 49.245978, -123.16575 49.246014, -123.165847 49.246059, -123.165936 49.246102, -123.165966 49.246119, -123.166017 49.246148, -123.166092 49.246191, -123.16617 49.246238, -123.166239 49.246283, -123.166304 49.246331, -123.166387 49.246393, -123.166459 49.246452, -123.166552 49.246538, -123.166659 49.246645, -123.166794 49.246789, -123.167097 49.247111, -123.167485 49.247529, -123.167708 49.24777, -123.167741 49.247812, -123.167779 49.247866, -123.167796 49.247902, -123.167816 49.247955, -123.167835 49.248023, -123.167862 49.248141, -123.167562 49.248118, -123.167286 49.248103, -123.167053 49.248098, -123.166323 49.24809, -123.165343 49.248082, -123.164688 49.248082, -123.164501 49.248085, -123.164356 49.248091, -123.164182 49.248102, -123.163932 49.248134, -123.163709 49.248177, -123.163455 49.248231, -123.163135 49.248307, -123.162939 49.248363, -123.162583 49.248496, -123.161724 49.24883, -123.160671 49.249248, -123.15942 49.249733, -123.158051 49.250262, -123.156738 49.250774, -123.15574 49.251163, -123.155456 49.25128, -123.155297 49.251343, -123.15511 49.251407, -123.15491 49.251466, -123.154781 49.2515, -123.154591 49.251544, -123.154461 49.251568, -123.154323 49.251587, -123.154113 49.251609, -123.153946 49.251619, -123.153764 49.251622, -123.153603 49.251617, -123.153443 49.251602, -123.153067 49.251548)))"
822283,Granville,Neighborhood,N,Sub Neighborhood,Vancouver Westside,Marpole,Granville,CAN,"Vancouver, BC",49.159147,-123.158747,20220419,1272165.161,Canada,British Columbia,"Vancouver, BC",Richmond,"MULTIPOLYGON (((-123.156013 49.162738, -123.1538 49.16273, -123.151771 49.162737, -123.150281 49.162735, -123.149524 49.162735, -123.148646 49.16273, -123.147778 49.16273, -123.147774 49.162102, -123.147776 49.161101, -123.147777 49.16076, -123.147782 49.15968, -123.147793 49.158469, -123.147795 49.157185, -123.1478 49.155973, -123.1478 49.155576, -123.148445 49.155574, -123.149954 49.155575, -123.15174 49.155575, -123.153333 49.155576, -123.155237 49.155577, -123.156738 49.155577, -123.157935 49.155573, -123.158916 49.155577, -123.159943 49.155582, -123.161321 49.155587, -123.16268 49.15559, -123.164394 49.155598, -123.166149 49.155604, -123.167689 49.155608, -123.169108 49.155615, -123.169827 49.155618, -123.169825 49.156377, -123.169825 49.157616, -123.169825 49.15867, -123.169824 49.159918, -123.169824 49.161109, -123.169821 49.161357, -123.169819 49.161434, -123.169813 49.161497, -123.169802 49.161557, -123.169785 49.161608, -123.169752 49.161686, -123.169725 49.161742, -123.169688 49.161804, -123.169637 49.161879, -123.169591 49.161947, -123.169551 49.161995, -123.169511 49.162042, -123.169467 49.162087, -123.16942 49.162131, -123.169361 49.162182, -123.169302 49.162228, -123.16922 49.162282, -123.169097 49.162366, -123.168945 49.162443, -123.168872 49.162474, -123.168765 49.162517, -123.168654 49.16256, -123.168574 49.162586, -123.168471 49.162614, -123.168348 49.162639, -123.168178 49.162668, -123.168062 49.162684, -123.167972 49.162696, -123.167879 49.162704, -123.167744 49.162711, -123.167535 49.162715, -123.16677 49.162717, -123.165905 49.162726, -123.165255 49.162733, -123.163931 49.16274, -123.162164 49.162738, -123.160798 49.162739, -123.159253 49.162732, -123.158808 49.162735, -123.15765 49.162742, -123.156013 49.162738)))"
822285,Dunbar Southlands,Neighborhood,N,Neighborhood,Vancouver Westside,Dunbar Southlands,,CAN,"Vancouver, BC",49.238069,-123.188994,20220419,8700751.769,Canada,British Columbia,"Vancouver, BC",Vancouver,"MULTIPOLYGON (((-123.178524 49.2564, -123.17853 49.255857, -123.178392 49.255858, -123.178325 49.255856, -123.178276 49.255851, -123.178252 49.255843, -123.178222 49.255825, -123.178191 49.255796, -123.178126 49.255729, -123.177946 49.255543, -123.177863 49.255467, -123.177815 49.255425, -123.177759 49.255379, -123.177686 49.255317, -123.177456 49.255145, -123.177381 49.255092, -123.177321 49.255052, -123.177259 49.255013, -123.177146 49.254946, -123.177069 49.2549, -123.177 49.254864, -123.176759 49.254697, -123.176726 49.254578, -123.176723 49.254542, -123.176715 49.254426, -123.176708 49.254373, -123.176696 49.254333, -123.176686 49.254311, -123.17667 49.254288, -123.176441 49.25398, -123.17607 49.253494, -123.17586 49.253249, -123.175814 49.253201, -123.175773 49.253165, -123.175737 49.253137, -123.175212 49.252759, -123.174468 49.252203, -123.173876 49.251747, -123.173267 49.251242, -123.173208 49.251189, -123.173011 49.251022, -123.172935 49.250962, -123.172889 49.250926, -123.172844 49.250883, -123.172404 49.250374, -123.172355 49.250316, -123.172123 49.250006, -123.171923 49.24974, -123.171801 49.249578, -123.171525 49.249219, -123.171278 49.248901, -123.171021 49.248562, -123.170933 49.248452, -123.170868 49.248381, -123.170815 49.248329, -123.170746 49.24827, -123.170689 49.248224, -123.170633 49.248184, -123.170538 49.24812, -123.17046 49.24807, -123.170352 49.248009, -123.1702579 49.2391843, -123.1702808 49.238525, -123.1702997 49.2346908, -123.178724 49.234753, -123.178725 49.234503, -123.178722 49.233917, -123.178728 49.2333, -123.178727 49.232782, -123.178726 49.232219, -123.178729 49.231671, -123.178731 49.231062, -123.178731 49.230602, -123.178739 49.23012, -123.1787493 49.2282313, -123.1789859 49.2223296, -123.1790725 49.2185699, -123.1790849 49.218012, -123.1792458 49.2177856, -123.1790849 49.2170659, -123.178811 49.2169285, -123.1787893 49.2169174, -123.1785897 49.2168153, -123.1786122 49.2154511, -123.178819 49.215462, -123.180427 49.215597, -123.181308 49.215733, -123.182479 49.215884, -123.183464 49.216155, -123.184942 49.216748, -123.1884977 49.2184058, -123.189193 49.21873, -123.1892627 49.2187622, -123.190186 49.219188, -123.19116 49.219587, -123.191451 49.219665, -123.192042 49.219824, -123.194947 49.220399, -123.201372 49.221514, -123.20173 49.222555, -123.201773 49.222757, -123.201787 49.222843, -123.201791 49.222879, -123.201764 49.222906, -123.201706 49.222928, -123.201645 49.22293, -123.201608 49.222922, -123.201543 49.2229, -123.201495 49.222886, -123.201455 49.222887, -123.201387 49.22292, -123.200903 49.223258, -123.200856 49.223305, -123.200829 49.223352, -123.200847 49.223429, -123.200895 49.223573, -123.200985 49.223713, -123.201115 49.223898, -123.201228 49.224029, -123.201835 49.224475, -123.202109 49.224726, -123.202178 49.224795, -123.2023 49.224953, -123.202422 49.225179, -123.202644 49.225568, -123.202736 49.22578, -123.202828 49.225933, -123.202965 49.22608, -123.203747 49.226606, -123.203815 49.226609, -123.203944 49.226619, -123.204072 49.226589, -123.20417 49.226534, -123.204237 49.22647, -123.204275 49.226405, -123.204357 49.226361, -123.204418 49.22639, -123.204426 49.226484, -123.204405 49.226612, -123.20442 49.226706, -123.204557 49.226854, -123.20515 49.227371, -123.205257 49.227489, -123.205341 49.227617, -123.205494 49.227839, -123.205647 49.228085, -123.206062 49.228585, -123.206229 49.228712, -123.207072 49.229292, -123.207502 49.229588, -123.207601 49.229647, -123.207715 49.229751, -123.207838 49.230012, -123.207976 49.230243, -123.208257 49.230489, -123.208687 49.23087, -123.208946 49.231067, -123.209947 49.231581, -123.210928 49.232091, -123.212981 49.232971, -123.215122 49.233944, -123.217422 49.235029, -123.218233 49.235508, -123.2186737 49.2357962, -123.21886 49.235918, -123.219657 49.236444, -123.219998 49.23661, -123.220354 49.236703, -123.220551 49.236771, -123.220628 49.236875, -123.220659 49.237003, -123.220713 49.237126, -123.2207739 49.2372152, -123.220797 49.237249, -123.221154 49.237472, -123.220773 49.237935, -123.220338 49.238665, -123.219865 49.239481, -123.219067 49.239347, -123.218882 49.239272, -123.218824 49.23924, -123.218737 49.239168, -123.218673 49.239101, -123.218623 49.239041, -123.217619 49.238663, -123.217055 49.238361, -123.216801 49.23825, -123.216547 49.238149, -123.216195 49.238031, -123.216062 49.237992, -123.215666 49.237862, -123.21546 49.237777, -123.215119 49.237649, -123.214811 49.237514, -123.214578 49.237411, -123.21372 49.237058, -123.21311 49.236829, -123.212515 49.236596, -123.21226 49.236499, -123.211721 49.236323, -123.211021 49.236073, -123.210905 49.236021, -123.210783 49.235971, -123.210701 49.235942, -123.210513 49.235882, -123.210231 49.235781, -123.210154 49.23575, -123.210046 49.235699, -123.209925 49.235633, -123.209842 49.235587, -123.209774 49.235556, -123.209706 49.235529, -123.209619 49.235496, -123.208968 49.235262, -123.208538 49.235121, -123.208473 49.235195, -123.20843 49.235235, -123.208395 49.235269, -123.208339 49.235312, -123.208259 49.235375, -123.208171 49.235438, -123.207903 49.235617, -123.207621 49.235812, -123.207323 49.236005, -123.207141 49.236106, -123.207 49.236152, -123.206074 49.236737, -123.20535 49.237245, -123.205051 49.237159, -123.204163 49.236925, -123.203062 49.23663, -123.202076 49.23636, -123.201138 49.236111, -123.200058 49.235822, -123.199111 49.235564, -123.198216 49.235318, -123.197371 49.23508, -123.197113 49.235005, -123.196918 49.235324, -123.196869 49.235418, -123.19685 49.235462, -123.196834 49.235514, -123.196823 49.235584, -123.196819 49.235697, -123.196829 49.236084, -123.196838 49.236432, -123.196845 49.236589, -123.197556 49.236597, -123.198151 49.236599, -123.198545 49.236601, -123.198552 49.237534, -123.198548 49.238575, -123.196828 49.238539, -123.196815 49.239302, -123.196804 49.240013, -123.196795 49.240787, -123.196796 49.241507, -123.19678 49.242243, -123.196784 49.243112, -123.196767 49.243957, -123.196767 49.244749, -123.196759 49.245406, -123.196769 49.246225, -123.198493 49.24624, -123.198623 49.246244, -123.198689 49.246249, -123.198759 49.246259, -123.198816 49.246269, -123.198887 49.246283, -123.198959 49.246304, -123.199013 49.246323, -123.199178 49.246393, -123.199593 49.246609, -123.200115 49.246858, -123.200691 49.247167, -123.201234 49.247448, -123.201819 49.247732, -123.202601 49.248128, -123.203369 49.248516, -123.204275 49.248979, -123.204583 49.249142, -123.204486 49.249241, -123.20443 49.249295, -123.204395 49.249326, -123.204362 49.249346, -123.204316 49.249367, -123.204274 49.249384, -123.204237 49.249395, -123.204155 49.249414, -123.203749 49.249489, -123.202832 49.249652, -123.202092 49.249776, -123.201476 49.249888, -123.200694 49.250023, -123.200601 49.250038, -123.200544 49.250047, -123.200436 49.250058, -123.200216 49.250067, -123.199978 49.25007, -123.199755 49.250069, -123.199467 49.250067, -123.199283 49.250072, -123.199201 49.250077, -123.199134 49.250084, -123.199074 49.250094, -123.198883 49.250136, -123.196742 49.250157, -123.196687 49.252204, -123.19674 49.253545, -123.196763 49.254801, -123.19668 49.25481, -123.196666 49.254816, -123.19665 49.254824, -123.1966375 49.2548355, -123.196635 49.25485, -123.196645 49.25505, -123.196644 49.25508, -123.196637 49.255189, -123.19652 49.255213, -123.196537 49.255231, -123.196556 49.2552565, -123.196558 49.255281, -123.196547 49.25582, -123.196561 49.256639, -123.196976 49.256645, -123.197486 49.256649, -123.198036 49.256653, -123.198395 49.256654, -123.200979 49.25674, -123.203024 49.256784, -123.203055 49.256877, -123.203106 49.257039, -123.203153 49.257218, -123.203174 49.257323, -123.203196 49.257462, -123.20321 49.257575, -123.203221 49.257708, -123.203228 49.257853, -123.203215 49.258205, -123.202174 49.25819, -123.200109 49.258155, -123.197988 49.25813, -123.193975 49.258074, -123.190227 49.258003, -123.187131 49.257954, -123.184961 49.257931, -123.183984 49.257913, -123.182468 49.257885, -123.17935 49.257836, -123.178072 49.257814, -123.178085 49.257543, -123.178094 49.25749, -123.178107 49.257444, -123.178119 49.257397, -123.178248 49.257128, -123.178468 49.256677, -123.178505 49.256592, -123.178516 49.256556, -123.178521 49.256521, -123.178524 49.2564)))"
822286,University Endowment Lands,Neighborhood,N,Neighborhood,Vancouver Westside,University Endowment Lands,,CAN,"Vancouver, BC",49.257792,-123.230061,20220419,14290289.32,Canada,British Columbia,"Vancouver, BC",Greater Vancouver A,"MULTIPOLYGON (((-123.2413994 49.2799133, -123.2409116 49.2797824, -123.2404595 49.2796635, -123.2399242 49.2796397, -123.2393174 49.2796159, -123.2385356 49.2795015, -123.238507 49.2795, -123.237882 49.279473, -123.2377747 49.2794657, -123.2374257 49.2794612, -123.236926 49.2795207, -123.2365096 49.2795207, -123.236266 49.2794551, -123.2362003 49.2794374, -123.2361869 49.2794155, -123.236142 49.279404, -123.236001 49.279346, -123.235943 49.279302, -123.235853 49.279224, -123.235785 49.27918, -123.235701 49.279146, -123.235602 49.279116, -123.235455 49.279096, -123.235345 49.279103, -123.235203 49.279131, -123.235005 49.279189, -123.2348537 49.2792582, -123.2346953 49.279395, -123.2345131 49.2794535, -123.234425 49.279504, -123.234368 49.279538, -123.234302 49.279575, -123.234264 49.279592, -123.234233 49.279598, -123.234211 49.279593, -123.234164 49.279573, -123.2341082 49.2795425, -123.233865 49.2795328, -123.2331873 49.279447, -123.2325447 49.2793933, -123.2321797 49.2792972, -123.23205 49.279271, -123.231727 49.279187, -123.2316586 49.2791713, -123.2306962 49.2791812, -123.2299183 49.2790751, -123.2291178 49.2789671, -123.229102 49.2789652, -123.2288643 49.2789329, -123.2279023 49.2789337, -123.2274688 49.2788388, -123.227444 49.278848, -123.227421 49.278852, -123.2274022 49.2788453, -123.2274139 49.2788262, -123.2269415 49.2785733, -123.2269121 49.2785371, -123.226746 49.278463, -123.2265689 49.2783969, -123.2264088 49.2783548, -123.2258378 49.2781644, -123.2256258 49.2781384, -123.2251596 49.2780811, -123.2247194 49.2781525, -123.2245937 49.2781908, -123.224579 49.278101, -123.224519 49.27776, -123.224506 49.277731, -123.224503 49.277706, -123.22455 49.277427, -123.224399 49.277418, -123.224763 49.276155, -123.224988 49.274995, -123.225034 49.274207, -123.225121 49.272916, -123.223651 49.271774, -123.222984 49.271146, -123.222277 49.270547, -123.222335 49.268684, -123.221037 49.268817, -123.219588 49.26897, -123.21958 49.268831, -123.219573 49.268684, -123.219563 49.268623, -123.219557 49.26859, -123.219557 49.268566, -123.219571 49.268359, -123.219588 49.268148, -123.219594 49.267991, -123.219598 49.267969, -123.219619 49.267915, -123.219711 49.26769, -123.219743 49.267629, -123.21975 49.267606, -123.219753 49.267585, -123.219753 49.267562, -123.219752 49.267526, -123.219744 49.267486, -123.219734 49.267455, -123.219712 49.267395, -123.219663 49.267293, -123.219642 49.26726, -123.219623 49.26723, -123.219576 49.267174, -123.219553 49.26719, -123.219527 49.267205, -123.219502 49.267212, -123.219442 49.267217, -123.21898 49.267252, -123.218038 49.267319, -123.21711 49.26737, -123.216869 49.267376, -123.216407 49.267384, -123.215485 49.2674, -123.215085 49.267406, -123.215107 49.26689, -123.215134 49.266121, -123.215159 49.26539, -123.215183 49.264749, -123.215203 49.264197, -123.215232 49.263544, -123.215257 49.262915, -123.215275 49.262329, -123.215297 49.261744, -123.215323 49.26119, -123.215345 49.260504, -123.215368 49.259845, -123.215386 49.259314, -123.215419 49.258394, -123.213496 49.258359, -123.211635 49.258333, -123.209872 49.258307, -123.207882 49.258276, -123.206249 49.258256, -123.204179 49.258219, -123.203215 49.258205, -123.203228 49.257853, -123.203221 49.257708, -123.20321 49.257575, -123.203196 49.257462, -123.203174 49.257323, -123.203153 49.257218, -123.203106 49.257039, -123.203055 49.256877, -123.203024 49.256784, -123.200979 49.25674, -123.198395 49.256654, -123.198036 49.256653, -123.197486 49.256649, -123.196976 49.256645, -123.196561 49.256639, -123.196547 49.25582, -123.196558 49.255281, -123.196556 49.2552565, -123.196537 49.255231, -123.19652 49.255213, -123.196637 49.255189, -123.196644 49.25508, -123.196645 49.25505, -123.196635 49.25485, -123.1966375 49.2548355, -123.19665 49.254824, -123.196666 49.254816, -123.19668 49.25481, -123.196763 49.254801, -123.19674 49.253545, -123.196687 49.252204, -123.196742 49.250157, -123.198883 49.250136, -123.199074 49.250094, -123.199134 49.250084, -123.199201 49.250077, -123.199283 49.250072, -123.199467 49.250067, -123.199755 49.250069, -123.199978 49.25007, -123.200216 49.250067, -123.200436 49.250058, -123.200544 49.250047, -123.200601 49.250038, -123.200694 49.250023, -123.201476 49.249888, -123.202092 49.249776, -123.202832 49.249652, -123.203749 49.249489, -123.204155 49.249414, -123.204237 49.249395, -123.204274 49.249384, -123.204316 49.249367, -123.204362 49.249346, -123.204395 49.249326, -123.20443 49.249295, -123.204486 49.249241, -123.204583 49.249142, -123.204275 49.248979, -123.203369 49.248516, -123.202601 49.248128, -123.201819 49.247732, -123.201234 49.247448, -123.200691 49.247167, -123.200115 49.246858, -123.199593 49.246609, -123.199178 49.246393, -123.199013 49.246323, -123.198959 49.246304, -123.198887 49.246283, -123.198816 49.246269, -123.198759 49.246259, -123.198689 49.246249, -123.198623 49.246244, -123.198493 49.24624, -123.196769 49.246225, -123.196759 49.245406, -123.196767 49.244749, -123.196767 49.243957, -123.196784 49.243112, -123.19678 49.242243, -123.196796 49.241507, -123.196795 49.240787, -123.196804 49.240013, -123.196815 49.239302, -123.196828 49.238539, -123.198548 49.238575, -123.198552 49.237534, -123.198545 49.236601, -123.198151 49.236599, -123.197556 49.236597, -123.196845 49.236589, -123.196838 49.236432, -123.196829 49.236084, -123.196819 49.235697, -123.196823 49.235584, -123.196834 49.235514, -123.19685 49.235462, -123.196869 49.235418, -123.196918 49.235324, -123.197113 49.235005, -123.197371 49.23508, -123.198216 49.235318, -123.199111 49.235564, -123.200058 49.235822, -123.201138 49.236111, -123.202076 49.23636, -123.203062 49.23663, -123.204163 49.236925, -123.205051 49.237159, -123.20535 49.237245, -123.206074 49.236737, -123.207 49.236152, -123.207141 49.236106, -123.207323 49.236005, -123.207621 49.235812, -123.207903 49.235617, -123.208171 49.235438, -123.208259 49.235375, -123.208339 49.235312, -123.208395 49.235269, -123.20843 49.235235, -123.208473 49.235195, -123.208538 49.235121, -123.208968 49.235262, -123.209619 49.235496, -123.209706 49.235529, -123.209774 49.235556, -123.209842 49.235587, -123.209925 49.235633, -123.210046 49.235699, -123.210154 49.23575, -123.210231 49.235781, -123.210513 49.235882, -123.210701 49.235942, -123.210783 49.235971, -123.210905 49.236021, -123.211021 49.236073, -123.211721 49.236323, -123.21226 49.236499, -123.212515 49.236596, -123.21311 49.236829, -123.21372 49.237058, -123.214578 49.237411, -123.214811 49.237514, -123.215119 49.237649, -123.21546 49.237777, -123.215666 49.237862, -123.216062 49.237992, -123.216195 49.238031, -123.216547 49.238149, -123.216801 49.23825, -123.217055 49.238361, -123.217619 49.238663, -123.218623 49.239041, -123.218673 49.239101, -123.218737 49.239168, -123.218824 49.23924, -123.218882 49.239272, -123.219067 49.239347, -123.219865 49.239481, -123.220338 49.238665, -123.220773 49.237935, -123.221154 49.237472, -123.221966 49.237977, -123.224911 49.239567, -123.225642 49.239859, -123.226263 49.240088, -123.229271 49.241055, -123.231442 49.24186, -123.233027 49.242425, -123.233414 49.242572, -123.233612 49.24267, -123.235169 49.243676, -123.236285 49.244358, -123.236877 49.244701, -123.237924 49.245201, -123.239795 49.246073, -123.242149 49.247002, -123.244046 49.247687, -123.246325 49.248371, -123.246719 49.248479, -123.246977 49.248492, -123.247203 49.248482, -123.247362 49.248506, -123.247438 49.248545, -123.24759 49.248653, -123.248024 49.248953, -123.249487 49.249835, -123.250701 49.250516, -123.251277 49.250795, -123.252275 49.251205, -123.252359 49.251259, -123.252503 49.251382, -123.252948 49.252135, -123.253225 49.252742, -123.253365 49.253112, -123.253482 49.253541, -123.253568 49.25395, -123.253615 49.254117, -123.253692 49.25429, -123.253761 49.254403, -123.254035 49.254678, -123.254229 49.254819, -123.254562 49.254961, -123.254706 49.25501, -123.254812 49.255064, -123.254874 49.255162, -123.25492 49.255251, -123.255057 49.255379, -123.255277 49.255496, -123.255414 49.255555, -123.255566 49.255599, -123.255694 49.255648, -123.255809 49.255721, -123.25612 49.255898, -123.256196 49.255967, -123.256219 49.256055, -123.256367 49.256534, -123.256407 49.256882, -123.256423 49.256981, -123.256462 49.257069, -123.2565085 49.2571143, -123.256538 49.257143, -123.256586 49.25716, -123.256705 49.257202, -123.256849 49.257315, -123.2569258 49.2574952, -123.257083 49.258148, -123.257137 49.258246, -123.257221 49.258315, -123.2572844 49.2583367, -123.257592 49.258442, -123.25779 49.25853, -123.25823 49.25879, -123.258399 49.258987, -123.258484 49.25915, -123.258561 49.259386, -123.258631 49.259608, -123.258716 49.259751, -123.25935 49.260568, -123.259838 49.261091, -123.259998 49.261268, -123.260356 49.261587, -123.260508 49.261693, -123.260736 49.261855, -123.261177 49.262124, -123.26145 49.262276, -123.261565 49.262379, -123.261633 49.262468, -123.26171 49.262611, -123.261772 49.262749, -123.261788 49.262862, -123.261819 49.262951, -123.2621126 49.2631262, -123.2623625 49.2632095, -123.2626242 49.2630667, -123.262641 49.2630656, -123.262833 49.2631882, -123.2630525 49.2633285, -123.2632994 49.263449, -123.2635641 49.2635783, -123.2637426 49.2638038, -123.2637902 49.2638639, -123.2641352 49.2642327, -123.2642637 49.2642862, -123.2645635 49.2644111, -123.2649918 49.264316, -123.2655867 49.2642089, -123.2659436 49.2644825, -123.266015 49.2648275, -123.265777 49.2651488, -123.2653011 49.2651964, -123.2649293 49.2653376, -123.2647063 49.2654224, -123.2647538 49.2657793, -123.2647776 49.2662552, -123.2646349 49.266624, -123.2643309 49.2670682, -123.2639083 49.2673836, -123.2637078 49.2677238, -123.2633091 49.2686129, -123.2626661 49.2703382, -123.2622006 49.2710165, -123.2610528 49.2714887, -123.2600231 49.271795, -123.2599818 49.2718156, -123.2593281 49.2722288, -123.2582624 49.2727721, -123.2575079 49.2733102, -123.257321 49.273465, -123.2571603 49.2736561, -123.257014 49.27383, -123.256881 49.273998, -123.256797 49.274061, -123.256703 49.274108, -123.256211 49.274267, -123.2559945 49.2743636, -123.255969 49.274375, -123.2556311 49.2745185, -123.2553191 49.2746983, -123.2547639 49.2749102, -123.2544818 49.2750179, -123.253435 49.275483, -123.253123 49.275642, -123.252934 49.275763, -123.252711 49.275957, -123.2514684 49.2769242, -123.250965 49.277316, -123.2498933 49.2780663, -123.249551 49.278306, -123.2494239 49.2783777, -123.2492355 49.2785207, -123.2485027 49.2790452, -123.2478507 49.279252, -123.247435 49.279389, -123.2470696 49.2794874, -123.246982 49.279511, -123.246597 49.279593, -123.246356 49.279601, -123.246194 49.27958, -123.246039 49.279577, -123.245894 49.279581, -123.245798 49.279581, -123.245603 49.2796, -123.245474 49.279634, -123.245273 49.279696, -123.245083 49.279777, -123.244966 49.279822, -123.244854 49.279855, -123.244698 49.279859, -123.24453 49.279849, -123.244358 49.279813, -123.244218 49.279799, -123.244109 49.2798022, -123.2422679 49.279969, -123.2416478 49.2799512, -123.2413994 49.2799133)))"
822287,Oakridge,Neighborhood,N,Neighborhood,Vancouver Westside,Oakridge,,CAN,"Vancouver, BC",49.226241,-123.122737,20220419,4130603.284,Canada,British Columbia,"Vancouver, BC",Vancouver,"MULTIPOLYGON (((-123.128051 49.233953, -123.127349 49.233928, -123.125706 49.233865, -123.124043 49.233807, -123.122203 49.233748, -123.120292 49.233667, -123.119002 49.233634, -123.117648 49.233593, -123.116345 49.233554, -123.114143 49.233472, -123.113001 49.233427, -123.112044 49.233384, -123.110728 49.233335, -123.109227 49.233283, -123.107873 49.233236, -123.106504 49.23319, -123.10566 49.233165, -123.1059314 49.2257517, -123.106195 49.21855, -123.106211 49.2177, -123.106608 49.217702, -123.106606 49.217751, -123.107293 49.217758, -123.107736 49.217768, -123.107742 49.217659, -123.108325 49.217659, -123.108969 49.217671, -123.109416 49.217678, -123.109535 49.21768, -123.109606 49.217684, -123.109643 49.217689, -123.1097 49.217701, -123.109887 49.217701, -123.110074 49.217696, -123.110154 49.217696, -123.110399 49.217703, -123.110617 49.217701, -123.110823 49.217689, -123.110973 49.217684, -123.111025 49.217684, -123.111083 49.217688, -123.111126 49.217694, -123.111211 49.217711, -123.111278 49.217722, -123.11135 49.217732, -123.111419 49.217739, -123.111541 49.217748, -123.111832 49.217756, -123.111919 49.217758, -123.111991 49.217757, -123.112084 49.217754, -123.112199 49.217749, -123.112271 49.217744, -123.112571 49.217749, -123.112664 49.217754, -123.112709 49.217758, -123.112743 49.217764, -123.112775 49.217771, -123.112794 49.217767, -123.112808 49.217765, -123.113092 49.217748, -123.113177 49.217747, -123.113225 49.217743, -123.11333 49.217733, -123.113345 49.21775, -123.113361 49.21776, -123.113382 49.217772, -123.113416 49.217784, -123.113455 49.21779, -123.113518 49.217793, -123.113653 49.217795, -123.114713 49.217807, -123.115298 49.217813, -123.11611 49.217821, -123.116832 49.217829, -123.116782 49.219054, -123.118111 49.219069, -123.119535 49.219089, -123.120775 49.219104, -123.121742 49.219118, -123.122998 49.219132, -123.1238679 49.2191437, -123.124177 49.219149, -123.125453 49.219165, -123.126644 49.219179, -123.127879 49.219194, -123.128589 49.219204, -123.1294 49.219215, -123.130564 49.219229, -123.1312448 49.2192379, -123.131637 49.219243, -123.132779 49.219258, -123.133997 49.219273, -123.1340401 49.2192721, -123.135127 49.219289, -123.136475 49.219306, -123.137801 49.219324, -123.138985 49.219337, -123.140148 49.219355, -123.1401329 49.219786, -123.1401316 49.2198203, -123.140094 49.220717, -123.140058 49.221612, -123.140021 49.222588, -123.139982 49.223527, -123.139946 49.224487, -123.139907 49.225398, -123.139875 49.226193, -123.139842 49.226991, -123.139816 49.227732, -123.13979 49.228555, -123.139759 49.229433, -123.139729 49.230379, -123.139697 49.231211, -123.139671 49.232032, -123.139638 49.232999, -123.139625 49.234003, -123.139619 49.234328, -123.138833 49.234312, -123.137697 49.234273, -123.136569 49.23424, -123.135415 49.234202, -123.134145 49.234163, -123.132933 49.234122, -123.131775 49.23408, -123.13044 49.234033, -123.129088 49.233991, -123.128051 49.233953)))"
822289,South False Creek,Neighborhood,S,Sub Neighborhood,Vancouver Westside,Mount Pleasant,South False Creek,CAN,"Vancouver, BC",49.270003,-123.107803,20220419,329982.281,Canada,British Columbia,"Vancouver, BC",Vancouver,"MULTIPOLYGON (((-123.102163 49.272935, -123.101723 49.272911, -123.101722 49.273021, -123.100887 49.272918, -123.1001756 49.2728255, -123.100026 49.272806, -123.100039 49.272491, -123.100057 49.272156, -123.1000615 49.2721168, -123.100073 49.272016, -123.100094 49.271921, -123.100122 49.271845, -123.100217 49.271636, -123.100514 49.271106, -123.100546 49.271028, -123.100573 49.270956, -123.1005878 49.2709018, -123.100602 49.27085, -123.100626 49.270739, -123.100633 49.270628, -123.100656 49.27016, -123.100692 49.269067, -123.1007475 49.2690802, -123.100953 49.269129, -123.10111 49.269153, -123.101269 49.269173, -123.101528 49.269188, -123.102802 49.269214, -123.104702 49.269241, -123.105951 49.269267, -123.107314 49.269291, -123.108343 49.269309, -123.10869 49.269314, -123.108849 49.269313, -123.108963 49.269306, -123.109136 49.269289, -123.10929 49.269265, -123.109405 49.26924, -123.109531 49.269205, -123.109671 49.269158, -123.109792 49.269106, -123.110115 49.268957, -123.11087 49.268584, -123.111801 49.268137, -123.113214 49.267441, -123.114465 49.266817, -123.114842 49.26664, -123.114918 49.268014, -123.114951 49.268696, -123.114969 49.269109, -123.11497 49.269399, -123.114952 49.269846, -123.114918 49.270643, -123.114882 49.271248, -123.114511 49.271323, -123.114321 49.271358, -123.114223 49.271369, -123.114119 49.271381, -123.114082 49.271384, -123.114024 49.271381, -123.113811 49.27161, -123.113857 49.271718, -123.113067 49.27186, -123.1130457 49.2718062, -123.112907 49.271455, -123.112563 49.271535, -123.112262 49.271589, -123.111739 49.271665, -123.111783 49.271851, -123.111348 49.271924, -123.111329 49.271882, -123.1113 49.271887, -123.111273 49.2719, -123.111233 49.271925, -123.111215 49.271946, -123.111207 49.271972, -123.1112068 49.2720025, -123.1112125 49.2720275, -123.11123 49.272044, -123.111258 49.272066, -123.111289 49.272083, -123.111315 49.272095, -123.111351 49.272107, -123.111389 49.272113, -123.111452 49.272119, -123.111511 49.272118, -123.111555 49.272118, -123.111619 49.272113, -123.111684 49.272107, -123.111703 49.272106, -123.111726 49.272109, -123.111751 49.2721215, -123.1117525 49.272151, -123.111729 49.272167, -123.111156 49.272331, -123.110985 49.272383, -123.110932 49.272388, -123.110898 49.272388, -123.110867 49.272389, -123.110829 49.272396, -123.110797 49.272407, -123.110753 49.272423, -123.110725 49.272432, -123.110689 49.272435, -123.110294 49.272442, -123.110153 49.272436, -123.110062 49.272425, -123.110021 49.272418, -123.109996 49.272411, -123.109971 49.272397, -123.10996 49.27238, -123.109774 49.272299, -123.109616 49.272358, -123.109525 49.272386, -123.10948 49.272398, -123.109414 49.272411, -123.109419 49.272212, -123.109354 49.272212, -123.109359 49.272084, -123.109379 49.272056, -123.109385 49.272042, -123.109387 49.272022, -123.109392 49.271867, -123.109387 49.271734, -123.109379 49.271699, -123.109369 49.271664, -123.109366 49.271641, -123.109377 49.271421, -123.109385 49.271081, -123.109399 49.270721, -123.109408 49.27025, -123.108582 49.270257, -123.107396 49.27025, -123.106082 49.270202, -123.105054 49.270187, -123.104546 49.270179, -123.104539 49.270466, -123.104541 49.270498, -123.104554 49.270533, -123.104564 49.270557, -123.10457 49.270594, -123.104574 49.270649, -123.104571 49.270714, -123.104569 49.271116, -123.104546 49.271484, -123.104537 49.271603, -123.104533 49.271618, -123.104521 49.271638, -123.10446 49.271735, -123.10436 49.271737, -123.104375 49.272016, -123.104375 49.272294, -123.104443 49.272331, -123.1044296 49.2724775, -123.103978 49.272477, -123.103991 49.272326, -123.103559 49.272326, -123.10347 49.27233, -123.10347 49.272372, -123.10337 49.272372, -123.103373 49.272295, -123.103229 49.272293, -123.103152 49.272294, -123.103092 49.272303, -123.103037 49.272324, -123.102982 49.272353, -123.102952 49.272381, -123.102926 49.272418, -123.102917 49.272446, -123.102916 49.272475, -123.10291 49.272803, -123.102916 49.273065, -123.102635 49.273121, -123.102608 49.273094, -123.102587 49.273078, -123.102564 49.273065, -123.102537 49.273054, -123.102501 49.273041, -123.102461 49.273031, -123.102394 49.273017, -123.102329 49.273005, -123.102282 49.272995, -123.102243 49.272985, -123.102214 49.272973, -123.10218 49.272953, -123.102163 49.272935)))"
1187854,Cambie,Neighborhood,S,Sub Neighborhood,Vancouver Westside,Marpole,Cambie,CAN,"Vancouver, BC",49.211157,-123.11561,20220419,2026539.991,Canada,British Columbia,"Vancouver, BC",Vancouver,"MULTIPOLYGON (((-123.106211 49.2177, -123.106746 49.2050375, -123.1067672 49.2045358, -123.106769 49.204493, -123.10838 49.204587, -123.109636 49.20466, -123.111162 49.204752, -123.11172 49.204779, -123.1123 49.204778, -123.11299 49.204747, -123.113572 49.204688, -123.114048 49.204624, -123.114373 49.204561, -123.114746 49.204475, -123.115208 49.204362, -123.115712 49.20424, -123.116281 49.204101, -123.117586 49.203769, -123.117662 49.20303, -123.117759 49.202083, -123.118075 49.202083, -123.119373 49.201994, -123.120455 49.201905, -123.121375 49.201728, -123.1213896 49.2017236, -123.1218108 49.2043328, -123.1223669 49.2048897, -123.122338 49.2049, -123.122457 49.205024, -123.122486 49.205054, -123.12351 49.2061115, -123.1239077 49.2065222, -123.1243886 49.2070181, -123.124442 49.207075, -123.1244843 49.2071224, -123.1241898 49.2072451, -123.1241878 49.2073162, -123.1242168 49.2073642, -123.1242342 49.2074054, -123.1242453 49.207472, -123.1242161 49.2083881, -123.1242006 49.2088395, -123.1241984 49.2089045, -123.1241969 49.2089533, -123.124188 49.209187, -123.124181 49.209372, -123.1241707 49.2098149, -123.1241697 49.2098529, -123.124168 49.209916, -123.124145 49.210281, -123.124132 49.210645, -123.124128 49.210743, -123.124112 49.211183, -123.124104 49.211381, -123.124064 49.212359, -123.1240489 49.2127942, -123.1240465 49.2128591, -123.124024 49.21334, -123.124017 49.213723, -123.123987 49.214269, -123.123974 49.214634, -123.123953 49.215154, -123.123937 49.215521, -123.123928 49.215743, -123.123948 49.2157433, -123.1239063 49.2170262, -123.1238846 49.2170771, -123.1238763 49.2181069, -123.1238679 49.2191437, -123.122998 49.219132, -123.121742 49.219118, -123.120775 49.219104, -123.119535 49.219089, -123.118111 49.219069, -123.116782 49.219054, -123.116832 49.217829, -123.11611 49.217821, -123.115298 49.217813, -123.114713 49.217807, -123.113653 49.217795, -123.113518 49.217793, -123.113455 49.21779, -123.113416 49.217784, -123.113382 49.217772, -123.113361 49.21776, -123.113345 49.21775, -123.11333 49.217733, -123.113225 49.217743, -123.113177 49.217747, -123.113092 49.217748, -123.112808 49.217765, -123.112794 49.217767, -123.112775 49.217771, -123.112743 49.217764, -123.112709 49.217758, -123.112664 49.217754, -123.112571 49.217749, -123.112271 49.217744, -123.112199 49.217749, -123.112084 49.217754, -123.111991 49.217757, -123.111919 49.217758, -123.111832 49.217756, -123.111541 49.217748, -123.111419 49.217739, -123.11135 49.217732, -123.111278 49.217722, -123.111211 49.217711, -123.111126 49.217694, -123.111083 49.217688, -123.111025 49.217684, -123.110973 49.217684, -123.110823 49.217689, -123.110617 49.217701, -123.110399 49.217703, -123.110154 49.217696, -123.110074 49.217696, -123.109887 49.217701, -123.1097 49.217701, -123.109643 49.217689, -123.109606 49.217684, -123.109535 49.21768, -123.109416 49.217678, -123.108969 49.217671, -123.108325 49.217659, -123.107742 49.217659, -123.107736 49.217768, -123.107293 49.217758, -123.106606 49.217751, -123.106608 49.217702, -123.106211 49.2177)))"
1187858,Oak,Neighborhood,S,Sub Neighborhood,Vancouver Westside,Marpole,Oak,CAN,"Vancouver, BC",49.209369,-123.127358,20220419,1196165.229,Canada,British Columbia,"Vancouver, BC",Vancouver,"MULTIPOLYGON (((-123.1238679 49.2191437, -123.1238763 49.2181069, -123.1238846 49.2170771, -123.1239063 49.2170262, -123.123948 49.2157433, -123.123928 49.215743, -123.123937 49.215521, -123.123953 49.215154, -123.123974 49.214634, -123.123987 49.214269, -123.124017 49.213723, -123.124024 49.21334, -123.1240465 49.2128591, -123.1240489 49.2127942, -123.124064 49.212359, -123.124104 49.211381, -123.124112 49.211183, -123.124128 49.210743, -123.124132 49.210645, -123.124145 49.210281, -123.124168 49.209916, -123.1241697 49.2098529, -123.1241707 49.2098149, -123.124181 49.209372, -123.124188 49.209187, -123.1241969 49.2089533, -123.1241984 49.2089045, -123.1242006 49.2088395, -123.1242161 49.2083881, -123.1242453 49.207472, -123.1242342 49.2074054, -123.1242168 49.2073642, -123.1241878 49.2073162, -123.1241898 49.2072451, -123.1244843 49.2071224, -123.124442 49.207075, -123.1243886 49.2070181, -123.1239077 49.2065222, -123.12351 49.2061115, -123.122486 49.205054, -123.122457 49.205024, -123.122338 49.2049, -123.1223669 49.2048897, -123.1218108 49.2043328, -123.1213896 49.2017236, -123.12243 49.201409, -123.125446 49.200474, -123.1268961 49.1999801, -123.12815 49.199553, -123.129124 49.199323, -123.129854 49.199181, -123.1304944 49.1990806, -123.1304945 49.2057055, -123.1316793 49.2057278, -123.1315913 49.2088877, -123.1313432 49.2171736, -123.1312362 49.2171707, -123.1312448 49.2192379, -123.130564 49.219229, -123.1294 49.219215, -123.128589 49.219204, -123.127879 49.219194, -123.126644 49.219179, -123.125453 49.219165, -123.124177 49.219149, -123.1238679 49.2191437)))"
1187861,Hudson,Neighborhood,S,Sub Neighborhood,Vancouver Westside,Marpole,Hudson,CAN,"Vancouver, BC",49.20815,-123.134768,20220419,1186882.879,Canada,British Columbia,"Vancouver, BC",Vancouver,"MULTIPOLYGON (((-123.135127 49.219289, -123.1340401 49.2192721, -123.133997 49.219273, -123.132779 49.219258, -123.131637 49.219243, -123.1312448 49.2192379, -123.1312362 49.2171707, -123.1313432 49.2171736, -123.1315913 49.2088877, -123.1316793 49.2057278, -123.1304945 49.2057055, -123.1304944 49.1990806, -123.131098 49.198986, -123.1315298 49.1989372, -123.132276 49.198853, -123.133112 49.198101, -123.134438 49.198516, -123.137068 49.199131, -123.141277 49.200185, -123.1415299 49.2003014, -123.1413472 49.2009065, -123.1410467 49.2008671, -123.1408475 49.2008411, -123.1408178 49.2009779, -123.1406614 49.2013898, -123.1388668 49.203636, -123.1387868 49.2037362, -123.1394582 49.2039315, -123.1394467 49.2039469, -123.1389504 49.2046137, -123.1382847 49.2043678, -123.1377642 49.2050626, -123.1376286 49.2086247, -123.1378356 49.2086247, -123.1378225 49.2089999, -123.1376797 49.2131124, -123.1374953 49.2173597, -123.1378523 49.2173597, -123.137801 49.219324, -123.136475 49.219306, -123.135127 49.219289)))"
1187863,Granville,Neighborhood,S,Sub Neighborhood,Vancouver Westside,Marpole,Granville,CAN,"Vancouver, BC",49.210604,-123.143276,20220419,1534196.417,Canada,British Columbia,"Vancouver, BC",Vancouver,"MULTIPOLYGON (((-123.140148 49.219355, -123.138985 49.219337, -123.137801 49.219324, -123.1378523 49.2173597, -123.1374953 49.2173597, -123.1376797 49.2131124, -123.1378225 49.2089999, -123.1378356 49.2086247, -123.1376286 49.2086247, -123.1377642 49.2050626, -123.1382847 49.2043678, -123.1389504 49.2046137, -123.1394467 49.2039469, -123.1394582 49.2039315, -123.1387868 49.2037362, -123.1388668 49.203636, -123.1406614 49.2013898, -123.1408178 49.2009779, -123.1408475 49.2008411, -123.1410467 49.2008671, -123.1413472 49.2009065, -123.1415299 49.2003014, -123.1487914 49.2036441, -123.150375 49.204719, -123.149416 49.20635, -123.149358 49.206447, -123.149331 49.206441, -123.149307 49.206433, -123.149293 49.206428, -123.149248 49.206598, -123.149183 49.206846, -123.149099 49.207122, -123.149031 49.207341, -123.149271 49.207468, -123.149199 49.2076, -123.149184 49.207637, -123.149146 49.207768, -123.149033 49.208229, -123.149021 49.208284, -123.149011 49.208338, -123.149001 49.208375, -123.14898 49.208446, -123.14893 49.208582, -123.148899 49.208651, -123.148876 49.208691, -123.148858 49.208714, -123.148839 49.208735, -123.148801 49.208767, -123.14877 49.208787, -123.148733 49.208808, -123.148657 49.208843, -123.148556 49.208888, -123.148254 49.209011, -123.148451 49.209209, -123.148711 49.209486, -123.148819 49.209593, -123.148696 49.209648, -123.148664 49.209667, -123.148645 49.209683, -123.148632 49.209699, -123.148619 49.209727, -123.148609 49.209763, -123.148604 49.21002, -123.148588 49.210648, -123.148563 49.211306, -123.148538 49.212003, -123.148507 49.212636, -123.148495 49.213063, -123.148487 49.213279, -123.148471 49.213709, -123.148445 49.21433, -123.148418 49.215003, -123.148395 49.215628, -123.148398 49.215703, -123.1483766 49.216736, -123.1483469 49.2177709, -123.1482874 49.2186764, -123.1482281 49.2193816, -123.140148 49.219355)))"
88992,Shaughnessy,Neighborhood,N,Neighborhood,Vancouver Westside,Shaughnessy,,CAN,"Vancouver, BC",49.245719,-123.139654,20220419,4435910.612,Canada,British Columbia,"Vancouver, BC",Vancouver,"MULTIPOLYGON (((-123.1318049 49.2571078, -123.1314741 49.2569386, -123.1313074 49.2570775, -123.131289 49.25707, -123.1278647 49.2571396, -123.127208 49.257153, -123.128051 49.233953, -123.129088 49.233991, -123.13044 49.234033, -123.131775 49.23408, -123.132933 49.234122, -123.134145 49.234163, -123.135415 49.234202, -123.136569 49.23424, -123.137697 49.234273, -123.138833 49.234312, -123.139619 49.234328, -123.140597 49.234348, -123.141876 49.234365, -123.143269 49.234389, -123.1439432 49.2343976, -123.144136 49.2344, -123.14551 49.234422, -123.146972 49.234444, -123.148511 49.234468, -123.149859 49.234489, -123.151302 49.23451, -123.1520409 49.2345278, -123.155286 49.23458, -123.1551623 49.2382966, -123.1551592 49.2383339, -123.1551522 49.2384173, -123.1551405 49.23919, -123.1551243 49.2395225, -123.1549509 49.2397913, -123.1548372 49.2399823, -123.1545067 49.2403713, -123.1542142 49.2405729, -123.1539542 49.2406896, -123.1536562 49.240778, -123.1533386 49.2408524, -123.1531956 49.2408774, -123.152843 49.2409122, -123.1525163 49.2409231, -123.1523797 49.2409188, -123.1520297 49.2408622, -123.1512031 49.2407251, -123.1508498 49.2406642, -123.150136 49.2405361, -123.1498432 49.2404835, -123.1492766 49.2404857, -123.1487881 49.2405442, -123.1487499 49.2405488, -123.1486733 49.2405662, -123.14825 49.2406924, -123.1478267 49.2408426, -123.1475667 49.2410145, -123.14738 49.2411973, -123.1472201 49.2413953, -123.1471267 49.2415215, -123.1470701 49.2416543, -123.1470323 49.2418326, -123.1470267 49.2418588, -123.1470225 49.241901, -123.146815 49.241992, -123.146811 49.242157, -123.146796 49.242597, -123.146788 49.242751, -123.146789 49.242837, -123.1468 49.242971, -123.14681 49.243063, -123.146826 49.243148, -123.146842 49.243211, -123.146896 49.243399, -123.146918 49.243463, -123.146937 49.243511, -123.147 49.243647, -123.14705 49.243748, -123.147089 49.243816, -123.147111 49.243853, -123.147143 49.243895, -123.147329 49.244129, -123.147789 49.244745, -123.148244 49.245372, -123.148634 49.245888, -123.148849 49.246166, -123.149035 49.246423, -123.148977 49.24646, -123.148955 49.246478, -123.148941 49.246499, -123.148937 49.246521, -123.148935 49.246551, -123.148925 49.24679, -123.1489 49.247278, -123.148886 49.247876, -123.148863 49.248435, -123.148849 49.248956, -123.148821 49.249435, -123.1488098 49.2496713, -123.149006 49.24972, -123.149166 49.249759, -123.14931 49.249797, -123.149509 49.249858, -123.149719 49.249936, -123.149911 49.25001, -123.150045 49.250075, -123.150215 49.250169, -123.150464 49.250308, -123.150947 49.250594, -123.1510756 49.2506709, -123.151728 49.251061, -123.151916 49.251158, -123.152079 49.251235, -123.152208 49.251294, -123.152372 49.251355, -123.152503 49.251397, -123.15268 49.251445, -123.153067 49.251548, -123.15303 49.252348, -123.153028 49.252949, -123.153012 49.253584, -123.152989 49.254229, -123.152968 49.254808, -123.15294 49.255385, -123.152922 49.255967, -123.152911 49.256371, -123.152919 49.256712, -123.152923 49.256937, -123.152943 49.257276, -123.1460411 49.2571822, -123.14588 49.25718, -123.1458199 49.2571798, -123.1433413 49.257153, -123.1422598 49.2571245, -123.1412991 49.2571068, -123.141249 49.257106, -123.1396308 49.2570758, -123.1395195 49.2570752, -123.1391597 49.2570732, -123.1390221 49.2570705, -123.1388152 49.2570686, -123.1387123 49.2570677, -123.1386155 49.2570709, -123.1385505 49.2570787, -123.1384978 49.2570922, -123.1384439 49.2571112, -123.1383682 49.2571445, -123.1382756 49.2571948, -123.1379031 49.257397, -123.1376272 49.2575468, -123.1373361 49.2576791, -123.1370397 49.2577823, -123.1368127 49.2578559, -123.136565 49.2579067, -123.136307 49.257942, -123.1359018 49.257949, -123.1356989 49.257944, -123.1351336 49.2579299, -123.134454 49.257913, -123.1341472 49.2578942, -123.1339377 49.2578731, -123.1337404 49.2578345, -123.1335456 49.2577858, -123.1326754 49.2574999, -123.1318049 49.2571078)))"
1187871,Shaughnessy Heights,Neighborhood,S,Sub Neighborhood,Vancouver Westside,Shaughnessy,Shaughnessy Heights,CAN,"Vancouver, BC",49.253456,-123.140133,20220419,1549812.3,Canada,British Columbia,"Vancouver, BC",Vancouver,"MULTIPOLYGON (((-123.1318049 49.2571078, -123.1314741 49.2569386, -123.1313074 49.2570775, -123.131289 49.25707, -123.1278647 49.2571396, -123.1278599 49.2570399, -123.127931 49.2563556, -123.1279646 49.2559352, -123.1279435 49.2559378, -123.1279701 49.2557878, -123.1280097 49.2551491, -123.1280227 49.2544899, -123.1280284 49.2544715, -123.1280811 49.2544794, -123.1281622 49.2534661, -123.1281861 49.2529948, -123.1282059 49.2529952, -123.128107 49.252852, -123.128075 49.252812, -123.128034 49.2527759, -123.127985 49.252735, -123.1278948 49.2526902, -123.1279444 49.2526476, -123.1279969 49.2517526, -123.1279753 49.2517498, -123.1280023 49.2516603, -123.1281688 49.2516863, -123.1281799 49.2514295, -123.128184 49.2513329, -123.1280682 49.2513308, -123.1280243 49.251331, -123.128024 49.2512941, -123.1280276 49.2502737, -123.1281972 49.2502628, -123.1281577 49.250002, -123.1283167 49.2500013, -123.1283577 49.2500016, -123.1283577 49.2494217, -123.1283612 49.2493009, -123.1297035 49.2493175, -123.1298794 49.2493197, -123.1343643 49.2493752, -123.1394896 49.2494386, -123.1463942 49.2495255, -123.1474245 49.2495352, -123.1479141 49.2495574, -123.14821 49.2495727, -123.1484506 49.2495991, -123.1486251 49.2496311, -123.1488098 49.2496713, -123.149006 49.24972, -123.149166 49.249759, -123.14931 49.249797, -123.149509 49.249858, -123.149719 49.249936, -123.149911 49.25001, -123.150045 49.250075, -123.150215 49.250169, -123.150464 49.250308, -123.150947 49.250594, -123.1510756 49.2506709, -123.151728 49.251061, -123.151916 49.251158, -123.152079 49.251235, -123.152208 49.251294, -123.152372 49.251355, -123.152503 49.251397, -123.15268 49.251445, -123.153067 49.251548, -123.15303 49.252348, -123.153028 49.252949, -123.153012 49.253584, -123.152989 49.254229, -123.152968 49.254808, -123.15294 49.255385, -123.152922 49.255967, -123.152911 49.256371, -123.152919 49.256712, -123.152923 49.256937, -123.152943 49.257276, -123.1460411 49.2571822, -123.14588 49.25718, -123.1458199 49.2571798, -123.1433413 49.257153, -123.1422598 49.2571245, -123.1412991 49.2571068, -123.141249 49.257106, -123.1396308 49.2570758, -123.1395195 49.2570752, -123.1391597 49.2570732, -123.1390221 49.2570705, -123.1388152 49.2570686, -123.1387123 49.2570677, -123.1386155 49.2570709, -123.1385505 49.2570787, -123.1384978 49.2570922, -123.1384439 49.2571112, -123.1383682 49.2571445, -123.1382756 49.2571948, -123.1379031 49.257397, -123.1376272 49.2575468, -123.1373361 49.2576791, -123.1370397 49.2577823, -123.1368127 49.2578559, -123.136565 49.2579067, -123.136307 49.257942, -123.1359018 49.257949, -123.1356989 49.257944, -123.1351336 49.2579299, -123.134454 49.257913, -123.1341472 49.2578942, -123.1339377 49.2578731, -123.1337404 49.2578345, -123.1335456 49.2577858, -123.1326754 49.2574999, -123.1318049 49.2571078)))"
