Province,Region,Municipality/District/County,City/Town,Neighbourhood/District,Shopping District,,,,,,Province,Region,City/Town
British Columbia,Vancouver Metro,Vancouver,Vancouver Eastside,Downtown Eastside,,,British Columbia,Metro Vancouver,Anmore,,British Columbia,Columbia - Shuswap,4
British Columbia,Vancouver Metro,Vancouver,Vancouver Eastside,Grandview - Woodland,,,British Columbia,Metro Vancouver,Belcarra,,British Columbia,Fraser Valley,6
British Columbia,Vancouver Metro,Vancouver,Vancouver Eastside,Hastings Sunrise,,,British Columbia,Metro Vancouver,Bowen Island,,British Columbia,Kootenay East - Rocky Mountain,9
British Columbia,Vancouver Metro,Vancouver,Vancouver Eastside,Kensington - Cedar Cottage,,,British Columbia,Metro Vancouver,Burnaby,,British Columbia,Kootenay West - Boundary,17
British Columbia,Vancouver Metro,Vancouver,Vancouver Eastside,Killarney,,,British Columbia,Metro Vancouver,Coquitlam,,British Columbia,Northern BC - Peace River,8
British Columbia,Vancouver Metro,Vancouver,Vancouver Eastside,Mount Pleasant,,,British Columbia,Metro Vancouver,Delta,,British Columbia,Northern BC - Central - Cariboo,9
British Columbia,Vancouver Metro,Vancouver,Vancouver Eastside,Renfrew - Collingwood,,,British Columbia,Metro Vancouver,Langley,,British Columbia,Northern BC - Coast - Nechako,18
British Columbia,Vancouver Metro,Vancouver,Vancouver Eastside,Riley Park - Little Mtn,,,British Columbia,Metro Vancouver,Maple Ridge,,British Columbia,Okanagan - Central,5
British Columbia,Vancouver Metro,Vancouver,Vancouver Eastside,Strathcona,,,British Columbia,Metro Vancouver,New Westminster,,British Columbia,Okanagan - North,6
British Columbia,Vancouver Metro,Vancouver,Vancouver Eastside,Sunset,,,British Columbia,Metro Vancouver,North Vancouver,,British Columbia,Okanagan - Similkameen,6
British Columbia,Vancouver Metro,Vancouver,Vancouver Eastside,Victoria - Fraserview,,,British Columbia,Metro Vancouver,Pitt Meadows,,British Columbia,Sunshine Coast - Mountain,6
British Columbia,Vancouver Metro,Vancouver,Vancouver Westside,Arbutus Ridge,,,British Columbia,Metro Vancouver,Port Coquitlam,,British Columbia,Thompson - Nicola,10
British Columbia,Vancouver Metro,Vancouver,Vancouver Westside,Dunbar - Southlands,,,British Columbia,Metro Vancouver,Port Moody,,British Columbia,Vancouver Island - Central,16
British Columbia,Vancouver Metro,Vancouver,Vancouver Westside,Fairview,,,British Columbia,Metro Vancouver,Richmond,,British Columbia,Vancouver Island - North,4
British Columbia,Vancouver Metro,Vancouver,Vancouver Westside,Granville Island,,,British Columbia,Metro Vancouver,Surrey,,British Columbia,Vancouver Island - South,17
British Columbia,Vancouver Metro,Vancouver,Vancouver Westside,Kerrisdale,,,British Columbia,Metro Vancouver,Tsawwassen,,British Columbia,Vancouver Metro Area,18
British Columbia,Vancouver Metro,Vancouver,Vancouver Westside,Kitsilano,,,British Columbia,Metro Vancouver,West Vancouver,,,,
British Columbia,Vancouver Metro,Vancouver,Vancouver Westside,Marpole,,,British Columbia,Metro Vancouver,White Rock,,,,
British Columbia,Vancouver Metro,Vancouver,Vancouver Westside,Oakridge,,,,,,,,,
British Columbia,Vancouver Metro,Vancouver,Vancouver Westside,Point Grey,,,,,,,,,
British Columbia,Vancouver Metro,Vancouver,Vancouver Westside,Shaughnessy,,,,,,,,,
British Columbia,Vancouver Metro,Vancouver,Vancouver Westside,South Cambie,,,British Columbia,Sunshine Coast - Mountain,Pemberton,,,,
British Columbia,Vancouver Metro,Vancouver,Vancouver Westside,UBC,,,British Columbia,Sunshine Coast - Mountain,Squamish,,,,
British Columbia,Vancouver Metro,Vancouver,Vancouver Downtown,Coal Harbour,,,British Columbia,Sunshine Coast - Mountain,Whistler,,,,
British Columbia,Vancouver Metro,Vancouver,Vancouver Downtown,Downtown Vancouver,,,British Columbia,Sunshine Coast - Mountain,Lions Bay,,,,
British Columbia,Vancouver Metro,Vancouver,Vancouver Downtown,Gastown,,,British Columbia,Sunshine Coast - Mountain,Gibsons,,,,
British Columbia,Vancouver Metro,Vancouver,Vancouver Downtown,West End,,,British Columbia,Sunshine Coast - Mountain,Sechelt,,,,
British Columbia,Vancouver Metro,Vancouver,Vancouver Downtown,Yaletown,,,,,,,,,
British Columbia,Vancouver Metro,Burnaby - New Westminster,Burnaby North West,Burnaby Heights,,,,,,,,,
British Columbia,Vancouver Metro,Burnaby - New Westminster,Burnaby North West,Capitol Hill,,,,,,,,,
British Columbia,Vancouver Metro,Burnaby - New Westminster,Burnaby North West,Brentwood,,,,,,,,,
British Columbia,Vancouver Metro,Burnaby - New Westminster,Burnaby North West,Willingdon Heights,,,,,,,,,
British Columbia,Vancouver Metro,Burnaby - New Westminster,Burnaby North East,Westridge,,,,,,,,,
British Columbia,Vancouver Metro,Burnaby - New Westminster,Burnaby North East,Burnaby Mountain,,,,,,,,,
British Columbia,Vancouver Metro,Burnaby - New Westminster,Burnaby North East,Montecito,,,,,,,,,
British Columbia,Vancouver Metro,Burnaby - New Westminster,Burnaby North East,Sullivan Heights,,,,,,,,,
British Columbia,Vancouver Metro,Burnaby - New Westminster,Burnaby North East,Lochdale,,,,,,,,,
British Columbia,Vancouver Metro,Burnaby - New Westminster,Burnaby West Central,Cascade Heights,,,,,,,,,
British Columbia,Vancouver Metro,Burnaby - New Westminster,Burnaby West Central,Garden Village,,,,,,,,,
British Columbia,Vancouver Metro,Burnaby - New Westminster,Burnaby West Central,Metrotown - Maywood,,,,,,,,,
British Columbia,Vancouver Metro,BUrnaby - New Westminster,Burnaby East Central,Buckingham Heights,,,,,,,,,
British Columbia,Vancouver Metro,Burnaby - New Westminster,Burnaby East Central,Middlegate,,,,,,,,,
British Columbia,Vancouver Metro,Burnaby - New Westminster,Burnaby East Central,EastBurn,,,,,,,,,
British Columbia,Vancouver Metro,Burnaby - New Westminster,Burnaby South West,Suncrest,,,,,,,,,
British Columbia,Vancouver Metro,Burnaby - New Westminster,Burnaby South West,South Slope,,,,,,,,,
British Columbia,Vancouver Metro,Burnaby - New Westminster,Burnaby South West,Big Bend,,,,,,,,,
British Columbia,Vancouver Metro,Burnaby - New Westminster,New Westminster,Connaught Heights,,,,,,,,,
British Columbia,Vancouver Metro,Burnaby - New Westminster,New Westminster,West End,,,,,,,,,
British Columbia,Vancouver Metro,Burnaby - New Westminster,New Westminster,Kelvin,,,,,,,,,
British Columbia,Vancouver Metro,Burnaby - New Westminster,New Westminster,Glenbrooke North,,,,,,,,,
British Columbia,Vancouver Metro,Burnaby - New Westminster,New Westminster,Queens Park,,,,,,,,,
British Columbia,Vancouver Metro,Burnaby - New Westminster,New Westminster,Sapperton,,,,,,,,,
British Columbia,Vancouver Metro,Burnaby - New Westminster,New Westminster,Downtown,,,,,,,,,
British Columbia,Vancouver Metro,Coquitlam,Coquitlam North,City Centre,,,,,,,,,
British Columbia,Vancouver Metro,Coquitlam,Coquitlam North,Eagle Ridge,,,,,,,,,
British Columbia,Vancouver Metro,Coquitlam,Coquitlam North,Westwood Plateau,,,,,,,,,
British Columbia,Vancouver Metro,Coquitlam,Coquitlam North,Harbour Village,,,,,,,,,
British Columbia,Vancouver Metro,Coquitlam,Coquitlam North,,,,,,,,,,
British Columbia,Vancouver Metro,Coquitlam,Coquitlam North East,Burke Mountain,,,,,,,,,
British Columbia,Vancouver Metro,Coquitlam,Coquitlam North East,River Springs,,,,,,,,,
British Columbia,Vancouver Metro,Coquitlam,Coquitlam West,Burquitlam,,,,,,,,,
British Columbia,Vancouver Metro,Coquitlam,Coquitlam West,Cariboo,,,,,,,,,
British Columbia,Vancouver Metro,Coquitlam,Coquitlam Central,Austin Heights,,,,,,,,,
British Columbia,Vancouver Metro,Coquitlam,Coquitlam Central,River Heights,,,,,,,,,
British Columbia,Vancouver Metro,Coquitlam,Coquitlam Central,Harbour Chines,,,,,,,,,
British Columbia,Vancouver Metro,Coquitlam,Coquitlam Central,Chineside,,,,,,,,,
British Columbia,Vancouver Metro,Coquitlam,Coquitlam East,River Heights,,,,,,,,,
British Columbia,Vancouver Metro,Coquitlam,Coquitlam East,Ranch Park,,,,,,,,,
British Columbia,Vancouver Metro,Coquitlam,Coquitlam East,Meadow Brook,,,,,,,,,
British Columbia,Vancouver Metro,Coquitlam,Coquitlam South West,Maillardville,,,,,,,,,
British Columbia,Vancouver Metro,Coquitlam,Coquitlam South West,Fraser Mills,,,,,,,,,
British Columbia,Vancouver Metro,Coquitlam,Coquitlam South East,Pacific Reach,,,,,,,,,
British Columbia,Vancouver Metro,Coquitlam,Coquitlam South East,Cape Horn,,,,,,,,,
British Columbia,Vancouver Metro,Coquitlam,Coquitlam South East,Dartmoor,,,,,,,,,
British Columbia,Vancouver Metro,Coquitlam,Coquitlam South East,Mayfair,,,,,,,,,
British Columbia,Vancouver Metro,Port Coquitlam,Oxford Heights,,,,,,,,,,
British Columbia,Vancouver Metro,Port Coquitlam,Lincoln Park,,,,,,,,,,
British Columbia,Vancouver Metro,Port Coquitlam,Birchland Manor,,,,,,,,,,
British Columbia,Vancouver Metro,Port Coquitlam,Port Coquitlam,,,,,,,,,,
British Columbia,Vancouver Metro,Port Coquitlam,Mary Hill,,,,,,,,,,
British Columbia,Vancouver Metro,Port Moody,Ioco,,,,,,,,,,
British Columbia,Vancouver Metro,Port Moody,Pleasantside,,,,,,,,,,
British Columbia,Vancouver Metro,Port Moody,Belcarra,,,,,,,,,,
British Columbia,Vancouver Metro,Port Moody,Anmore,,,,,,,,,,
British Columbia,Vancouver Metro,Maple Ridge,Albion,,,,,,,,,,
British Columbia,Vancouver Metro,Maple Ridge,Port Hammond,,,,,,,,,,
British Columbia,Vancouver Metro,Maple Ridge,Port Haney,,,,,,,,,,
British Columbia,Vancouver Metro,Maple Ridge,Ruskin,,,,,,,,,,
British Columbia,Vancouver Metro,Maple Ridge,Silver Valley,,,,,,,,,,
British Columbia,Vancouver Metro,Maple Ridge,Webster's Corner,,,,,,,,,,
British Columbia,Vancouver Metro,Maple Ridge,Maple Ridge Town Centre ,,,,,,,,,,
British Columbia,Vancouver Metro,Maple Ridge,Whonnock,,,,,,,,,,
British Columbia,Vancouver Metro,Maple Ridge,Yennadon,,,,,,,,,,
British Columbia,Vancouver Metro,Maple Ridge,Cottonwood,,,,,,,,,,
British Columbia,Vancouver Metro,Pitt Meadows,,,,,,,,,,,
British Columbia,Vancouver Metro,North Vancouver,North Vancouver East,Windsor Park,,,,,,,,,
British Columbia,Vancouver Metro,North Vancouver,North Vancouver East,Dollarton,,,,,,,,,
British Columbia,Vancouver Metro,North Vancouver,North Vancouver East,Deep Cove,,,,,,,,,
British Columbia,Vancouver Metro,North Vancouver,North Vancouver East,North Woodlands,,,,,,,,,
British Columbia,Vancouver Metro,North Vancouver,North Vancouver East,Blue Ridge,,,,,,,,,
British Columbia,Vancouver Metro,North Vancouver,North Vancouver East,Lynnmour,,,,,,,,,
British Columbia,Vancouver Metro,North Vancouver,North Vancouver East,Maplewood,,,,,,,,,
British Columbia,Vancouver Metro,North Vancouver,North Vancouver Lower Level,Central Lonsdale,,,,,,,,,
British Columbia,Vancouver Metro,North Vancouver,North Vancouver Lower Level,Lower Lonsdale,,,,,,,,,
British Columbia,Vancouver Metro,North Vancouver,North Vancouver Lower Level,Pemberton Heights,,,,,,,,,
British Columbia,Vancouver Metro,North Vancouver,North Vancouver Lower Level,Norgate,,,,,,,,,
British Columbia,Vancouver Metro,North Vancouver,North Vancouver Upper Levels,West Lynn,,,,,,,,,
British Columbia,Vancouver Metro,North Vancouver,North Vancouver Upper Levels,Lynn Valley,,,,,,,,,
British Columbia,Vancouver Metro,North Vancouver,North Vancouver Upper Levels,Upper Lynn,,,,,,,,,
British Columbia,Vancouver Metro,North Vancouver,North Vancouver Upper Levels,North Lonsdale,,,,,,,,,
British Columbia,Vancouver Metro,North Vancouver,North Vancouver Upper Levels,Delbrook,,,,,,,,,
British Columbia,Vancouver Metro,North Vancouver,North Vancouver Upper Levels,Forest Hills,,,,,,,,,
British Columbia,Vancouver Metro,North Vancouver,North Vancouver Upper Levels,Canyon Heights,,,,,,,,,
British Columbia,Vancouver Metro,North Vancouver,North Vancouver Upper Levels,Grousewoods,,,,,,,,,
British Columbia,Vancouver Metro,North Vancouver,North Vancouver Upper Levels,Capilano Highlands,,,,,,,,,
British Columbia,Vancouver Metro,West Vancouver,West Vancouver East,Glenmore,,,,,,,,,
British Columbia,Vancouver Metro,West Vancouver,West Vancouver East,British Properties,,,,,,,,,
British Columbia,Vancouver Metro,West Vancouver,West Vancouver East,Sentinal Hill,,,,,,,,,
British Columbia,Vancouver Metro,West Vancouver,West Vancouver East,Cedardale,,,,,,,,,
British Columbia,Vancouver Metro,West Vancouver,West Vancouver East,Park Royal,,,,,,,,,
British Columbia,Vancouver Metro,West Vancouver,West Vancouver East,Hollyburn,,,,,,,,,
British Columbia,Vancouver Metro,West Vancouver,West Vancouver East,Dundarave,,,,,,,,,
British Columbia,Vancouver Metro,West Vancouver,West Vancouver East,Altamount,,,,,,,,,
British Columbia,Vancouver Metro,West Vancouver,West Vancouver East,Westmount,,,,,,,,,
British Columbia,Vancouver Metro,West Vancouver,West Vancouver East,Westmount,,,,,,,,,
British Columbia,Vancouver Metro,West Vancouver,West Vancouver East,Sandy Cove,,,,,,,,,
British Columbia,Vancouver Metro,West Vancouver,West Vancouver East,Caulfield,,,,,,,,,
British Columbia,Vancouver Metro,West Vancouver,West Vancouver East,Cypress Park,,,,,,,,,
British Columbia,Vancouver Metro,West Vancouver,West Vancouver East,Eagle Harbour,,,,,,,,,
British Columbia,Vancouver Metro,West Vancouver,West Vancouver East,Gleneagles,,,,,,,,,
British Columbia,Vancouver Metro,West Vancouver,West Vancouver East,Horseshoe Bay,,,,,,,,,
British Columbia,Vancouver Metro,Richmond,Richmond North West,Bridgeport,,,,,,,,,
British Columbia,Vancouver Metro,Richmond,Richmond North West,Brighouse,,,,,,,,,
British Columbia,Vancouver Metro,Richmond,Richmond North West,Thompson,,,,,,,,,
British Columbia,Vancouver Metro,Richmond,Richmond North West,Sea Island,,,,,,,,,
British Columbia,Vancouver Metro,Richmond,Richmond South West,Seafair,,,,,,,,,
British Columbia,Vancouver Metro,Richmond,Richmond South West,Steveston,,,,,,,,,
British Columbia,Vancouver Metro,Richmond,Richmond South West,Garden Village,,,,,,,,,
British Columbia,Vancouver Metro,Richmond,Richmond South West,Broadmoor,,,,,,,,,
British Columbia,Vancouver Metro,Richmond,Richmond South West,Southarm,,,,,,,,,
British Columbia,Vancouver Metro,Richmond,Richmond East ,Hamilton,,,,,,,,,
British Columbia,Vancouver Metro,Richmond,Richmond East ,East Richmond,,,,,,,,,
British Columbia,Vancouver Metro,Surrey - White Rock,Surrey North,Guildford,,,,,,,,,
British Columbia,Vancouver Metro,Surrey - White Rock,Surrey North,Fleetwood,,,,,,,,,
British Columbia,Vancouver Metro,Surrey - White Rock,Surrey North,Whalley,,,,,,,,,
British Columbia,Vancouver Metro,Surrey - White Rock,Surrey Central,Newton,,,,,,,,,
British Columbia,Vancouver Metro,Surrey - White Rock,Surrey Central,Cloverdale,,,,,,,,,
British Columbia,Vancouver Metro,Surrey - White Rock,Surrey South,South Surrey,,,,,,,,,
British Columbia,Vancouver Metro,Surrey - White Rock,White Rock,,,,,,,,,,
British Columbia,Vancouver Metro,Delta,North Delta,Annacis Island,,,,,,,,,
British Columbia,Vancouver Metro,Delta,North Delta,Sunshine Hills,,,,,,,,,
British Columbia,Vancouver Metro,Delta,South Delta,Ladner,,,,,,,,,
British Columbia,Vancouver Metro,Delta,South Delta,Tsawwassen,,,,,,,,,
British Columbia,Vancouver Metro,Langley,Langley Central,Murrayville,,,,,,,,,
British Columbia,Vancouver Metro,Langley,Langley Central,Willoughby - Willowbrook,,,,,,,,,
British Columbia,Vancouver Metro,Langley,Langley Central,Langley City,,,,,,,,,
British Columbia,Vancouver Metro,Langley,Langley North,Fort Langley,,,,,,,,,
British Columbia,Vancouver Metro,Langley,Langley North,Forest Knolls,,,,,,,,,
British Columbia,Vancouver Metro,Langley,Langley North,Walnut Grove,,,,,,,,,
British Columbia,Vancouver Metro,Langley,Langley South,Aldergrove,,,,,,,,,
British Columbia,Vancouver Metro,Langley,Langley South,Brookswood - Fernridge,,,,,,,,,
British Columbia,Fraser Valley,Abbotsford - Mission,Abbotsford West,Bradner,,,British Columbia,Fraser Valley,Abbotsford,,,,
British Columbia,Fraser Valley,Abbotsford - Mission,Abbotsford West,Aberdeen,,,British Columbia,Fraser Valley,Agassiz,,,,
British Columbia,Fraser Valley,Abbotsford - Mission,Abbotsford West,West Abbotsford,,,British Columbia,Fraser Valley,Chilliwack,,,,
British Columbia,Fraser Valley,Abbotsford - Mission,Abbotsford Central,Matsqui,,,British Columbia,Fraser Valley,Harrison Hot Springs,,,,
British Columbia,Fraser Valley,Abbotsford - Mission,Abbotsford Central,Townline Hill,,,British Columbia,Fraser Valley,Hope,,,,
British Columbia,Fraser Valley,Abbotsford - Mission,Abbotsford Central,Clearbrook,,,British Columbia,Fraser Valley,Mission,,,,
British Columbia,Fraser Valley,Abbotsford - Mission,Abbotsford Central,West Clearbrook,,,,,,,,,
British Columbia,Fraser Valley,Abbotsford - Mission,Abbotsford Central,South Clearbrook,,,,,,,,,
British Columbia,Fraser Valley,Abbotsford - Mission,Abbotsford Central,Mill Lake,,,,,,,,,
British Columbia,Fraser Valley,Abbotsford - Mission,Abbotsford Central,Babich,,,,,,,,,
British Columbia,Fraser Valley,Abbotsford - Mission,Abbotsford Central,Lower Ten Oaks,,,,,,,,,
British Columbia,Fraser Valley,Abbotsford - Mission,Abbotsford Central,Upper Ten Oaks,,,,,,,,,
British Columbia,Fraser Valley,Abbotsford - Mission,Abbotsford Central,South Poplar,,,,,,,,,
British Columbia,Fraser Valley,Abbotsford - Mission,Abbotsford Central,Huntingdon,,,,,,,,,
British Columbia,Fraser Valley,Abbotsford - Mission,Abbotsford East,Arnold,,,,,,,,,
British Columbia,Fraser Valley,Abbotsford - Mission,Abbotsford East,Sumas Mountain,,,,,,,,,
British Columbia,Fraser Valley,Abbotsford - Mission,Abbotsford East,Sumas Prairie,,,,,,,,,
British Columbia,Fraser Valley,Abbotsford - Mission,Abbotsford East,Barrowtown,,,,,,,,,
British Columbia,Fraser Valley,Abbotsford - Mission,Mission,,,,,,,,,,
British Columbia,Fraser Valley,Chilliwack and Area,Chilliwack South West,Greendale,,,,,,,,,
British Columbia,Fraser Valley,Chilliwack and Area,Chilliwack South West,Yarrow,,,,,,,,,
British Columbia,Fraser Valley,Chilliwack and Area,Chilliwack South West,Columbia Valley,,,,,,,,,
British Columbia,Fraser Valley,Chilliwack and Area,Chilliwack South West,Cultus Lake,,,,,,,,,
British Columbia,Fraser Valley,Chilliwack and Area,Chilliwack South West,Sardis,,,,,,,,,
British Columbia,Fraser Valley,Chilliwack and Area,Chilliwack Central,Fairfield,,,,,,,,,
British Columbia,Fraser Valley,Chilliwack and Area,Chilliwack Central,Chilliwack Village,,,,,,,,,
British Columbia,Fraser Valley,Chilliwack and Area,Chilliwack East,Rosedale - Popkum,,,,,,,,,
British Columbia,Fraser Valley,Chilliwack and Area,Chilliwack East,Promontory - Ryder Lake,,,,,,,,,
British Columbia,Fraser Valley,Chilliwack and Area,Chilliwack East,,,,,,,,,,
British Columbia,Fraser Valley,Chilliwack and Area,Agassiz,,,,,,,,,,
British Columbia,Fraser Valley,Chilliwack and Area,Harrison Mills,,,,,,,,,,
British Columbia,Fraser Valley,Chilliwack and Area,Bridal Falls,,,,,,,,,,
British Columbia,Fraser Valley,Chilliwack and Area,Deroche,,,,,,,,,,
British Columbia,Fraser Valley,Chilliwack and Area,Lake Errock,,,,,,,,,,
British Columbia,Victoria - South Island,Peninsula,Central Saanich,Brentwood Bay,,,British Columbia,Vancouver Island - South,Central Saanich,,,,
British Columbia,Victoria - South Island,Peninsula,Central Saanich,Hawthorne,,,British Columbia,Vancouver Island - South,Colwood,,,,
British Columbia,Victoria - South Island,Peninsula,Central Saanich,Inlet,,,British Columbia,Vancouver Island - South,Duncan,,,,
British Columbia,Victoria - South Island,Peninsula,Central Saanich,Island View,,,British Columbia,Vancouver Island - South,Esquimalt,,,,
British Columbia,Victoria - South Island,Peninsula,Central Saanich,Oldfield,,,British Columbia,Vancouver Island - South,Highlands,,,,
British Columbia,Victoria - South Island,Peninsula,Central Saanich,Saanichton,,,British Columbia,Vancouver Island - South,Ladysmith,,,,
British Columbia,Victoria - South Island,Peninsula,Central Saanich,Tanner,,,British Columbia,Vancouver Island - South,Lake Cowichan,,,,
British Columbia,Victoria - South Island,Peninsula,Central Saanich,Turgoose,,,British Columbia,Vancouver Island - South,Langford,,,,
British Columbia,Victoria - South Island,Peninsula,Central Saanich,Willis Point,,,British Columbia,Vancouver Island - South,Metchosin,,,,
British Columbia,Victoria - South Island,Peninsula,Sidney,Sidney North-East,,,British Columbia,Vancouver Island - South,North Cowichan,,,,
British Columbia,Victoria - South Island,Peninsula,Sidney,Sidney North-West,,,British Columbia,Vancouver Island - South,North Saanich,,,,
British Columbia,Victoria - South Island,Peninsula,Sidney,Sidney South-East,,,British Columbia,Vancouver Island - South,Oak Bay,,,,
British Columbia,Victoria - South Island,Peninsula,Sidney,Sidney South-West,,,British Columbia,Vancouver Island - South,Saanich,,,,
British Columbia,Victoria - South Island,Peninsula,North Saanich,Airport,,,British Columbia,Vancouver Island - South,Sidney,,,,
British Columbia,Victoria - South Island,Peninsula,North Saanich,Ardmore,,,British Columbia,Vancouver Island - South,Sooke,,,,
British Columbia,Victoria - South Island,Peninsula,North Saanich,Bazan Bay,,,British Columbia,Vancouver Island - South,Victoria,,,,
British Columbia,Victoria - South Island,Peninsula,North Saanich,Coles Bay,,,British Columbia,Vancouver Island - South,View Royal,,,,
British Columbia,Victoria - South Island,Peninsula,North Saanich,Curteis Poin,,,,,,,,,
British Columbia,Victoria - South Island,Peninsula,North Saanich,Dean Park,,,,,,,,,
British Columbia,Victoria - South Island,Peninsula,North Saanich,Deep Cove,,,,,,,,,
British Columbia,Victoria - South Island,Peninsula,North Saanich,Lands End,,,,,,,,,
British Columbia,Victoria - South Island,Peninsula,North Saanich,McDonald Park,,,,,,,,,
British Columbia,Victoria - South Island,Peninsula,North Saanich,Swartz Bay,,,,,,,,,
British Columbia,Victoria - South Island,Westshore,Sooke,Island View,,,,,,,,,
British Columbia,Victoria - South Island,Westshore,Sooke,17 Mile,,,,,,,,,
British Columbia,Victoria - South Island,Westshore,Sooke,Sooke River,,,,,,,,,
British Columbia,Victoria - South Island,Westshore,Sooke,Saseenos,,,,,,,,,
British Columbia,Victoria - South Island,Westshore,Sooke,Phillips North,,,,,,,,,
British Columbia,Victoria - South Island,Westshore,Sooke,Otter Point,,,,,,,,,
British Columbia,Victoria - South Island,Westshore,Sooke,Kemp Lake,,,,,,,,,
British Columbia,Victoria - South Island,Westshore,Sooke,West Coast Rd,,,,,,,,,
British Columbia,Victoria - South Island,Westshore,Sooke,John Muir,,,,,,,,,
British Columbia,Victoria - South Island,Westshore,Sooke,Silver Spray,,,,,,,,,
British Columbia,Victoria - South Island,Westshore,Sooke,Becher Bay,,,,,,,,,
British Columbia,Victoria - South Island,Westshore,Sooke,East Sooke,,,,,,,,,
British Columbia,Victoria - South Island,Westshore,Sooke,Sheringham Point,,,,,,,,,
British Columbia,Victoria - South Island,Westshore,Sooke,French Beach,,,,,,,,,
British Columbia,Victoria - South Island,Westshore,Sooke,Jordan River,,,,,,,,,
British Columbia,Victoria - South Island,Westshore,Sooke,Port Renfrew,,,,,,,,,
British Columbia,Victoria - South Island,Westshore,Sooke,Carmanah,,,,,,,,,
British Columbia,Victoria - South Island,Westshore,Sooke,Sooke Village Core,,,,,,,,,
British Columbia,Victoria - South Island,Westshore,Sooke,Billings Spit,,,,,,,,,
British Columbia,Victoria - South Island,Westshore,Sooke,Broomhill,,,,,,,,,
British Columbia,Victoria - South Island,Westshore,Colwood,CFB Esquimalt,,,,,,,,,
British Columbia,Victoria - South Island,Westshore,Colwood,Colwood Corners,,,,,,,,,
British Columbia,Victoria - South Island,Westshore,Colwood,Colwood Lake,,,,,,,,,
British Columbia,Victoria - South Island,Westshore,Colwood,Hatley Park,,,,,,,,,
British Columbia,Victoria - South Island,Westshore,Colwood,Latoria,,,,,,,,,
British Columbia,Victoria - South Island,Westshore,Colwood,Royal Bay,,,,,,,,,
British Columbia,Victoria - South Island,Westshore,Colwood,Royal Roads,,,,,,,,,
British Columbia,Victoria - South Island,Westshore,Colwood,Seaside,,,,,,,,,
British Columbia,Victoria - South Island,Westshore,Colwood,Triangle Mountain,,,,,,,,,
British Columbia,Victoria - South Island,Westshore,Colwood,Wishart North,,,,,,,,,
British Columbia,Victoria - South Island,Westshore,Colwood,Wishart South,,,,,,,,,
British Columbia,Victoria - South Island,Westshore,Langford,Atkins,,,,,,,,,
British Columbia,Victoria - South Island,Westshore,Langford,Bear Mountain,,,,,,,,,
British Columbia,Victoria - South Island,Westshore,Langford,Coldstream,,,,,,,,,
British Columbia,Victoria - South Island,Westshore,Langford,Fairway,,,,,,,,,
British Columbia,Victoria - South Island,Westshore,Langford,Florence Lake,,,,,,,,,
British Columbia,Victoria - South Island,Westshore,Langford,Glen Lake,,,,,,,,,
British Columbia,Victoria - South Island,Westshore,Langford,Happy Valley,,,,,,,,,
British Columbia,Victoria - South Island,Westshore,Langford,Humpback,,,,,,,,,
British Columbia,Victoria - South Island,Westshore,Langford,Jacklin,,,,,,,,,
British Columbia,Victoria - South Island,Westshore,Langford,Langford Lake,,,,,,,,,
British Columbia,Victoria - South Island,Westshore,Langford,Langford Lake,,,,,,,,,
British Columbia,Victoria - South Island,Westshore,Langford,Langrord Proper,,,,,,,,,
British Columbia,Victoria - South Island,Westshore,Langford,Luxton,,,,,,,,,
British Columbia,Victoria - South Island,Westshore,Langford,Mill Hill,,,,,,,,,
British Columbia,Victoria - South Island,Westshore,Langford,Olympic View,,,,,,,,,
British Columbia,Victoria - South Island,Westshore,Langford,Thetis Heights,,,,,,,,,
British Columbia,Victoria - South Island,Westshore,Langford,Walfred,,,,,,,,,
British Columbia,Victoria - South Island,Westshore,Langford,Westhills,,,,,,,,,
British Columbia,Victoria - South Island,Westshore,Metchosin,Albert Head,,,,,,,,,
British Columbia,Victoria - South Island,Westshore,Metchosin,Kangaroo,,,,,,,,,
British Columbia,Victoria - South Island,Westshore,Metchosin,Metchosin,,,,,,,,,
British Columbia,Victoria - South Island,Westshore,Metchosin,Neild,,,,,,,,,
British Columbia,Victoria - South Island,Westshore,Metchosin,Olympic View,,,,,,,,,
British Columbia,Victoria - South Island,Westshore,Metchosin,Pedder Bay,,,,,,,,,
British Columbia,Victoria - South Island,Westshore,Metchosin,Rocky Point,,,,,,,,,
British Columbia,Victoria - South Island,Westshore,Metchosin,William Head,,,,,,,,,
British Columbia,Victoria - South Island,Westshore,Highlands,Bear Mountain,,,,,,,,,
British Columbia,Victoria - South Island,Westshore,Highlands,Eastern Highlands,,,,,,,,,
British Columbia,Victoria - South Island,Westshore,Highlands,Western Highlands,,,,,,,,,
British Columbia,Victoria - South Island,Victoria Core,Esquimalt,Esquimalt,,,,,,,,,
British Columbia,Victoria - South Island,Victoria Core,Esquimalt,Gorge Vale,,,,,,,,,
British Columbia,Victoria - South Island,Victoria Core,Esquimalt,Kinsmen Park,,,,,,,,,
British Columbia,Victoria - South Island,Victoria Core,Esquimalt,Old Esquimalt,,,,,,,,,
British Columbia,Victoria - South Island,Victoria Core,Esquimalt,Rockheights,,,,,,,,,
British Columbia,Victoria - South Island,Victoria Core,Esquimalt,Saxe Point,,,,,,,,,
British Columbia,Victoria - South Island,Victoria Core,Oak Bay,Estevan,,,,,,,,,
British Columbia,Victoria - South Island,Victoria Core,Oak Bay,Gonzales,,,,,,,,,
British Columbia,Victoria - South Island,Victoria Core,Oak Bay,Henderson,,,,,,,,,
British Columbia,Victoria - South Island,Victoria Core,Oak Bay,North Oak Bay,,,,,,,,,
British Columbia,Victoria - South Island,Victoria Core,Oak Bay,South Oak Bay,,,,,,,,,
British Columbia,Victoria - South Island,Victoria Core,Oak Bay,Uplands,,,,,,,,,
British Columbia,Victoria - South Island,Victoria Core,Saanich East,Arbutus,,,,,,,,,
British Columbia,Victoria - South Island,Victoria Core,Saanich East,Blenkinsop,,,,,,,,,
British Columbia,Victoria - South Island,Victoria Core,Saanich East,Broadmead,,,,,,,,,
British Columbia,Victoria - South Island,Victoria Core,Saanich East,Cadboro Bay,,,,,,,,,
British Columbia,Victoria - South Island,Victoria Core,Saanich East,Camosun,,,,,,,,,
British Columbia,Victoria - South Island,Victoria Core,Saanich East,Cedar Hill,,,,,,,,,
British Columbia,Victoria - South Island,Victoria Core,Saanich East,Cordova Bay,,,,,,,,,
British Columbia,Victoria - South Island,Victoria Core,Saanich East,Gordon Head,,,,,,,,,
British Columbia,Victoria - South Island,Victoria Core,Saanich East,High Quadra,,,,,,,,,
British Columbia,Victoria - South Island,Victoria Core,Saanich East,Lake Hill,,,,,,,,,
British Columbia,Victoria - South Island,Victoria Core,Saanich East,Lambrick Park,,,,,,,,,
British Columbia,Victoria - South Island,Victoria Core,Saanich East,Maplewood,,,,,,,,,
British Columbia,Victoria - South Island,Victoria Core,Saanich East,Mt Doug,,,,,,,,,
British Columbia,Victoria - South Island,Victoria Core,Saanich East,Mt Tolmie,,,,,,,,,
British Columbia,Victoria - South Island,Victoria Core,Saanich East,Quadra,,,,,,,,,
British Columbia,Victoria - South Island,Victoria Core,Saanich East,Queenswood,,,,,,,,,
British Columbia,Victoria - South Island,Victoria Core,Saanich East,Sunnymead,,,,,,,,,
British Columbia,Victoria - South Island,Victoria Core,Saanich East,Swan Lake,,,,,,,,,
British Columbia,Victoria - South Island,Victoria Core,Saanich West,Beaver Lake,,,,,,,,,
British Columbia,Victoria - South Island,Victoria Core,Saanich West,Elk Lake,,,,,,,,,
British Columbia,Victoria - South Island,Victoria Core,Saanich West,Gateway,,,,,,,,,
British Columbia,Victoria - South Island,Victoria Core,Saanich West,Glanford,,,,,,,,,
British Columbia,Victoria - South Island,Victoria Core,Saanich West,Gorge,,,,,,,,,
British Columbia,Victoria - South Island,Victoria Core,Saanich West,Granville,,,,,,,,,
British Columbia,Victoria - South Island,Victoria Core,Saanich West,Interurban,,,,,,,,,
British Columbia,Victoria - South Island,Victoria Core,Saanich West,Layritz,,,,,,,,,
British Columbia,Victoria - South Island,Victoria Core,Saanich West,Marigold,,,,,,,,,
British Columbia,Victoria - South Island,Victoria Core,Saanich West,Northridge,,,,,,,,,
British Columbia,Victoria - South Island,Victoria Core,Saanich West,Portage Inlet,,,,,,,,,
British Columbia,Victoria - South Island,Victoria Core,Saanich West,Prospect Lake,,,,,,,,,
British Columbia,Victoria - South Island,Victoria Core,Saanich West,Royal Oak,,,,,,,,,
British Columbia,Victoria - South Island,Victoria Core,Saanich West,Rudd Park,,,,,,,,,
British Columbia,Victoria - South Island,Victoria Core,Saanich West,Strawberry Vale,,,,,,,,,
British Columbia,Victoria - South Island,Victoria Core,Saanich West,Tillicum,,,,,,,,,
British Columbia,Victoria - South Island,Victoria Core,Saanich West,West Saanich,,,,,,,,,
British Columbia,Victoria - South Island,Victoria Core,Victoria,Burnside,,,,,,,,,
British Columbia,Victoria - South Island,Victoria Core,Victoria,Downtown,,,,,,,,,
British Columbia,Victoria - South Island,Victoria Core,Victoria,Fairfield East,,,,,,,,,
British Columbia,Victoria - South Island,Victoria Core,Victoria,Fairfield West,,,,,,,,,
British Columbia,Victoria - South Island,Victoria Core,Victoria,Fernwood,,,,,,,,,
British Columbia,Victoria - South Island,Victoria Core,Victoria,Hillside - Quadra,,,,,,,,,
British Columbia,Victoria - South Island,Victoria Core,Victoria,James Bay,,,,,,,,,
British Columbia,Victoria - South Island,Victoria Core,Victoria,Jubilee,,,,,,,,,
British Columbia,Victoria - South Island,Victoria Core,Victoria,North Park,,,,,,,,,
British Columbia,Victoria - South Island,Victoria Core,Victoria,Oaklands,,,,,,,,,
British Columbia,Victoria - South Island,Victoria Core,Victoria,Quadra,,,,,,,,,
British Columbia,Victoria - South Island,Victoria Core,Victoria,Rockland,,,,,,,,,
British Columbia,Victoria - South Island,Victoria Core,Victoria,Rock Bay,,,,,,,,,
British Columbia,Victoria - South Island,Victoria Core,Victoria,South Jubilee,,,,,,,,,
British Columbia,Victoria - South Island,Victoria Core,Victoria,Victoria West,,,,,,,,,
British Columbia,Victoria - South Island,Victoria Core,Victoria,Harris Green,,,,,,,,,
British Columbia,Victoria - South Island,Victoria Core,Victoria West,Vic West,,,,,,,,,
British Columbia,Victoria - South Island,Victoria Core,Victoria West,Songhees,,,,,,,,,
British Columbia,Victoria - South Island,Westshore,View Royal,Prior Lake,,,,,,,,,
British Columbia,Victoria - South Island,Westshore,View Royal,Six Mile,,,,,,,,,
British Columbia,Victoria - South Island,Westshore,View Royal,View Royal,,,,,,,,,
British Columbia,Victoria - South Island,Westshore,View Royal,Hospital,,,,,,,,,
British Columbia,Vancouver Island Central,Cowichan Valley,Duncan,,,,British Columbia,Vancouver Island - Central,Campbell River,,,,
British Columbia,Vancouver Island Central,Cowichan Valley,Ladysmith,,,,British Columbia,Vancouver Island - Central,Comox,,,,
British Columbia,Vancouver Island Central,Cowichan Valley,Lake Cowichan,,,,British Columbia,Vancouver Island - Central,Courtenay,,,,
British Columbia,Vancouver Island Central,Cowichan Valley,North Cowichan,,,,British Columbia,Vancouver Island - Central,Cowichan Valley,,,,
British Columbia,Vancouver Island Central,Cowichan Valley,Chemainus,,,,British Columbia,Vancouver Island - Central,Cumberland,,,,
British Columbia,Vancouver Island Central,Cowichan Valley,Crofton,,,,British Columbia,Vancouver Island - Central,Gold River,,,,
British Columbia,Vancouver Island Central,Cowichan Valley,Maple Bay,,,,British Columbia,Vancouver Island - Central,Gulf Islands,,,,
British Columbia,Vancouver Island Central,Cowichan Valley,South End,,,,British Columbia,Vancouver Island - Central,Lantzville,,,,
British Columbia,Vancouver Island Central,Cowichan Valley,Cowichan Bay,,,,British Columbia,Vancouver Island - Central,Nanaimo,,,,
British Columbia,Vancouver Island Central,Cowichan Valley,Cobble Hill,,,,British Columbia,Vancouver Island - Central,Parksville,,,,
British Columbia,Vancouver Island Central,Cowichan Valley,Mill Bay,,,,British Columbia,Vancouver Island - Central,Port Alberni,,,,
British Columbia,Vancouver Island Central,Cowichan Valley,Shawnigan Lake,,,,British Columbia,Vancouver Island - Central,Qualicum Beach,,,,
British Columbia,Vancouver Island Central,Nanaimo and Area,North Nanaimo,Departure Bay,,,British Columbia,Vancouver Island - Central,Tahsis,,,,
British Columbia,Vancouver Island Central,Nanaimo and Area,North Nanaimo,Diver Lake,,,British Columbia,Vancouver Island - Central,Tofino,,,,
British Columbia,Vancouver Island Central,Nanaimo and Area,North Nanaimo,Hammond Bay,,,British Columbia,Vancouver Island - Central,Ucluelet,,,,
British Columbia,Vancouver Island Central,Nanaimo and Area,North Nanaimo,"Jingle Pot, North",,,British Columbia,Vancouver Island - Central,Zeballos,,,,
British Columbia,Vancouver Island Central,Nanaimo and Area,North Nanaimo,"Lantzville, Lower",,,,,,,,,
British Columbia,Vancouver Island Central,Nanaimo and Area,North Nanaimo,"Lantzville, Upper",,,,,,,,,
British Columbia,Vancouver Island Central,Nanaimo and Area,North Nanaimo,North Nanaimo,,,,,,,,,
British Columbia,Vancouver Island Central,Nanaimo and Area,North Nanaimo,Pleasant Valley,,,,,,,,,
British Columbia,Vancouver Island Central,Nanaimo and Area,North Nanaimo,Uplands,,,British Columbia,Vancouver Island - North,Alert Bay,,,,
British Columbia,Vancouver Island Central,Nanaimo and Area,South Nanaimo,Brechin Hill (Newcastle),,,British Columbia,Vancouver Island - North,Port Hardy,,,,
British Columbia,Vancouver Island Central,Nanaimo and Area,South Nanaimo,Cedar,,,British Columbia,Vancouver Island - North,Port McNeill,,,,
British Columbia,Vancouver Island Central,Nanaimo and Area,South Nanaimo,Central Nanaimo,,,British Columbia,Vancouver Island - North,Sayward,,,,
British Columbia,Vancouver Island Central,Nanaimo and Area,South Nanaimo,Chase River,,,,,,,,,
British Columbia,Vancouver Island Central,Nanaimo and Area,South Nanaimo,Extension,,,,,,,,,
British Columbia,Vancouver Island Central,Nanaimo and Area,South Nanaimo,"Jingle Pot, South",,,,,,,,,
British Columbia,Vancouver Island Central,Nanaimo and Area,South Nanaimo,South Nanaimo,,,,,,,,,
British Columbia,Vancouver Island Central,Nanaimo and Area,South Nanaimo,University District,,,,,,,,,
British Columbia,Vancouver Island Central,Nanaimo and Area,South Nanaimo,Old City,,,,,,,,,
British Columbia,Vancouver Island Central,Nanaimo and Area,South Nanaimo,Protection Island,,,,,,,,,
British Columbia,Vancouver Island Central,Nanaimo and Area,Chemainus,Chemainus,,,,,,,,,
British Columbia,Vancouver Island Central,Nanaimo and Area,Nanoose Bay,Nanoose Bay,,,,,,,,,
British Columbia,Vancouver Island Central,Nanaimo and Area,Saltair,,,,,,,,,,
British Columbia,Vancouver Island Central,Parksville - Qualicum,Parksville,,,,,,,,,,
British Columbia,Vancouver Island Central,Parksville - Qualicum,Qualicum Beach,,,,,,,,,,
British Columbia,Vancouver Island Central,Parksville - Qualicum,French Creek,,,,,,,,,,
British Columbia,Vancouver Island Central,Parksville - Qualicum,Oceanside,,,,,,,,,,
British Columbia,Vancouver Island Central,Courtenay - Comox,Courtenay,,,,,,,,,,
British Columbia,Vancouver Island Central,Courtenay - Comox,Comox,,,,,,,,,,
British Columbia,Vancouver Island Central,Courtenay - Comox,Royston,,,,,,,,,,
British Columbia,Vancouver Island Central,Courtenay - Comox,Cumberland,,,,,,,,,,
British Columbia,Vancouver Island Central,Campbell River,Quinsam,,,,,,,,,,
British Columbia,Vancouver Island Central,Campbell River,North Campbell River,,,,,,,,,,
British Columbia,Vancouver Island Central,Campbell River,Duncan Bay,,,,,,,,,,
British Columbia,Vancouver Island Central,Campbell River,Ocean Grove,,,,,,,,,,
British Columbia,Vancouver Island Central,Campbell River,Campbellton,,,,,,,,,,
British Columbia,Vancouver Island North,Port Hardy,,,,,,,,,,,
British Columbia,Vancouver Island North,Port McNeill,,,,,,,,,,,
British Columbia,Vancouver Island North,Sayward,,,,,,,,,,,
British Columbia,Vancouver Island Pacific Rim,Tofino,,,,,,,,,,,
British Columbia,Vancouver Island Pacific Rim,Ucluelet,,,,,,,,,,,
British Columbia,Vancouver Island Pacific Rim,Port Alberni,,,,,,,,,,,
British Columbia,Vancouver Island South,Gulf Islands,Salt Spring Island,,,,,,,,,,
British Columbia,Vancouver Island South,Gulf Islands,North Pender Island,,,,,,,,,,
British Columbia,Vancouver Island South,Gulf Islands,South Pender Island,,,,,,,,,,
British Columbia,Vancouver Island South,Gulf Islands,Saturna Island,,,,,,,,,,
British Columbia,Vancouver Island South,Gulf Islands,Decourcy Island,,,,,,,,,,
British Columbia,Vancouver Island South,Gulf Islands,Gabriola Island,,,,,,,,,,
British Columbia,Vancouver Island South,Gulf Islands,Galiano Island,,,,,,,,,,
British Columbia,Vancouver Island South,Gulf Islands,Mudge Island,,,,,,,,,,
British Columbia,Vancouver Island South,Gulf Islands,North Pender Island,,,,,,,,,,
British Columbia,Vancouver Island South,Gulf Islands,Protection Island,,,,,,,,,,
British Columbia,Vancouver Island South,Gulf Islands,Ruxton Island,,,,,,,,,,
British Columbia,Vancouver Island South,Gulf Islands,Salt Spring Island,,,,,,,,,,
British Columbia,Vancouver Island South,Gulf Islands,Saturna Island,,,,,,,,,,
British Columbia,Vancouver Island South,Gulf Islands,South Pender Island,,,,,,,,,,
British Columbia,Vancouver Island South,Gulf Islands,Thetis Island,,,,,,,,,,
British Columbia,Vancouver Island South,Gulf Islands,Valdes Island,,,,,,,,,,
British Columbia,Thompson Okanagan,Kelowna - Central Okanagan,Kelowna - North,Downtown,,,British Columbia,Okanagan - Central,Kelowna,,,,
British Columbia,Thompson Okanagan,Kelowna - Central Okanagan,Kelowna - North,Dilworth Mountain,,,British Columbia,Okanagan - Central,West Kelowna,,,,
British Columbia,Thompson Okanagan,Kelowna - Central Okanagan,Kelowna - North,Glenmore,,,British Columbia,Okanagan - Central,Peachland,,,,
British Columbia,Thompson Okanagan,Kelowna - Central Okanagan,Kelowna - North,McKinley Landing,,,British Columbia,Okanagan - Central,West Kelowna,,,,
British Columbia,Thompson Okanagan,Kelowna - Central Okanagan,Kelowna - North,North Glenmore,,,British Columbia,Okanagan - Central,Lake Country,,,,
British Columbia,Thompson Okanagan,Kelowna - Central Okanagan,Kelowna - North,University District,,,,,,,,,
British Columbia,Thompson Okanagan,Kelowna - Central Okanagan,Kelowna - North,Ellison,,,British Columbia,Okanagan - North,Armstrong,,,,
British Columbia,Thompson Okanagan,Kelowna - Central Okanagan,Kelowna - North,South Pandosy,,,British Columbia,Okanagan - North,Coldstream,,,,
British Columbia,Thompson Okanagan,Kelowna - Central Okanagan,Kelowna - North,Lake Country West,,,British Columbia,Okanagan - North,Enderby,,,,
British Columbia,Thompson Okanagan,Kelowna - Central Okanagan,Kelowna - North,Lake Country East / Oyama,,,British Columbia,Okanagan - North,Lumby,,,,
British Columbia,Thompson Okanagan,Kelowna - Central Okanagan,Kelowna - North,Springfield Spall,,,British Columbia,Okanagan - North,Spallumcheen,,,,
British Columbia,Thompson Okanagan,Kelowna - Central Okanagan,Kelowna - North,Kelowna North,,,British Columbia,Okanagan - North,Vernon,,,,
British Columbia,Thompson Okanagan,Kelowna - Central Okanagan,Kelowna - North,Kelowna South,,,,,,,,,
British Columbia,Thompson Okanagan,Kelowna - Central Okanagan,Okanagan Mission - South,South East Kelowna,,,British Columbia,Okanagan - Similkameen,Keremeos,,,,
British Columbia,Thompson Okanagan,Kelowna - Central Okanagan,Okanagan Mission - South,Lower Mission,,,British Columbia,Okanagan - Similkameen,Oliver,,,,
British Columbia,Thompson Okanagan,Kelowna - Central Okanagan,Okanagan Mission - South,Upper Mission,,,British Columbia,Okanagan - Similkameen,Osoyoos,,,,
British Columbia,Thompson Okanagan,Kelowna - Central Okanagan,Okanagan Mission - South,Crawford Estates,,,British Columbia,Okanagan - Similkameen,Penticton,,,,
British Columbia,Thompson Okanagan,Kelowna - Central Okanagan,Okanagan Mission - South,East Kelowna,,,British Columbia,Okanagan - Similkameen,Princeton,,,,
British Columbia,Thompson Okanagan,Kelowna - Central Okanagan,West Kelowna,Lakeview Heights,,,British Columbia,Okanagan - Similkameen,Summerland,,,,
British Columbia,Thompson Okanagan,Kelowna - Central Okanagan,West Kelowna,Misson Hill,,,,,,,,,
British Columbia,Thompson Okanagan,Kelowna - Central Okanagan,West Kelowna,West Kelowna,,,British Columbia,Thompson - Nicola,Ashcroft,,,,
British Columbia,Thompson Okanagan,Kelowna - Central Okanagan,West Kelowna,Glenrosa,,,British Columbia,Thompson - Nicola,Barriere,,,,
British Columbia,Thompson Okanagan,Kelowna - Central Okanagan,Rutland - East,Rutland North,,,British Columbia,Thompson - Nicola,Cache Creek,,,,
British Columbia,Thompson Okanagan,Kelowna - Central Okanagan,Rutland - East,Rutland South,,,British Columbia,Thompson - Nicola,Chase,,,,
British Columbia,Thompson Okanagan,Kelowna - Central Okanagan,Rutland - East,Black Mountain,,,British Columbia,Thompson - Nicola,Clearwater,,,,
British Columbia,Thompson Okanagan,Kelowna - Central Okanagan,Peachland,,,,British Columbia,Thompson - Nicola,Clinton,,,,
British Columbia,Thompson Okanagan,Vernon - North Okanagan,Armstrong,,,,British Columbia,Thompson - Nicola,Kamloops,,,,
British Columbia,Thompson Okanagan,Vernon - North Okanagan,Coldstream,,,,British Columbia,Thompson - Nicola,Logan Lake,,,,
British Columbia,Thompson Okanagan,Vernon - North Okanagan,Enderby,,,,British Columbia,Thompson - Nicola,Merritt,,,,
British Columbia,Thompson Okanagan,Vernon - North Okanagan,Falkland,,,,British Columbia,Thompson - Nicola,Sun Peaks,,,,
British Columbia,Thompson Okanagan,Vernon - North Okanagan,Lavington,,,,,,,,,,
British Columbia,Thompson Okanagan,Vernon - North Okanagan,Lumby,,,,British Columbia,Columbia - Shuswap,Golden,,,,
British Columbia,Thompson Okanagan,Vernon - North Okanagan,Silver Star Mountain,,,,British Columbia,Columbia - Shuswap,Revelstoke,,,,
British Columbia,Thompson Okanagan,Vernon - North Okanagan,Vernon,,,,British Columbia,Columbia - Shuswap,Salmon Arm,,,,
British Columbia,Thompson Okanagan,Penticton - South Okanagan,Apex Mountain,,,,British Columbia,Columbia - Shuswap,Sicamous,,,,
British Columbia,Thompson Okanagan,Penticton - South Okanagan,Cawston,,,,,,,,,,
British Columbia,Thompson Okanagan,Penticton - South Okanagan,Kaleden,,,,British Columbia,West Kootenay - Boundary,Castlegar,,,,
British Columbia,Thompson Okanagan,Penticton - South Okanagan,Keremeos,,,,British Columbia,West Kootenay - Boundary,Creston,,,,
British Columbia,Thompson Okanagan,Penticton - South Okanagan,Naramata,,,,British Columbia,West Kootenay - Boundary,Fruitvale,,,,
British Columbia,Thompson Okanagan,Penticton - South Okanagan,Okanagan Falls,,,,British Columbia,West Kootenay - Boundary,Grand Forks,,,,
British Columbia,Thompson Okanagan,Penticton - South Okanagan,Oliver,,,,British Columbia,West Kootenay - Boundary,Greenwood,,,,
British Columbia,Thompson Okanagan,Penticton - South Okanagan,Osoyoos,,,,British Columbia,West Kootenay - Boundary,Kaslo,,,,
British Columbia,Thompson Okanagan,Penticton - South Okanagan,Summerland,,,,British Columbia,West Kootenay - Boundary,Midway,,,,
British Columbia,Thompson Okanagan,Grand Forks - Boundary Country,Beaverdell,,,,British Columbia,West Kootenay - Boundary,Montrose,,,,
British Columbia,Thompson Okanagan,Grand Forks - Boundary Country,Big White,,,,British Columbia,West Kootenay - Boundary,Nakusp,,,,
British Columbia,Thompson Okanagan,Grand Forks - Boundary Country,Bridesville,,,,British Columbia,West Kootenay - Boundary,Nelson,,,,
British Columbia,Thompson Okanagan,Grand Forks - Boundary Country,Christina Lake,,,,British Columbia,West Kootenay - Boundary,New Denver,,,,
British Columbia,Thompson Okanagan,Grand Forks - Boundary Country,Grand Forks,,,,British Columbia,West Kootenay - Boundary,Rossland,,,,
British Columbia,Thompson Okanagan,Grand Forks - Boundary Country,Greenwood,,,,British Columbia,West Kootenay - Boundary,Salmo,,,,
British Columbia,Thompson Okanagan,Grand Forks - Boundary Country,Midway,,,,British Columbia,West Kootenay - Boundary,Silverton,,,,
British Columbia,Thompson Okanagan,Grand Forks - Boundary Country,Rock Creek,,,,British Columbia,West Kootenay - Boundary,Slocan,,,,
British Columbia,Thompson Okanagan,Grand Forks - Boundary Country,Westbridge,,,,British Columbia,West Kootenay - Boundary,Trail,,,,
British Columbia,Thompson Okanagan,Kamloops - Thompson Nicola,Savona,,,,British Columbia,West Kootenay - Boundary,Warfield,,,,
British Columbia,Thompson Okanagan,Kamloops - Thompson Nicola,Raleigh,,,,,,,,,,
British Columbia,Thompson Okanagan,Kamloops - Thompson Nicola,Sun Peaks,,,,British Columbia,East Kootenay - Rocky Mountain,Canal Flats,,,,
British Columbia,Thompson Okanagan,Kamloops - Thompson Nicola,Barrierre,,,,British Columbia,East Kootenay - Rocky Mountain,Cranbrook,,,,
British Columbia,Thompson Okanagan,Kamloops - Thompson Nicola,Cache Creek,,,,British Columbia,East Kootenay - Rocky Mountain,Elkford,,,,
British Columbia,Thompson Okanagan,Kamloops - Thompson Nicola,Pritchard,,,,British Columbia,East Kootenay - Rocky Mountain,Fernie,,,,
British Columbia,Thompson Okanagan,Kamloops - Thompson Nicola,Kamloops,North Kamloops,,,British Columbia,East Kootenay - Rocky Mountain,Invermere,,,,
British Columbia,Thompson Okanagan,Kamloops - Thompson Nicola,Kamloops,Brocklehurst,,,British Columbia,East Kootenay - Rocky Mountain,Jumbo Glacier,,,,
British Columbia,Thompson Okanagan,Kamloops - Thompson Nicola,Kamloops,Aberdeen,,,British Columbia,East Kootenay - Rocky Mountain,Kimberley,,,,
British Columbia,Thompson Okanagan,Kamloops - Thompson Nicola,Kamloops,Westsyde,,,British Columbia,East Kootenay - Rocky Mountain,Radium Hot Springs,,,,
British Columbia,Thompson Okanagan,Kamloops - Thompson Nicola,Kamloops,Valleyview,,,British Columbia,East Kootenay - Rocky Mountain,Sparwood,,,,
British Columbia,Thompson Okanagan,Kamloops - Thompson Nicola,Kamloops,Sahali,,,,,,,,,
British Columbia,Thompson Okanagan,Kamloops - Thompson Nicola,Kamloops,Juniper Ridge,,,,,,,,,
British Columbia,Thompson Okanagan,Kamloops - Thompson Nicola,Kamloops,Dufferin,,,,,,,,,
British Columbia,Thompson Okanagan,Kamloops - Thompson Nicola,Kamloops,Sun Rivers,,,,,,,,,
British Columbia,Thompson Okanagan,Kamloops - Thompson Nicola,Merritt,,,,,,,,,,
British Columbia,Thompson Okanagan,Kamloops - Thompson Nicola,Lower Nicola,,,,,,,,,,
British Columbia,Thompson Okanagan,Kamloops - Thompson Nicola,Spences Bridge,,,,,,,,,,
British Columbia,Thompson Okanagan,Kamloops - Thompson Nicola,Lytton,,,,,,,,,,
British Columbia,Thompson Okanagan,Kamloops - Thompson Nicola,Boston Bar,,,,,,,,,,
British Columbia,Thompson Okanagan,Shuswap - Columbia,Blind Bay,,,,,,,,,,
British Columbia,Thompson Okanagan,Shuswap - Columbia,Chase,,,,,,,,,,
British Columbia,Thompson Okanagan,Shuswap - Columbia,Malakwa,,,,,,,,,,
British Columbia,Thompson Okanagan,Shuswap - Columbia,Revelstoke,,,,,,,,,,
British Columbia,Thompson Okanagan,Shuswap - Columbia,Salmon Arm,,,,,,,,,,
British Columbia,Thompson Okanagan,Shuswap - Columbia,Scotch Creek,,,,,,,,,,
British Columbia,Thompson Okanagan,Shuswap - Columbia,Sicamous,,,,,,,,,,
British Columbia,Thompson Okanagan,Shuswap - Columbia,Sorrento,,,,,,,,,,
British Columbia,Thompson Okanagan,Shuswap - Columbia,Tappen,,,,,,,,,,
British Columbia,BC Cariboo Region,North Cariboo,Quesnel,,,,,,,,,,
British Columbia,BC Cariboo Region,North Cariboo,Wells,,,,British Columbia,North Central - Cariboo,100 Mile House,,,,
British Columbia,BC Cariboo Region,North Cariboo,Likely,,,,British Columbia,North Central - Cariboo,Fraser-Fort George,,,,
British Columbia,BC Cariboo Region,North Cariboo,Barkerville,,,,British Columbia,North Central - Cariboo,Mackenzie,,,,
British Columbia,BC Cariboo Region,North Cariboo,McLeese Lake,,,,British Columbia,North Central - Cariboo,McBride,,,,
British Columbia,BC Cariboo Region,Central Cariboo,Williams Lake,,,,British Columbia,North Central - Cariboo,Prince George,,,,
British Columbia,BC Cariboo Region,Central Cariboo,Horsefly,,,,British Columbia,North Central - Cariboo,Quesnel,,,,
British Columbia,BC Cariboo Region,Central Cariboo,150 Mile House,,,,British Columbia,North Central - Cariboo,Valemount,,,,
British Columbia,BC Cariboo Region,Central Cariboo,Lac La Hache,,,,British Columbia,North Central - Cariboo,Wells,,,,
British Columbia,BC Cariboo Region,South Cariboo,100 Mile House,,,,British Columbia,North Central - Cariboo,Williams Lake,,,,
British Columbia,BC Cariboo Region,South Cariboo,Forest Grove,,,,,,,,,,
British Columbia,BC Cariboo Region,South Cariboo,Interlakes,,,,,,,,,,
British Columbia,BC Cariboo Region,South Cariboo,Lone Butte,,,,British Columbia,Peace River,Chetwynd,,,,
British Columbia,BC Cariboo Region,South Cariboo,70 Mile House,,,,British Columbia,Peace River,Dawson Creek,,,,
British Columbia,BC Cariboo Region,South Cariboo,Clinton,,,,British Columbia,Peace River,Fort Nelson,,,,
British Columbia,Prince George - Northern Interior,Quesnel,,,,,British Columbia,Peace River,Fort St. John,,,,
British Columbia,Prince George - Northern Interior,Prince George,,,,,British Columbia,Peace River,Hudson's Hope,,,,
British Columbia,Prince George - Northern Interior,Vanderhoof,,,,,British Columbia,Peace River,Pouce Coupe,,,,
British Columbia,Prince George - Northern Interior,Fort Fraser,,,,,British Columbia,Peace River,Taylor,,,,
British Columbia,Prince George - Northern Interior,Bear Lake,,,,,British Columbia,Peace River,Tumbler Ridge,,,,
British Columbia,BC North East Region,Fort St. John,,,,,,,,,,,
British Columbia,BC North East Region,Hudson Hope,,,,,British Columbia,North Coast - Nechako,Bella Coola,,,,
British Columbia,BC North East Region,Dawson Creek,,,,,British Columbia,North Coast - Nechako,Burns Lake,,,,
British Columbia,BC North East Region,Chetwynd,,,,,British Columbia,North Coast - Nechako,Fort St. James,,,,
British Columbia,BC North East Region,Pouce Coupe,,,,,British Columbia,North Coast - Nechako,Fraser Lake,,,,
British Columbia,BC North East Region,Fort Nelson,,,,,British Columbia,North Coast - Nechako,Granisle,,,,
British Columbia,BC Northwest - Coastal Region,Prince Rupert,,,,,British Columbia,North Coast - Nechako,Hazelton,,,,
British Columbia,BC Northwest - Coastal Region,Terrace,,,,,British Columbia,North Coast - Nechako,Houston,,,,
British Columbia,BC Northwest - Coastal Region,Kitimat,,,,,British Columbia,North Coast - Nechako,Kitimat,,,,
British Columbia,BC Northwest - Coastal Region,Kitwanga,,,,,British Columbia,North Coast - Nechako,Masset,,,,
British Columbia,BC Northwest - Coastal Region,Hazelton,,,,,British Columbia,North Coast - Nechako,New Hazelton,,,,
British Columbia,BC Northwest - Coastal Region,Masset,,,,,British Columbia,North Coast - Nechako,Port Clements,,,,
British Columbia,BC Northwest - Coastal Region,Smithers,,,,,British Columbia,North Coast - Nechako,Port Edward,,,,
British Columbia,BC Northwest - Coastal Region,Telkwa,,,,,British Columbia,North Coast - Nechako,Prince Rupert,,,,
British Columbia,BC Northwest - Coastal Region,Houston,,,,,British Columbia,North Coast - Nechako,Queen Charlotte,,,,
British Columbia,BC Northwest - Coastal Region,Burns Lake,,,,,British Columbia,North Coast - Nechako,Smithers,,,,
British Columbia,West Kootenay Region,Ainsworth,,,,,British Columbia,North Coast - Nechako,Stewart,,,,
British Columbia,West Kootenay Region,Balfour,,,,,British Columbia,North Coast - Nechako,Telkwa,,,,
British Columbia,West Kootenay Region,Castlegar,,,,,British Columbia,North Coast - Nechako,Terrace,,,,
British Columbia,West Kootenay Region,Creston,,,,,British Columbia,North Coast - Nechako,Vanderhoof,,,,
British Columbia,West Kootenay Region,Fauguier,,,,,,,,,,,
British Columbia,West Kootenay Region,Fruitvale,,,,,,,,,,,
British Columbia,West Kootenay Region,Nakusp,,,,,,,,,,,
British Columbia,West Kootenay Region,Nelson,,,,,,,,,,,
British Columbia,West Kootenay Region,New Denver,,,,,,,,,,,
British Columbia,West Kootenay Region,Rossland,,,,,,,,,,,
British Columbia,West Kootenay Region,Salmo,,,,,,,,,,,
British Columbia,West Kootenay Region,Silverton,,,,,,,,,,,
British Columbia,West Kootenay Region,Slocan,,,,,,,,,,,
British Columbia,West Kootenay Region,Trail,,,,,,,,,,,
British Columbia,East Kootenay - Columbia Valley,Brisco,,,,,,,,,,,
British Columbia,East Kootenay - Columbia Valley,Canal Flats,,,,,,,,,,,
British Columbia,East Kootenay - Columbia Valley,Cranbrook,,,,,,,,,,,
British Columbia,East Kootenay - Columbia Valley,Edgewater,,,,,,,,,,,
British Columbia,East Kootenay - Columbia Valley,Fairmont Hot Springs,,,,,,,,,,,
British Columbia,East Kootenay - Columbia Valley,Invermere,,,,,,,,,,,
British Columbia,East Kootenay - Columbia Valley,Kimberley,,,,,,,,,,,
British Columbia,East Kootenay - Columbia Valley,Panorama Mountain,,,,,,,,,,,
British Columbia,East Kootenay - Columbia Valley,Radium Hot Springs,,,,,,,,,,,
British Columbia,East Kootenay - Columbia Valley,Spillimacheen,,,,,1-8775486016,,,,,,
British Columbia,East Kootenay - Columbia Valley,Wilmer,,,,,805336617 rp0001,,,,,,
British Columbia,East Kootenay - Columbia Valley,Windermere,,,,,,,,,,,
Alberta,North Central,Athabasca County,Athabasca,,,,,,,,,,
Alberta,North Central,Athabasca County,Bondiss,,,,,,,,,,
Alberta,North Central,Athabasca County,Boyle,,,,,,,,,,
Alberta,North Central,Athabasca County,Colinton,,,,,,,,,,
Alberta,North Central,Athabasca County,Grosmont,,,,,,,,,,
Alberta,North Central,Athabasca County,Rochester,,,,,,,,,,
Alberta,North Central,Athabasca County,Wandering River,,,,,,,,,,
Alberta,North Central,Athabasca County,Whispering Hills,,,,,,,,,,
Alberta,North Central,Woodlands,Whitecourt,,,,,,,,,,
Alberta,North Central,Woodlands,Fort Assiniboine,,,,,,,,,,
Alberta,North Central,Barrhead County,Barrhead,,,,,,,,,,
Alberta,North Central,Barrhead County,Lac La Nonne,,,,,,,,,,
Alberta,North Central,Thorhild County,Egremont,,,,,,,,,,
Alberta,North Central,Thorhild County,Newbrook,,,,,,,,,,
Alberta,North Central,Thorhild County,Thorhild,,,,,,,,,,
Alberta,Slave Lake,Lesser Slave River,Canyon Creek,,,,,,,,,,
Alberta,Slave Lake,Lesser Slave River,Slave Lake,,,,,,,,,,
Alberta,Slave Lake,Lesser Slave River,Smith,,,,,,,,,,
Alberta,Slave Lake,Lesser Slave River,Widewater,,,,,,,,,,
Alberta,Slave Lake,Opportunity,Calling Lake,,,,,,,,,,
Alberta,Slave Lake,Opportunity,Desmarais,,,,,,,,,,
Alberta,Slave Lake,Big Lakes,Driftpile,,,,,,,,,,
Alberta,Slave Lake,Big Lakes,East Prairie,,,,,,,,,,
Alberta,Slave Lake,Big Lakes,Faust,,,,,,,,,,
Alberta,Slave Lake,Big Lakes,Gift Lake,,,,,,,,,,
Alberta,Slave Lake,Big Lakes,Grouard,,,,,,,,,,
Alberta,Slave Lake,Big Lakes,High Prairie,,,,,,,,,,
Alberta,Slave Lake,Big Lakes,Kinuso,,,,,,,,,,
Alberta,Slave Lake,Big Lakes,Swan Hills,,,,,,,,,,
Alberta,Northwest,Mackenzie County,High Level,,,,,,,,,,
Alberta,Northwest,Mackenzie County,Rainbow Lake,,,,,,,,,,
Alberta,Northwest,Mackenzie County,Fort Vermilion,,,,,,,,,,
Alberta,Northwest,Mackenzie County,Chateh,,,,,,,,,,
Alberta,Northwest,Mackenzie County,Rocky Lane,,,,,,,,,,
Alberta,Northwest,Mackenzie County,Fox Lake,,,,,,,,,,
Alberta,Northwest,Mackenzie County,La Crete,,,,,,,,,,
Alberta,Northeast Region,Wood Buffalo,Fort McMurray,Abasand Heights,,,,,,,,,
Alberta,Northeast Region,Wood Buffalo,Fort McMurray,Beacon Hill,,,,,,,,,
Alberta,Northeast Region,Wood Buffalo,Fort McMurray,Dickinsfield,,,,,,,,,
Alberta,Northeast Region,Wood Buffalo,Fort McMurray,Eagle Ridge,,,,,,,,,
Alberta,Northeast Region,Wood Buffalo,Fort McMurray,Grayling Terrace,,,,,,,,,
Alberta,Northeast Region,Wood Buffalo,Fort McMurray,Gregoire Lake Estates,,,,,,,,,
Alberta,Northeast Region,Wood Buffalo,Fort McMurray,Lower Townsite,,,,,,,,,
Alberta,Northeast Region,Wood Buffalo,Fort McMurray,Parsons Creek,,,,,,,,,
Alberta,Northeast Region,Wood Buffalo,Fort McMurray,Prairie Creek,,,,,,,,,
Alberta,Northeast Region,Wood Buffalo,Fort McMurray,Saline Creek,,,,,,,,,
Alberta,Northeast Region,Wood Buffalo,Fort McMurray,Stone Creek,,,,,,,,,
Alberta,Northeast Region,Wood Buffalo,Fort McMurray,Thickwood Heights,,,,,,,,,
Alberta,Northeast Region,Wood Buffalo,Fort McMurray,Timberlea,,,,,,,,,
Alberta,Northeast Region,Wood Buffalo,Fort McMurray,Waterways,,,,,,,,,
Alberta,Northeast Region,Smoky Lake County,Smoky Lake,,,,,,,,,,
Alberta,Northeast Region,Smoky Lake County,Waskatenau,,,,,,,,,,
Alberta,Northeast Region,Smoky Lake County,Vilna,,,,,,,,,,
Alberta,Northeast Region,St. Paul County,Ashmont,,,,,,,,,,
Alberta,Northeast Region,St. Paul County,Elk Point,,,,,,,,,,
Alberta,Northeast Region,St. Paul County,St. Paul,,,,,,,,,,
Alberta,Northeast Region,Bonnyville County,Bonnyville,,,,,,,,,,
Alberta,Northeast Region,Bonnyville County,Cold Lake,,,,,,,,,,
Alberta,Northeast Region,Bonnyville County,Glendon,,,,,,,,,,
Alberta,Northeast Region,Two Hills County,Myrnam,,,,,,,,,,
Alberta,Northeast Region,Two Hills County,Two Hills,,,,,,,,,,
Alberta,Northeast Region,Two Hills County,Willingdon,,,,,,,,,,
Alberta,Northeast Region,Minburn County,Innisfree,,,,,,,,,,
Alberta,Northeast Region,Minburn County,Mannville,,,,,,,,,,
Alberta,Northeast Region,Minburn County,Ranfurly,,,,,,,,,,
Alberta,Northeast Region,Minburn County,Vegreville,,,,,,,,,,
Alberta,Northeast Region,Vermilion River County,Blackfoot,,,,,,,,,,
Alberta,Northeast Region,Vermilion River County,Dewberry,,,,,,,,,,
Alberta,Northeast Region,Vermilion River County,Vermilion,,,,,,,,,,
Alberta,Northeast Region,Vermilion River County,Paradise Valley,,,,,,,,,,
Alberta,Northeast Region,Vermilion River County,Marwayne,,,,,,,,,,
Alberta,Northeast Region,Vermilion River County,Kitscoty,,,,,,,,,,
Alberta,Northeast Region,Vermilion River County,Lloydminster,,,,,,,,,,
Alberta,Northeast Region,Lac la Biche County,Plamondon,,,,,,,,,,
Alberta,Northeast Region,Lac la Biche County,Lac la Biche,,,,,,,,,,
Alberta,Peace Country,Greenview Municipal District,Calais,,,,,,,,,,
Alberta,Peace Country,Greenview Municipal District,Fox Creek,,,,,,,,,,
Alberta,Peace Country,Greenview Municipal District,Grande Cache,,,,,,,,,,
Alberta,Peace Country,Greenview Municipal District,Valleyview,,,,,,,,,,
Alberta,Peace Country,Birch Hills County,,,,,,,,,,,
Alberta,Peace Country,Fairview County,,,,,,,,,,,
Alberta,Peace Country,Grande Prairie,Beaverlodge,,,,,,,,,,
Alberta,Peace Country,Grande Prairie,Grande Prairie,Albinati Industrial,,,,,,,,,
Alberta,Peace Country,Grande Prairie,Grande Prairie,Avondale,,,,,,,,,
Alberta,Peace Country,Grande Prairie,Grande Prairie,Brookfield,,,,,,,,,
Alberta,Peace Country,Grande Prairie,Grande Prairie,Centre West Industrial Park,,,,,,,,,
Alberta,Peace Country,Grande Prairie,Grande Prairie,Cobblestone,,,,,,,,,
Alberta,Peace Country,Grande Prairie,Grande Prairie,Country Club Estates,,,,,,,,,
Alberta,Peace Country,Grande Prairie,Grande Prairie,Countryside South,,,,,,,,,
Alberta,Peace Country,Grande Prairie,Grande Prairie,Crystal Heights,,,,,,,,,
Alberta,Peace Country,Grande Prairie,Grande Prairie,Crystal Lake Estates,,,,,,,,,
Alberta,Peace Country,Grande Prairie,Grande Prairie,Crystal Landing,,,,,,,,,
Alberta,Peace Country,Grande Prairie,Grande Prairie,Crystal Ridge,,,,,,,,,
Alberta,Peace Country,Grande Prairie,Grande Prairie,Eagle Estates,,,,,,,,,
Alberta,Peace Country,Grande Prairie,Grande Prairie,Eagle Estates,,,,,,,,,
Alberta,Peace Country,Grande Prairie,Grande Prairie,Highland Park,,,,,,,,,
Alberta,Peace Country,Grande Prairie,Grande Prairie,Hillside,,,,,,,,,
Alberta,Peace Country,Grande Prairie,Grande Prairie,Ivy Lake Estates,,,,,,,,,
Alberta,Peace Country,Grande Prairie,Grande Prairie,Lakeland,,,,,,,,,
Alberta,Peace Country,Grande Prairie,Grande Prairie,Mission Heights,,,,,,,,,
Alberta,Peace Country,Grande Prairie,Grande Prairie,Montrose,,,,,,,,,
Alberta,Peace Country,Grande Prairie,Grande Prairie,Mountview,,,,,,,,,
Alberta,Peace Country,Grande Prairie,Grande Prairie,Northridge,,,,,,,,,
Alberta,Peace Country,Grande Prairie,Grande Prairie,O'brien Lake,,,,,,,,,
Alberta,Peace Country,Grande Prairie,Grande Prairie,O'brien Lake West,,,,,,,,,
Alberta,Peace Country,Grande Prairie,Grande Prairie,Patterson Place,,,,,,,,,
Alberta,Peace Country,Grande Prairie,Grande Prairie,Pinnacle Ridge,,,,,,,,,
Alberta,Peace Country,Grande Prairie,Grande Prairie,Pinnacle West,,,,,,,,,
Alberta,Peace Country,Grande Prairie,Grande Prairie,Royal Oaks,,,,,,,,,
Alberta,Peace Country,Grande Prairie,Grande Prairie,Royal Oaks North,,,,,,,,,
Alberta,Peace Country,Grande Prairie,Grande Prairie,Signature Falls,,,,,,,,,
Alberta,Peace Country,Grande Prairie,Grande Prairie,Smith,,,,,,,,,
Alberta,Peace Country,Grande Prairie,Grande Prairie,South Patterson Place,,,,,,,,,
Alberta,Peace Country,Grande Prairie,Grande Prairie,Southview,,,,,,,,,
Alberta,Peace Country,Grande Prairie,Grande Prairie,Summit,,,,,,,,,
Alberta,Peace Country,Grande Prairie,Grande Prairie,Swanavon,,,,,,,,,
Alberta,Peace Country,Grande Prairie,Grande Prairie,Taylor Estates,,,,,,,,,
Alberta,Peace Country,Grande Prairie,Grande Prairie,Trumpeter Village,,,,,,,,,
Alberta,Peace Country,Grande Prairie,Grande Prairie,Wedgewood,,,,,,,,,
Alberta,Peace Country,Grande Prairie,Grande Prairie,Westlake,,,,,,,,,
Alberta,Peace Country,Grande Prairie,Grande Prairie,Westpointe,,,,,,,,,
Alberta,Peace Country,Grande Prairie,Grande Prairie,Willowood Estates,,,,,,,,,
Alberta,Peace Country,Grande Prairie,Grande Prairie,Woodgrove,,,,,,,,,
Alberta,Peace Country,Grande Prairie,Sexsmith,,,,,,,,,,
Alberta,Peace Country,Grande Prairie,Hythe,,,,,,,,,,
Alberta,Peace Country,Grande Prairie,Lymbun,,,,,,,,,,
Alberta,Peace Country,Grande Prairie,Wembley,,,,,,,,,,
Alberta,Peace Country,Greenview,Fox Creek,,,,,,,,,,
Alberta,Peace Country,Greenview,Grande Cache,,,,,,,,,,
Alberta,Peace Country,Greenview,Sturgeon Lake,,,,,,,,,,
Alberta,Peace Country,Greenview,Valleyview,,,,,,,,,,
Alberta,Peace Country,Clear Hills,Hines Creek,,,,,,,,,,
Alberta,Peace Country,Clear Hills,Worsley,,,,,,,,,,
Alberta,Peace Country,Northern Lights,Dixonville,,,,,,,,,,
Alberta,Peace Country,Northern Lights,Manning,,,,,,,,,,
Alberta,Peace Country,Northern Lights,Hotchkiss,,,,,,,,,,
Alberta,Peace Country,Northern Sunrise,Nampa,,,,,,,,,,
Alberta,Peace Country,Northern Sunrise,Little Buffalo,,,,,,,,,,
Alberta,Peace Country,Northern Sunrise,Cadotte Lake,,,,,,,,,,
Alberta,Peace Country,Northern Sunrise,Simon Lakes,,,,,,,,,,
Alberta,Peace Country,Peace,Berwyn,,,,,,,,,,
Alberta,Peace Country,Peace,Grimshaw,,,,,,,,,,
Alberta,Peace Country,Peace,Peace River,,,,,,,,,,
Alberta,Peace Country,Saddle Hills,Blueberry Mountain,,,,,,,,,,
Alberta,Peace Country,Smoky River,Donnelly,,,,,,,,,,
Alberta,Peace Country,Smoky River,Falher,,,,,,,,,,
Alberta,Peace Country,Smoky River,Girouxville,,,,,,,,,,
Alberta,Peace Country,Smoky River,McLennan,,,,,,,,,,
Alberta,Peace Country,Spirit River,Rycroft,,,,,,,,,,
Alberta,Peace Country,Spirit River,Spirit River,,,,,,,,,,
Alberta,West Yellowhead,Willmore Wilderness Park,,,,,,,,,,,
Alberta,West Yellowhead,Jasper National Park,Jasper,,,,,,,,,,
Alberta,West Yellowhead,Yellowhead County,Edson,,,,,,,,,,
Alberta,West Yellowhead,Yellowhead County,Hinton,,,,,,,,,,
Alberta,West Yellowhead,Yellowhead County,Evansberg,,,,,,,,,,
Alberta,West Yellowhead,Yellowhead County,Entwistle,,,,,,,,,,
Alberta,West Yellowhead,Yellowhead County,Wildwood,,,,,,,,,,
Alberta,West Yellowhead,Woodlands County,Whitecourt,,,,,,,,,,
Alberta,West Yellowhead,Woodlands County,Fort Assiniboine,,,,,,,,,,
Alberta,West Yellowhead,Lac Ste. Anne County,Alberta Beach,,,,,,,,,,
Alberta,West Yellowhead,Lac Ste. Anne County,Alexis,,,,,,,,,,
Alberta,West Yellowhead,Lac Ste. Anne County,Mayerhthorpe,,,,,,,,,,
Alberta,West Yellowhead,Lac Ste. Anne County,West Cove,,,,,,,,,,
Alberta,North Central Region,Athabasca County,Colinton,,,,,,,,,,
Alberta,North Central Region,Athabasca County,Grosmont,,,,,,,,,,
Alberta,North Central Region,Athabasca County,Rochester,,,,,,,,,,
Alberta,North Central Region,Athabasca County,Wandering River,,,,,,,,,,
Alberta,North Central Region,Athabasca County,Whispering Hills,,,,,,,,,,
Alberta,North Central Region,Woodlands,Whitecourt,,,,,,,,,,
Alberta,North Central Region,Woodlands,Fort Assiniboine,,,,,,,,,,
Alberta,North Central Region,Barrhead County,Barrhead,,,,,,,,,,
Alberta,North Central Region,Barrhead County,Lac La Nonne,,,,,,,,,,
Alberta,North Central Region,Thorhild County,Egremont,,,,,,,,,,
Alberta,North Central Region,Thorhild County,Newbrook,,,,,,,,,,
Alberta,North Central Region,Thorhild County,Thorhild,,,,,,,,,,
Alberta,North Central Region,Westlock County,Clyde,,,,,,,,,,
Alberta,North Central Region,Westlock County,Fawcett,,,,,,,,,,
Alberta,North Central Region,Westlock County,Westlock,,,,,,,,,,
Alberta,North Central Region,Sturgeon County,Bon Accord,,,,,,,,,,
Alberta,North Central Region,Sturgeon County,Gibbons,,,,,,,,,,
Alberta,North Central Region,Sturgeon County,Morinville,,,,,,,,,,
Alberta,North Central Region,Sturgeon County,Redwater,,,,,,,,,,
Alberta,North Central Region,Sturgeon County,Legal ,,,,,,,,,,
Alberta,Capital Region,Parkland County,Spruce Grove,Aspenglen,,,,,,,,,
Alberta,Capital Region,Parkland County,Spruce Grove,Brookwood,,,,,,,,,
Alberta,Capital Region,Parkland County,Spruce Grove,Broxton Park,,,,,,,,,
Alberta,Capital Region,Parkland County,Spruce Grove,Creekside,,,,,,,,,
Alberta,Capital Region,Parkland County,Spruce Grove,Deer Park,,,,,,,,,
Alberta,Capital Region,Parkland County,Spruce Grove,Grove Meadows,,,,,,,,,
Alberta,Capital Region,Parkland County,Spruce Grove,Harvest Ridge,,,,,,,,,
Alberta,Capital Region,Parkland County,Spruce Grove,Hilldowns,,,,,,,,,
Alberta,Capital Region,Parkland County,Spruce Grove,Lakewood,,,,,,,,,
Alberta,Capital Region,Parkland County,Spruce Grove,Legacy Park,,,,,,,,,
Alberta,Capital Region,Parkland County,Spruce Grove,Linkside,,,,,,,,,
Alberta,Capital Region,Parkland County,Spruce Grove,Mill Grove,,,,,,,,,
Alberta,Capital Region,Parkland County,Spruce Grove,Mobile City Estates,,,,,,,,,
Alberta,Capital Region,Parkland County,Spruce Grove,Spruce Ridge,,,,,,,,,
Alberta,Capital Region,Parkland County,Spruce Grove,Sprucewoods Villa,,,,,,,,,
Alberta,Capital Region,Parkland County,Spruce Grove,Stoneshire,,,,,,,,,
Alberta,Capital Region,Parkland County,Spruce Grove,Woodhaven,,,,,,,,,
Alberta,Capital Region,Parkland County,Spruce Grove,Woodside,,,,,,,,,
Alberta,Capital Region,Parkland County,Stoney Plain,Saint Andrews,,,,,,,,,
Alberta,Capital Region,Parkland County,Stoney Plain,Meridian Heights,,,,,,,,,
Alberta,Capital Region,Parkland County,Stoney Plain,Woodlands,,,,,,,,,
Alberta,Capital Region,Parkland County,Stoney Plain,The Glens,,,,,,,,,
Alberta,Capital Region,Parkland County,Stoney Plain,Heritage Estates,,,,,,,,,
Alberta,Capital Region,Parkland County,Stoney Plain,Southridge,,,,,,,,,
Alberta,Capital Region,Parkland County,Stoney Plain,Fairways,,,,,,,,,
Alberta,Capital Region,Parkland County,Stoney Plain,Graybriar,,,,,,,,,
Alberta,Capital Region,Parkland County,Stoney Plain,Homesteads,,,,,,,,,
Alberta,Capital Region,Parkland County,Stoney Plain,Meridian Meadows,,,,,,,,,
Alberta,Capital Region,Parkland County,Stoney Plain,Willow Park,,,,,,,,,
Alberta,Capital Region,Parkland County,Stoney Plain,High Park,,,,,,,,,
Alberta,Capital Region,Parkland County,Stoney Plain,Lake Westerra Estates,,,,,,,,,
Alberta,Capital Region,Leduc County,Leduc,Alexandra Park,,,,,,,,,
Alberta,Capital Region,Leduc County,Leduc,Caledonia Park,,,,,,,,,
Alberta,Capital Region,Leduc County,Leduc,Corinthia Park,,,,,,,,,
Alberta,Capital Region,Leduc County,Leduc,Deer Valley,,,,,,,,,
Alberta,Capital Region,Leduc County,Leduc,Lakeside Estates,,,,,,,,,
Alberta,Capital Region,Leduc County,Leduc,Linsford Park,,,,,,,,,
Alberta,Capital Region,Leduc County,Leduc,Robinson,,,,,,,,,
Alberta,Capital Region,Leduc County,Leduc,South Park,,,,,,,,,
Alberta,Capital Region,Leduc County,Leduc,South Telford,,,,,,,,,
Alberta,Capital Region,Leduc County,Leduc,Suntree,,,,,,,,,
Alberta,Capital Region,Leduc County,Leduc,Tribute,,,,,,,,,
Alberta,Capital Region,Leduc County,Leduc,Willow Park,,,,,,,,,
Alberta,Capital Region,Leduc County,Leduc,Windrose,,,,,,,,,
Alberta,Capital Region,Leduc County,Beaumont,,,,,,,,,,
Alberta,Capital Region,Leduc County,Calmar,,,,,,,,,,
Alberta,Capital Region,Leduc County,Devon,,,,,,,,,,
Alberta,Capital Region,Leduc County,Thorsby,,,,,,,,,,
Alberta,Capital Region,Leduc County,Warburg,,,,,,,,,,
Alberta,Capital Region,Strathcona County,,,,,,,,,,,
,Capital Region,Edmonton Metro,Sherwood Park,Akenside,,,,,,,,,
Alberta,Capital Region,Edmonton Metro,Sherwood Park,Aspen Trails,,,,,,,,,
Alberta,Capital Region,Edmonton Metro,Sherwood Park,Bison Meadows,,,,,,,,,
Alberta,Capital Region,Edmonton Metro,Sherwood Park,Brentwood,,,,,,,,,
Alberta,Capital Region,Edmonton Metro,Sherwood Park,Broadmoor Centre,,,,,,,,,
Alberta,Capital Region,Edmonton Metro,Sherwood Park,Broadmoor Estates,,,,,,,,,
Alberta,Capital Region,Edmonton Metro,Sherwood Park,Broadview Park,,,,,,,,,
Alberta,Capital Region,Edmonton Metro,Sherwood Park,Buckingham Business Park,,,,,,,,,
Alberta,Capital Region,Edmonton Metro,Sherwood Park,Centennial Park,,,,,,,,,
Alberta,Capital Region,Edmonton Metro,Sherwood Park,Centre in the Park,,,,,,,,,
Alberta,Capital Region,Edmonton Metro,Sherwood Park,Charlton Heights,,,,,,,,,
Alberta,Capital Region,Edmonton Metro,Sherwood Park,Chelsea Heights,,,,,,,,,
Alberta,Capital Region,Edmonton Metro,Sherwood Park,Clarkdale Meadows,,,,,,,,,
Alberta,Capital Region,Edmonton Metro,Sherwood Park,Clover Bar Ranch,,,,,,,,,
Alberta,Capital Region,Edmonton Metro,Sherwood Park,Craigavon,,,,,,,,,
Alberta,Capital Region,Edmonton Metro,Sherwood Park,Davidson Creek,,,,,,,,,
Alberta,Capital Region,Edmonton Metro,Sherwood Park,Durham Town Centre,,,,,,,,,
Alberta,Capital Region,Edmonton Metro,Sherwood Park,Emerald Hills,,,,,,,,,
Alberta,Capital Region,Edmonton Metro,Sherwood Park,Emerald Hills Centre,,,,,,,,,
Alberta,Capital Region,Edmonton Metro,Sherwood Park,Estates of Sherwood Park,,,,,,,,,
Alberta,Capital Region,Edmonton Metro,Sherwood Park,Forrest Greens,,,,,,,,,
Alberta,Capital Region,Edmonton Metro,Sherwood Park,Foxboro,,,,,,,,,
Alberta,Capital Region,Edmonton Metro,Sherwood Park,Foxhaven,,,,,,,,,
Alberta,Capital Region,Edmonton Metro,Sherwood Park,Glen Allan,,,,,,,,,
Alberta,Capital Region,Edmonton Metro,Sherwood Park,Griffon Industrial Park,,,,,,,,,
Alberta,Capital Region,Edmonton Metro,Sherwood Park,Heritage Hills,,,,,,,,,
Alberta,Capital Region,Edmonton Metro,Sherwood Park,Heritage Pointe,,,,,,,,,
Alberta,Capital Region,Edmonton Metro,Sherwood Park,Jubilee Landing,,,,,,,,,
Alberta,Capital Region,Edmonton Metro,Sherwood Park,Lakeland Ridge,,,,,,,,,
Alberta,Capital Region,Edmonton Metro,Sherwood Park,Lakeland Village,,,,,,,,,
Alberta,Capital Region,Edmonton Metro,Sherwood Park,Maplegrove,,,,,,,,,
Alberta,Capital Region,Edmonton Metro,Sherwood Park,Maplewood,,,,,,,,,
Alberta,Capital Region,Edmonton Metro,Sherwood Park,Meadow Hawk,,,,,,,,,
Alberta,Capital Region,Edmonton Metro,Sherwood Park,Mills Haven,,,,,,,,,
Alberta,Capital Region,Edmonton Metro,Sherwood Park,Nottingham,,,,,,,,,
Alberta,Capital Region,Edmonton Metro,Sherwood Park,Regency Park,,,,,,,,,
Alberta,Capital Region,Edmonton Metro,Sherwood Park,Regency Park Estates,,,,,,,,,
Alberta,Capital Region,Edmonton Metro,Sherwood Park,Salisbury Village,,,,,,,,,
Alberta,Capital Region,Edmonton Metro,Sherwood Park,Sherwood Business Park,,,,,,,,,
Alberta,Capital Region,Edmonton Metro,Sherwood Park,Sherwood Heights,,,,,,,,,
Alberta,Capital Region,Edmonton Metro,Sherwood Park,Shivam Park,,,,,,,,,
Alberta,Capital Region,Edmonton Metro,Sherwood Park,Strathcona Centre,,,,,,,,,
Alberta,Capital Region,Edmonton Metro,Sherwood Park,Strathmoor Industrial Park,,,,,,,,,
Alberta,Capital Region,Edmonton Metro,Sherwood Park,Summerwood,,,,,,,,,
Alberta,Capital Region,Edmonton Metro,Sherwood Park,Village on the Lake,,,,,,,,,
Alberta,Capital Region,Edmonton Metro,Sherwood Park,Westboro,,,,,,,,,
Alberta,Capital Region,Edmonton Metro,Sherwood Park,Woodbridge Farms,,,,,,,,,
Alberta,Capital Region,Edmonton Metro,Sherwood Park,Wye Commercial,,,,,,,,,
Alberta,Capital Region,Edmonton Metro,Sherwood Park,Wye Crossing,,,,,,,,,
Alberta,Capital Region,Edmonton Metro,Sherwood Park,Wye Gardens,,,,,,,,,
Alberta,Capital Region,Edmonton Metro,Fort Saskatchewan,Bridgeview,,,,,,,,,
Alberta,Capital Region,Edmonton Metro,Fort Saskatchewan,Clover Park,,,,,,,,,
Alberta,Capital Region,Edmonton Metro,Fort Saskatchewan,Downtown,,,,,,,,,
Alberta,Capital Region,Edmonton Metro,Fort Saskatchewan,Eastgate Business Park,,,,,,,,,
Alberta,Capital Region,Edmonton Metro,Fort Saskatchewan,Industrial Business Park,,,,,,,,,
Alberta,Capital Region,Edmonton Metro,Fort Saskatchewan,Pineview,,,,,,,,,
Alberta,Capital Region,Edmonton Metro,Fort Saskatchewan,Sherridon,,,,,,,,,
Alberta,Capital Region,Edmonton Metro,Fort Saskatchewan,Southfort,,,,,,,,,
Alberta,Capital Region,Edmonton Metro,Fort Saskatchewan,Westpark,,,,,,,,,
Alberta,Capital Region,Edmonton Metro,Sturgeon County,Bon Accord,,,,,,,,,
Alberta,Capital Region,Edmonton Metro,Sturgeon County,Gibbons,,,,,,,,,
Alberta,Capital Region,Edmonton Metro,Sturgeon County,Morinville,,,,,,,,,
Alberta,Capital Region,Edmonton Metro,Sturgeon County,Redwater,,,,,,,,,
Alberta,Capital Region,Edmonton Metro,Sturgeon County,Legal ,,,,,,,,,
Alberta,Capital Region,Edmonton Metro,St. Albert,Akinsdale,,,,,,,,,
Alberta,Capital Region,Edmonton Metro,St. Albert,Braeside,,,,,,,,,
Alberta,Capital Region,Edmonton Metro,St. Albert,Deer Ridge,,,,,,,,,
Alberta,Capital Region,Edmonton Metro,St. Albert,Downtown,,,,,,,,,
Alberta,Capital Region,Edmonton Metro,St. Albert,Erin Ridge,,,,,,,,,
Alberta,Capital Region,Edmonton Metro,St. Albert,Erin Ridge North,,,,,,,,,
Alberta,Capital Region,Edmonton Metro,St. Albert,Forest Lawn,,,,,,,,,
Alberta,Capital Region,Edmonton Metro,St. Albert,Grandin,,,,,,,,,
Alberta,Capital Region,Edmonton Metro,St. Albert,Heritage Lakes,,,,,,,,,
Alberta,Capital Region,Edmonton Metro,St. Albert,Inglewood,,,,,,,,,
Alberta,Capital Region,Edmonton Metro,St. Albert,Jensen Lakes,,,,,,,,,
Alberta,Capital Region,Edmonton Metro,St. Albert,Kingswood,,,,,,,,,
Alberta,Capital Region,Edmonton Metro,St. Albert,Lacombe Park,,,,,,,,,
Alberta,Capital Region,Edmonton Metro,St. Albert,Mission,,,,,,,,,
Alberta,Capital Region,Edmonton Metro,St. Albert,North Ridge,,,,,,,,,
Alberta,Capital Region,Edmonton Metro,St. Albert,Oakmont,,,,,,,,,
Alberta,Capital Region,Edmonton Metro,St. Albert,Pineview,,,,,,,,,
Alberta,Capital Region,Edmonton Metro,St. Albert,Riverside,,,,,,,,,
Alberta,Capital Region,Edmonton Metro,St. Albert,Sturgeon Heights,,,,,,,,,
Alberta,Capital Region,Edmonton Metro,St. Albert,Woodlands,,,,,,,,,
Alberta,Capital Region,Edmonton Metro,Edmonton Southwest,Zone 14,Brander Gardens,,,,,,,,
Alberta,Capital Region,Edmonton Metro,Edmonton Southwest,Zone 14,Bulyea Heights,,,,,,,,
Alberta,Capital Region,Edmonton Metro,Edmonton Southwest,Zone 14,Carter Crest,,,,,,,,
Alberta,Capital Region,Edmonton Metro,Edmonton Southwest,Zone 14,Falconer Heights,,,,,,,,
Alberta,Capital Region,Edmonton Metro,Edmonton Southwest,Zone 14,Henderson Estates,,,,,,,,
Alberta,Capital Region,Edmonton Metro,Edmonton Southwest,Zone 14,Haddow,,,,,,,,
Alberta,Capital Region,Edmonton Metro,Edmonton Southwest,Zone 14,Hodgson,,,,,,,,
Alberta,Capital Region,Edmonton Metro,Edmonton Southwest,Zone 14,Leger,,,,,,,,
Alberta,Capital Region,Edmonton Metro,Edmonton Southwest,Zone 14,Ogilvie Ridge,,,,,,,,
Alberta,Capital Region,Edmonton Metro,Edmonton Southwest,Zone 14,Ramsay Heights,,,,,,,,
Alberta,Capital Region,Edmonton Metro,Edmonton Southwest,Zone 14,Rhatigan Ridge,,,,,,,,
Alberta,Capital Region,Edmonton Metro,Edmonton Southwest,Zone 14,MacTaggart,,,,,,,,
Alberta,Capital Region,Edmonton Metro,Edmonton Southwest,Zone 14,Magrath Heights,,,,,,,,
Alberta,Capital Region,Edmonton Metro,Edmonton Southwest,Zone 14,Terwillegar Heights,,,,,,,,
Alberta,Capital Region,Edmonton Metro,Edmonton Southwest,Zone 16,Aspen Gardens,,,,,,,,
Alberta,Capital Region,Edmonton Metro,Edmonton Southwest,Zone 16,Bearspaw,,,,,,,,
Alberta,Capital Region,Edmonton Metro,Edmonton Southwest,Zone 16,Blue Quill,,,,,,,,
Alberta,Capital Region,Edmonton Metro,Edmonton Southwest,Zone 16,Blue Quill Estates,,,,,,,,
Alberta,Capital Region,Edmonton Metro,Edmonton Southwest,Zone 16,Duggan,,,,,,,,
Alberta,Capital Region,Edmonton Metro,Edmonton Southwest,Zone 16,Erminskine,,,,,,,,
Alberta,Capital Region,Edmonton Metro,Edmonton Southwest,Zone 16,Greenfield,,,,,,,,
Alberta,Capital Region,Edmonton Metro,Edmonton Southwest,Zone 16,Kaskitayo,,,,,,,,
Alberta,Capital Region,Edmonton Metro,Edmonton Southwest,Zone 16,Keheewin,,,,,,,,
Alberta,Capital Region,Edmonton Metro,Edmonton Southwest,Zone 16,Rideau Park,,,,,,,,
Alberta,Capital Region,Edmonton Metro,Edmonton Southwest,Zone 16,Royal Gardens,,,,,,,,
Alberta,Capital Region,Edmonton Metro,Edmonton Southwest,Zone 16,Skyrattler,,,,,,,,
Alberta,Capital Region,Edmonton Metro,Edmonton Southwest,Zone 16,Steinhauer,,,,,,,,
Alberta,Capital Region,Edmonton Metro,Edmonton Southwest,Zone 16,Sweet Grass,,,,,,,,
Alberta,Capital Region,Edmonton Metro,Edmonton Southwest,Zone 16,Twin Brooks,,,,,,,,
Alberta,Capital Region,Edmonton Metro,Edmonton Southwest,Zone 55,Allard,,,,,,,,
Alberta,Capital Region,Edmonton Metro,Edmonton Southwest,Zone 55,Blackburne,,,,,,,,
Alberta,Capital Region,Edmonton Metro,Edmonton Southwest,Zone 55,Blackmud Creek,,,,,,,,
Alberta,Capital Region,Edmonton Metro,Edmonton Southwest,Zone 55,Callaghan,,,,,,,,
Alberta,Capital Region,Edmonton Metro,Edmonton Southwest,Zone 55,Cavanagh,,,,,,,,
Alberta,Capital Region,Edmonton Metro,Edmonton Southwest,Zone 55,Chapelle Gardens,,,,,,,,
Alberta,Capital Region,Edmonton Metro,Edmonton Southwest,Zone 55,Desrochers,,,,,,,,
Alberta,Capital Region,Edmonton Metro,Edmonton Southwest,Zone 55,Graydon Hill,,,,,,,,
Alberta,Capital Region,Edmonton Metro,Edmonton Southwest,Zone 55,Heritage Valley,,,,,,,,
Alberta,Capital Region,Edmonton Metro,Edmonton Southwest,Zone 55,Jagare Ridge,,,,,,,,
Alberta,Capital Region,Edmonton Metro,Edmonton Southwest,Zone 55,Macewan,,,,,,,,
Alberta,Capital Region,Edmonton Metro,Edmonton Southwest,Zone 55,Richford,,,,,,,,
Alberta,Capital Region,Edmonton Metro,Edmonton Southwest,Zone 55,Rutherford,,,,,,,,
Alberta,Capital Region,Edmonton Metro,Edmonton Southwest,Zone 56,Ambleside,,,,,,,,
Alberta,Capital Region,Edmonton Metro,Edmonton Southwest,Zone 56,Glenridding Heights,,,,,,,,
Alberta,Capital Region,Edmonton Metro,Edmonton Southwest,Zone 56,Keswick,,,,,,,,
Alberta,Capital Region,Edmonton Metro,Edmonton Southwest,Zone 56,Windermere,,,,,,,,
Alberta,Capital Region,Edmonton Metro,Edmonton Southwest,Zone 56,Windermere Estates,,,,,,,,
Alberta,Capital Region,Edmonton Metro,Edmonton Southeast,"Zones 52, 53, 54",Ellerslie,,,,,,,,
Alberta,Capital Region,Edmonton Metro,Edmonton Southeast,"Zones 52, 53, 54",Summerside,,,,,,,,
Alberta,Capital Region,Edmonton Metro,Edmonton Southeast,"Zones 52, 53, 54",Walker,,,,,,,,
Alberta,Capital Region,Edmonton Metro,Edmonton Southeast,"Zones 52, 53, 54",Charlesworth,,,,,,,,
Alberta,Capital Region,Edmonton Metro,Edmonton Southeast,The Meadows,Tamarack,,,,,,,,
Alberta,Capital Region,Edmonton Metro,Edmonton Southeast,The Meadows,Silverberry,,,,,,,,
Alberta,Capital Region,Edmonton Metro,Edmonton Southeast,The Meadows,Larkspur,,,,,,,,
Alberta,Capital Region,Edmonton Metro,Edmonton Southeast,The Meadows,Laurel,,,,,,,,
Alberta,Capital Region,Edmonton Metro,Edmonton Southeast,The Meadows,Aster,,,,,,,,
Alberta,Capital Region,Edmonton Metro,Edmonton Southeast,The Meadows,Wild Rose,,,,,,,,
Alberta,Capital Region,Edmonton Metro,Edmonton Southeast,Mill Woods,Bisset,,,,,,,,
Alberta,Capital Region,Edmonton Metro,Edmonton Southeast,Mill Woods,Crawford Plains,,,,,,,,
Alberta,Capital Region,Edmonton Metro,Edmonton Southeast,Mill Woods,Daly Grove,,,,,,,,
Alberta,Capital Region,Edmonton Metro,Edmonton Southeast,Mill Woods,Ekota,,,,,,,,
Alberta,Capital Region,Edmonton Metro,Edmonton Southeast,Mill Woods,Greenview,,,,,,,,
Alberta,Capital Region,Edmonton Metro,Edmonton Southeast,Mill Woods,Hillview,,,,,,,,
Alberta,Capital Region,Edmonton Metro,Edmonton Southeast,Mill Woods,Jackson Heights,,,,,,,,
Alberta,Capital Region,Edmonton Metro,Edmonton Southeast,Mill Woods,Kameyosik,,,,,,,,
Alberta,Capital Region,Edmonton Metro,Edmonton Southeast,Mill Woods,Kiniski Gardens,,,,,,,,
Alberta,Capital Region,Edmonton Metro,Edmonton Southeast,Mill Woods,Lee Ridge,,,,,,,,
Alberta,Capital Region,Edmonton Metro,Edmonton Southeast,Mill Woods,Menisa,,,,,,,,
Alberta,Capital Region,Edmonton Metro,Edmonton Southeast,Mill Woods,Meyonohk,,,,,,,,
Alberta,Capital Region,Edmonton Metro,Edmonton Southeast,Mill Woods,Meyokumin,,,,,,,,
Alberta,Capital Region,Edmonton Metro,Edmonton Southeast,Mill Woods,Minchau,,,,,,,,
Alberta,Capital Region,Edmonton Metro,Edmonton Southeast,Mill Woods,Michael Park,,,,,,,,
Alberta,Capital Region,Edmonton Metro,Edmonton Southeast,Mill Woods,Pollard Meadows,,,,,,,,
Alberta,Capital Region,Edmonton Metro,Edmonton Southeast,Mill Woods,Richfield,,,,,,,,
Alberta,Capital Region,Edmonton Metro,Edmonton Southeast,Mill Woods,Sakaw,,,,,,,,
Alberta,Capital Region,Edmonton Metro,Edmonton Southeast,Mill Woods,Sato,,,,,,,,
Alberta,Capital Region,Edmonton Metro,Edmonton Southeast,Mill Woods,Tawa,,,,,,,,
Alberta,Capital Region,Edmonton Metro,Edmonton Southeast,Mill Woods,Tipaskan,,,,,,,,
Alberta,Capital Region,Edmonton Metro,Edmonton Southeast,Mill Woods,Tweddle Place,,,,,,,,
Alberta,Capital Region,Edmonton Metro,Edmonton Southeast,Mill Woods,Weinlos,,,,,,,,
Alberta,Capital Region,Edmonton Metro,Edmonton Southeast,Zone 42,Mill Creek Ravin,,,,,,,,
Alberta,Capital Region,Edmonton Metro,Edmonton Southeast,Zone 42,Rosedale Industrial,,,,,,,,
Alberta,Capital Region,Edmonton Metro,Edmonton Southeast,Zone 42,Coronet Industrial,,,,,,,,
Alberta,Capital Region,Edmonton Metro,Edmonton Southeast,Zone 42,McIntyre Industrial,,,,,,,,
Alberta,Capital Region,Edmonton Metro,Edmonton West,"Zone 10, 21",Crestwood,,,,,,,,
Alberta,Capital Region,Edmonton Metro,Edmonton West,"Zone 10, 21",Canora,,,,,,,,
Alberta,Capital Region,Edmonton Metro,Edmonton West,"Zone 10, 21",Grovenor,,,,,,,,
Alberta,Capital Region,Edmonton Metro,Edmonton West,"Zone 10, 21",Laurier Heights,,,,,,,,
Alberta,Capital Region,Edmonton Metro,Edmonton West,"Zone 10, 21",Parkview,,,,,,,,
Alberta,Capital Region,Edmonton Metro,Edmonton West,"Zone 10, 21",Britannia Youngstown,,,,,,,,
Alberta,Capital Region,Edmonton Metro,Edmonton West,"Zone 10, 21",High Park,,,,,,,,
Alberta,Capital Region,Edmonton Metro,Edmonton West,"Zone 10, 21",Mayfield,,,,,,,,
Alberta,Capital Region,Edmonton Metro,Edmonton West,"Zone 10, 21",McQueen,,,,,,,,
Alberta,Capital Region,Edmonton Metro,Edmonton West,Zone 22,Elmwood,,,,,,,,
Alberta,Capital Region,Edmonton Metro,Edmonton West,Zone 22,Glenwood,,,,,,,,
Alberta,Capital Region,Edmonton Metro,Edmonton West,Zone 22,Jasper Park,,,,,,,,
Alberta,Capital Region,Edmonton Metro,Edmonton West,Zone 22,Lynnwood,,,,,,,,
Alberta,Capital Region,Edmonton Metro,Edmonton West,Zone 22,Meadowlark Park,,,,,,,,
Alberta,Capital Region,Edmonton Metro,Edmonton West,Zone 22,Oleskiew,,,,,,,,
Alberta,Capital Region,Edmonton Metro,Edmonton West,Zone 22,Patricia Heights,,,,,,,,
Alberta,Capital Region,Edmonton Metro,Edmonton West,Zone 22,Quesnel Heights,,,,,,,,
Alberta,Capital Region,Edmonton Metro,Edmonton West,Zone 22,Rio Terrace,,,,,,,,
Alberta,Capital Region,Edmonton Metro,Edmonton West,Zone 22,Sherwood,,,,,,,,
Alberta,Capital Region,Edmonton Metro,Edmonton West,Zone 22,West Jasper Place,,,,,,,,
Alberta,Capital Region,Edmonton Metro,Edmonton West,Zone 22,Westridge,,,,,,,,
Alberta,Capital Region,Edmonton Metro,Edmonton West,Zone 20,Aldergrove,,,,,,,,
Alberta,Capital Region,Edmonton Metro,Edmonton West,Zone 20,Belmead,,,,,,,,
Alberta,Capital Region,Edmonton Metro,Edmonton West,Zone 20,Callingwood,,,,,,,,
Alberta,Capital Region,Edmonton Metro,Edmonton West,Zone 20,Cameron Heights,,,,,,,,
Alberta,Capital Region,Edmonton Metro,Edmonton West,Zone 20,Dechene,,,,,,,,
Alberta,Capital Region,Edmonton Metro,Edmonton West,Zone 20,Donsdale,,,,,,,,
Alberta,Capital Region,Edmonton Metro,Edmonton West,Zone 20,Edgemont,,,,,,,,
Alberta,Capital Region,Edmonton Metro,Edmonton West,Zone 20,Gariepy,,,,,,,,
Alberta,Capital Region,Edmonton Metro,Edmonton West,Zone 20,Jamieson Place,,,,,,,,
Alberta,Capital Region,Edmonton Metro,Edmonton West,Zone 20,La Perle,,,,,,,,
Alberta,Capital Region,Edmonton Metro,Edmonton West,Zone 20,Lymburn,,,,,,,,
Alberta,Capital Region,Edmonton Metro,Edmonton West,Zone 20,Ormsby Place,,,,,,,,
Alberta,Capital Region,Edmonton Metro,Edmonton West,Zone 20,Summerlea,,,,,,,,
Alberta,Capital Region,Edmonton Metro,Edmonton West,Zone 20,Terra Losa,,,,,,,,
Alberta,Capital Region,Edmonton Metro,Edmonton West,Zone 20,Thorncliffe,,,,,,,,
Alberta,Capital Region,Edmonton Metro,Edmonton West,Zone 20,Wedgewood Heights,,,,,,,,
Alberta,Capital Region,Edmonton Metro,Edmonton West,Zone 58,Breckenridge Greens,,,,,,,,
Alberta,Capital Region,Edmonton Metro,Edmonton West,Zone 58,Glastonbury,,,,,,,,
Alberta,Capital Region,Edmonton Metro,Edmonton West,Zone 58,Granville,,,,,,,,
Alberta,Capital Region,Edmonton Metro,Edmonton West,Zone 58,Lewis Estates,,,,,,,,
Alberta,Capital Region,Edmonton Metro,Edmonton West,Zone 58,Potter Greens,,,,,,,,
Alberta,Capital Region,Edmonton Metro,Edmonton West,Zone 58,Rosenthal,,,,,,,,
Alberta,Capital Region,Edmonton Metro,Edmonton North,Zone 58,Secord,,,,,,,,
Alberta,Capital Region,Edmonton Metro,Edmonton North,Zone 58,Stewart Greens,,,,,,,,
Alberta,Capital Region,Edmonton Metro,Edmonton North,Zone 58,Suder Greens,,,,,,,,
Alberta,Capital Region,Edmonton Metro,Edmonton North,Zone 58,The Hamptons,,,,,,,,
Alberta,Capital Region,Edmonton Metro,Edmonton South Central,Zone 15,Allendale,,,,,,,,
Alberta,Capital Region,Edmonton Metro,Edmonton South Central,Zone 15,Belgravia,,,,,,,,
Alberta,Capital Region,Edmonton Metro,Edmonton South Central,Zone 15,Empire Park,,,,,,,,
Alberta,Capital Region,Edmonton Metro,Edmonton South Central,Zone 15,Garneau,,,,,,,,
Alberta,Capital Region,Edmonton Metro,Edmonton South Central,Zone 15,Grandview Heights,,,,,,,,
Alberta,Capital Region,Edmonton Metro,Edmonton South Central,Zone 15,Lansdowne,,,,,,,,
Alberta,Capital Region,Edmonton Metro,Edmonton South Central,Zone 15,Lendrum Place,,,,,,,,
Alberta,Capital Region,Edmonton Metro,Edmonton South Central,Zone 15,Malmo Plains,,,,,,,,
Alberta,Capital Region,Edmonton Metro,Edmonton South Central,Zone 15,McKernan,,,,,,,,
Alberta,Capital Region,Edmonton Metro,Edmonton South Central,Zone 15,Parkallen,,,,,,,,
Alberta,Capital Region,Edmonton Metro,Edmonton South Central,Zone 15,Pleasantview,,,,,,,,
Alberta,Capital Region,Edmonton Metro,Edmonton South Central,Zone 15,Queen Alexandra,,,,,,,,
Alberta,Capital Region,Edmonton Metro,Edmonton South Central,Zone 15,Strathcona,,,,,,,,
Alberta,Capital Region,Edmonton Metro,Edmonton South Central,Zone 15,Windsor Park,,,,,,,,
Alberta,Capital Region,Edmonton Metro,Edmonton South Central,Zone 17,Argyll,,,,,,,,
Alberta,Capital Region,Edmonton Metro,Edmonton South Central,Zone 17,Avonmore,,,,,,,,
Alberta,Capital Region,Edmonton Metro,Edmonton South Central,Zone 17,Hazeldean,,,,,,,,
Alberta,Capital Region,Edmonton Metro,Edmonton South Central,Zone 17,King Edward Park,,,,,,,,
Alberta,Capital Region,Edmonton Metro,Edmonton South Central,Zone 17,Ritchie,,,,,,,,
Alberta,Capital Region,Edmonton Metro,Edmonton South Central,Zone 18,Bonnie Doon,,,,,,,,
Alberta,Capital Region,Edmonton Metro,Edmonton South Central,Zone 18,Cloverdale,,,,,,,,
Alberta,Capital Region,Edmonton Metro,Edmonton South Central,Zone 18,Holyrood,,,,,,,,
Alberta,Capital Region,Edmonton Metro,Edmonton South Central,Zone 18,Idylwylde,,,,,,,,
Alberta,Capital Region,Edmonton Metro,Edmonton South Central,Zone 18,Kenilworth,,,,,,,,
Alberta,Capital Region,Edmonton Metro,Edmonton South Central,Zone 18,Ottewell,,,,,,,,
Alberta,Capital Region,Edmonton Metro,Edmonton South Central,Zone 18,Strathearn,,,,,,,,
Alberta,Capital Region,Edmonton Metro,Edmonton South Central,Zone 19,Capilano,,,,,,,,
Alberta,Capital Region,Edmonton Metro,Edmonton South Central,Zone 19,Gold Bar,,,,,,,,
Alberta,Capital Region,Edmonton Metro,Edmonton South Central,Zone 19,Forest Heights,,,,,,,,
Alberta,Capital Region,Edmonton Metro,Edmonton South Central,Zone 19,Fulton place,,,,,,,,
Alberta,Capital Region,Edmonton Metro,Edmonton South Central,Zone 19,Terrace Heights,,,,,,,,
Alberta,Capital Region,Edmonton Metro,Edmonton North Central,"Zones 11, 12, 13",Boyle Street,,,,,,,,
Alberta,Capital Region,Edmonton Metro,Edmonton North Central,"Zones 11, 12, 13",Downtown,,,,,,,,
Alberta,Capital Region,Edmonton Metro,Edmonton North Central,"Zones 11, 12, 13",Glenora,,,,,,,,
Alberta,Capital Region,Edmonton Metro,Edmonton North Central,"Zones 11, 12, 13",McCauley,,,,,,,,
Alberta,Capital Region,Edmonton Metro,Edmonton North Central,"Zones 11, 12, 13",Oliver,,,,,,,,
Alberta,Capital Region,Edmonton Metro,Edmonton North Central,"Zones 11, 12, 13",Riverdale,,,,,,,,
Alberta,Capital Region,Edmonton Metro,Edmonton North Central,"Zones 11, 12, 13",Rossdale,,,,,,,,
Alberta,Capital Region,Edmonton Metro,Edmonton North Central,"Zones 4, 7, 8",Central McDougall,,,,,,,,
Alberta,Capital Region,Edmonton Metro,Edmonton North Central,"Zones 4, 7, 8",Dovercourt,,,,,,,,
Alberta,Capital Region,Edmonton Metro,Edmonton North Central,"Zones 4, 7, 8",Inglewood,,,,,,,,
Alberta,Capital Region,Edmonton Metro,Edmonton North Central,"Zones 4, 7, 8",Prince Charles,,,,,,,,
Alberta,Capital Region,Edmonton Metro,Edmonton North Central,"Zones 4, 7, 8",Prince Rupert,,,,,,,,
Alberta,Capital Region,Edmonton Metro,Edmonton North Central,"Zones 4, 7, 8",Queen Mary Park,,,,,,,,
Alberta,Capital Region,Edmonton Metro,Edmonton North Central,"Zones 4, 7, 8",Sherbrooke,,,,,,,,
Alberta,Capital Region,Edmonton Metro,Edmonton North Central,"Zones 4, 7, 8",Spruce Avenue,,,,,,,,
Alberta,Capital Region,Edmonton Metro,Edmonton North Central,"Zones 4, 7, 8",Westmount,,,,,,,,
Alberta,Capital Region,Edmonton Metro,Edmonton North Central,"Zones 4, 7, 8",Westwood,,,,,,,,
Alberta,Capital Region,Edmonton Metro,Edmonton North Central,"Zones 4, 7, 8",Woodcroft,,,,,,,,
Alberta,Capital Region,Edmonton Metro,Edmonton North Central,"Zones 5, 9",Alberta Avenue,,,,,,,,
Alberta,Capital Region,Edmonton Metro,Edmonton North Central,"Zones 5, 9",Bellevue,,,,,,,,
Alberta,Capital Region,Edmonton Metro,Edmonton North Central,"Zones 5, 9",Cromdale,,,,,,,,
Alberta,Capital Region,Edmonton Metro,Edmonton North Central,"Zones 5, 9",Delton,,,,,,,,
Alberta,Capital Region,Edmonton Metro,Edmonton North Central,"Zones 5, 9",Eastwood,,,,,,,,
Alberta,Capital Region,Edmonton Metro,Edmonton North Central,"Zones 5, 9",Elmwood Park,,,,,,,,
Alberta,Capital Region,Edmonton Metro,Edmonton North Central,"Zones 5, 9",Highlands,,,,,,,,
Alberta,Capital Region,Edmonton Metro,Edmonton North Central,"Zones 5, 9",Parkdale,,,,,,,,
Alberta,Capital Region,Edmonton Metro,Edmonton North Central,"Zones 5, 9",Virginia Park,,,,,,,,
Alberta,Capital Region,Edmonton Metro,Edmonton Northwest,Zone 1,Athlone,,,,,,,,
Alberta,Capital Region,Edmonton Metro,Edmonton Northwest,Zone 1,Calder,,,,,,,,
Alberta,Capital Region,Edmonton Metro,Edmonton Northwest,Zone 1,Kensington,,,,,,,,
Alberta,Capital Region,Edmonton Metro,Edmonton Northwest,Zone 1,Lauderdale,,,,,,,,
Alberta,Capital Region,Edmonton Metro,Edmonton Northwest,Zone 1,Rosslyn,,,,,,,,
Alberta,Capital Region,Edmonton Metro,Edmonton Northwest,Zone 1,Wellington,,,,,,,,
Alberta,Capital Region,Edmonton Metro,Edmonton Northwest,Zone 27,Albany,,,,,,,,
Alberta,Capital Region,Edmonton Metro,Edmonton Northwest,Zone 27,Baranow,,,,,,,,
Alberta,Capital Region,Edmonton Metro,Edmonton Northwest,Zone 27,Baturyn,,,,,,,,
Alberta,Capital Region,Edmonton Metro,Edmonton Northwest,Zone 27,Beaumaris,,,,,,,,
Alberta,Capital Region,Edmonton Metro,Edmonton Northwest,Zone 27,Caernarvon,,,,,,,,
Alberta,Capital Region,Edmonton Metro,Edmonton Northwest,Zone 27,Canossa,,,,,,,,
Alberta,Capital Region,Edmonton Metro,Edmonton Northwest,Zone 27,Carlisle,,,,,,,,
Alberta,Capital Region,Edmonton Metro,Edmonton Northwest,Zone 27,Carlton,,,,,,,,
Alberta,Capital Region,Edmonton Metro,Edmonton Northwest,Zone 27,Chambery,,,,,,,,
Alberta,Capital Region,Edmonton Metro,Edmonton Northwest,Zone 27,Cumberland,,,,,,,,
Alberta,Capital Region,Edmonton Metro,Edmonton Northwest,Zone 27,Dunluce,,,,,,,,
Alberta,Capital Region,Edmonton Metro,Edmonton Northwest,Zone 27,Griesbach,,,,,,,,
Alberta,Capital Region,Edmonton Metro,Edmonton Northwest,Zone 27,Hudson,,,,,,,,
Alberta,Capital Region,Edmonton Metro,Edmonton Northwest,Zone 27,Lorelei,,,,,,,,
Alberta,Capital Region,Edmonton Metro,Edmonton Northwest,Zone 27,Oxford ,,,,,,,,
Alberta,Capital Region,Edmonton Metro,Edmonton Northwest,Zone 27,Palisades,,,,,,,,
Alberta,Capital Region,Edmonton Metro,Edmonton Northwest,Zone 27,Pembina,,,,,,,,
Alberta,Capital Region,Edmonton Metro,Edmonton Northwest,Zone 27,Rapperswill,,,,,,,,
Alberta,Capital Region,Edmonton Metro,Edmonton Northwest,Zone 59,Hawks Ridge,,,,,,,,
Alberta,Capital Region,Edmonton Metro,Edmonton Northwest,Zone 59,Kinglet Gardens,,,,,,,,
Alberta,Capital Region,Edmonton Metro,Edmonton Northwest,Zone 59,Starling,,,,,,,,
Alberta,Capital Region,Edmonton Metro,Edmonton Northwest,Zone 59,Trumpeter Area,,,,,,,,
Alberta,Capital Region,Edmonton Metro,Edmonton Northwest,Zone 59,West Big Lake,,,,,,,,
Alberta,Capital Region,Edmonton Metro,Edmonton Northwest,Zone 40,Bonaventure Industrial,,,,,,,,
Alberta,Capital Region,Edmonton Metro,Edmonton Northwest,Zone 40,Brown Industrial,,,,,,,,
Alberta,Capital Region,Edmonton Metro,Edmonton Northwest,Zone 40,Cannel,,,,,,,,
Alberta,Capital Region,Edmonton Metro,Edmonton Northwest,Zone 40,Kinokamau Plains Area,,,,,,,,
Alberta,Capital Region,Edmonton Metro,Edmonton Northwest,Zone 40,Mistatim Industrial,,,,,,,,
Alberta,Capital Region,Edmonton Metro,Edmonton Northeast,Zone 2,Balwin,,,,,,,,
Alberta,Capital Region,Edmonton Metro,Edmonton Northeast,Zone 2,Belvedere,,,,,,,,
Alberta,Capital Region,Edmonton Metro,Edmonton Northeast,Zone 2,Casselman,,,,,,,,
Alberta,Capital Region,Edmonton Metro,Edmonton Northeast,Zone 2,Delwood,,,,,,,,
Alberta,Capital Region,Edmonton Metro,Edmonton Northeast,Zone 2,Ebbers,,,,,,,,
Alberta,Capital Region,Edmonton Metro,Edmonton Northeast,Zone 2,Evansdale,,,,,,,,
Alberta,Capital Region,Edmonton Metro,Edmonton Northeast,Zone 2,Glengarry,,,,,,,,
Alberta,Capital Region,Edmonton Metro,Edmonton Northeast,Zone 2,Kildare,,,,,,,,
Alberta,Capital Region,Edmonton Metro,Edmonton Northeast,Zone 2,Kilkenny,,,,,,,,
Alberta,Capital Region,Edmonton Metro,Edmonton Northeast,Zone 2,Killarney,,,,,,,,
Alberta,Capital Region,Edmonton Metro,Edmonton Northeast,Zone 2,McLeod,,,,,,,,
Alberta,Capital Region,Edmonton Metro,Edmonton Northeast,Zone 2,Miller,,,,,,,,
Alberta,Capital Region,Edmonton Metro,Edmonton Northeast,Zone 2,Northmount,,,,,,,,
Alberta,Capital Region,Edmonton Metro,Edmonton Northeast,Zone 2,York,,,,,,,,
Alberta,Capital Region,Edmonton Metro,Edmonton Northeast,"Zones 6, 23, 35",Abbottsfield,,,,,,,,
Alberta,Capital Region,Edmonton Metro,Edmonton Northeast,"Zones 6, 23, 35",Bannerman,,,,,,,,
Alberta,Capital Region,Edmonton Metro,Edmonton Northeast,"Zones 6, 23, 35",Beacon Heights,,,,,,,,
Alberta,Capital Region,Edmonton Metro,Edmonton Northeast,"Zones 6, 23, 35",Belmont,,,,,,,,
Alberta,Capital Region,Edmonton Metro,Edmonton Northeast,"Zones 6, 23, 35",Bergman,,,,,,,,
Alberta,Capital Region,Edmonton Metro,Edmonton Northeast,"Zones 6, 23, 35",Beverly Heights,,,,,,,,
Alberta,Capital Region,Edmonton Metro,Edmonton Northeast,"Zones 6, 23, 35",Clareview,,,,,,,,
Alberta,Capital Region,Edmonton Metro,Edmonton Northeast,"Zones 6, 23, 35",Fraser,,,,,,,,
Alberta,Capital Region,Edmonton Metro,Edmonton Northeast,"Zones 6, 23, 35",Hairsine,,,,,,,,
Alberta,Capital Region,Edmonton Metro,Edmonton Northeast,"Zones 6, 23, 35",Kernohan,,,,,,,,
Alberta,Capital Region,Edmonton Metro,Edmonton Northeast,"Zones 6, 23, 35",Kirkness,,,,,,,,
Alberta,Capital Region,Edmonton Metro,Edmonton Northeast,"Zones 6, 23, 35",Montrose,,,,,,,,
Alberta,Capital Region,Edmonton Metro,Edmonton Northeast,"Zones 6, 23, 35",Newton,,,,,,,,
Alberta,Capital Region,Edmonton Metro,Edmonton Northeast,"Zones 6, 23, 35",Overlanders,,,,,,,,
Alberta,Capital Region,Edmonton Metro,Edmonton Northeast,"Zones 6, 23, 35",Rundle Heights,,,,,,,,
Alberta,Capital Region,Edmonton Metro,Edmonton Northeast,"Zones 6, 23, 35",Sifton Park,,,,,,,,
Alberta,Capital Region,Edmonton Metro,Edmonton Northeast,"Zones 28, 3",Belle Rive,,,,,,,,
Alberta,Capital Region,Edmonton Metro,Edmonton Northeast,"Zones 28, 3",Brintnell,,,,,,,,
Alberta,Capital Region,Edmonton Metro,Edmonton Northeast,"Zones 28, 3",Crystallina Nera,,,,,,,,
Alberta,Capital Region,Edmonton Metro,Edmonton Northeast,"Zones 28, 3",Cy Becker,,,,,,,,
Alberta,Capital Region,Edmonton Metro,Edmonton Northeast,"Zones 28, 3",Eaux Claires,,,,,,,,
Alberta,Capital Region,Edmonton Metro,Edmonton Northeast,"Zones 28, 3",Hollick Kenyon,,,,,,,,
Alberta,Capital Region,Edmonton Metro,Edmonton Northeast,"Zones 28, 3",Klarvatten,,,,,,,,
Alberta,Capital Region,Edmonton Metro,Edmonton Northeast,"Zones 28, 3",Lago Lindo,,,,,,,,
Alberta,Capital Region,Edmonton Metro,Edmonton Northeast,"Zones 28, 3",Matt Berry,,,,,,,,
Alberta,Capital Region,Edmonton Metro,Edmonton Northeast,"Zones 28, 3",Mayliewan,,,,,,,,
Alberta,Capital Region,Edmonton Metro,Edmonton Northeast,"Zones 28, 3",McConachie,,,,,,,,
Alberta,Capital Region,Edmonton Metro,Edmonton Northeast,"Zones 28, 3",Ozerna,,,,,,,,
Alberta,Capital Region,Edmonton Metro,Edmonton Northeast,"Zones 28, 3",Schonsee,,,,,,,,
Alberta,Central Region,Red Deer,Red Deer South East,Anders Park,,,,,,,,,
Alberta,Central Region,Red Deer,Red Deer South East,Anders Park East,,,,,,,,,
Alberta,Central Region,Red Deer,Red Deer South East,Anders South,,,,,,,,,
Alberta,Central Region,Red Deer,Red Deer South East,Aspen Ridge,,,,,,,,,
Alberta,Central Region,Red Deer,Red Deer South East,Davenport,,,,,,,,,
Alberta,Central Region,Red Deer,Red Deer South East,Deer Park Estates,,,,,,,,,
Alberta,Central Region,Red Deer,Red Deer South East,Deer Park Village,,,,,,,,,
Alberta,Central Region,Red Deer,Red Deer South East,Devonshire,,,,,,,,,
Alberta,Central Region,Red Deer,Red Deer South East,Eastview,,,,,,,,,
Alberta,Central Region,Red Deer,Red Deer South East,Eastview Estates,,,,,,,,,
Alberta,Central Region,Red Deer,Red Deer South East,Grandview,,,,,,,,,
Alberta,Central Region,Red Deer,Red Deer South East,Inglewood,,,,,,,,,
Alberta,Central Region,Red Deer,Red Deer South East,Ironstone,,,,,,,,,
Alberta,Central Region,Red Deer,Red Deer South East,Lancaster Green,,,,,,,,,
Alberta,Central Region,Red Deer,Red Deer South East,Lancaster Meadows,,,,,,,,,
Alberta,Central Region,Red Deer,Red Deer South East,Laredo,,,,,,,,,
Alberta,Central Region,Red Deer,Red Deer South East,Lonsdale,,,,,,,,,
Alberta,Central Region,Red Deer,Red Deer South East,Michener Hill,,,,,,,,,
Alberta,Central Region,Red Deer,Red Deer South East,Morrisroe,,,,,,,,,
Alberta,Central Region,Red Deer,Red Deer South East,Morrisroe Extension,,,,,,,,,
Alberta,Central Region,Red Deer,Red Deer South East,Mountview,,,,,,,,,
Alberta,Central Region,Red Deer,Red Deer South East,Rosedale Estates,,,,,,,,,
Alberta,Central Region,Red Deer,Red Deer South East,Rosedale Meadows,,,,,,,,,
Alberta,Central Region,Red Deer,Red Deer South East,Sunnybrook,,,,,,,,,
Alberta,Central Region,Red Deer,Red Deer South East,Sunnybrook Extension,,,,,,,,,
Alberta,Central Region,Red Deer,Red Deer North East,Three Mile Bend Recreation Area,,,,,,,,,
Alberta,Central Region,Red Deer,Red Deer North East,Timber Ridge,,,,,,,,,
Alberta,Central Region,Red Deer,Red Deer North East,Timberlands,,,,,,,,,
Alberta,Central Region,Red Deer,Red Deer North East,Timberstone,,,,,,,,,
Alberta,Central Region,Red Deer,Red Deer South East,Vanier Woods,,,,,,,,,
Alberta,Central Region,Red Deer,Red Deer South East,Vanier Woods East,,,,,,,,,
Alberta,Central Region,Red Deer,Red Deer South East,Waste Management Facility,,,,,,,,,
Alberta,Central Region,Red Deer,Red Deer South East,Westerner Park,,,,,,,,,
Alberta,Central Region,Red Deer,Red Deer South West,Bower,,,,,,,,,
Alberta,Central Region,Red Deer,Red Deer South West,Downtown,,,,,,,,,
Alberta,Central Region,Red Deer,Red Deer South West,Parkvale,,,,,,,,,
Alberta,Central Region,Red Deer,Red Deer South West,Red Deer College,,,,,,,,,
Alberta,Central Region,Red Deer,Red Deer South West,Riverlands,,,,,,,,,
Alberta,Central Region,Red Deer,Red Deer South West,South Hill,,,,,,,,,
Alberta,Central Region,Red Deer,Red Deer South West,Southpointe Junction,,,,,,,,,
Alberta,Central Region,Red Deer,Red Deer South West,Waskasoo,,,,,,,,,
Alberta,Central Region,Red Deer,Red Deer South West,West Park,,,,,,,,,
Alberta,Central Region,Red Deer,Red Deer South West,Westlake,,,,,,,,,
Alberta,Central Region,Red Deer,Red Deer South West,Woodlea,,,,,,,,,
Alberta,Central Region,Red Deer,Red Deer North West,Bower Ponds Recreation Area,,,,,,,,,
Alberta,Central Region,Red Deer,Red Deer North West,Central Park,,,,,,,,,
Alberta,Central Region,Red Deer,Red Deer North West,Chiles Industrial Park,,,,,,,,,
Alberta,Central Region,Red Deer,Red Deer North East,Clearview Extension,,,,,,,,,
Alberta,Central Region,Red Deer,Red Deer North East,Clearview Meadows,,,,,,,,,
Alberta,Central Region,Red Deer,Red Deer North East,Clearview Ridge,,,,,,,,,
Alberta,Central Region,Red Deer,Red Deer North East,College Park,,,,,,,,,
Alberta,Central Region,Red Deer,Red Deer North East,McKenzie Trail Recreation Area,,,,,,,,,
Alberta,Central Region,Red Deer,Red Deer North East,Gaetz Lakes Sanctuary,,,,,,,,,
Alberta,Central Region,Red Deer,Red Deer North East,Garden Heights,,,,,,,,,
Alberta,Central Region,Red Deer,Red Deer North East,Evergreen,,,,,,,,,
Alberta,Central Region,Red Deer,Red Deer North West,Edgar Industrial Park,,,,,,,,,
Alberta,Central Region,Red Deer,Red Deer North West,Fairview,,,,,,,,,
Alberta,Central Region,Red Deer,Red Deer North West,Glendale,,,,,,,,,
Alberta,Central Region,Red Deer,Red Deer North West,Glendale Park Estates,,,,,,,,,
Alberta,Central Region,Red Deer,Red Deer North West,Golden West,,,,,,,,,
Alberta,Central Region,Red Deer,Red Deer North West,Heritage Ranch,,,,,,,,,
Alberta,Central Region,Red Deer,Red Deer North West,Highland Green,,,,,,,,,
Alberta,Central Region,Red Deer,Red Deer North West,Highland Green Estates,,,,,,,,,
Alberta,Central Region,Red Deer,Red Deer North West,Johnstone Crossing,,,,,,,,,
Alberta,Central Region,Red Deer,Red Deer North West,Johnstone Park,,,,,,,,,
Alberta,Central Region,Red Deer,Red Deer North West,Kentwood East,,,,,,,,,
Alberta,Central Region,Red Deer,Red Deer North West,Kentwood West,,,,,,,,,
Alberta,Central Region,Red Deer,Red Deer North West,Kingsgate,,,,,,,,,
Alberta,Central Region,Red Deer,Red Deer North West,Maskepetoon Park,,,,,,,,,
Alberta,Central Region,Red Deer,Red Deer North West,Normandeau,,,,,,,,,
Alberta,Central Region,Red Deer,Red Deer North West,Northlands Industrial Park,,,,,,,,,
Alberta,Central Region,Red Deer,Red Deer North West,Oriole Park,,,,,,,,,
Alberta,Central Region,Red Deer,Red Deer North West,Oriole Park West,,,,,,,,,
Alberta,Central Region,Red Deer,Red Deer North West,Pines,,,,,,,,,
Alberta,Central Region,Red Deer,Red Deer North West,Queens Business Park,,,,,,,,,
Alberta,Central Region,Red Deer,Red Deer North West,Red Deer Golf and Country Club,,,,,,,,,
Alberta,Central Region,Red Deer,Red Deer North West,Riverside Heavy Industrial Park,,,,,,,,,
Alberta,Central Region,Red Deer,Red Deer North West,Riverside Light Industrial Park,,,,,,,,,
Alberta,Central Region,Red Deer,Red Deer North West,Riverside Meadows,,,,,,,,,
Alberta,Central Region,Clearwater County,Nordegg,,,,,,,,,,
Alberta,Central Region,Clearwater County,Rocky Mountain House,,,,,,,,,,
Alberta,Central Region,Ponoka County,Ponoka,,,,,,,,,,
Alberta,Central Region,Ponoka County,Rimbey,,,,,,,,,,
Alberta,Central Region,Lacombe County,Alix,,,,,,,,,,
Alberta,Central Region,Lacombe County,Bentley,,,,,,,,,,
Alberta,Central Region,Lacombe County,Blackfalds,,,,,,,,,,
Alberta,Central Region,Lacombe County,Clive,,,,,,,,,,
Alberta,Central Region,Lacombe County,Eckville,,,,,,,,,,
Alberta,Central Region,Lacombe County,Gull Lake,,,,,,,,,,
Alberta,Central Region,Lacombe County,Lacombe,,,,,,,,,,
Alberta,Central Region,Lacombe County,Tees,,,,,,,,,,
Alberta,Central Region,Stettler County,Big Valley,,,,,,,,,,
Alberta,Central Region,Stettler County,Botha,,,,,,,,,,
Alberta,Central Region,Stettler County,Byemoor,,,,,,,,,,
Alberta,Central Region,Stettler County,Donalda,,,,,,,,,,
Alberta,Central Region,Stettler County,Endiang,,,,,,,,,,
Alberta,Central Region,Stettler County,Stettler,,,,,,,,,,
Alberta,Central Region,Red Deer County,Sylvan Lake,,,,,,,,,,
Alberta,Central Region,Red Deer County,Penhold,,,,,,,,,,
Alberta,Central Region,Red Deer County,Innisfail,,,,,,,,,,
Alberta,Central Region,Red Deer County,Delburne,,,,,,,,,,
Alberta,Central Region,Red Deer County,Elnora,,,,,,,,,,
Alberta,Central Region,Red Deer County,Bowden,,,,,,,,,,
Alberta,Central Region,Red Deer County,Springbrook,,,,,,,,,,
Alberta,Central Region,Red Deer County,Gasoline Alley,,,,,,,,,,
Alberta,Central Region,Red Deer County,Red Deer,Anders Park,,,,,,,,,
Alberta,Central Region,Red Deer County,Red Deer,Aspen Ridge,,,,,,,,,
Alberta,Central Region,Red Deer County,Red Deer,Bower,,,,,,,,,
Alberta,Central Region,Red Deer County,Red Deer,Clearview Meadows,,,,,,,,,
Alberta,Central Region,Red Deer County,Red Deer,Clearview Ridge,,,,,,,,,
Alberta,Central Region,Red Deer County,Red Deer,Deer Park Estates,,,,,,,,,
Alberta,Central Region,Red Deer County,Red Deer,Deer Park Northeast,,,,,,,,,
Alberta,Central Region,Red Deer County,Red Deer,Deer Park Southeast,,,,,,,,,
Alberta,Central Region,Red Deer County,Red Deer,Deer Park Village,,,,,,,,,
Alberta,Central Region,Red Deer County,Red Deer,Downtown,,,,,,,,,
Alberta,Central Region,Red Deer County,Red Deer,Eastview,,,,,,,,,
Alberta,Central Region,Red Deer County,Red Deer,Fairview,,,,,,,,,
Alberta,Central Region,Red Deer County,Red Deer,Forth,,,,,,,,,
Alberta,Central Region,Red Deer County,Red Deer,Garden Heights,,,,,,,,,
Alberta,Central Region,Red Deer County,Red Deer,Glendale,,,,,,,,,
Alberta,Central Region,Red Deer County,Red Deer,Glendale Park Estates,,,,,,,,,
Alberta,Central Region,Red Deer County,Red Deer,Grandview,,,,,,,,,
Alberta,Central Region,Red Deer County,Red Deer,Highland Green,,,,,,,,,
Alberta,Central Region,Red Deer County,Red Deer,Highland Green Estates,,,,,,,,,
Alberta,Central Region,Red Deer County,Red Deer,Inglewood East,,,,,,,,,
Alberta,Central Region,Red Deer County,Red Deer,Inglewood West,,,,,,,,,
Alberta,Central Region,Red Deer County,Red Deer,Johnstone Crossing,,,,,,,,,
Alberta,Central Region,Red Deer County,Red Deer,Johnstone Park,,,,,,,,,
Alberta,Central Region,Red Deer County,Red Deer,Kentwood East,,,,,,,,,
Alberta,Central Region,Red Deer County,Red Deer,Kentwood West,,,,,,,,,
Alberta,Central Region,Red Deer County,Red Deer,Lancaster Green,,,,,,,,,
Alberta,Central Region,Red Deer County,Red Deer,Lancaster Meadows,,,,,,,,,
Alberta,Central Region,Red Deer County,Red Deer,Lonsdale,,,,,,,,,
Alberta,Central Region,Red Deer County,Red Deer,Michener Hill,,,,,,,,,
Alberta,Central Region,Red Deer County,Red Deer,Morrisroe,,,,,,,,,
Alberta,Central Region,Red Deer County,Red Deer,Mountview,,,,,,,,,
Alberta,Central Region,Red Deer County,Red Deer,Normandeau,,,,,,,,,
Alberta,Central Region,Red Deer County,Red Deer,Oriole Park,,,,,,,,,
Alberta,Central Region,Red Deer County,Red Deer,Parkvale,,,,,,,,,
Alberta,Central Region,Red Deer County,Red Deer,Pines,,,,,,,,,
Alberta,Central Region,Red Deer County,Red Deer,Riverside Meadows,,,,,,,,,
Alberta,Central Region,Red Deer County,Red Deer,Rosedale Estates,,,,,,,,,
Alberta,Central Region,Red Deer County,Red Deer,Rosedale Meadows,,,,,,,,,
Alberta,Central Region,Red Deer County,Red Deer,South Hill,,,,,,,,,
Alberta,Central Region,Red Deer County,Red Deer,Sunnybrook,,,,,,,,,
Alberta,Central Region,Red Deer County,Red Deer,Sunnybrook South,,,,,,,,,
Alberta,Central Region,Red Deer County,Red Deer,Timberstone Park,,,,,,,,,
Alberta,Central Region,Red Deer County,Red Deer,Vanier Woods,,,,,,,,,
Alberta,Central Region,Red Deer County,Red Deer,Waskasoo,,,,,,,,,
Alberta,Central Region,Red Deer County,Red Deer,West Park,,,,,,,,,
Alberta,Central Region,Red Deer County,Red Deer,Westerner Park,,,,,,,,,
Alberta,Central Region,Mountain View County,Carstairs,,,,,,,,,,
Alberta,Central Region,Mountain View County,Cremona,,,,,,,,,,
Alberta,Central Region,Mountain View County,Didsbury,,,,,,,,,,
Alberta,Central Region,Mountain View County,Olds,,,,,,,,,,
Alberta,Central Region,Mountain View County,Sundrie,,,,,,,,,,
Alberta,Central Region,Knee Hill County,Acme,,,,,,,,,,
Alberta,Central Region,Knee Hill County,Carbon,,,,,,,,,,
Alberta,Central Region,Knee Hill County,Linden,,,,,,,,,,
Alberta,Central Region,Knee Hill County,Three Hills,,,,,,,,,,
Alberta,Central Region,Knee Hill County,Trochu,,,,,,,,,,
Alberta,Central Region,Starland County,Delia,,,,,,,,,,
Alberta,Central Region,Starland County,Drumheller,,,,,,,,,,
Alberta,Central Region,Starland County,Morrin,,,,,,,,,,
Alberta,Central Region,Starland County,Munson,,,,,,,,,,
Alberta,Battle River Region,Beaver County,Bruce,,,,,,,,,,
Alberta,Battle River Region,Beaver County,Holden,,,,,,,,,,
Alberta,Battle River Region,Beaver County,Ryley,,,,,,,,,,
Alberta,Battle River Region,Beaver County,Toefield,,,,,,,,,,
Alberta,Battle River Region,Beaver County,Viking,,,,,,,,,,
Alberta,Battle River Region,Camrose County,Bashaw,,,,,,,,,,
Alberta,Battle River Region,Camrose County,Bawlf,,,,,,,,,,
Alberta,Battle River Region,Camrose County,Bittern Lake,,,,,,,,,,
Alberta,Battle River Region,Camrose County,Camrose,,,,,,,,,,
Alberta,Battle River Region,Camrose County,Edberg,,,,,,,,,,
Alberta,Battle River Region,Camrose County,Ferintosh,,,,,,,,,,
Alberta,Battle River Region,Camrose County,Hay Lakes,,,,,,,,,,
Alberta,Battle River Region,Camrose County,Rosalind,,,,,,,,,,
Alberta,Battle River Region,Wainwright Municipal District,Chauvin,,,,,,,,,,
Alberta,Battle River Region,Wainwright Municipal District,Edgerton,,,,,,,,,,
Alberta,Battle River Region,Wainwright Municipal District,Irma,,,,,,,,,,
Alberta,Battle River Region,Wainwright Municipal District,Wainwright,,,,,,,,,,
Alberta,Battle River Region,Provost Municipal District,Amisk,,,,,,,,,,
Alberta,Battle River Region,Provost Municipal District,Czar,,,,,,,,,,
Alberta,Battle River Region,Provost Municipal District,Hughenden,,,,,,,,,,
Alberta,Battle River Region,Provost Municipal District,Provost,,,,,,,,,,
Alberta,Battle River Region,Special Area No. 4,Consort,,,,,,,,,,
Alberta,Battle River Region,Special Area No. 5,Veteran,,,,,,,,,,
Alberta,Battle River Region,Paintearth County,Castor,,,,,,,,,,
Alberta,Battle River Region,Paintearth County,Coronation,,,,,,,,,,
Alberta,Battle River Region,Paintearth County,Halkirk,,,,,,,,,,
Alberta,Battle River Region,Flagstaff County,Daysland,,,,,,,,,,
Alberta,Battle River Region,Flagstaff County,Forestburg,,,,,,,,,,
Alberta,Battle River Region,Flagstaff County,Hardisty,,,,,,,,,,
Alberta,Battle River Region,Flagstaff County,Heisler,,,,,,,,,,
Alberta,Battle River Region,Flagstaff County,Killam,,,,,,,,,,
Alberta,Battle River Region,Flagstaff County,Lougheed,,,,,,,,,,
Alberta,Battle River Region,Flagstaff County,Sedgewick,,,,,,,,,,
Alberta,Palliser Region,Special Area No. 3,Cereal,,,,,,,,,,
Alberta,Palliser Region,Special Area No. 3,Oyen,,,,,,,,,,
Alberta,Palliser Region,Special Area No. 3,Youngstown,,,,,,,,,,
Alberta,Palliser Region,Acadia,Acadia Valley,,,,,,,,,,
Alberta,Palliser Region,Special Area No. 2,Empress,,,,,,,,,,
Alberta,Palliser Region,Special Area No. 2,Hanna,,,,,,,,,,
Alberta,Palliser Region,Special Area No. 2,Jenner,,,,,,,,,,
Alberta,Palliser Region,Cypress County,Dunmore,,,,,,,,,,
Alberta,Palliser Region,Cypress County,Elkwater,,,,,,,,,,
Alberta,Palliser Region,Cypress County,Irvine,,,,,,,,,,
Alberta,Palliser Region,Cypress County,Medicine Hat,Brier Industrial Estates,,,,,,,,,
Alberta,Palliser Region,Cypress County,Medicine Hat,Cottonwood,,,,,,,,,
Alberta,Palliser Region,Cypress County,Medicine Hat,Crescent Heights,,,,,,,,,
Alberta,Palliser Region,Cypress County,Medicine Hat,Crestwood,,,,,,,,,
Alberta,Palliser Region,Cypress County,Medicine Hat,Hamptons,,,,,,,,,
Alberta,Palliser Region,Cypress County,Medicine Hat,Meadowlands,,,,,,,,,
Alberta,Palliser Region,Cypress County,Medicine Hat,North Flats,,,,,,,,,
Alberta,Palliser Region,Cypress County,Medicine Hat,Norwood,,,,,,,,,
Alberta,Palliser Region,Cypress County,Medicine Hat,Park Meadows,,,,,,,,,
Alberta,Palliser Region,Cypress County,Medicine Hat,Parkview,,,,,,,,,
Alberta,Palliser Region,Cypress County,Medicine Hat,Ranchlands,,,,,,,,,
Alberta,Palliser Region,Cypress County,Medicine Hat,River Heights,,,,,,,,,
Alberta,Palliser Region,Cypress County,Medicine Hat,Riverside,,,,,,,,,
Alberta,Palliser Region,Cypress County,Medicine Hat,Ross Glen,,,,,,,,,
Alberta,Palliser Region,Cypress County,Medicine Hat,SE Hill,,,,,,,,,
Alberta,Palliser Region,Cypress County,Medicine Hat,South Flats,,,,,,,,,
Alberta,Palliser Region,Cypress County,Medicine Hat,South Ridge,,,,,,,,,
Alberta,Palliser Region,Cypress County,Medicine Hat,Southlands,,,,,,,,,
Alberta,Palliser Region,Cypress County,Medicine Hat,Southview,,,,,,,,,
Alberta,Palliser Region,Cypress County,Medicine Hat,SW Hill,,,,,,,,,
Alberta,Palliser Region,Cypress County,Medicine Hat,Tower Estates,,,,,,,,,
Alberta,Palliser Region,Cypress County,Ralston,,,,,,,,,,
Alberta,Palliser Region,Cypress County,Redcliff,,,,,,,,,,
Alberta,Palliser Region,Cypress County,Suffield,,,,,,,,,,
Alberta,Palliser Region,Cypress County,Walsh,,,,,,,,,,
Alberta,Palliser Region,Forty Mile County,Bow Island,,,,,,,,,,
Alberta,Palliser Region,Forty Mile County,Etzikom,,,,,,,,,,
Alberta,Palliser Region,Forty Mile County,Foremost,,,,,,,,,,
Alberta,Palliser Region,Forty Mile County,Manyberries,,,,,,,,,,
Alberta,Palliser Region,Newell County,Bassano,,,,,,,,,,
Alberta,Palliser Region,Newell County,Brooks,,,,,,,,,,
Alberta,Palliser Region,Newell County,Duchess,,,,,,,,,,
Alberta,Palliser Region,Newell County,Patricia,,,,,,,,,,
Alberta,Palliser Region,Newell County,Rolling Hills,,,,,,,,,,
Alberta,Palliser Region,Newell County,Rosemary,,,,,,,,,,
Alberta,Palliser Region,Newell County,Tilley,,,,,,,,,,
Alberta,South Central Region,Lethbridge County,Barons,,,,,,,,,,
Alberta,South Central Region,Lethbridge County,Coaldale,,,,,,,,,,
Alberta,South Central Region,Lethbridge County,Coalhurst,,,,,,,,,,
Alberta,South Central Region,Lethbridge County,Diamond City,,,,,,,,,,
Alberta,South Central Region,Lethbridge County,Lethbridge,Lethbridge North,BlackWolf,,,,,,,,
Alberta,South Central Region,Lethbridge County,Lethbridge,Lethbridge North,Hardieville,,,,,,,,
Alberta,South Central Region,Lethbridge County,Lethbridge,Lethbridge North,Legacy Ridge,,,,,,,,
Alberta,South Central Region,Lethbridge County,Lethbridge,Lethbridge North,Park Meadows,,,,,,,,
Alberta,South Central Region,Lethbridge County,Lethbridge,Lethbridge North,Senator Buchanan/Dave Elton,,,,,,,,
Alberta,South Central Region,Lethbridge County,Lethbridge,Lethbridge North,St. Edwards,,,,,,,,
Alberta,South Central Region,Lethbridge County,Lethbridge,Lethbridge North,Staffordville,,,,,,,,
Alberta,South Central Region,Lethbridge County,Lethbridge,Lethbridge North,Uplands,,,,,,,,
Alberta,South Central Region,Lethbridge County,Lethbridge,Lethbridge North,Westminster,,,,,,,,
Alberta,South Central Region,Lethbridge County,Lethbridge,Lethbridge North,Winston Churchill,,,,,,,,
Alberta,South Central Region,Lethbridge County,Lethbridge,Lethbridge West,Benton Crossing,,,,,,,,
Alberta,South Central Region,Lethbridge County,Lethbridge,Lethbridge West,Copperwood,,,,,,,,
Alberta,South Central Region,Lethbridge County,Lethbridge,Lethbridge West,Garry Station,,,,,,,,
Alberta,South Central Region,Lethbridge County,Lethbridge,Lethbridge West,Heritage Heights,,,,,,,,
Alberta,South Central Region,Lethbridge County,Lethbridge,Lethbridge West,Indian Battle Heights,,,,,,,,
Alberta,South Central Region,Lethbridge County,Lethbridge,Lethbridge West,Mountain Heights,,,,,,,,
Alberta,South Central Region,Lethbridge County,Lethbridge,Lethbridge West,Paradise Canyon,,,,,,,,
Alberta,South Central Region,Lethbridge County,Lethbridge,Lethbridge West,Ridgewood Heights,,,,,,,,
Alberta,South Central Region,Lethbridge County,Lethbridge,Lethbridge West,Riverstone,,,,,,,,
Alberta,South Central Region,Lethbridge County,Lethbridge,Lethbridge West,Sunridge,,,,,,,,
Alberta,South Central Region,Lethbridge County,Lethbridge,Lethbridge West,Varsity Village,,,,,,,,
Alberta,South Central Region,Lethbridge County,Lethbridge,Lethbridge West,West Highlands,,,,,,,,
Alberta,South Central Region,Lethbridge County,Lethbridge,Lethbridge South,Chinook Heights,,,,,,,,
Alberta,South Central Region,Lethbridge County,Lethbridge,Lethbridge South,Fairmont Park,,,,,,,,
Alberta,South Central Region,Lethbridge County,Lethbridge,Lethbridge South,Fleetwood/St. Patrick's,,,,,,,,
Alberta,South Central Region,Lethbridge County,Lethbridge,Lethbridge South,Glendale,,,,,,,,
Alberta,South Central Region,Lethbridge County,Lethbridge,Lethbridge South,Hamilton,,,,,,,,
Alberta,South Central Region,Lethbridge County,Lethbridge,Lethbridge South,Henderson Lake,,,,,,,,
Alberta,South Central Region,Lethbridge County,Lethbridge,Lethbridge South,Lakeview,,,,,,,,
Alberta,South Central Region,Lethbridge County,Lethbridge,Lethbridge South,London Road,,,,,,,,
Alberta,South Central Region,Lethbridge County,Lethbridge,Lethbridge South,Redwood,,,,,,,,
Alberta,South Central Region,Lethbridge County,Lethbridge,Lethbridge South,Scenic Heights,,,,,,,,
Alberta,South Central Region,Lethbridge County,Lethbridge,Lethbridge South,Southgate,,,,,,,,
Alberta,South Central Region,Lethbridge County,Lethbridge,Lethbridge South,Tudor Estates,,,,,,,,
Alberta,South Central Region,Lethbridge County,Lethbridge,Lethbridge South,Victoria Park,,,,,,,,
Alberta,South Central Region,Lethbridge County,Monarch,,,,,,,,,,
Alberta,South Central Region,Lethbridge County,Nobleford,,,,,,,,,,
Alberta,South Central Region,Lethbridge County,Picture Butte,,,,,,,,,,
Alberta,South Central Region,Taber Municipal District,Barnwell,,,,,,,,,,
Alberta,South Central Region,Taber Municipal District,Enchant,,,,,,,,,,
Alberta,South Central Region,Taber Municipal District,Hays,,,,,,,,,,
Alberta,South Central Region,Taber Municipal District,Retlaw,,,,,,,,,,
Alberta,South Central Region,Taber Municipal District,Taber,,,,,,,,,,
Alberta,South Central Region,Taber Municipal District,Vauxhall,,,,,,,,,,
Alberta,South Central Region,Vulcan County,Arrowwood,,,,,,,,,,
Alberta,South Central Region,Vulcan County,Carmangay,,,,,,,,,,
Alberta,South Central Region,Vulcan County,Champion,,,,,,,,,,
Alberta,South Central Region,Vulcan County,Vulcan,,,,,,,,,,
Alberta,South Central Region,Warner County,Coutts,,,,,,,,,,
Alberta,South Central Region,Warner County,Milk River,,,,,,,,,,
Alberta,South Central Region,Warner County,New Dayton,,,,,,,,,,
Alberta,South Central Region,Warner County,Raymond,,,,,,,,,,
Alberta,South Central Region,Warner County,Stirling,,,,,,,,,,
Alberta,South Central Region,Warner County,Warner,,,,,,,,,,
Alberta,South West Region,Cardston County,Aetna,,,,,,,,,,
Alberta,South West Region,Cardston County,Cardston,,,,,,,,,,
Alberta,South West Region,Cardston County,Glenwood,,,,,,,,,,
Alberta,South West Region,Cardston County,Hill Spring,,,,,,,,,,
Alberta,South West Region,Cardston County,Magrath,,,,,,,,,,
Alberta,South West Region,Waterton Improvement District,Waterton Park,,,,,,,,,,
Alberta,South West Region,Pincher Creek Municipal District,Burmis,,,,,,,,,,
Alberta,South West Region,Pincher Creek Municipal District,Cowley,,,,,,,,,,
Alberta,South West Region,Pincher Creek Municipal District,Lundbreck,,,,,,,,,,
Alberta,South West Region,Pincher Creek Municipal District,Pincher Creek,,,,,,,,,,
Alberta,South West Region,Pincher Creek Municipal District,Pincher Station,,,,,,,,,,
Alberta,South West Region,Crowsnest Pass,Bellevue,,,,,,,,,,
Alberta,South West Region,Crowsnest Pass,Blairmore,,,,,,,,,,
Alberta,South West Region,Crowsnest Pass,Crowsnest,,,,,,,,,,
Alberta,South West Region,Crowsnest Pass,Frank,,,,,,,,,,
Alberta,South West Region,Crowsnest Pass,Hillcrest,,,,,,,,,,
Alberta,South West Region,Ranchland Municipal District,,,,,,,,,,,
Alberta,South West Region,Willow Creek Municipal District,Claresholm,,,,,,,,,,
Alberta,South West Region,Willow Creek Municipal District,Fort Macleod,,,,,,,,,,
Alberta,South West Region,Willow Creek Municipal District,Granum,,,,,,,,,,
Alberta,South West Region,Willow Creek Municipal District,Nanton,,,,,,,,,,
Alberta,South West Region,Willow Creek Municipal District,Parkland,,,,,,,,,,
Alberta,South West Region,Willow Creek Municipal District,Stavely,,,,,,,,,,
Alberta,Calgary Region,Rocky View County,Airdrie,,,,,,,,,,
Alberta,Calgary Region,Rocky View County,Bragg Creek,,,,,,,,,,
Alberta,Calgary Region,Rocky View County,Crossfield,,,,,,,,,,
Alberta,Calgary Region,Rocky View County,Beiseker,,,,,,,,,,
Alberta,Calgary Region,Rocky View County,Irricana,,,,,,,,,,
Alberta,Calgary Region,Rocky View County,Langdon,,,,,,,,,,
Alberta,Calgary Region,Rocky View County,Chestermere,,,,,,,,,,
Alberta,Calgary Region,Rocky View County,Cochrane,,,,,,,,,,
Alberta,Calgary Region,Banff National Park,Banff,,,,,,,,,,
Alberta,Calgary Region,Banff National Park,Castle Junction,,,,,,,,,,
Alberta,Calgary Region,Banff National Park,Lake Louise,,,,,,,,,,
Alberta,Calgary Region,Bighorn Municipal District,Benchlands,,,,,,,,,,
Alberta,Calgary Region,Bighorn Municipal District,Canmore,,,,,,,,,,
Alberta,Calgary Region,Bighorn Municipal District,Dead Man's Flats,,,,,,,,,,
Alberta,Calgary Region,Bighorn Municipal District,Exshaw,,,,,,,,,,
Alberta,Calgary Region,Bighorn Municipal District,Ghost Lake,,,,,,,,,,
Alberta,Calgary Region,Bighorn Municipal District,Harvie Heights,,,,,,,,,,
Alberta,Calgary Region,Bighorn Municipal District,Lac des Arcs,,,,,,,,,,
Alberta,Calgary Region,Bighorn Municipal District,Waiparous,,,,,,,,,,
Alberta,Calgary Region,Foothills County,Black Diamond,,,,,,,,,,
Alberta,Calgary Region,Foothills County,Blackie,,,,,,,,,,
Alberta,Calgary Region,Foothills County,De Winton,,,,,,,,,,
Alberta,Calgary Region,Foothills County,Eden Valley,,,,,,,,,,
Alberta,Calgary Region,Foothills County,High River,Beachwood Estates,,,,,,,,,
Alberta,Calgary Region,Foothills County,High River,Central,,,,,,,,,
Alberta,Calgary Region,Foothills County,High River,Downtown,,,,,,,,,
Alberta,Calgary Region,Foothills County,High River,Eagleview Estates,,,,,,,,,
Alberta,Calgary Region,Foothills County,High River,Emerson Lake Estates,,,,,,,,,
Alberta,Calgary Region,Foothills County,High River,Hampton Hills Estates,,,,,,,,,
Alberta,Calgary Region,Foothills County,High River,Highwood Village,,,,,,,,,
Alberta,Calgary Region,Foothills County,High River,Lineham Acres,,,,,,,,,
Alberta,Calgary Region,Foothills County,High River,McLaughlin Meadows,,,,,,,,,
Alberta,Calgary Region,Foothills County,High River,Monteith,,,,,,,,,
Alberta,Calgary Region,Foothills County,High River,Montrose,,,,,,,,,
Alberta,Calgary Region,Foothills County,High River,North Central,,,,,,,,,
Alberta,Calgary Region,Foothills County,High River,Old Rodeo Grounds,,,,,,,,,
Alberta,Calgary Region,Foothills County,High River,Redtail Rise,,,,,,,,,
Alberta,Calgary Region,Foothills County,High River,Southeast Central,,,,,,,,,
Alberta,Calgary Region,Foothills County,High River,Southwest Central,,,,,,,,,
Alberta,Calgary Region,Foothills County,High River,Sunrise Meadows,,,,,,,,,
Alberta,Calgary Region,Foothills County,High River,Sunshine Meadows,,,,,,,,,
Alberta,Calgary Region,Foothills County,High River,Vista Mirage,,,,,,,,,
Alberta,Calgary Region,Foothills County,Longview,,,,,,,,,,
Alberta,Calgary Region,Foothills County,Okotoks,Air Ranch,,,,,,,,,
Alberta,Calgary Region,Foothills County,Okotoks,Central Heights,,,,,,,,,
Alberta,Calgary Region,Foothills County,Okotoks,Cimarron,,,,,,,,,
Alberta,Calgary Region,Foothills County,Okotoks,Cornerstone,,,,,,,,,
Alberta,Calgary Region,Foothills County,Okotoks,Crystal Shores,,,,,,,,,
Alberta,Calgary Region,Foothills County,Okotoks,Crystal Ridge,,,,,,,,,
Alberta,Calgary Region,Foothills County,Okotoks,D'Arcy,,,,,,,,,
Alberta,Calgary Region,Foothills County,Okotoks,Downey Ridge,,,,,,,,,
Alberta,Calgary Region,Foothills County,Okotoks,Drake Landing,,,,,,,,,
Alberta,Calgary Region,Foothills County,Okotoks,Green Haven Estates,,,,,,,,,
Alberta,Calgary Region,Foothills County,Okotoks,Hunter's Glen,,,,,,,,,
Alberta,Calgary Region,Foothills County,Okotoks,Mountainview,,,,,,,,,
Alberta,Calgary Region,Foothills County,Okotoks,Olde Towne,,,,,,,,,
Alberta,Calgary Region,Foothills County,Okotoks,Rosemont,,,,,,,,,
Alberta,Calgary Region,Foothills County,Okotoks,Ranchers Rise,,,,,,,,,
Alberta,Calgary Region,Foothills County,Okotoks,Sandstone,,,,,,,,,
Alberta,Calgary Region,Foothills County,Okotoks,Sheep River Ridge,,,,,,,,,
Alberta,Calgary Region,Foothills County,Okotoks,Skunk Hollow,,,,,,,,,
Alberta,Calgary Region,Foothills County,Okotoks,Suntree,,,,,,,,,
Alberta,Calgary Region,Foothills County,Okotoks,Tower Hill,,,,,,,,,
Alberta,Calgary Region,Foothills County,Okotoks,Wedderburn,,,,,,,,,
Alberta,Calgary Region,Foothills County,Okotoks,Westmount,,,,,,,,,
Alberta,Calgary Region,Foothills County,Okotoks,Westridge,,,,,,,,,
Alberta,Calgary Region,Foothills County,Okotoks,Woodhaven,,,,,,,,,
Alberta,Calgary Region,Foothills County,Turner Valley,,,,,,,,,,
Alberta,Calgary Region,Wheatland County,Cluny,,,,,,,,,,
Alberta,Calgary Region,Wheatland County,Gleichen,,,,,,,,,,
Alberta,Calgary Region,Wheatland County,Hussar,,,,,,,,,,
Alberta,Calgary Region,Wheatland County,Rockyford,,,,,,,,,,
Alberta,Calgary Region,Wheatland County,Standard,,,,,,,,,,
Alberta,Calgary Region,Wheatland County,Strathmore,,,,,,,,,,
Alberta,Calgary Region,Calgary,Calgary North West,Arbour Lake,,,,,,,,,
Alberta,Calgary Region,Calgary,Calgary North West,Bowness,,,,,,,,,
Alberta,Calgary Region,Calgary,Calgary North West,Brentwood,,,,,,,,,
Alberta,Calgary Region,Calgary,Calgary North West,Charleswood,,,,,,,,,
Alberta,Calgary Region,Calgary,Calgary North West,Citadel,,,,,,,,,
Alberta,Calgary Region,Calgary,Calgary North West,Collingwood,,,,,,,,,
Alberta,Calgary Region,Calgary,Calgary North West,Dalhousie,,,,,,,,,
Alberta,Calgary Region,Calgary,Calgary North West,Edgemont,,,,,,,,,
Alberta,Calgary Region,Calgary,Calgary North West,Greenwood/Greenbriar,,,,,,,,,
Alberta,Calgary Region,Calgary,Calgary North West,Hamptons,,,,,,,,,
Alberta,Calgary Region,Calgary,Calgary North West,Hawkwood,,,,,,,,,
Alberta,Calgary Region,Calgary,Calgary North West,Montgomery,,,,,,,,,
Alberta,Calgary Region,Calgary,Calgary North West,Nose Hill Park,,,,,,,,,
Alberta,Calgary Region,Calgary,Calgary North West,Ranchlands,,,,,,,,,
Alberta,Calgary Region,Calgary,Calgary North West,Rocky Ridge,,,,,,,,,
Alberta,Calgary Region,Calgary,Calgary North West,Royal Oak,,,,,,,,,
Alberta,Calgary Region,Calgary,Calgary North West,Royal Vista,,,,,,,,,
Alberta,Calgary Region,Calgary,Calgary North West,Scenic Acres,,,,,,,,,
Alberta,Calgary Region,Calgary,Calgary North West,Silver Springs,,,,,,,,,
Alberta,Calgary Region,Calgary,Calgary North West,Tuscany,,,,,,,,,
Alberta,Calgary Region,Calgary,Calgary North West,University Heights,,,,,,,,,
Alberta,Calgary Region,Calgary,Calgary North West,University of Calgary,,,,,,,,,
Alberta,Calgary Region,Calgary,Calgary North West,Varsity,,,,,,,,,
Alberta,Calgary Region,Calgary,Calgary North East,Abbeydale,,,,,,,,,
Alberta,Calgary Region,Calgary,Calgary North East,Calgary International Airport,,,,,,,,,
Alberta,Calgary Region,Calgary,Calgary North East,Castleridge,,,,,,,,,
Alberta,Calgary Region,Calgary,Calgary North East,Cityscape,,,,,,,,,
Alberta,Calgary Region,Calgary,Calgary North East,Coral Springs,,,,,,,,,
Alberta,Calgary Region,Calgary,Calgary North East,Deerfoot Business Centre,,,,,,,,,
Alberta,Calgary Region,Calgary,Calgary North East,Falconridge,,,,,,,,,
Alberta,Calgary Region,Calgary,Calgary North East,Franklin,,,,,,,,,
Alberta,Calgary Region,Calgary,Calgary North East,Horizon,,,,,,,,,
Alberta,Calgary Region,Calgary,Calgary North East,Hotchkiss,,,,,,,,,
Alberta,Calgary Region,Calgary,Calgary North East,Marlborough,,,,,,,,,
Alberta,Calgary Region,Calgary,Calgary North East,Marlborough Park,,,,,,,,,
Alberta,Calgary Region,Calgary,Calgary North East,Martindale,,,,,,,,,
Alberta,Calgary Region,Calgary,Calgary North East,Mayland,,,,,,,,,
Alberta,Calgary Region,Calgary,Calgary North East,Mayland Heights,,,,,,,,,
Alberta,Calgary Region,Calgary,Calgary North East,McCall,,,,,,,,,
Alberta,Calgary Region,Calgary,Calgary North East,Meridian,,,,,,,,,
Alberta,Calgary Region,Calgary,Calgary North East,Monterey Park,,,,,,,,,
Alberta,Calgary Region,Calgary,Calgary North East,North Airways,,,,,,,,,
Alberta,Calgary Region,Calgary,Calgary North East,Pegasus,,,,,,,,,
Alberta,Calgary Region,Calgary,Calgary North East,Pineridge,,,,,,,,,
Alberta,Calgary Region,Calgary,Calgary North East,Redstone,,,,,,,,,
Alberta,Calgary Region,Calgary,Calgary North East,Residual Ward 5,,,,,,,,,
Alberta,Calgary Region,Calgary,Calgary North East,Rundle,,,,,,,,,
Alberta,Calgary Region,Calgary,Calgary North East,Saddle Ridge,,,,,,,,,
Alberta,Calgary Region,Calgary,Calgary North East,Saddle Ridge Industrial,,,,,,,,,
Alberta,Calgary Region,Calgary,Calgary North East,Skyline East,,,,,,,,,
Alberta,Calgary Region,Calgary,Calgary North East,Skyview Ranch,,,,,,,,,
Alberta,Calgary Region,Calgary,Calgary North East,South Airways,,,,,,,,,
Alberta,Calgary Region,Calgary,Calgary North East,Stonegate Landing,,,,,,,,,
Alberta,Calgary Region,Calgary,Calgary North East,Stoney 2,,,,,,,,,
Alberta,Calgary Region,Calgary,Calgary North East,Stoney 3,,,,,,,,,
Alberta,Calgary Region,Calgary,Calgary North East,Stoney 4,,,,,,,,,
Alberta,Calgary Region,Calgary,Calgary North East,Sunridge,,,,,,,,,
Alberta,Calgary Region,Calgary,Calgary North East,Taradale,,,,,,,,,
Alberta,Calgary Region,Calgary,Calgary North East,Temple,,,,,,,,,
Alberta,Calgary Region,Calgary,Calgary North East,Vista Heights,,,,,,,,,
Alberta,Calgary Region,Calgary,Calgary North East,Westwinds,,,,,,,,,
Alberta,Calgary Region,Calgary,Calgary North East,Whitehorn,,,,,,,,,
Alberta,Calgary Region,Calgary,Calgary City Centre,Altadore,,,,,,,,,
Alberta,Calgary Region,Calgary,Calgary City Centre,Alyth/Bonnybrook,,,,,,,,,
Alberta,Calgary Region,Calgary,Calgary City Centre,Banff Trail,,,,,,,,,
Alberta,Calgary Region,Calgary,Calgary City Centre,Bankview,,,,,,,,,
Alberta,Calgary Region,Calgary,Calgary City Centre,Bel-Aire,,,,,,,,,
Alberta,Calgary Region,Calgary,Calgary City Centre,Beltline,,,,,,,,,
Alberta,Calgary Region,Calgary,Calgary City Centre,Bridgeland/Riverside,,,,,,,,,
Alberta,Calgary Region,Calgary,Calgary City Centre,Britannia,,,,,,,,,
Alberta,Calgary Region,Calgary,Calgary City Centre,Burns Industrial,,,,,,,,,
Alberta,Calgary Region,Calgary,Calgary City Centre,Cambrian Heights,,,,,,,,,
Alberta,Calgary Region,Calgary,Calgary City Centre,Capitol Hill,,,,,,,,,
Alberta,Calgary Region,Calgary,Calgary City Centre,Chinatown,,,,,,,,,
Alberta,Calgary Region,Calgary,Calgary City Centre,Cliff Bungalow,,,,,,,,,
Alberta,Calgary Region,Calgary,Calgary City Centre,Crescent Heights,,,,,,,,,
Alberta,Calgary Region,Calgary,Calgary City Centre,Downtown Commercial Core,,,,,,,,,
Alberta,Calgary Region,Calgary,Calgary City Centre,Downtown East Village,,,,,,,,,
Alberta,Calgary Region,Calgary,Calgary City Centre,Downtown West End,,,,,,,,,
Alberta,Calgary Region,Calgary,Calgary City Centre,Eau Claire,,,,,,,,,
Alberta,Calgary Region,Calgary,Calgary City Centre,Elbow Park,,,,,,,,,
Alberta,Calgary Region,Calgary,Calgary City Centre,Elboya,,,,,,,,,
Alberta,Calgary Region,Calgary,Calgary City Centre,Erlton,,,,,,,,,
Alberta,Calgary Region,Calgary,Calgary City Centre,Highfield,,,,,,,,,
Alberta,Calgary Region,Calgary,Calgary City Centre,Highland Park,,,,,,,,,
Alberta,Calgary Region,Calgary,Calgary City Centre,Highwood,,,,,,,,,
Alberta,Calgary Region,Calgary,Calgary City Centre,Hillhurst,,,,,,,,,
Alberta,Calgary Region,Calgary,Calgary City Centre,Hounsfield Heights/Briar Hill,,,,,,,,,
Alberta,Calgary Region,Calgary,Calgary City Centre,Inglewood,,,,,,,,,
Alberta,Calgary Region,Calgary,Calgary City Centre,Killarney/Glengarry,,,,,,,,,
Alberta,Calgary Region,Calgary,Calgary City Centre,Lower Mount Royal,,,,,,,,,
Alberta,Calgary Region,Calgary,Calgary City Centre,Manchester,,,,,,,,,
Alberta,Calgary Region,Calgary,Calgary City Centre,Manchester Industrial,,,,,,,,,
Alberta,Calgary Region,Calgary,Calgary City Centre,Mayfair,,,,,,,,,
Alberta,Calgary Region,Calgary,Calgary City Centre,Meadowlark Park,,,,,,,,,
Alberta,Calgary Region,Calgary,Calgary City Centre,Mission,,,,,,,,,
Alberta,Calgary Region,Calgary,Calgary City Centre,Mount Pleasant,,,,,,,,,
Alberta,Calgary Region,Calgary,Calgary City Centre,Parkdale,,,,,,,,,
Alberta,Calgary Region,Calgary,Calgary City Centre,Parkhill,,,,,,,,,
Alberta,Calgary Region,Calgary,Calgary City Centre,Point Mckay,,,,,,,,,
Alberta,Calgary Region,Calgary,Calgary City Centre,Queens Park Village,,,,,,,,,
Alberta,Calgary Region,Calgary,Calgary City Centre,Ramsay,,,,,,,,,
Alberta,Calgary Region,Calgary,Calgary City Centre,Renfrew,,,,,,,,,
Alberta,Calgary Region,Calgary,Calgary City Centre,Richmond,,,,,,,,,
Alberta,Calgary Region,Calgary,Calgary City Centre,Rideau Park,,,,,,,,,
Alberta,Calgary Region,Calgary,Calgary City Centre,Rosedale,,,,,,,,,
Alberta,Calgary Region,Calgary,Calgary City Centre,Rosemont,,,,,,,,,
Alberta,Calgary Region,Calgary,Calgary City Centre,Roxboro,,,,,,,,,
Alberta,Calgary Region,Calgary,Calgary City Centre,Scarboro,,,,,,,,,
Alberta,Calgary Region,Calgary,Calgary City Centre,Scarboro/Sunalta West,,,,,,,,,
Alberta,Calgary Region,Calgary,Calgary City Centre,Shaganappi,,,,,,,,,
Alberta,Calgary Region,Calgary,Calgary City Centre,South Calgary,,,,,,,,,
Alberta,Calgary Region,Calgary,Calgary City Centre,St. Andrews Heights,,,,,,,,,
Alberta,Calgary Region,Calgary,Calgary City Centre,Sunalta,,,,,,,,,
Alberta,Calgary Region,Calgary,Calgary City Centre,Sunnyside,,,,,,,,,
Alberta,Calgary Region,Calgary,Calgary City Centre,Tuxedo Park,,,,,,,,,
Alberta,Calgary Region,Calgary,Calgary City Centre,Upper Mount Royal,,,,,,,,,
Alberta,Calgary Region,Calgary,Calgary City Centre,West Hillhurst,,,,,,,,,
Alberta,Calgary Region,Calgary,Calgary City Centre,Windsor Park,,,,,,,,,
Alberta,Calgary Region,Calgary,Calgary City Centre,Winston Heights/Mountview,,,,,,,,,
Alberta,Calgary Region,Calgary,Calgary South East,Auburn Bay,,,,,,,,,
Alberta,Calgary Region,Calgary,Calgary South East,Copperfield,,,,,,,,,
Alberta,Calgary Region,Calgary,Calgary South East,Cranston,,,,,,,,,
Alberta,Calgary Region,Calgary,Calgary South East,Douglasdale/Glen,,,,,,,,,
Alberta,Calgary Region,Calgary,Calgary South East,East Shepard Industrial,,,,,,,,,
Alberta,Calgary Region,Calgary,Calgary South East,Mahogany,,,,,,,,,
Alberta,Calgary Region,Calgary,Calgary South East,McKenzie Lake,,,,,,,,,
Alberta,Calgary Region,Calgary,Calgary South East,McKenzie Towne,,,,,,,,,
Alberta,Calgary Region,Calgary,Calgary South East,New Brighton,,,,,,,,,
Alberta,Calgary Region,Calgary,Calgary South East,Ogden,,,,,,,,,
Alberta,Calgary Region,Calgary,Calgary South East,Residual Ward 12,,,,,,,,,
Alberta,Calgary Region,Calgary,Calgary South East,Riverbend,,,,,,,,,
Alberta,Calgary Region,Calgary,Calgary South East,Section 23,,,,,,,,,
Alberta,Calgary Region,Calgary,Calgary South East,Seton,,,,,,,,,
Alberta,Calgary Region,Calgary,Calgary South East,Shepard Industrial,,,,,,,,,
Alberta,Calgary Region,Calgary,Calgary South East,South Foothills,,,,,,,,,
Alberta,Calgary Region,Calgary,Calgary South East,Aspen Woods,,,,,,,,,
Alberta,Calgary Region,Calgary,Calgary West,Aspen Woods,,,,,,,,,
Alberta,Calgary Region,Calgary,Calgary West,Canada Olympic Park,,,,,,,,,
Alberta,Calgary Region,Calgary,Calgary West,CFB Currie,,,,,,,,,
Alberta,Calgary Region,Calgary,Calgary West,CFB Lincoln Park PMQ,,,,,,,,,
Alberta,Calgary Region,Calgary,Calgary West,Christie Park,,,,,,,,,
Alberta,Calgary Region,Calgary,Calgary West,Coach Hill,,,,,,,,,
Alberta,Calgary Region,Calgary,Calgary West,Cougar Ridge,,,,,,,,,
Alberta,Calgary Region,Calgary,Calgary West,Crestmont,,,,,,,,,
Alberta,Calgary Region,Calgary,Calgary West,Discovery Ridge,,,,,,,,,
Alberta,Calgary Region,Calgary,Calgary West,Glamorgan,,,,,,,,,
Alberta,Calgary Region,Calgary,Calgary West,Glenbrook,,,,,,,,,
Alberta,Calgary Region,Calgary,Calgary West,Glendale,,,,,,,,,
Alberta,Calgary Region,Calgary,Calgary West,Glenmore Park,,,,,,,,,
Alberta,Calgary Region,Calgary,Calgary West,Lakeview,,,,,,,,,
Alberta,Calgary Region,Calgary,Calgary West,Lincoln Park,,,,,,,,,
Alberta,Calgary Region,Calgary,Calgary West,North Glenmore Park,,,,,,,,,
Alberta,Calgary Region,Calgary,Calgary West,Patterson,,,,,,,,,
Alberta,Calgary Region,Calgary,Calgary West,Residual Ward 6,,,,,,,,,
Alberta,Calgary Region,Calgary,Calgary West,Rosscarrock,,,,,,,,,
Alberta,Calgary Region,Calgary,Calgary West,Rutland Park,,,,,,,,,
Alberta,Calgary Region,Calgary,Calgary West,Signal Hill,,,,,,,,,
Alberta,Calgary Region,Calgary,Calgary West,Springbank Hill,,,,,,,,,
Alberta,Calgary Region,Calgary,Calgary West,Spruce Cliff,,,,,,,,,
Alberta,Calgary Region,Calgary,Calgary West,Strathcona Park,,,,,,,,,
Alberta,Calgary Region,Calgary,Calgary West,Valley Ridge,,,,,,,,,
Alberta,Calgary Region,Calgary,Calgary West,West Springs,,,,,,,,,
Alberta,Calgary Region,Calgary,Calgary West,Westgate,,,,,,,,,
Alberta,Calgary Region,Calgary,Calgary West,Wildwood,,,,,,,,,
Alberta,Calgary Region,Calgary,Calgary South,Acadia,,,,,,,,,
Alberta,Calgary Region,Calgary,Calgary South,Bayview,,,,,,,,,
Alberta,Calgary Region,Calgary,Calgary South,Bonavista Downs,,,,,,,,,
Alberta,Calgary Region,Calgary,Calgary South,Braeside,,,,,,,,,
Alberta,Calgary Region,Calgary,Calgary South,Bridlewood,,,,,,,,,
Alberta,Calgary Region,Calgary,Calgary South,Canyon Meadows,,,,,,,,,
Alberta,Calgary Region,Calgary,Calgary South,Cedarbrae,,,,,,,,,
Alberta,Calgary Region,Calgary,Calgary South,Chaparral,,,,,,,,,
Alberta,Calgary Region,Calgary,Calgary South,Chinook Park,,,,,,,,,
Alberta,Calgary Region,Calgary,Calgary South,Deer Ridge,,,,,,,,,
Alberta,Calgary Region,Calgary,Calgary South,Deer Run,,,,,,,,,
Alberta,Calgary Region,Calgary,Calgary South,Diamond Cove,,,,,,,,,
Alberta,Calgary Region,Calgary,Calgary South,Eagle Ridge,,,,,,,,,
Alberta,Calgary Region,Calgary,Calgary South,East Fairview Industrial,,,,,,,,,
Alberta,Calgary Region,Calgary,Calgary South,Evergreen,,,,,,,,,
Alberta,Calgary Region,Calgary,Calgary South,Fairview,,,,,,,,,
Alberta,Calgary Region,Calgary,Calgary South,Fairview Industrial,,,,,,,,,
Alberta,Calgary Region,Calgary,Calgary South,Fish Creek Park,,,,,,,,,
Alberta,Calgary Region,Calgary,Calgary South,Glendeer Business Park,,,,,,,,,
Alberta,Calgary Region,Calgary,Calgary South,Haysboro,,,,,,,,,
Alberta,Calgary Region,Calgary,Calgary South,Kelvin Grove,,,,,,,,,
Alberta,Calgary Region,Calgary,Calgary South,Kingsland,,,,,,,,,
Alberta,Calgary Region,Calgary,Calgary South,Lake Bonavista,,,,,,,,,
Alberta,Calgary Region,Calgary,Calgary South,Legacy,,,,,,,,,
Alberta,Calgary Region,Calgary,Calgary South,Maple Ridge,,,,,,,,,
Alberta,Calgary Region,Calgary,Calgary South,Midnapore,,,,,,,,,
Alberta,Calgary Region,Calgary,Calgary South,Millrise,,,,,,,,,
Alberta,Calgary Region,Calgary,Calgary South,Oakridge,,,,,,,,,
Alberta,Calgary Region,Calgary,Calgary South,Palliser,,,,,,,,,
Alberta,Calgary Region,Calgary,Calgary South,Parkland,,,,,,,,,
Alberta,Calgary Region,Calgary,Calgary South,Pump Hill,,,,,,,,,
Alberta,Calgary Region,Calgary,Calgary South,Queensland,,,,,,,,,
Alberta,Calgary Region,Calgary,Calgary South,Residual Ward 13,,,,,,,,,
Alberta,Calgary Region,Calgary,Calgary South,Residual Ward 14,,,,,,,,,
Alberta,Calgary Region,Calgary,Calgary South,Shawnee Slopes,,,,,,,,,
Alberta,Calgary Region,Calgary,Calgary South,Shawnessy,,,,,,,,,
Alberta,Calgary Region,Calgary,Calgary South,Silverado,,,,,,,,,
Alberta,Calgary Region,Calgary,Calgary South,Somerset,,,,,,,,,
Alberta,Calgary Region,Calgary,Calgary South,Southwood,,,,,,,,,
Alberta,Calgary Region,Calgary,Calgary South,Sundance,,,,,,,,,
Alberta,Calgary Region,Calgary,Calgary South,Walden,,,,,,,,,
Alberta,Calgary Region,Calgary,Calgary South,Willow Park,,,,,,,,,
Alberta,Calgary Region,Calgary,Calgary South,Woodbine,,,,,,,,,
Alberta,Calgary Region,Calgary,Calgary South,Woodlands,,,,,,,,,
Saskatchewan,Northwest Region,Beauval,,,,,,,,,,,
Saskatchewan,Northwest Region,Buffalo Narrows,,,,,,,,,,,
Saskatchewan,Northwest Region,Canoe Narrows,,,,,,,,,,,
Saskatchewan,Northwest Region,Clearwater River Dene Nation,,,,,,,,,,,
Saskatchewan,Northwest Region,Cole Bay,,,,,,,,,,,
Saskatchewan,Northwest Region,Dore Lake,,,,,,,,,,,
Saskatchewan,Northwest Region,English River First Nation,,,,,,,,,,,
Saskatchewan,Northwest Region,Green Lake,,,,,,,,,,,
Saskatchewan,Northwest Region,Ile-a-la-Crosse,,,,,,,,,,,
Saskatchewan,Northwest Region,Jans Bay,,,,,,,,,,,
Saskatchewan,Northwest Region,La Loche,,,,,,,,,,,
Saskatchewan,Northwest Region,Michel Village,,,,,,,,,,,
Saskatchewan,Northwest Region,Patuanak,,,,,,,,,,,
Saskatchewan,Northwest Region,St. George's Hill,,,,,,,,,,,
Saskatchewan,Northwest Region,Turnor Lake,,,,,,,,,,,
Saskatchewan,North Central Region,Fond du Lac,,,,,,,,,,,
Saskatchewan,North Central Region,Stony Rapids,,,,,,,,,,,
Saskatchewan,North Central Region,Uranium City,,,,,,,,,,,
Saskatchewan,Northeast Region,Air Ronge,,,,,,,,,,,
Saskatchewan,Northeast Region,Brabant Lake,,,,,,,,,,,
Saskatchewan,Northeast Region,Creighton,,,,,,,,,,,
Saskatchewan,Northeast Region,Denare Beach,,,,,,,,,,,
Saskatchewan,Northeast Region,Flin Flon,,,,,,,,,,,
Saskatchewan,Northeast Region,Hatchet Lake First Nation,,,,,,,,,,,
Saskatchewan,Northeast Region,La Ronge,,,,,,,,,,,
Saskatchewan,Northeast Region,Lac La Ronge Indian Band,,,,,,,,,,,
Saskatchewan,Northeast Region,Missinipe,,,,,,,,,,,
Saskatchewan,Northeast Region,Pelican Narrows,,,,,,,,,,,
Saskatchewan,Northeast Region,Peter Ballantyne Cree Nation ,,,,,,,,,,,
Saskatchewan,Northeast Region,Pinehouse,,,,,,,,,,,
Saskatchewan,Northeast Region,Sandy Bay,,,,,,,,,,,
Saskatchewan,Northeast Region,Southend,,,,,,,,,,,
Saskatchewan,Northeast Region,Wollaston Lake,,,,,,,,,,,
Saskatchewan,Central West Region,Aquadeo,,,,,,,,,,,
Saskatchewan,Central West Region,Battleford,,,,,,,,,,,
Saskatchewan,Central West Region,Big River,,,,,,,,,,,
Saskatchewan,Central West Region,Big Shell,,,,,,,,,,,
Saskatchewan,Central West Region,Blaine Lake,,,,,,,,,,,
Saskatchewan,Central West Region,Brock,,,,,,,,,,,
Saskatchewan,Central West Region,Cochin,,,,,,,,,,,
Saskatchewan,Central West Region,Coleville,,,,,,,,,,,
Saskatchewan,Central West Region,Cut Knife,,,,,,,,,,,
Saskatchewan,Central West Region,Denholm,,,,,,,,,,,
Saskatchewan,Central West Region,Denzil,,,,,,,,,,,
Saskatchewan,Central West Region,Dorintosh,,,,,,,,,,,
Saskatchewan,Central West Region,Echo Bay,,,,,,,,,,,
Saskatchewan,Central West Region,Edam,,,,,,,,,,,
Saskatchewan,Central West Region,Glaslyn,,,,,,,,,,,
Saskatchewan,Central West Region,Goodsoil,,,,,,,,,,,
Saskatchewan,Central West Region,Greig Lake,,,,,,,,,,,
Saskatchewan,Central West Region,Hafford,,,,,,,,,,,
Saskatchewan,Central West Region,Kerrobert,,,,,,,,,,,
Saskatchewan,Central West Region,Kindersley,,,,,,,,,,,
Saskatchewan,Central West Region,Kivimaa-Moonlight Bay,,,,,,,,,,,
Saskatchewan,Central West Region,Krydor,,,,,,,,,,,
Saskatchewan,Central West Region,Landis,,,,,,,,,,,
Saskatchewan,Central West Region,Lashburn,,,,,,,,,,,
Saskatchewan,Central West Region,Leask,,,,,,,,,,,
Saskatchewan,Central West Region,Leoville,,,,,,,,,,,
Saskatchewan,Central West Region,Lloydminster,,,,,,,,,,,
Saskatchewan,Central West Region,Loon Lake,,,,,,,,,,,
Saskatchewan,Central West Region,Luseland,,,,,,,,,,,
Saskatchewan,Central West Region,Macklin,,,,,,,,,,,
Saskatchewan,Central West Region,Maidstone,,,,,,,,,,,
Saskatchewan,Central West Region,Makwa,,,,,,,,,,,
Saskatchewan,Central West Region,Marcelin,,,,,,,,,,,
Saskatchewan,Central West Region,Marsden,,,,,,,,,,,
Saskatchewan,Central West Region,Marshall,,,,,,,,,,,
Saskatchewan,Central West Region,Maymont,,,,,,,,,,,
Saskatchewan,Central West Region,Meadow Lake,,,,,,,,,,,
Saskatchewan,Central West Region,Medstead,,,,,,,,,,,
Saskatchewan,Central West Region,Meota,,,,,,,,,,,
Saskatchewan,Central West Region,Mervin,,,,,,,,,,,
Saskatchewan,Central West Region,Metinota,,,,,,,,,,,
Saskatchewan,Central West Region,Neilburg,,,,,,,,,,,
Saskatchewan,Central West Region,North Battleford,,,,,,,,,,,
Saskatchewan,Central West Region,Onion Lake Cree Nation,,,,,,,,,,,
Saskatchewan,Central West Region,Paradise Hill,,,,,,,,,,,
Saskatchewan,Central West Region,Parkside,,,,,,,,,,,
Saskatchewan,Central West Region,Paynton,,,,,,,,,,,
Saskatchewan,Central West Region,Pebble Baye,,,,,,,,,,,
Saskatchewan,Central West Region,Pierceland,,,,,,,,,,,
Saskatchewan,Central West Region,Poundmaker Cree Nation,,,,,,,,,,,
Saskatchewan,Central West Region,Primate,,,,,,,,,,,
Saskatchewan,Central West Region,Rabbit Lake,,,,,,,,,,,
Saskatchewan,Central West Region,Radisson,,,,,,,,,,,
Saskatchewan,Central West Region,Richard,,,,,,,,,,,
Saskatchewan,Central West Region,Ruddell,,,,,,,,,,,
Saskatchewan,Central West Region,Scott,,,,,,,,,,,
Saskatchewan,Central West Region,Senlac,,,,,,,,,,,
Saskatchewan,Central West Region,Shell Lake,,,,,,,,,,,
Saskatchewan,Central West Region,Shellbrook,,,,,,,,,,,
Saskatchewan,Central West Region,Speers,,,,,,,,,,,
Saskatchewan,Central West Region,Spiritwood,,,,,,,,,,,
Saskatchewan,Central West Region,St. Walburg,,,,,,,,,,,
Saskatchewan,Central West Region,Sweetgrass First Nation,,,,,,,,,,,
Saskatchewan,Central West Region,Thunderchild First Nation ,,,,,,,,,,,
Saskatchewan,Central West Region,Turtleford,,,,,,,,,,,
Saskatchewan,Central West Region,Unity,,,,,,,,,,,
Saskatchewan,Central West Region,Waseca,,,,,,,,,,,
Saskatchewan,Central West Region,Wilkie,,,,,,,,,,,
Saskatchewan,Saskatchewan North Central,Albertville,,,,,,,,,,,
Saskatchewan,Saskatchewan North Central,Alvena,,,,,,,,,,,
Saskatchewan,Saskatchewan North Central,Birch Hills,,,,,,,,,,,
Saskatchewan,Saskatchewan North Central,Candle Lake,,,,,,,,,,,
Saskatchewan,Saskatchewan North Central,Canwood,,,,,,,,,,,
Saskatchewan,Saskatchewan North Central,Chitek Lake,,,,,,,,,,,
Saskatchewan,Saskatchewan North Central,Christopher Lake,,,,,,,,,,,
Saskatchewan,Saskatchewan North Central,Cudworth,,,,,,,,,,,
Saskatchewan,Saskatchewan North Central,Debden,,,,,,,,,,,
Saskatchewan,Saskatchewan North Central,Duck Lake,,,,,,,,,,,
Saskatchewan,Saskatchewan North Central,Hague,,,,,,,,,,,
Saskatchewan,Saskatchewan North Central,Hepburn,,,,,,,,,,,
Saskatchewan,Saskatchewan North Central,Laird,,,,,,,,,,,
Saskatchewan,Saskatchewan North Central,Meath Park,,,,,,,,,,,
Saskatchewan,Saskatchewan North Central,Paddockwood,,,,,,,,,,,
Saskatchewan,Saskatchewan North Central,Pebble Baye,,,,,,,,,,,
Saskatchewan,Saskatchewan North Central,Prince Albert,,,,,,,,,,,
Saskatchewan,Saskatchewan North Central,Rosthern,,,,,,,,,,,
Saskatchewan,Saskatchewan North Central,St. Louis,,,,,,,,,,,
Saskatchewan,Saskatchewan North Central,Timber Bay,,,,,,,,,,,
Saskatchewan,Saskatchewan North Central,Wakaw,,,,,,,,,,,
Saskatchewan,Saskatchewan North Central,Wakaw Lake,,,,,,,,,,,
Saskatchewan,Saskatchewan North Central,Waldheim,,,,,,,,,,,
Saskatchewan,Saskatchewan North Central,Waskesiu,,,,,,,,,,,
Saskatchewan,Saskatchewan North Central,Weirdale,,,,,,,,,,,
Saskatchewan,Saskatchewan North East,Arborfield,,,,,,,,,,,
Saskatchewan,Saskatchewan North East,Aylsham,,,,,,,,,,,
Saskatchewan,Saskatchewan North East,Carrot River,,,,,,,,,,,
Saskatchewan,Saskatchewan North East,Choiceland,,,,,,,,,,,
Saskatchewan,Saskatchewan North East,Codette,,,,,,,,,,,
Saskatchewan,Saskatchewan North East,Cumberland House,,,,,,,,,,,
Saskatchewan,Saskatchewan North East,Love,,,,,,,,,,,
Saskatchewan,Saskatchewan North East,Nipawin,,,,,,,,,,,
Saskatchewan,Saskatchewan North East,Smeaton,,,,,,,,,,,
Saskatchewan,Saskatchewan North East,Tobin Lake,,,,,,,,,,,
Saskatchewan,Saskatchewan North East,White Fox,,,,,,,,,,,
Saskatchewan,Saskatchewan North East,Zenon Park,,,,,,,,,,,
Saskatchewan,Saskatchewan North East,Beatty,,,,,,,,,,,
Saskatchewan,Saskatchewan North East,Kinistino,,,,,,,,,,,
Saskatchewan,Saskatchewan North East,Melfort,,,,,,,,,,,
Saskatchewan,Saskatchewan North East,Naicam,,,,,,,,,,,
Saskatchewan,Saskatchewan North East,Pleasantdale,,,,,,,,,,,
Saskatchewan,Saskatchewan North East,St. Brieux,,,,,,,,,,,
Saskatchewan,Saskatchewan North East,Star City,,,,,,,,,,,
Saskatchewan,Saskatchewan North East,Valparaiso,,,,,,,,,,,
Saskatchewan,Saskatchewan North East,Weldon,,,,,,,,,,,
Saskatchewan,Saskatchewan North East,Archerwill,,,,,,,,,,,
Saskatchewan,Saskatchewan North East,Bjorkdale,,,,,,,,,,,
Saskatchewan,Saskatchewan North East,Hudson Bay,,,,,,,,,,,
Saskatchewan,Saskatchewan North East,Mistatim,,,,,,,,,,,
Saskatchewan,Saskatchewan North East,Porcupine Plain,,,,,,,,,,,
Saskatchewan,Saskatchewan North East,Ridgedale,,,,,,,,,,,
Saskatchewan,Saskatchewan North East,Tisdale,,,,,,,,,,,
Saskatchewan,Saskatchewan North East,Weekes,,,,,,,,,,,
Saskatchewan,Saskatchewan Central West,Big Shell,,,,,,,,,,,
Saskatchewan,Saskatchewan Central West,Biggar,,,,,,,,,,,
Saskatchewan,Saskatchewan Central West,Brock,,,,,,,,,,,
Saskatchewan,Saskatchewan Central West,Coleville,,,,,,,,,,,
Saskatchewan,Saskatchewan Central West,Dodsland,,,,,,,,,,,
Saskatchewan,Saskatchewan Central West,Eatonia,,,,,,,,,,,
Saskatchewan,Saskatchewan Central West,Elrose,,,,,,,,,,,
Saskatchewan,Saskatchewan Central West,Eston,,,,,,,,,,,
Saskatchewan,Saskatchewan Central West,Flaxcombe,,,,,,,,,,,
Saskatchewan,Saskatchewan Central West,Harris,,,,,,,,,,,
Saskatchewan,Saskatchewan Central West,Kindersley,,,,,,,,,,,
Saskatchewan,Saskatchewan Central West,Kinley,,,,,,,,,,,
Saskatchewan,Saskatchewan Central West,Major,,,,,,,,,,,
Saskatchewan,Saskatchewan Central West,Marengo,,,,,,,,,,,
Saskatchewan,Saskatchewan Central West,Netherhill,,,,,,,,,,,
Saskatchewan,Saskatchewan Central West,Perdue,,,,,,,,,,,
Saskatchewan,Saskatchewan Central West,Plenty,,,,,,,,,,,
Saskatchewan,Saskatchewan Central West,Rosetown,,,,,,,,,,,
Saskatchewan,Saskatchewan Central West,Smiley,,,,,,,,,,,
Saskatchewan,Saskatchewan Central West,Tessier,,,,,,,,,,,
Saskatchewan,Saskatchewan Central West,Tramping Lake,,,,,,,,,,,
Saskatchewan,Saskatchewan Central West,Zealandia,,,,,,,,,,,
Saskatchewan,Saskatchewan Central West,Aylesbury,,,,,,,,,,,
Saskatchewan,Saskatchewan Central West,Beechy,,,,,,,,,,,
Saskatchewan,Saskatchewan Central West,Bladworth,,,,,,,,,,,
Saskatchewan,Saskatchewan Central West,Broderick,,,,,,,,,,,
Saskatchewan,Saskatchewan Central West,Conquest,,,,,,,,,,,
Saskatchewan,Saskatchewan Central West,Coteau Beach,,,,,,,,,,,
Saskatchewan,Saskatchewan Central West,Craik,,,,,,,,,,,
Saskatchewan,Saskatchewan Central West,Davidson,,,,,,,,,,,
Saskatchewan,Saskatchewan Central West,Dinsmore,,,,,,,,,,,
Saskatchewan,Saskatchewan Central West,Elbow,,,,,,,,,,,
Saskatchewan,Saskatchewan Central West,Glenside,,,,,,,,,,,
Saskatchewan,Saskatchewan Central West,Hawarden,,,,,,,,,,,
Saskatchewan,Saskatchewan Central West,Kenaston,,,,,,,,,,,
Saskatchewan,Saskatchewan Central West,Kyle,,,,,,,,,,,
Saskatchewan,Saskatchewan Central West,Loreburn,,,,,,,,,,,
Saskatchewan,Saskatchewan Central West,Lucky Lake,,,,,,,,,,,
Saskatchewan,Saskatchewan Central West,Macrorie,,,,,,,,,,,
Saskatchewan,Saskatchewan Central West,Milden,,,,,,,,,,,
Saskatchewan,Saskatchewan Central West,Mistusinne,,,,,,,,,,,
Saskatchewan,Saskatchewan Central West,Outlook,,,,,,,,,,,
Saskatchewan,Saskatchewan Central West,Riverhurst,,,,,,,,,,,
Saskatchewan,Saskatchewan Central West,Strongfield,,,,,,,,,,,
Saskatchewan,Saskatchewan Central West,Tugaske,,,,,,,,,,,
Saskatchewan,Saskatchewan Central West,Wiseton,,,,,,,,,,,
Saskatchewan,Saskatchewan Central East,Abbey,,,,,,,,,,,
Saskatchewan,Saskatchewan Central East,Alice Beach,,,,,,,,,,,
Saskatchewan,Saskatchewan Central East,Annaheim,,,,,,,,,,,
Saskatchewan,Saskatchewan Central East,Arran,,,,,,,,,,,
Saskatchewan,Saskatchewan Central East,Atwater,,,,,,,,,,,
Saskatchewan,Saskatchewan Central East,Bangor,,,,,,,,,,,
Saskatchewan,Saskatchewan Central East,Bird's Point,,,,,,,,,,,
Saskatchewan,Saskatchewan Central East,Bracken,,,,,,,,,,,
Saskatchewan,Saskatchewan Central East,Bredenbury,,,,,,,,,,,
Saskatchewan,Saskatchewan Central East,Bruno,,,,,,,,,,,
Saskatchewan,Saskatchewan Central East,Buchanan,,,,,,,,,,,
Saskatchewan,Saskatchewan Central East,Bulyea,,,,,,,,,,,
Saskatchewan,Saskatchewan Central East,Burstall,,,,,,,,,,,
Saskatchewan,Saskatchewan Central East,Cabri,,,,,,,,,,,
Saskatchewan,Saskatchewan Central East,Canora,,,,,,,,,,,
Saskatchewan,Saskatchewan Central East,Carmichael,,,,,,,,,,,
Saskatchewan,Saskatchewan Central East,Chamberlain,,,,,,,,,,,
Saskatchewan,Saskatchewan Central East,Chorney Beach,,,,,,,,,,,
Saskatchewan,Saskatchewan Central East,Churchbridge,,,,,,,,,,,
Saskatchewan,Saskatchewan Central East,Climax,,,,,,,,,,,
Saskatchewan,Saskatchewan Central East,Consul,,,,,,,,,,,
Saskatchewan,Saskatchewan Central East,Cote First Nation,,,,,,,,,,,
Saskatchewan,Saskatchewan Central East,Dafoe,,,,,,,,,,,
Saskatchewan,Saskatchewan Central East,Dilke,,,,,,,,,,,
Saskatchewan,Saskatchewan Central East,Drake,,,,,,,,,,,
Saskatchewan,Saskatchewan Central East,Dubuc,,,,,,,,,,,
Saskatchewan,Saskatchewan Central East,Duff,,,,,,,,,,,
Saskatchewan,Saskatchewan Central East,Duval,,,,,,,,,,,
Saskatchewan,Saskatchewan Central East,Eastend,,,,,,,,,,,
Saskatchewan,Saskatchewan Central East,Elfros,,,,,,,,,,,
Saskatchewan,Saskatchewan Central East,Endeavour,,,,,,,,,,,
Saskatchewan,Saskatchewan Central East,Englefeld,,,,,,,,,,,
Saskatchewan,Saskatchewan Central East,Esterhazy,,,,,,,,,,,
Saskatchewan,Saskatchewan Central East,Etters Beach,,,,,,,,,,,
Saskatchewan,Saskatchewan Central East,Fenwood,,,,,,,,,,,
Saskatchewan,Saskatchewan Central East,Foam Lake,,,,,,,,,,,
Saskatchewan,Saskatchewan Central East,Fosston,,,,,,,,,,,
Saskatchewan,Saskatchewan Central East,Fox Valley,,,,,,,,,,,
Saskatchewan,Saskatchewan Central East,Frontier,,,,,,,,,,,
Saskatchewan,Saskatchewan Central East,Gerald,,,,,,,,,,,
Saskatchewan,Saskatchewan Central East,Glen Harbour,,,,,,,,,,,
Saskatchewan,Saskatchewan Central East,Golden Prairie,,,,,,,,,,,
Saskatchewan,Saskatchewan Central East,Goodeve,,,,,,,,,,,
Saskatchewan,Saskatchewan Central East,Govan,,,,,,,,,,,
Saskatchewan,Saskatchewan Central East,Grandview Beach,,,,,,,,,,,
Saskatchewan,Saskatchewan Central East,Grayson,,,,,,,,,,,
Saskatchewan,Saskatchewan Central East,Gull Lake,,,,,,,,,,,
Saskatchewan,Saskatchewan Central East,Hazlet,,,,,,,,,,,
Saskatchewan,Saskatchewan Central East,Holdfast,,,,,,,,,,,
Saskatchewan,Saskatchewan Central East,Hubbard,,,,,,,,,,,
Saskatchewan,Saskatchewan Central East,Humboldt,,,,,,,,,,,
Saskatchewan,Saskatchewan Central East,Hyas,,,,,,,,,,,
Saskatchewan,Saskatchewan Central East,Imperial,,,,,,,,,,,
Saskatchewan,Saskatchewan Central East,Invermay,,,,,,,,,,,
Saskatchewan,Saskatchewan Central East,Island View,,,,,,,,,,,
Saskatchewan,Saskatchewan Central East,Ituna,,,,,,,,,,,
Saskatchewan,Saskatchewan Central East,Jansen,,,,,,,,,,,
Saskatchewan,Saskatchewan Central East,Kamsack,,,,,,,,,,,
Saskatchewan,Saskatchewan Central East,Kelliher,,,,,,,,,,,
Saskatchewan,Saskatchewan Central East,Kelvington,,,,,,,,,,,
Saskatchewan,Saskatchewan Central East,Killaly,,,,,,,,,,,
Saskatchewan,Saskatchewan Central East,Lake Lenore,,,,,,,,,,,
Saskatchewan,Saskatchewan Central East,Lancer,,,,,,,,,,,
Saskatchewan,Saskatchewan Central East,Langenburg,,,,,,,,,,,
Saskatchewan,Saskatchewan Central East,Lanigan,,,,,,,,,,,
Saskatchewan,Saskatchewan Central East,Leader,,,,,,,,,,,
Saskatchewan,Saskatchewan Central East,Lemberg,,,,,,,,,,,
Saskatchewan,Saskatchewan Central East,Leross,,,,,,,,,,,
Saskatchewan,Saskatchewan Central East,LeRoy,,,,,,,,,,,
Saskatchewan,Saskatchewan Central East,Leslie Beach,,,,,,,,,,,
Saskatchewan,Saskatchewan Central East,Lestock,,,,,,,,,,,
Saskatchewan,Saskatchewan Central East,Lintlaw,,,,,,,,,,,
Saskatchewan,Saskatchewan Central East,MacNutt,,,,,,,,,,,
Saskatchewan,Saskatchewan Central East,Manitou Beach,,,,,,,,,,,
Saskatchewan,Saskatchewan Central East,Maple Creek,,,,,,,,,,,
Saskatchewan,Saskatchewan Central East,Margo,,,,,,,,,,,
Saskatchewan,Saskatchewan Central East,Melville,,,,,,,,,,,
Saskatchewan,Saskatchewan Central East,Melville Beach,,,,,,,,,,,
Saskatchewan,Saskatchewan Central East,Mendham,,,,,,,,,,,
Saskatchewan,Saskatchewan Central East,Middle Lake,,,,,,,,,,,
Saskatchewan,Saskatchewan Central East,Muenster,,,,,,,,,,,
Saskatchewan,Saskatchewan Central East,Muskowekwan First Nation,,,,,,,,,,,
Saskatchewan,Saskatchewan Central East,Nekaneet First Nation,,,,,,,,,,,
Saskatchewan,Saskatchewan Central East,Neudorf,,,,,,,,,,,
Saskatchewan,Saskatchewan Central East,Nokomis,,,,,,,,,,,
Saskatchewan,Saskatchewan Central East,Norquay,,,,,,,,,,,
Saskatchewan,Saskatchewan Central East,Pelly,,,,,,,,,,,
Saskatchewan,Saskatchewan Central East,Pennant,,,,,,,,,,,
Saskatchewan,Saskatchewan Central East,Pilger,,,,,,,,,,,
Saskatchewan,Saskatchewan Central East,Preeceville,,,,,,,,,,,
Saskatchewan,Saskatchewan Central East,Prelate,,,,,,,,,,,
Saskatchewan,Saskatchewan Central East,Punnichy,,,,,,,,,,,
Saskatchewan,Saskatchewan Central East,Quill Lake,,,,,,,,,,,
Saskatchewan,Saskatchewan Central East,Quinton,,,,,,,,,,,
Saskatchewan,Saskatchewan Central East,Rama,,,,,,,,,,,
Saskatchewan,Saskatchewan Central East,Raymore,,,,,,,,,,,
Saskatchewan,Saskatchewan Central East,Richmound,,,,,,,,,,,
Saskatchewan,Saskatchewan Central East,Rose Valley,,,,,,,,,,,
Saskatchewan,Saskatchewan Central East,Saltcoats,,,,,,,,,,,
Saskatchewan,Saskatchewan Central East,Sceptre,,,,,,,,,,,
Saskatchewan,Saskatchewan Central East,Semans,,,,,,,,,,,
Saskatchewan,Saskatchewan Central East,Shaunavon,,,,,,,,,,,
Saskatchewan,Saskatchewan South West,Sheho,,,,,,,,,,,
Saskatchewan,Saskatchewan South West,Simpson,,,,,,,,,,,
Saskatchewan,Saskatchewan South West,Spalding,,,,,,,,,,,
Saskatchewan,Saskatchewan South West,Spy Hill,,,,,,,,,,,
Saskatchewan,Saskatchewan South West,St. Benedict,,,,,,,,,,,
Saskatchewan,Saskatchewan South West,St. Gregor,,,,,,,,,,,
Saskatchewan,Saskatchewan South West,Stenen,,,,,,,,,,,
Saskatchewan,Saskatchewan South West,Stewart Valley,,,,,,,,,,,
Saskatchewan,Saskatchewan South West,Strasbourg,,,,,,,,,,,
Saskatchewan,Saskatchewan South West,Sturgis,,,,,,,,,,,
Saskatchewan,Saskatchewan South West,Success,,,,,,,,,,,
Saskatchewan,Saskatchewan South West,Sunset Cove,,,,,,,,,,,
Saskatchewan,Saskatchewan South West,Swift Current,,,,,,,,,,,
Saskatchewan,Saskatchewan South West,Tantallon,,,,,,,,,,,
Saskatchewan,Saskatchewan South West,Theodore,,,,,,,,,,,
Saskatchewan,Saskatchewan South West,Togo,,,,,,,,,,,
Saskatchewan,Saskatchewan South West,Tompkins,,,,,,,,,,,
Saskatchewan,Saskatchewan South West,Val Marie,,,,,,,,,,,
Saskatchewan,Saskatchewan South West,Wadena,,,,,,,,,,,
Saskatchewan,Saskatchewan South West,Waldron,,,,,,,,,,,
Saskatchewan,Saskatchewan South West,Watrous,,,,,,,,,,,
Saskatchewan,Saskatchewan South West,Watson,,,,,,,,,,,
Saskatchewan,Saskatchewan South West,Webb,,,,,,,,,,,
Saskatchewan,Saskatchewan South West,Wee Too Beach,,,,,,,,,,,
Saskatchewan,Saskatchewan South West,West End,,,,,,,,,,,
Saskatchewan,Saskatchewan South West,Wynyard,,,,,,,,,,,
Saskatchewan,Saskatchewan South West,Yarbo,,,,,,,,,,,
Saskatchewan,Saskatchewan South West,Young,,,,,,,,,,,
Saskatchewan,Saskatchewan South West,Zelma,,,,,,,,,,,
Saskatchewan,Saskatchewan South Central,Assiniboia,,,,,,,,,,,
Saskatchewan,Saskatchewan South Central,Beaver Flat,,,,,,,,,,,
Saskatchewan,Saskatchewan South Central,Cadillac,,,,,,,,,,,
Saskatchewan,Saskatchewan South Central,Chaplin,,,,,,,,,,,
Saskatchewan,Saskatchewan South Central,Coderre,,,,,,,,,,,
Saskatchewan,Saskatchewan South Central,Coronach,,,,,,,,,,,
Saskatchewan,Saskatchewan South Central,Ernfold,,,,,,,,,,,
Saskatchewan,Saskatchewan South Central,Gravelbourg,,,,,,,,,,,
Saskatchewan,Saskatchewan South Central,Hazenmore,,,,,,,,,,,
Saskatchewan,Saskatchewan South Central,Herbert,,,,,,,,,,,
Saskatchewan,Saskatchewan South Central,Hodgeville,,,,,,,,,,,
Saskatchewan,Saskatchewan South Central,Kincaid,,,,,,,,,,,
Saskatchewan,Saskatchewan South Central,Lafleche,,,,,,,,,,,
Saskatchewan,Saskatchewan South Central,Limerick,,,,,,,,,,,
Saskatchewan,Saskatchewan South Central,Mankota,,,,,,,,,,,
Saskatchewan,Saskatchewan South Central,Morse,,,,,,,,,,,
Saskatchewan,Saskatchewan South Central,Mossbank,,,,,,,,,,,
Saskatchewan,Saskatchewan South Central,Neville,,,,,,,,,,,
Saskatchewan,Saskatchewan South Central,Ponteix,,,,,,,,,,,
Saskatchewan,Saskatchewan South Central,Rockglen,,,,,,,,,,,
Saskatchewan,Saskatchewan South Central,Rush Lake,,,,,,,,,,,
Saskatchewan,Saskatchewan South Central,Shamrock,,,,,,,,,,,
Saskatchewan,Saskatchewan South Central,Vanguard,,,,,,,,,,,
Saskatchewan,Saskatchewan South Central,Waldeck,,,,,,,,,,,
Saskatchewan,Saskatchewan South Central,Willow Bunch,,,,,,,,,,,
Saskatchewan,Saskatchewan South Central,Wood Mountain,,,,,,,,,,,
Saskatchewan,Saskatchewan South Central,Avonlea,,,,,,,,,,,
Saskatchewan,Saskatchewan South Central,Briercrest,,,,,,,,,,,
Saskatchewan,Saskatchewan South Central,Brownlee,,,,,,,,,,,
Saskatchewan,Saskatchewan South Central,Caronport,,,,,,,,,,,
Saskatchewan,Saskatchewan South Central,Central Butte,,,,,,,,,,,
Saskatchewan,Saskatchewan South Central,Drinkwater,,,,,,,,,,,
Saskatchewan,Saskatchewan South Central,Eyebrow,,,,,,,,,,,
Saskatchewan,Saskatchewan South Central,Keeler,,,,,,,,,,,
Saskatchewan,Saskatchewan South Central,Marquis,,,,,,,,,,,
Saskatchewan,Saskatchewan South Central,Moose Jaw,,,,,,,,,,,
Saskatchewan,Saskatchewan South Central,Mortlach,,,,,,,,,,,
Saskatchewan,Saskatchewan South Central,Rouleau,,,,,,,,,,,
Saskatchewan,Saskatchewan South Central,South Lake,,,,,,,,,,,
Saskatchewan,Saskatchewan South Central,Sun Valley,,,,,,,,,,,
Saskatchewan,Saskatchewan South Central,Tuxford,,,,,,,,,,,
Saskatchewan,Saskatchewan South East,Abernethy,,,,,,,,,,,
Saskatchewan,Saskatchewan South East,Balcarres,,,,,,,,,,,
Saskatchewan,Saskatchewan South East,B-Say-Tah,,,,,,,,,,,
Saskatchewan,Saskatchewan South East,Dysart,,,,,,,,,,,
Saskatchewan,Saskatchewan South East,Fort Qu'Appelle,,,,,,,,,,,
Saskatchewan,Saskatchewan South East,Fort San,,,,,,,,,,,
Saskatchewan,Saskatchewan South East,Francis,,,,,,,,,,,
Saskatchewan,Saskatchewan South East,Glenavon,,,,,,,,,,,
Saskatchewan,Saskatchewan South East,Grenfell,,,,,,,,,,,
Saskatchewan,Saskatchewan South East,Indian Head,,,,,,,,,,,
Saskatchewan,Saskatchewan South East,Katepwa,,,,,,,,,,,
Saskatchewan,Saskatchewan South East,Kendal,,,,,,,,,,,
Saskatchewan,Saskatchewan South East,Lebret,,,,,,,,,,,
Saskatchewan,Saskatchewan South East,Lipton,,,,,,,,,,,
Saskatchewan,Saskatchewan South East,McLean,,,,,,,,,,,
Saskatchewan,Saskatchewan South East,Montmartre,,,,,,,,,,,
Saskatchewan,Saskatchewan South East,Odessa,,,,,,,,,,,
Saskatchewan,Saskatchewan South East,Qu'Appelle,,,,,,,,,,,
Saskatchewan,Saskatchewan South East,Sedley,,,,,,,,,,,
Saskatchewan,Saskatchewan South East,Sintaluta,,,,,,,,,,,
Saskatchewan,Saskatchewan South East,Vibank,,,,,,,,,,,
Saskatchewan,Saskatchewan South East,Windthorst,,,,,,,,,,,
Saskatchewan,Saskatchewan South East,Wolseley,,,,,,,,,,,
Saskatchewan,Saskatchewan South East,Broadview,,,,,,,,,,,
Saskatchewan,Saskatchewan South East,Cowessess First Nation,,,,,,,,,,,
Saskatchewan,Saskatchewan South East,Fairlight,,,,,,,,,,,
Saskatchewan,Saskatchewan South East,Fleming,,,,,,,,,,,
Saskatchewan,Saskatchewan South East,Kennedy,,,,,,,,,,,
Saskatchewan,Saskatchewan South East,Kenossee Lake,,,,,,,,,,,
Saskatchewan,Saskatchewan South East,Kipling,,,,,,,,,,,
Saskatchewan,Saskatchewan South East,Maryfield,,,,,,,,,,,
Saskatchewan,Saskatchewan South East,Moosomin,,,,,,,,,,,
Saskatchewan,Saskatchewan South East,Rocanville,,,,,,,,,,,
Saskatchewan,Saskatchewan South East,Wapella,,,,,,,,,,,
Saskatchewan,Saskatchewan South East,Wawota,,,,,,,,,,,
Saskatchewan,Saskatchewan South East,Welwyn,,,,,,,,,,,
Saskatchewan,Saskatchewan South East,Whitewood,,,,,,,,,,,
Saskatchewan,Saskatchewan South East,Bengough,,,,,,,,,,,
Saskatchewan,Saskatchewan South East,Ceylon,,,,,,,,,,,
Saskatchewan,Saskatchewan South East,Creelman,,,,,,,,,,,
Saskatchewan,Saskatchewan South East,Fillmore,,,,,,,,,,,
Saskatchewan,Saskatchewan South East,Goodwater,,,,,,,,,,,
Saskatchewan,Saskatchewan South East,Halbrite,,,,,,,,,,,
Saskatchewan,Saskatchewan South East,Lake Alma,,,,,,,,,,,
Saskatchewan,Saskatchewan South East,Lang,,,,,,,,,,,
Saskatchewan,Saskatchewan South East,Macoun,,,,,,,,,,,
Saskatchewan,Saskatchewan South East,McTaggart,,,,,,,,,,,
Saskatchewan,Saskatchewan South East,Midale,,,,,,,,,,,
Saskatchewan,Saskatchewan South East,Minton,,,,,,,,,,,
Saskatchewan,Saskatchewan South East,Ogema,,,,,,,,,,,
Saskatchewan,Saskatchewan South East,Osage,,,,,,,,,,,
Saskatchewan,Saskatchewan South East,Pangman,,,,,,,,,,,
Saskatchewan,Saskatchewan South East,Radville,,,,,,,,,,,
Saskatchewan,Saskatchewan South East,Tribune,,,,,,,,,,,
Saskatchewan,Saskatchewan South East,Weyburn,,,,,,,,,,,
Saskatchewan,Saskatchewan South East,Yellow Grass,,,,,,,,,,,
Saskatchewan,Saskatchewan South East,Alameda,,,,,,,,,,,
Saskatchewan,Saskatchewan South East,Alida,,,,,,,,,,,
Saskatchewan,Saskatchewan South East,Arcola,,,,,,,,,,,
Saskatchewan,Saskatchewan South East,Bienfait,,,,,,,,,,,
Saskatchewan,Saskatchewan South East,Carievale,,,,,,,,,,,
Saskatchewan,Saskatchewan South East,Carlyle,,,,,,,,,,,
Saskatchewan,Saskatchewan South East,Carnduff,,,,,,,,,,,
Saskatchewan,Saskatchewan South East,Estevan,,,,,,,,,,,
Saskatchewan,Saskatchewan South East,Forget,,,,,,,,,,,
Saskatchewan,Saskatchewan South East,Glen Ewan,,,,,,,,,,,
Saskatchewan,Saskatchewan South East,Gainsborough,,,,,,,,,,,
Saskatchewan,Saskatchewan South East,Heward,,,,,,,,,,,
Saskatchewan,Saskatchewan South East,Kisbey,,,,,,,,,,,
Saskatchewan,Saskatchewan South East,Lampman,,,,,,,,,,,
Saskatchewan,Saskatchewan South East,Manor,,,,,,,,,,,
Saskatchewan,Saskatchewan South East,Oxbow,,,,,,,,,,,
Saskatchewan,Saskatchewan South East,Redvers,,,,,,,,,,,
Saskatchewan,Saskatchewan South East,Roche Percee,,,,,,,,,,,
Saskatchewan,Saskatchewan South East,Storthoaks,,,,,,,,,,,
Saskatchewan,Saskatchewan South East,Stoughton,,,,,,,,,,,
Saskatchewan,Saskatchewan South East,Torquay,,,,,,,,,,,
Saskatchewan,Saskatchewan South East,White Bear First Nation ,,,,,,,,,,,
Saskatchewan,Saskatoon,Saskatoon East,Core Neighbourhood,Nutana,,,,,,,,,
Saskatchewan,Saskatoon,Saskatoon East,Core Neighbourhood,Varsity View,,,,,,,,,
Saskatchewan,Saskatoon,Saskatoon East,Holmwood,Brighton,,,,,,,,,
Saskatchewan,Saskatoon,Saskatoon East,Holmwood,U of S Lands,,,,,,,,,
Saskatchewan,Saskatoon,Saskatoon East,Lakewood,Briarwood,,,,,,,,,
Saskatchewan,Saskatoon,Saskatoon East,Lakewood,College Park,,,,,,,,,
Saskatchewan,Saskatoon,Saskatoon East,Lakewood,College Park East,,,,,,,,,
Saskatchewan,Saskatoon,Saskatoon East,Lakewood,Hillcrest Management Area,,,,,,,,,
Saskatchewan,Saskatoon,Saskatoon East,Lakewood,Lakeridge,,,,,,,,,
Saskatchewan,Saskatoon,Saskatoon East,Lakewood,Lakewood Suburban Centre,,,,,,,,,
Saskatchewan,Saskatoon,Saskatoon East,Lakewood,Lakeview,,,,,,,,,
Saskatchewan,Saskatoon,Saskatoon East,Lakewood,Rosewood,,,,,,,,,
Saskatchewan,Saskatoon,Saskatoon East,Lakewood,Wildwood,,,,,,,,,
Saskatchewan,Saskatoon,Saskatoon East,Nutana,Adelaide/Churchill,,,,,,,,,
Saskatchewan,Saskatoon,Saskatoon East,Nutana,Avalon,,,,,,,,,
Saskatchewan,Saskatoon,Saskatoon East,Nutana,Brevoort Park,,,,,,,,,
Saskatchewan,Saskatoon,Saskatoon East,Nutana,Buena Vista,,,,,,,,,
Saskatchewan,Saskatoon,Saskatoon East,Nutana,C.N. Industrial,,,,,,,,,
Saskatchewan,Saskatoon,Saskatoon East,Nutana,Diefenbaker Management Area,,,,,,,,,
Saskatchewan,Saskatoon,Saskatoon East,Nutana,Eastview,,,,,,,,,
Saskatchewan,Saskatoon,Saskatoon East,Nutana,Exhibition,,,,,,,,,
Saskatchewan,Saskatoon,Saskatoon East,Nutana,Greystone Heights,,,,,,,,,
Saskatchewan,Saskatoon,Saskatoon East,Nutana,Grosvenor Park,,,,,,,,,
Saskatchewan,Saskatoon,Saskatoon East,Nutana,Haultain,,,,,,,,,
Saskatchewan,Saskatoon,Saskatoon East,Nutana,Holliston,,,,,,,,,
Saskatchewan,Saskatoon,Saskatoon East,Nutana,Nutana Park,,,,,,,,,
Saskatchewan,Saskatoon,Saskatoon East,Nutana,Nutana Suburban Centre,,,,,,,,,
Saskatchewan,Saskatoon,Saskatoon East,Nutana,Queen Elizabeth,,,,,,,,,
Saskatchewan,Saskatoon,Saskatoon East,Nutana,South Development Area,,,,,,,,,
Saskatchewan,Saskatoon,Saskatoon East,Nutana,Stonebridge,,,,,,,,,
Saskatchewan,Saskatoon,Saskatoon East,Nutana,The Willows,,,,,,,,,
Saskatchewan,Saskatoon,Saskatoon East,University Heights,Arbor Creek,,,,,,,,,
Saskatchewan,Saskatoon,Saskatoon East,University Heights,Aspen Ridge,,,,,,,,,
Saskatchewan,Saskatoon,Saskatoon East,University Heights,Erindale,,,,,,,,,
Saskatchewan,Saskatoon,Saskatoon East,University Heights,Evergreen,,,,,,,,,
Saskatchewan,Saskatoon,Saskatoon East,University Heights,Forest Grove,,,,,,,,,
Saskatchewan,Saskatoon,Saskatoon East,University Heights,Silverspring,,,,,,,,,
Saskatchewan,Saskatoon,Saskatoon East,University Heights,Sutherland,,,,,,,,,
Saskatchewan,Saskatoon,Saskatoon East,University Heights,Sutherland Industrial,,,,,,,,,
Saskatchewan,Saskatoon,Saskatoon East,University Heights,University Heights Suburban Centre,,,,,,,,,
Saskatchewan,Saskatoon,Saskatoon East,University Heights,Willowgrove,,,,,,,,,
Saskatchewan,Saskatoon,Saskatoon East,University Heights,University of Saskatchewan Management Area,,,,,,,,,
Saskatchewan,Saskatoon,Saskatoon West,Blairmore,Blairmore Suburban Centre,,,,,,,,,
Saskatchewan,Saskatoon,Saskatoon West,Blairmore,Elk Point,,,,,,,,,
Saskatchewan,Saskatoon,Saskatoon West,Blairmore,Kensington,,,,,,,,,
Saskatchewan,Saskatoon,Saskatoon West,Blairmore,Blairmore Development Area,,,,,,,,,
Saskatchewan,Saskatoon,Saskatoon West,Confederation,AgPro Industrial,,,,,,,,,
Saskatchewan,Saskatoon,Saskatoon West,Confederation,Confederation Park,,,,,,,,,
Saskatchewan,Saskatoon,Saskatoon West,Confederation,Confederation Suburban Centre,,,,,,,,,
Saskatchewan,Saskatoon,Saskatoon West,Confederation,Dundonald,,,,,,,,,
Saskatchewan,Saskatoon,Saskatoon West,Confederation,Fairhaven,,,,,,,,,
Saskatchewan,Saskatoon,Saskatoon West,Confederation,Hampton Village,,,,,,,,,
Saskatchewan,Saskatoon,Saskatoon West,Confederation,Holiday Park,,,,,,,,,
Saskatchewan,Saskatoon,Saskatoon West,Confederation,Hudson Bay Park,,,,,,,,,
Saskatchewan,Saskatoon,Saskatoon West,Confederation,Massey Place,,,,,,,,,
Saskatchewan,Saskatoon,Saskatoon West,Confederation,Meadowgreen,,,,,,,,,
Saskatchewan,Saskatoon,Saskatoon West,Confederation,Montgomery Place,,,,,,,,,
Saskatchewan,Saskatoon,Saskatoon West,Confederation,Mount Royal,,,,,,,,,
Saskatchewan,Saskatoon,Saskatoon West,Confederation,Pacific Heights,,,,,,,,,
Saskatchewan,Saskatoon,Saskatoon West,Confederation,Parkridge,,,,,,,,,
Saskatchewan,Saskatoon,Saskatoon West,Confederation,South West Industrial,,,,,,,,,
Saskatchewan,Saskatoon,Saskatoon West,Confederation,West Industrial,,,,,,,,,
Saskatchewan,Saskatoon,Saskatoon West,Confederation,Westview,,,,,,,,,
Saskatchewan,Saskatoon,Saskatoon West,Confederation,CN Yards Management Area,,,,,,,,,
Saskatchewan,Saskatoon,Saskatoon West,Confederation,Gordie Howe Management Area,,,,,,,,,
Saskatchewan,Saskatoon,Saskatoon West,Confederation,SaskPower Management Area,,,,,,,,,
Saskatchewan,Saskatoon,Saskatoon West,Core Neighbourhood,Caswell Hill,,,,,,,,,
Saskatchewan,Saskatoon,Saskatoon West,Core Neighbourhood,City Park,,,,,,,,,
Saskatchewan,Saskatoon,Saskatoon West,Core Neighbourhood,Downtown,,,,,,,,,
Saskatchewan,Saskatoon,Saskatoon West,Core Neighbourhood,King George,,,,,,,,,
Saskatchewan,Saskatoon,Saskatoon West,Core Neighbourhood,Pleasant Hill,,,,,,,,,
Saskatchewan,Saskatoon,Saskatoon West,Core Neighbourhood,Riversdale,,,,,,,,,
Saskatchewan,Saskatoon,Saskatoon West,Core Neighbourhood,Westmount,,,,,,,,,
Saskatchewan,Saskatoon,Saskatoon West,Lawson,Central Industrial,,,,,,,,,
Saskatchewan,Saskatoon,Saskatoon West,Lawson,Kelsey-Woodlawn,,,,,,,,,
Saskatchewan,Saskatoon,Saskatoon West,Lawson,Lawson Heights,,,,,,,,,
Saskatchewan,Saskatoon,Saskatoon West,Lawson,Lawson Heights Suburban Centre,,,,,,,,,
Saskatchewan,Saskatoon,Saskatoon West,Lawson,Mayfair,,,,,,,,,
Saskatchewan,Saskatoon,Saskatoon West,Lawson,North Park,,,,,,,,,
Saskatchewan,Saskatoon,Saskatoon West,Lawson,Richmond Heights,,,,,,,,,
Saskatchewan,Saskatoon,Saskatoon West,Lawson,River Heights,,,,,,,,,
Saskatchewan,Saskatoon,Saskatoon West,Lawson,Silverwood Heights,,,,,,,,,
Saskatchewan,Saskatoon,Saskatoon West,North Industrial,Agriplace,,,,,,,,,
Saskatchewan,Saskatoon,Saskatoon West,North Industrial,Airport Business Area,,,,,,,,,
Saskatchewan,Saskatoon,Saskatoon West,North Industrial,Hudson Bay Industrial,,,,,,,,,
Saskatchewan,Saskatoon,Saskatoon West,North Industrial,Marquis Industrial,,,,,,,,,
Saskatchewan,Saskatoon,Saskatoon West,North Industrial,North Industrial,,,,,,,,,
Saskatchewan,Saskatoon,Saskatoon West,North Industrial,Airport Management Area,,,,,,,,,
Saskatchewan,Saskatoon,Saskatoon West,North Industrial,Riel Industrial,,,,,,,,,
Saskatchewan,Regina,Regina West,Dieppe,,,,,,,,,,
Saskatchewan,Regina,Regina West,McNab,,,,,,,,,,
Saskatchewan,Regina,Regina West,Normanview,,,,,,,,,,
Saskatchewan,Regina,Regina West,Normanview West,,,,,,,,,,
Saskatchewan,Regina,Regina West,Prairie View,,,,,,,,,,
Saskatchewan,Regina,Regina West,Regent Park,,,,,,,,,,
Saskatchewan,Regina,Regina West,Rosemont/Mount Royal,,,,,,,,,,
Saskatchewan,Regina,Regina West,Sherwood/McCarthy,,,,,,,,,,
Saskatchewan,Regina,Regina West,Twin Lakes,,,,,,,,,,
Saskatchewan,Regina,Regina West,Walsh Acres / Lakeridge,,,,,,,,,,
Saskatchewan,Regina,Regina Central,Al Ritchie,,,,,,,,,,
Saskatchewan,Regina,Regina Central,Cathedral,,,,,,,,,,
Saskatchewan,Regina,Regina Central,Core Group,,,,,,,,,,
Saskatchewan,Regina,Regina Central,Downtown,,,,,,,,,,
Saskatchewan,Regina,Regina Central,Eastview,,,,,,,,,,
Saskatchewan,Regina,Regina Central,Gladmer Park,,,,,,,,,,
Saskatchewan,Regina,Regina Central,North Central,,,,,,,,,,
Saskatchewan,Regina,Regina Central,Transitional Area,,,,,,,,,,
Saskatchewan,Regina,Regina East,Arcola East - North,,,,,,,,,,
Saskatchewan,Regina,Regina East,Arcola East - South,,,,,,,,,,
Saskatchewan,Regina,Regina East,Boothill,,,,,,,,,,
Saskatchewan,Regina,Regina East,Glencairn,,,,,,,,,,
Saskatchewan,Regina,Regina East,Glenelm,,,,,,,,,,
Saskatchewan,Regina,Regina North,Argyle Park-Englewood,,,,,,,,,,
Saskatchewan,Regina,Regina North,Coronation Park,,,,,,,,,,
Saskatchewan,Regina,Regina North,Northeast,,,,,,,,,,
Saskatchewan,Regina,Regina North,Uplands,,,,,,,,,,
Saskatchewan,Regina,Regina South,Albert Park,,,,,,,,,,
Saskatchewan,Regina,Regina South,Hillsdale,,,,,,,,,,
Saskatchewan,Regina,Regina South,Lakeview,,,,,,,,,,
Saskatchewan,Regina,Regina South,Whitmore Park,,,,,,,,,,
Manitoba,Manitoba South East Region,Beausejour,,,,,,,,,,,
Manitoba,Manitoba South East Region,Emerson,,,,,,,,,,,
Manitoba,Manitoba South East Region,Hanover,,,,,,,,,,,
Manitoba,Manitoba South East Region,La Broquerie,,,,,,,,,,,
Manitoba,Manitoba South East Region,Lac du Bonnet,,,,,,,,,,,
Manitoba,Manitoba South East Region,Niverville,,,,,,,,,,,
Manitoba,Manitoba South East Region,Powerview-Pine Falls,,,,,,,,,,,
Manitoba,Manitoba South East Region,Ritchot,,,,,,,,,,,
Manitoba,Manitoba South East Region,Springfield,,,,,,,,,,,
Manitoba,Manitoba South East Region,St. Pierre-Jolys,,,,,,,,,,,
Manitoba,Manitoba South East Region,Steinbach,,,,,,,,,,,
Manitoba,Manitoba South East Region,Stuartburn,,,,,,,,,,,
Manitoba,Manitoba South East Region,Taché,,,,,,,,,,,
Manitoba,Manitoba South Central Region,Altona,,,,,,,,,,,
Manitoba,Manitoba South Central Region,Carman,,,,,,,,,,,
Manitoba,Manitoba South Central Region,Cartwright,,,,,,,,,,,
Manitoba,Manitoba South Central Region,Manitou,,,,,,,,,,,
Manitoba,Manitoba South Central Region,Winkler,,,,,,,,,,,
Manitoba,Manitoba South West Region,Boissevain,,,,,,,,,,,
Manitoba,Manitoba South West Region,Brandon,Assiniboine Park,,,,,,,,,,
Manitoba,Manitoba South West Region,Brandon,Bellafield,,,,,,,,,,
Manitoba,Manitoba South West Region,Brandon,Brookwood,,,,,,,,,,
Manitoba,Manitoba South West Region,Brandon,East End,,,,,,,,,,
Manitoba,Manitoba South West Region,Brandon,Greenacres,,,,,,,,,,
Manitoba,Manitoba South West Region,Brandon,Larkhill,,,,,,,,,,
Manitoba,Manitoba South West Region,Brandon,Linden Lanes,,,,,,,,,,
Manitoba,Manitoba South West Region,Brandon,Richmond Park,,,,,,,,,,
Manitoba,Manitoba South West Region,Brandon,Riverheights,,,,,,,,,,
Manitoba,Manitoba South West Region,Brandon,Trinity Park,,,,,,,,,,
Manitoba,Manitoba South West Region,Brandon,Valleyview,,,,,,,,,,
Manitoba,Manitoba South West Region,Brandon,Waverley,,,,,,,,,,
Manitoba,Manitoba South West Region,Brandon,Westview,,,,,,,,,,
Manitoba,Manitoba South West Region,Brandon,Woodlands,,,,,,,,,,
Manitoba,Manitoba South West Region,Hamiota,,,,,,,,,,,
Manitoba,Manitoba South West Region,Killarney,,,,,,,,,,,
Manitoba,Manitoba South West Region,Melita,,,,,,,,,,,
Manitoba,Manitoba South West Region,Minnedosa,,,,,,,,,,,
Manitoba,Manitoba South West Region,Neepawa,,,,,,,,,,,
Manitoba,Manitoba South West Region,Rivers,,,,,,,,,,,
Manitoba,Manitoba South West Region,Souris,,,,,,,,,,,
Manitoba,Manitoba South West Region,Virden,,,,,,,,,,,
Manitoba,Manitoba South West Region,Wawanesa,,,,,,,,,,,
Manitoba,Manitoba North Central,Gladstone,,,,,,,,,,,
Manitoba,Manitoba North Central,Macdonald,,,,,,,,,,,
Manitoba,Manitoba North Central,Portage la Prairie,,,,,,,,,,,
Manitoba,Manitoba North Central,St. Francois Xavier,,,,,,,,,,,
Manitoba,Manitoba North Central,Treherne,,,,,,,,,,,
Manitoba,Manitoba Interlake Region,Arborg,,,,,,,,,,,
Manitoba,Manitoba Interlake Region,Gimli,,,,,,,,,,,
Manitoba,Manitoba Interlake Region,Selkirk,,,,,,,,,,,
Manitoba,Manitoba Interlake Region,St. Andrews,,,,,,,,,,,
Manitoba,Manitoba Interlake Region,St. Clements,,,,,,,,,,,
Manitoba,Manitoba Interlake Region,St. Laurent,,,,,,,,,,,
Manitoba,Manitoba Interlake Region,Stonewall,,,,,,,,,,,
Manitoba,Manitoba Interlake Region,West St. Paul,,,,,,,,,,,
Manitoba,Manitoba Interlake Region,Woodlands,,,,,,,,,,,
Manitoba,Manitoba Parkland Region,Dauphin,,,,,,,,,,,
Manitoba,Manitoba Parkland Region,Grandview,,,,,,,,,,,
Manitoba,Manitoba Parkland Region,Roblin,,,,,,,,,,,
Manitoba,Manitoba Parkland Region,Russell,,,,,,,,,,,
Manitoba,Manitoba Parkland Region,Ste. Rose,,,,,,,,,,,
Manitoba,Manitoba Parkland Region,Swan Valley,,,,,,,,,,,
Manitoba,Manitoba Northern Region,Churchill,,,,,,,,,,,
Manitoba,Manitoba Northern Region,Flin Flon,,,,,,,,,,,
Manitoba,Manitoba Northern Region,Gillam,,,,,,,,,,,
Manitoba,Manitoba Northern Region,Grand Rapids,,,,,,,,,,,
Manitoba,Manitoba Northern Region,Leaf Rapids,,,,,,,,,,,
Manitoba,Manitoba Northern Region,Lynn Lake,,,,,,,,,,,
Manitoba,Manitoba Northern Region,Snow Lake,,,,,,,,,,,
Manitoba,Manitoba Northern Region,The Pas,,,,,,,,,,,
Manitoba,Manitoba Northern Region,Thompson,,,,,,,,,,,
Manitoba,Winnipeg,North Winnipeg,Amber Trails     ,,,,,,,,,,
Manitoba,Winnipeg,North Winnipeg,Castlebury Meadows,,,,,,,,,,
Manitoba,Winnipeg,North Winnipeg,Fowwarren Estates,,,,,,,,,,
Manitoba,Winnipeg,North Winnipeg,Garden City,,,,,,,,,,
Manitoba,Winnipeg,North Winnipeg,Inkster Gardens,,,,,,,,,,
Manitoba,Winnipeg,North Winnipeg,Mandalay North,,,,,,,,,,
Manitoba,Winnipeg,North Winnipeg,Mandalay West,,,,,,,,,,
Manitoba,Winnipeg,North Winnipeg,Maple Glen,,,,,,,,,,
Manitoba,Winnipeg,North Winnipeg,Maples,,,,,,,,,,
Manitoba,Winnipeg,North Winnipeg,Margaret Park,,,,,,,,,,
Manitoba,Winnipeg,North Winnipeg,Meadows West,,,,,,,,,,
Manitoba,Winnipeg,North Winnipeg,Meadowview,,,,,,,,,,
Manitoba,Winnipeg,North Winnipeg,North End,,,,,,,,,,
Manitoba,Winnipeg,North Winnipeg,Old Kildonan,,,,,,,,,,
Manitoba,Winnipeg,North Winnipeg,Parkway Village,,,,,,,,,,
Manitoba,Winnipeg,North Winnipeg,Point Douglas,,,,,,,,,,
Manitoba,Winnipeg,North Winnipeg,River Grove,,,,,,,,,,
Manitoba,Winnipeg,North Winnipeg,Riverbend,,,,,,,,,,
Manitoba,Winnipeg,North Winnipeg,Rivercrest,,,,,,,,,,
Manitoba,Winnipeg,North Winnipeg,Riverdale,,,,,,,,,,
Manitoba,Winnipeg,North Winnipeg,River's Edge,,,,,,,,,,
Manitoba,Winnipeg,North Winnipeg,Seven Oaks Crossing,,,,,,,,,,
Manitoba,Winnipeg,North Winnipeg,Shaughnessy Heights,,,,,,,,,,
Manitoba,Winnipeg,North Winnipeg,Sinclair Park,,,,,,,,,,
Manitoba,Winnipeg,North Winnipeg,Tyndall Narrows,,,,,,,,,,
Manitoba,Winnipeg,North Winnipeg,Tyndall Park,,,,,,,,,,
Manitoba,Winnipeg,North Winnipeg,Waterford Green,,,,,,,,,,
Manitoba,Winnipeg,North Winnipeg,West Kildonan,,,,,,,,,,
Manitoba,Winnipeg,North Winnipeg,West St. Paul,,,,,,,,,,
Manitoba,Winnipeg,North East Winnipeg,All Season Estates,,,,,,,,,,
Manitoba,Winnipeg,North East Winnipeg,Algonquin Estates,,,,,,,,,,
Manitoba,Winnipeg,North East Winnipeg,Algonquin Park,,,,,,,,,,
Manitoba,Winnipeg,North East Winnipeg,Birds Hill,,,,,,,,,,
Manitoba,Winnipeg,North East Winnipeg,Canterbury Park,,,,,,,,,,
Manitoba,Winnipeg,North East Winnipeg,Crocus Meadows,,,,,,,,,,
Manitoba,Winnipeg,North East Winnipeg,Devonshire Village,,,,,,,,,,
Manitoba,Winnipeg,North East Winnipeg,Eaglemere,,,,,,,,,,
Manitoba,Winnipeg,North East Winnipeg,East Kildonan,,,,,,,,,,
Manitoba,Winnipeg,North East Winnipeg,East St. Paul,,,,,,,,,,
Manitoba,Winnipeg,North East Winnipeg,Elmwood,,,,,,,,,,
Manitoba,Winnipeg,North East Winnipeg,Elmwood Park,,,,,,,,,,
Manitoba,Winnipeg,North East Winnipeg,Fraser's Grove,,,,,,,,,,
Manitoba,Winnipeg,North East Winnipeg,Glengarry Park,,,,,,,,,,
Manitoba,Winnipeg,North East Winnipeg,Harbour View South,,,,,,,,,,
Manitoba,Winnipeg,North East Winnipeg,Kildonan Estates,,,,,,,,,,
Manitoba,Winnipeg,North East Winnipeg,Kildonan Meadows,,,,,,,,,,
Manitoba,Winnipeg,North East Winnipeg,Mission Gardens,,,,,,,,,,
Manitoba,Winnipeg,North East Winnipeg,Morse Place,,,,,,,,,,
Manitoba,Winnipeg,North East Winnipeg,North Kildonan,,,,,,,,,,
Manitoba,Winnipeg,North East Winnipeg,Oakwood Estates,,,,,,,,,,
Manitoba,Winnipeg,North East Winnipeg,Pritchard Farm,,,,,,,,,,
Manitoba,Winnipeg,North East Winnipeg,River East Estates,,,,,,,,,,
Manitoba,Winnipeg,North East Winnipeg,Silver Fox Estates,,,,,,,,,,
Manitoba,Winnipeg,North East Winnipeg,Star lite Village,,,,,,,,,,
Manitoba,Winnipeg,North East Winnipeg,Sun Valley,,,,,,,,,,
Manitoba,Winnipeg,North East Winnipeg,Transcona,,,,,,,,,,
Manitoba,Winnipeg,North East Winnipeg,Valley Gardens,,,,,,,,,,
Manitoba,Winnipeg,North West Winnipeg,Brooklands,,,,,,,,,,
Manitoba,Winnipeg,North West Winnipeg,Bourkevale,,,,,,,,,,
Manitoba,Winnipeg,North West Winnipeg,Bruce Park,,,,,,,,,,
Manitoba,Winnipeg,North West Winnipeg,Centreport,,,,,,,,,,
Manitoba,Winnipeg,North West Winnipeg,Crestview,,,,,,,,,,
Manitoba,Winnipeg,North West Winnipeg,Grace Hospital,,,,,,,,,,
Manitoba,Winnipeg,North West Winnipeg,Headingley North,,,,,,,,,,
Manitoba,Winnipeg,North West Winnipeg,Jameswood,,,,,,,,,,
Manitoba,Winnipeg,North West Winnipeg,Monterey Park,,,,,,,,,,
Manitoba,Winnipeg,North West Winnipeg,Polo Park,,,,,,,,,,
Manitoba,Winnipeg,North West Winnipeg,Sargent Park,,,,,,,,,,
Manitoba,Winnipeg,North West Winnipeg,Silver Heights,,,,,,,,,,
Manitoba,Winnipeg,North West Winnipeg,St. Charles,,,,,,,,,,
Manitoba,Winnipeg,North West Winnipeg,St. James,,,,,,,,,,
Manitoba,Winnipeg,North West Winnipeg,The Oaks,,,,,,,,,,
Manitoba,Winnipeg,North West Winnipeg,West Broadway,,,,,,,,,,
Manitoba,Winnipeg,North West Winnipeg,West End,,,,,,,,,,
Manitoba,Winnipeg,North West Winnipeg,Weston,,,,,,,,,,
Manitoba,Winnipeg,North West Winnipeg,Westwood,,,,,,,,,,
Manitoba,Winnipeg,North West Winnipeg,Wolseley,,,,,,,,,,
Manitoba,Winnipeg,North West Winnipeg,Woodhaven,,,,,,,,,,
Manitoba,Winnipeg,South West Winnipeg,Armstrong Point,,,,,,,,,,
Manitoba,Winnipeg,South West Winnipeg,Assiniboine Landing,,,,,,,,,,
Manitoba,Winnipeg,South West Winnipeg,Assiniboine Woods,,,,,,,,,,
Manitoba,Winnipeg,South West Winnipeg,Breezy Bend,,,,,,,,,,
Manitoba,Winnipeg,South West Winnipeg,Bridgewater Centre,,,,,,,,,,
Manitoba,Winnipeg,South West Winnipeg,Bridgewater Forest,,,,,,,,,,
Manitoba,Winnipeg,South West Winnipeg,Bridgewater Lakes,,,,,,,,,,
Manitoba,Winnipeg,South West Winnipeg,Charleswood,,,,,,,,,,
Manitoba,Winnipeg,South West Winnipeg,Crescentwood,,,,,,,,,,
Manitoba,Winnipeg,South West Winnipeg,Fairfield Park,,,,,,,,,,
Manitoba,Winnipeg,South West Winnipeg,Fort Garry,,,,,,,,,,
Manitoba,Winnipeg,South West Winnipeg,Fort Richmond,,,,,,,,,,
Manitoba,Winnipeg,South West Winnipeg,Fort Rouge,,,,,,,,,,
Manitoba,Winnipeg,South West Winnipeg,Fort Whyte,,,,,,,,,,
Manitoba,Winnipeg,South West Winnipeg,Grandmond Park,,,,,,,,,,
Manitoba,Winnipeg,South West Winnipeg,Headingley South,,,,,,,,,,
Manitoba,Winnipeg,South West Winnipeg,Linden Ridge,,,,,,,,,,
Manitoba,Winnipeg,South West Winnipeg,Linden Woods,,,,,,,,,,
Manitoba,Winnipeg,South West Winnipeg,Lord Roberts,,,,,,,,,,
Manitoba,Winnipeg,South West Winnipeg,Marston Meadows,,,,,,,,,,
Manitoba,Winnipeg,South West Winnipeg,Richmond Lakes,,,,,,,,,,
Manitoba,Winnipeg,South West Winnipeg,Richmond West,,,,,,,,,,
Manitoba,Winnipeg,South West Winnipeg,River Heights,,,,,,,,,,
Manitoba,Winnipeg,South West Winnipeg,River West Park,,,,,,,,,,
Manitoba,Winnipeg,South West Winnipeg,Riverview,,,,,,,,,,
Manitoba,Winnipeg,South West Winnipeg,South Pointe,,,,,,,,,,
Manitoba,Winnipeg,South West Winnipeg,University Heights,,,,,,,,,,
Manitoba,Winnipeg,South West Winnipeg,Waverley Heights,,,,,,,,,,
Manitoba,Winnipeg,South West Winnipeg,Waverley West,,,,,,,,,,
Manitoba,Winnipeg,South West Winnipeg,Westdale,,,,,,,,,,
Manitoba,Winnipeg,South West Winnipeg,Whyte Ridge,,,,,,,,,,
Manitoba,Winnipeg,South West Winnipeg,Wildwood,,,,,,,,,,
Manitoba,Winnipeg,South East Winnipeg,Bright Oaks,,,,,,,,,,
Manitoba,Winnipeg,South East Winnipeg,Dakota Crossing,,,,,,,,,,
Manitoba,Winnipeg,South East Winnipeg,Elm Park,,,,,,,,,,
Manitoba,Winnipeg,South East Winnipeg,Island Lakes,,,,,,,,,,
Manitoba,Winnipeg,South East Winnipeg,Meadowood,,,,,,,,,,
Manitoba,Winnipeg,South East Winnipeg,Niakwa Park,,,,,,,,,,
Manitoba,Winnipeg,South East Winnipeg,Niakwa Place,,,,,,,,,,
Manitoba,Winnipeg,South East Winnipeg,Norberry,,,,,,,,,,
Manitoba,Winnipeg,South East Winnipeg,Normand Park,,,,,,,,,,
Manitoba,Winnipeg,South East Winnipeg,Norwood,,,,,,,,,,
Manitoba,Winnipeg,South East Winnipeg,Norwood Flats,,,,,,,,,,
Manitoba,Winnipeg,South East Winnipeg,Pulberry,,,,,,,,,,
Manitoba,Winnipeg,South East Winnipeg,Ramblewood,,,,,,,,,,
Manitoba,Winnipeg,South East Winnipeg,River Park South,,,,,,,,,,
Manitoba,Winnipeg,South East Winnipeg,River Pointe,,,,,,,,,,
Manitoba,Winnipeg,South East Winnipeg,RM of Springfield,,,,,,,,,,
Manitoba,Winnipeg,South East Winnipeg,Royalwood,,,,,,,,,,
Manitoba,Winnipeg,South East Winnipeg,Sage Creek,,,,,,,,,,
Manitoba,Winnipeg,South East Winnipeg,South Glen,,,,,,,,,,
Manitoba,Winnipeg,South East Winnipeg,St. Boniface,,,,,,,,,,
Manitoba,Winnipeg,South East Winnipeg,St. Vital,,,,,,,,,,
Manitoba,Winnipeg,South East Winnipeg,Southdale,,,,,,,,,,
Manitoba,Winnipeg,South East Winnipeg,South Glen,,,,,,,,,,
Manitoba,Winnipeg,South East Winnipeg,South Land Park,,,,,,,,,,
Manitoba,Winnipeg,South East Winnipeg,Van Hull Estates,,,,,,,,,,
Manitoba,Winnipeg,South East Winnipeg,Waterside Estates,,,,,,,,,,
Manitoba,Winnipeg,South East Winnipeg,Windsor Park,,,,,,,,,,
Manitoba,Winnipeg,Central Winnipeg,Central,,,,,,,,,,
Manitoba,Winnipeg,Central Winnipeg,Downtown,,,,,,,,,,
Manitoba,Winnipeg,Central Winnipeg,Point Douglas,,,,,,,,,,
Manitoba,Winnipeg,Central Winnipeg,Chinatown,,,,,,,,,,
Manitoba,Winnipeg,Central Winnipeg,Exchange District,,,,,,,,,,
Manitoba,Winnipeg,Central Winnipeg,The Forks,,,,,,,,,,
Ontario,Ontario Central Region,Durham,Oshawa,Stevenson,,,,,,,,,
Ontario,Ontario Central Region,Durham,Oshawa,Lakeview,,,,,,,,,
Ontario,Ontario Central Region,Durham,Oshawa,Farewell,,,,,,,,,
Ontario,Ontario Central Region,Durham,Oshawa,Beaton,,,,,,,,,
Ontario,Ontario Central Region,Durham,Oshawa,Vanier,,,,,,,,,
Ontario,Ontario Central Region,Durham,Oshawa,Central,,,,,,,,,
Ontario,Ontario Central Region,Durham,Oshawa,Donevan,,,,,,,,,
Ontario,Ontario Central Region,Durham,Oshawa,McLaughlin,,,,,,,,,
Ontario,Ontario Central Region,Durham,Oshawa,O'Neill,,,,,,,,,
Ontario,Ontario Central Region,Durham,Oshawa,Eastdale,,,,,,,,,
Ontario,Ontario Central Region,Durham,Oshawa,Northglen,,,,,,,,,
Ontario,Ontario Central Region,Durham,Oshawa,Centennial,,,,,,,,,
Ontario,Ontario Central Region,Durham,Oshawa,Pinecrest,,,,,,,,,
Ontario,Ontario Central Region,Durham,Oshawa,Northwood,,,,,,,,,
Ontario,Ontario Central Region,Durham,Oshawa,Samac,,,,,,,,,
Ontario,Ontario Central Region,Durham,Oshawa,Taunton,,,,,,,,,
Ontario,Ontario Central Region,Durham,Oshawa,Windfields,,,,,,,,,
Ontario,Ontario Central Region,Durham,Oshawa,Kedron,,,,,,,,,
Ontario,Ontario Central Region,Durham,Oshawa,Columbus,,,,,,,,,
Ontario,Ontario Central Region,Durham,Whitby,Port Whitby,,,,,,,,,
Ontario,Ontario Central Region,Durham,Whitby,Whitby Industrial,,,,,,,,,
Ontario,Ontario Central Region,Durham,Whitby,Downtown Whitby,,,,,,,,,
Ontario,Ontario Central Region,Durham,Whitby,Lynde Creek,,,,,,,,,
Ontario,Ontario Central Region,Durham,Whitby,Blue Grass Meadows,,,,,,,,,
Ontario,Ontario Central Region,Durham,Whitby,Pringle Creek,,,,,,,,,
Ontario,Ontario Central Region,Durham,Whitby,Williamsburg,,,,,,,,,
Ontario,Ontario Central Region,Durham,Whitby,Rolling Acres,,,,,,,,,
Ontario,Ontario Central Region,Durham,Whitby,Taunton North,,,,,,,,,
Ontario,Ontario Central Region,Durham,Whitby,Brooklyn,,,,,,,,,
Ontario,Ontario Central Region,Durham,Whitby,Macedonian Village,,,,,,,,,
Ontario,Ontario Central Region,Durham,Whitby,Rural Whitby,,,,,,,,,
Ontario,Ontario Central Region,Durham,Whitby,Ashburn,,,,,,,,,
Ontario,Ontario Central Region,Durham,Whitby,Myrtle,,,,,,,,,
Ontario,Ontario Central Region,Durham,Whitby,Myrtle Station,,,,,,,,,
Ontario,Ontario Central Region,Durham,Ajax,Discovery Bay,,,,,,,,,
Ontario,Ontario Central Region,Durham,Ajax,Duffins Bay,,,,,,,,,
Ontario,Ontario Central Region,Durham,Ajax,Clover Ridge,,,,,,,,,
Ontario,Ontario Central Region,Durham,Ajax,Lakeside,,,,,,,,,
Ontario,Ontario Central Region,Durham,Ajax,Carruthers Creek,,,,,,,,,
Ontario,Ontario Central Region,Durham,Ajax,Southwood,,,,,,,,,
Ontario,Ontario Central Region,Durham,Ajax,Lake Vista,,,,,,,,,
Ontario,Ontario Central Region,Durham,Ajax,Downtown Ajax,,,,,,,,,
Ontario,Ontario Central Region,Durham,Ajax,Memorial Village,,,,,,,,,
Ontario,Ontario Central Region,Durham,Ajax,Midtown Ajax,,,,,,,,,
Ontario,Ontario Central Region,Durham,Ajax,Pickering Village,,,,,,,,,
Ontario,Ontario Central Region,Durham,Ajax,Westney Heights,,,,,,,,,
Ontario,Ontario Central Region,Durham,Ajax,Riverside,,,,,,,,,
Ontario,Ontario Central Region,Durham,Ajax,Audley,,,,,,,,,
Ontario,Ontario Central Region,Durham,Ajax,Salem Heights,,,,,,,,,
Ontario,Ontario Central Region,Durham,Ajax,Applecroft,,,,,,,,,
Ontario,Ontario Central Region,Durham,Ajax,Nottingham,,,,,,,,,
Ontario,Ontario Central Region,Durham,Ajax,Hermitage,,,,,,,,,
Ontario,Ontario Central Region,Durham,Ajax,Meadow Ridge,,,,,,,,,
Ontario,Ontario Central Region,Durham,Ajax,Duffins Crossing,,,,,,,,,
Ontario,Ontario Central Region,Durham,Ajax,Deer Creek,,,,,,,,,
Ontario,Ontario Central Region,Durham,Ajax,Uptown Ajax,,,,,,,,,
Ontario,Ontario Central Region,Durham,Pickering,Amberlea,,,,,,,,,
Ontario,Ontario Central Region,Durham,Pickering,Bay Ridges,,,,,,,,,
Ontario,Ontario Central Region,Durham,Pickering,Brock Industrial,,,,,,,,,
Ontario,Ontario Central Region,Durham,Pickering,Brock Ridge,,,,,,,,,
Ontario,Ontario Central Region,Durham,Pickering,City Centre,,,,,,,,,
Ontario,Ontario Central Region,Durham,Pickering,Duffins Heights,,,,,,,,,
Ontario,Ontario Central Region,Durham,Pickering,Dunbarton,,,,,,,,,
Ontario,Ontario Central Region,Durham,Pickering,Highbush,,,,,,,,,
Ontario,Ontario Central Region,Durham,Pickering,Liverpool,,,,,,,,,
Ontario,Ontario Central Region,Durham,Pickering,Rosebank,,,,,,,,,
Ontario,Ontario Central Region,Durham,Pickering,Rouge Park,,,,,,,,,
Ontario,Ontario Central Region,Durham,Pickering,Rougemount,,,,,,,,,
Ontario,Ontario Central Region,Durham,Pickering,Village East,,,,,,,,,
Ontario,Ontario Central Region,Durham,Pickering,West Shore,,,,,,,,,
Ontario,Ontario Central Region,Durham,Pickering,Woodlands,,,,,,,,,
Ontario,Ontario Central Region,Durham,Pickering,Brock-Taunton,,,,,,,,,
Ontario,Ontario Central Region,Durham,Pickering,Wilson Meadows,,,,,,,,,
Ontario,Ontario Central Region,Durham,Pickering,Thompson's Corners,,,,,,,,,
Ontario,Ontario Central Region,Durham,Pickering,Mount Pleasant,,,,,,,,,
Ontario,Ontario Central Region,Durham,Pickering,Lamoreaux,,,,,,,,,
Ontario,Ontario Central Region,Durham,Clarington,Bowmanville,,,,,,,,,
Ontario,Ontario Central Region,Durham,Clarington,Courtice,,,,,,,,,
Ontario,Ontario Central Region,Durham,Clarington,Newcastle,,,,,,,,,
Ontario,Ontario Central Region,Durham,Clarington,Orono,,,,,,,,,
Ontario,Ontario Central Region,Durham,Clarington,Bond Head,,,,,,,,,
Ontario,Ontario Central Region,Durham,Clarington,Brownsville,,,,,,,,,
Ontario,Ontario Central Region,Durham,Clarington,Burketon,,,,,,,,,
Ontario,Ontario Central Region,Durham,Clarington,ClarkeEnfield,,,,,,,,,
Ontario,Ontario Central Region,Durham,Clarington,Crooked Creek,,,,,,,,,
Ontario,Ontario Central Region,Durham,Clarington,Enfield,,,,,,,,,
Ontario,Ontario Central Region,Durham,Clarington,Enniskillen,,,,,,,,,
Ontario,Ontario Central Region,Durham,Clarington,Gaud Corners,,,,,,,,,
Ontario,Ontario Central Region,Durham,Clarington,Hampton,,,,,,,,,
Ontario,Ontario Central Region,Durham,Clarington,Haydon,,,,,,,,,
Ontario,Ontario Central Region,Durham,Clarington,Kendal,,,,,,,,,
Ontario,Ontario Central Region,Durham,Clarington,Kirby,,,,,,,,,
Ontario,Ontario Central Region,Durham,Clarington,Leskard,,,,,,,,,
Ontario,Ontario Central Region,Durham,Clarington,Maple Grove,,,,,,,,,
Ontario,Ontario Central Region,Durham,Clarington,Mitchell Corners,,,,,,,,,
Ontario,Ontario Central Region,Durham,Clarington,New Park,,,,,,,,,
Ontario,Ontario Central Region,Durham,Clarington,Newtonville,,,,,,,,,
Ontario,Ontario Central Region,Durham,Clarington,Port Darlington,,,,,,,,,
Ontario,Ontario Central Region,Durham,Clarington,Port Granby,,,,,,,,,
Ontario,Ontario Central Region,Durham,Clarington,Salem,,,,,,,,,
Ontario,Ontario Central Region,Durham,Clarington,Solina,,,,,,,,,
Ontario,Ontario Central Region,Durham,Clarington,Starkville,,,,,,,,,
Ontario,Ontario Central Region,Durham,Clarington,Taunton,,,,,,,,,
Ontario,Ontario Central Region,Durham,Clarington,Tyrone,,,,,,,,,
Ontario,Ontario Central Region,Durham,Clarington,West Side Beach,,,,,,,,,
Ontario,Ontario Central Region,Durham,Clarington,Wilmot Creek,,,,,,,,,
Ontario,Ontario Central Region,Durham,Scugog,Port Perry,,,,,,,,,
Ontario,Ontario Central Region,Durham,Scugog,Greenbank,,,,,,,,,
Ontario,Ontario Central Region,Durham,Scugog,Utica,,,,,,,,,
Ontario,Ontario Central Region,Durham,Scugog,Saintfield,,,,,,,,,
Ontario,Ontario Central Region,Durham,Scugog,Cadmus,,,,,,,,,
Ontario,Ontario Central Region,Durham,Scugog,Blackstock,,,,,,,,,
Ontario,Ontario Central Region,Durham,Scugog,Seagrave,,,,,,,,,
Ontario,Ontario Central Region,Durham,Scugog,Epsom,,,,,,,,,
Ontario,Ontario Central Region,Durham,Scugog,Manchester,,,,,,,,,
Ontario,Ontario Central Region,Durham,Scugog,Scugog Point,,,,,,,,,
Ontario,Ontario Central Region,Durham,Uxbridge,,,,,,,,,,
Ontario,Ontario Central Region,Durham,Brock,,,,,,,,,,
Ontario,Ontario Central Region,Halton Region,Burlington,,,,,,,,,,
Ontario,Ontario Central Region,Halton Region,Oakville,Eastlake,,,,,,,,,
Ontario,Ontario Central Region,Halton Region,Oakville,Old Oakville,,,,,,,,,
Ontario,Ontario Central Region,Halton Region,Oakville,Bronte Village,,,,,,,,,
Ontario,Ontario Central Region,Halton Region,Oakville,Glen Abbey,,,,,,,,,
Ontario,Ontario Central Region,Halton Region,Oakville,College Park,,,,,,,,,
Ontario,Ontario Central Region,Halton Region,Oakville,Iroquois Ridge South,,,,,,,,,
Ontario,Ontario Central Region,Halton Region,Oakville,Clearview,,,,,,,,,
Ontario,Ontario Central Region,Halton Region,Oakville,Iroquois Ridge North,,,,,,,,,
Ontario,Ontario Central Region,Halton Region,Oakville,Uptown Core,,,,,,,,,
Ontario,Ontario Central Region,Halton Region,Oakville,River Oaks,,,,,,,,,
Ontario,Ontario Central Region,Halton Region,Oakville,West Oak Trails,,,,,,,,,
Ontario,Ontario Central Region,Halton Region,Oakville,Palermo Village,,,,,,,,,
Ontario,Ontario Central Region,Halton Region,Milton,,,,,,,,,,
Ontario,Ontario Central Region,Halton Region,Halton Hills,,,,,,,,,,
Ontario,Ontario Central Region,Muskoka District,Bracebridge,,,,,,,,,,
Ontario,Ontario Central Region,Muskoka District,Georgian Bay,,,,,,,,,,
Ontario,Ontario Central Region,Muskoka District,Gravenhurst,,,,,,,,,,
Ontario,Ontario Central Region,Muskoka District,Huntsville,,,,,,,,,,
Ontario,Ontario Central Region,Muskoka District,Lake of Bays,,,,,,,,,,
Ontario,Ontario Central Region,Muskoka District,Muskoka Lakes,,,,,,,,,,
Ontario,Ontario Central Region,Peel Region,Mississauga,Applewood,,,,,,,,,
Ontario,Ontario Central Region,Peel Region,Mississauga,Central Erin Mills,,,,,,,,,
Ontario,Ontario Central Region,Peel Region,Mississauga,Churchill Meadows,,,,,,,,,
Ontario,Ontario Central Region,Peel Region,Mississauga,City Centre,,,,,,,,,
Ontario,Ontario Central Region,Peel Region,Mississauga,Clarkson-Lorne Park,,,,,,,,,
Ontario,Ontario Central Region,Peel Region,Mississauga,Cooksville,,,,,,,,,
Ontario,Ontario Central Region,Peel Region,Mississauga,Creditview,,,,,,,,,
Ontario,Ontario Central Region,Peel Region,Mississauga,Dixie,,,,,,,,,
Ontario,Ontario Central Region,Peel Region,Mississauga,East Credit,,,,,,,,,
Ontario,Ontario Central Region,Peel Region,Mississauga,Erin Mills,,,,,,,,,
Ontario,Ontario Central Region,Peel Region,Mississauga,Erindale,,,,,,,,,
Ontario,Ontario Central Region,Peel Region,Mississauga,Fairview,,,,,,,,,
Ontario,Ontario Central Region,Peel Region,Mississauga,Hurontario,,,,,,,,,
Ontario,Ontario Central Region,Peel Region,Mississauga,Lakeview,,,,,,,,,
Ontario,Ontario Central Region,Peel Region,Mississauga,Lisgar,,,,,,,,,
Ontario,Ontario Central Region,Peel Region,Mississauga,Malton,,,,,,,,,
Ontario,Ontario Central Region,Peel Region,Mississauga,Meadowvale,,,,,,,,,
Ontario,Ontario Central Region,Peel Region,Mississauga,Meadowvale Village,,,,,,,,,
Ontario,Ontario Central Region,Peel Region,Mississauga,Mineola,,,,,,,,,
Ontario,Ontario Central Region,Peel Region,Mississauga,Mississauga Valley,,,,,,,,,
Ontario,Ontario Central Region,Peel Region,Mississauga,Port Credit,,,,,,,,,
Ontario,Ontario Central Region,Peel Region,Mississauga,Rathwood,,,,,,,,,
Ontario,Ontario Central Region,Peel Region,Mississauga,Sheridan,,,,,,,,,
Ontario,Ontario Central Region,Peel Region,Mississauga,Streetsville,,,,,,,,,
Ontario,Ontario Central Region,Peel Region,Brampton,Bramalea,,,,,,,,,
Ontario,Ontario Central Region,Peel Region,Brampton,Bram East,,,,,,,,,
Ontario,Ontario Central Region,Peel Region,Brampton,Bram West,,,,,,,,,
Ontario,Ontario Central Region,Peel Region,Brampton,Castlemore,,,,,,,,,
Ontario,Ontario Central Region,Peel Region,Brampton,Churchville,,,,,,,,,
Ontario,Ontario Central Region,Peel Region,Brampton,Claireville,,,,,,,,,
Ontario,Ontario Central Region,Peel Region,Brampton,Credit Valley,,,,,,,,,
Ontario,Ontario Central Region,Peel Region,Brampton,Downtown Brampton,,,,,,,,,
Ontario,Ontario Central Region,Peel Region,Brampton,Fletcher's Meadow,,,,,,,,,
Ontario,Ontario Central Region,Peel Region,Brampton,Heart Lake,,,,,,,,,
Ontario,Ontario Central Region,Peel Region,Brampton,Huttonville,,,,,,,,,
Ontario,Ontario Central Region,Peel Region,Brampton,Lundy Village,,,,,,,,,
Ontario,Ontario Central Region,Peel Region,Brampton,Mount Pleasant,,,,,,,,,
Ontario,Ontario Central Region,Peel Region,Brampton,Snelgrove,,,,,,,,,
Ontario,Ontario Central Region,Peel Region,Brampton,Springdale,,,,,,,,,
Ontario,Ontario Central Region,Peel Region,Brampton,Tullamore,,,,,,,,,
Ontario,Ontario Central Region,Peel Region,Caledon,Alton,,,,,,,,,
Ontario,Ontario Central Region,Peel Region,Caledon,Boton,,,,,,,,,
Ontario,Ontario Central Region,Peel Region,Caledon,Belfountain,,,,,,,,,
Ontario,Ontario Central Region,Peel Region,Caledon,Cataract,,,,,,,,,
Ontario,Ontario Central Region,Peel Region,Caledon,Caledon Village,,,,,,,,,
Ontario,Ontario Central Region,Peel Region,Caledon,Caledon East,,,,,,,,,
Ontario,Ontario Central Region,Peel Region,Caledon,Cheltenham,,,,,,,,,
Ontario,Ontario Central Region,Peel Region,Caledon,Inglewood,,,,,,,,,
Ontario,Ontario Central Region,Peel Region,Caledon,Mono Mills,,,,,,,,,
Ontario,Ontario Central Region,Peel Region,Caledon,Palgrave,,,,,,,,,
Ontario,Ontario Central Region,Peel Region,Caledon,Terra Cotta,,,,,,,,,
Ontario,Ontario Central Region,Simcoe County,Bradford West Gwillimbury,,,,,,,,,,
Ontario,Ontario Central Region,Simcoe County,Collingwood,,,,,,,,,,
Ontario,Ontario Central Region,Simcoe County,Innisfil,,,,,,,,,,
Ontario,Ontario Central Region,Simcoe County,Midland,,,,,,,,,,
Ontario,Ontario Central Region,Simcoe County,New Tecumseth,,,,,,,,,,
Ontario,Ontario Central Region,Simcoe County,Penetanguishene,,,,,,,,,,
Ontario,Ontario Central Region,Simcoe County,Wasaga Beach,,,,,,,,,,
Ontario,Ontario Central Region,Simcoe County,Adjala–Tosorontio,,,,,,,,,,
Ontario,Ontario Central Region,Simcoe County,Clearview,,,,,,,,,,
Ontario,Ontario Central Region,Simcoe County,Essa,,,,,,,,,,
Ontario,Ontario Central Region,Simcoe County,Oro-Medonte,,,,,,,,,,
Ontario,Ontario Central Region,Simcoe County,Ramara,,,,,,,,,,
Ontario,Ontario Central Region,Simcoe County,Severn,,,,,,,,,,
Ontario,Ontario Central Region,Simcoe County,Springwater,,,,,,,,,,
Ontario,Ontario Central Region,Simcoe County,Tay,,,,,,,,,,
Ontario,Ontario Central Region,Simcoe County,Tiny,,,,,,,,,,
Ontario,Ontario Central Region,Simcoe County,Barrie,,,,,,,,,,
Ontario,Ontario Central Region,Simcoe County,Orillia,,,,,,,,,,
Ontario,Ontario Central Region,Toronto,Downtown Core,Alexandra Park,,,,,,,,,
Ontario,Ontario Central Region,Toronto,Downtown Core,The Annex,,,,,,,,,
Ontario,Ontario Central Region,Toronto,Downtown Core,Baldwin Village,,,,,,,,,
Ontario,Ontario Central Region,Toronto,Downtown Core,Cabbagetown,,,,,,,,,
Ontario,Ontario Central Region,Toronto,Downtown Core,CityPlace,,,,,,,,,
Ontario,Ontario Central Region,Toronto,Downtown Core,Chinatown,,,,,,,,,
Ontario,Ontario Central Region,Toronto,Downtown Core,Church and Wellesley,,,,,,,,,
Ontario,Ontario Central Region,Toronto,Downtown Core,Corktown,,,,,,,,,
Ontario,Ontario Central Region,Toronto,Downtown Core,Discovery District,,,,,,,,,
Ontario,Ontario Central Region,Toronto,Downtown Core,Distillery District,,,,,,,,,
Ontario,Ontario Central Region,Toronto,Downtown Core,Entertainment District,,,,,,,,,
Ontario,Ontario Central Region,Toronto,Downtown Core,East Bayfront,,,,,,,,,
Ontario,Ontario Central Region,Toronto,Downtown Core,Fashion District,,,,,,,,,
Ontario,Ontario Central Region,Toronto,Downtown Core,Financial District,,,,,,,,,
Ontario,Ontario Central Region,Toronto,Downtown Core,Garden District,,,,,,,,,
Ontario,Ontario Central Region,Toronto,Downtown Core,Grange Park,,,,,,,,,
Ontario,Ontario Central Region,Toronto,Downtown Core,Harbord Village,,,,,,,,,
Ontario,Ontario Central Region,Toronto,Downtown Core,Harbourfront,,,,,,,,,
Ontario,Ontario Central Region,Toronto,Downtown Core,Kensington Market,,,,,,,,,
Ontario,Ontario Central Region,Toronto,Downtown Core,Little Japan,,,,,,,,,
Ontario,Ontario Central Region,Toronto,Downtown Core,Moss Park,,,,,,,,,
Ontario,Ontario Central Region,Toronto,Downtown Core,Old Town,,,,,,,,,
Ontario,Ontario Central Region,Toronto,Downtown Core,Quayside,,,,,,,,,
Ontario,Ontario Central Region,Toronto,Downtown Core,Queen Street West,,,,,,,,,
Ontario,Ontario Central Region,Toronto,Downtown Core,Regent Park,,,,,,,,,
Ontario,Ontario Central Region,Toronto,Downtown Core,South Core,,,,,,,,,
Ontario,Ontario Central Region,Toronto,Downtown Core,St. James Town,,,,,,,,,
Ontario,Ontario Central Region,Toronto,Downtown Core,St. Lawrence,,,,,,,,,
Ontario,Ontario Central Region,Toronto,Downtown Core,Toronto Islands,,,,,,,,,
Ontario,Ontario Central Region,Toronto,Downtown Core,Trefann Court,,,,,,,,,
Ontario,Ontario Central Region,Toronto,Downtown Core,University,,,,,,,,,
Ontario,Ontario Central Region,Toronto,Downtown Core,Yorkville,,,,,,,,,
Ontario,Ontario Central Region,Toronto,East End,The Beaches,,,,,,,,,
Ontario,Ontario Central Region,Toronto,East End,East Chinatown,,,,,,,,,
Ontario,Ontario Central Region,Toronto,East End,East Danforth,,,,,,,,,
Ontario,Ontario Central Region,Toronto,East End,Gerrard Street East,,,,,,,,,
Ontario,Ontario Central Region,Toronto,East End,Greektown,,,,,,,,,
Ontario,Ontario Central Region,Toronto,East End,Leslieville,,,,,,,,,
Ontario,Ontario Central Region,Toronto,East End,Main Square,,,,,,,,,
Ontario,Ontario Central Region,Toronto,East End,Playter Estates,,,,,,,,,
Ontario,Ontario Central Region,Toronto,East End,Port Lands,,,,,,,,,
Ontario,Ontario Central Region,Toronto,East End,Riverdale,,,,,,,,,
Ontario,Ontario Central Region,Toronto,East End,Upper Beaches,,,,,,,,,
Ontario,Ontario Central Region,Toronto,East End,Villiers Island,,,,,,,,,
Ontario,Ontario Central Region,Toronto,North End,Bedford Park,,,,,,,,,
Ontario,Ontario Central Region,Toronto,North End,Casa Loma,,,,,,,,,
Ontario,Ontario Central Region,Toronto,North End,Chaplin Estates,,,,,,,,,
Ontario,Ontario Central Region,Toronto,North End,Davisville Village,,,,,,,,,
Ontario,Ontario Central Region,Toronto,North End,Deer Park,,,,,,,,,
Ontario,Ontario Central Region,Toronto,North End,Forest Hill,,,,,,,,,
Ontario,Ontario Central Region,Toronto,North End,Lawrence Park,,,,,,,,,
Ontario,Ontario Central Region,Toronto,North End,Lytton Park,,,,,,,,,
Ontario,Ontario Central Region,Toronto,North End,Midtown,,,,,,,,,
Ontario,Ontario Central Region,Toronto,North End,Moore Park,,,,,,,,,
Ontario,Ontario Central Region,Toronto,North End,North Toronto,,,,,,,,,
Ontario,Ontario Central Region,Toronto,North End,Rosedale,,,,,,,,,
Ontario,Ontario Central Region,Toronto,North End,South Hill,,,,,,,,,
Ontario,Ontario Central Region,Toronto,North End,Summerhill,,,,,,,,,
Ontario,Ontario Central Region,Toronto,North End,Uptown,,,,,,,,,
Ontario,Ontario Central Region,Toronto,North End,Wanless Park,,,,,,,,,
Ontario,Ontario Central Region,Toronto,North End,Wychwood Park,,,,,,,,,
Ontario,Ontario Central Region,Toronto,North End,Yonge–Eglinton,,,,,,,,,
Ontario,Ontario Central Region,Toronto,West End,Beaconsfield Village,,,,,,,,,
Ontario,Ontario Central Region,Toronto,West End,Bloor West Village,,,,,,,,,
Ontario,Ontario Central Region,Toronto,West End,Bracondale Hill,,,,,,,,,
Ontario,Ontario Central Region,Toronto,West End,Brockton Village,,,,,,,,,
Ontario,Ontario Central Region,Toronto,West End,Carleton Village,,,,,,,,,
Ontario,Ontario Central Region,Toronto,West End,Corso Italia,,,,,,,,,
Ontario,Ontario Central Region,Toronto,West End,Davenport,,,,,,,,,
Ontario,Ontario Central Region,Toronto,West End,Dovercourt Park,,,,,,,,,
Ontario,Ontario Central Region,Toronto,West End,Dufferin Grove,,,,,,,,,
Ontario,Ontario Central Region,Toronto,West End,Earlscourt,,,,,,,,,
Ontario,Ontario Central Region,Toronto,West End,Fort York,,,,,,,,,
Ontario,Ontario Central Region,Toronto,West End,High Park,,,,,,,,,
Ontario,Ontario Central Region,Toronto,West End,The Junction,,,,,,,,,
Ontario,Ontario Central Region,Toronto,West End,Junction Triangle,,,,,,,,,
Ontario,Ontario Central Region,Toronto,West End,Koreatown,,,,,,,,,
Ontario,Ontario Central Region,Toronto,West End,Liberty Village,,,,,,,,,
Ontario,Ontario Central Region,Toronto,West End,Little Italy,,,,,,,,,
Ontario,Ontario Central Region,Toronto,West End,Little Portugal,,,,,,,,,
Ontario,Ontario Central Region,Toronto,West End,Little Tibet,,,,,,,,,
Ontario,Ontario Central Region,Toronto,West End,Mirvish Village,,,,,,,,,
Ontario,Ontario Central Region,Toronto,West End,Niagara,,,,,,,,,
Ontario,Ontario Central Region,Toronto,West End,Ordinance Triangle,,,,,,,,,
Ontario,Ontario Central Region,Toronto,West End,Palmerston,,,,,,,,,
Ontario,Ontario Central Region,Toronto,West End,Parkdale,,,,,,,,,
Ontario,Ontario Central Region,Toronto,West End,Queen Street West,,,,,,,,,
Ontario,Ontario Central Region,Toronto,West End,Regal Heights,,,,,,,,,
Ontario,Ontario Central Region,Toronto,West End,Roncesvalles,,,,,,,,,
Ontario,Ontario Central Region,Toronto,West End,Runnymede,,,,,,,,,
Ontario,Ontario Central Region,Toronto,West End,Seaton Village,,,,,,,,,
Ontario,Ontario Central Region,Toronto,West End,Swansea,,,,,,,,,
Ontario,Ontario Central Region,Toronto,West End,Trinity–Bellwoods,,,,,,,,,
Ontario,Ontario Central Region,Toronto,West End,Wallace Emerson,,,,,,,,,
Ontario,Ontario Central Region,Toronto,East York,Broadview North,,,,,,,,,
Ontario,Ontario Central Region,Toronto,East York,Crescent Town,,,,,,,,,
Ontario,Ontario Central Region,Toronto,East York,East Danforth,,,,,,,,,
Ontario,Ontario Central Region,Toronto,East York,Pape Village,,,,,,,,,
Ontario,Ontario Central Region,Toronto,East York,Woodbine Heights,,,,,,,,,
Ontario,Ontario Central Region,Toronto,East York,Bermondsey,,,,,,,,,
Ontario,Ontario Central Region,Toronto,East York,Governor's Bridge,,,,,,,,,
Ontario,Ontario Central Region,Toronto,East York,Leaside,,,,,,,,,
Ontario,Ontario Central Region,Toronto,East York,O'Connor–Parkview,,,,,,,,,
Ontario,Ontario Central Region,Toronto,East York,Thorncliffe Park,,,,,,,,,
Ontario,Ontario Central Region,Toronto,Etobicoke,The Lakeshore,Alderwood,,,,,,,,
Ontario,Ontario Central Region,Toronto,Etobicoke,The Lakeshore,Humber Bay,,,,,,,,
Ontario,Ontario Central Region,Toronto,Etobicoke,The Lakeshore,Long Branch,,,,,,,,
Ontario,Ontario Central Region,Toronto,Etobicoke,The Lakeshore,Mimico,,,,,,,,
Ontario,Ontario Central Region,Toronto,Etobicoke,The Lakeshore,New Toronto,,,,,,,,
Ontario,Ontario Central Region,Toronto,Etobicoke,Central Etobicoke,Centennial Park,,,,,,,,
Ontario,Ontario Central Region,Toronto,Etobicoke,Central Etobicoke,Eringate,,,,,,,,
Ontario,Ontario Central Region,Toronto,Etobicoke,Central Etobicoke,Humber Heights-Westmount,,,,,,,,
Ontario,Ontario Central Region,Toronto,Etobicoke,Central Etobicoke,Humber Valley Village,,,,,,,,
Ontario,Ontario Central Region,Toronto,Etobicoke,Central Etobicoke,Islington-City Centre West,,,,,,,,
Ontario,Ontario Central Region,Toronto,Etobicoke,Central Etobicoke,Kingsview Village,,,,,,,,
Ontario,Ontario Central Region,Toronto,Etobicoke,Central Etobicoke,Markland Wood,,,,,,,,
Ontario,Ontario Central Region,Toronto,Etobicoke,Central Etobicoke,Richview,,,,,,,,
Ontario,Ontario Central Region,Toronto,Etobicoke,Central Etobicoke,Stonegate-Queensway,,,,,,,,
Ontario,Ontario Central Region,Toronto,Etobicoke,Central Etobicoke,Sunnylea,,,,,,,,
Ontario,Ontario Central Region,Toronto,Etobicoke,Central Etobicoke,The Kingsway,,,,,,,,
Ontario,Ontario Central Region,Toronto,Etobicoke,Central Etobicoke,Thorncrest Village,,,,,,,,
Ontario,Ontario Central Region,Toronto,Etobicoke,Central Etobicoke,West Deane Park,,,,,,,,
Ontario,Ontario Central Region,Toronto,Etobicoke,Central Etobicoke,Willowridge,,,,,,,,
Ontario,Ontario Central Region,Toronto,Etobicoke,North Etobicoke,Clairville,,,,,,,,
Ontario,Ontario Central Region,Toronto,Etobicoke,North Etobicoke,Eatonville,,,,,,,,
Ontario,Ontario Central Region,Toronto,Etobicoke,North Etobicoke,Humberwood,,,,,,,,
Ontario,Ontario Central Region,Toronto,Etobicoke,North Etobicoke,Princess Gardens,,,,,,,,
Ontario,Ontario Central Region,Toronto,Etobicoke,North Etobicoke,Rexdale,,,,,,,,
Ontario,Ontario Central Region,Toronto,Etobicoke,North Etobicoke,Smithfield,,,,,,,,
Ontario,Ontario Central Region,Toronto,Etobicoke,North Etobicoke,The Elms,,,,,,,,
Ontario,Ontario Central Region,Toronto,Etobicoke,North Etobicoke,Thistletown,,,,,,,,
Ontario,Ontario Central Region,Toronto,North York,North York East,York Mills,,,,,,,,
Ontario,Ontario Central Region,Toronto,North York,North York East,The Bridle Path,,,,,,,,
Ontario,Ontario Central Region,Toronto,North York,North York East,Bermondsey,,,,,,,,
Ontario,Ontario Central Region,Toronto,North York,North York East,Victoria Village,,,,,,,,
Ontario,Ontario Central Region,Toronto,North York,North York East,Parkwoods,,,,,,,,
Ontario,Ontario Central Region,Toronto,North York,North York East,Pleasant View,,,,,,,,
Ontario,Ontario Central Region,Toronto,North York,North York East,Henry Farm,,,,,,,,
Ontario,Ontario Central Region,Toronto,North York,North York East,Don Valley Village,,,,,,,,
Ontario,Ontario Central Region,Toronto,North York,North York East,Hillcrest Village,,,,,,,,
Ontario,Ontario Central Region,Toronto,North York,North York East,Bayview Woods-Steeles,,,,,,,,
Ontario,Ontario Central Region,Toronto,North York,North York East,Bayview Village,,,,,,,,
Ontario,Ontario Central Region,Toronto,North York,North York East,Newtonbrook,,,,,,,,
Ontario,Ontario Central Region,Toronto,North York,North York East,Don Mills,,,,,,,,
Ontario,Ontario Central Region,Toronto,North York,North York East,York Mills,,,,,,,,
Ontario,Ontario Central Region,Toronto,North York,North York East,Hoggs Hollow,,,,,,,,
Ontario,Ontario Central Region,Toronto,North York,North York East,The Peanut,,,,,,,,
Ontario,Ontario Central Region,Toronto,North York,North York East,Parkway Forest,,,,,,,,
Ontario,Ontario Central Region,Toronto,North York,North York West,Flemingdon Park,,,,,,,,
Ontario,Ontario Central Region,Toronto,North York,North York West,Westminster–Branson,,,,,,,,
Ontario,Ontario Central Region,Toronto,North York,North York West,Willowdale,,,,,,,,
Ontario,Ontario Central Region,Toronto,North York,North York West,York University Heights,,,,,,,,
Ontario,Ontario Central Region,Toronto,North York,North York West,Black Creek,,,,,,,,
Ontario,Ontario Central Region,Toronto,North York,North York West,Jane and Finch,,,,,,,,
Ontario,Ontario Central Region,Toronto,North York,North York West,Downsview,,,,,,,,
Ontario,Ontario Central Region,Toronto,North York,North York West,Amesbury,,,,,,,,
Ontario,Ontario Central Region,Toronto,North York,North York West,Lansing,,,,,,,,
Ontario,Ontario Central Region,Toronto,North York,North York West,Armour Heights,,,,,,,,
Ontario,Ontario Central Region,Toronto,North York,North York West,Downsview,,,,,,,,
Ontario,Ontario Central Region,Toronto,North York,North York West,Lawrence Manor,,,,,,,,
Ontario,Ontario Central Region,Toronto,North York,North York West,Yorkdale,,,,,,,,
Ontario,Ontario Central Region,Toronto,North York,North York West,Humbermede,,,,,,,,
Ontario,Ontario Central Region,Toronto,North York,North York West,Pelmo Park-Humberlea,,,,,,,,
Ontario,Ontario Central Region,Toronto,North York,North York West,Humber Summit,,,,,,,,
Ontario,Ontario Central Region,Toronto,North York,North York West,Glen Park ,,,,,,,,
Ontario,Ontario Central Region,Toronto,North York,North York West,Bathurst Manor,,,,,,,,
Ontario,Ontario Central Region,Toronto,North York,North York West,Clanton Park (Wilson Heights),,,,,,,,
Ontario,Ontario Central Region,Toronto,North York,North York West,Lawrence Heights,,,,,,,,
Ontario,Ontario Central Region,Toronto,North York,North York West,Ledbury Park,,,,,,,,
Ontario,Ontario Central Region,Toronto,North York,North York West,Maple Leaf,,,,,,,,
Ontario,Ontario Central Region,Toronto,North York,North York West,City Centre,,,,,,,,
Ontario,Ontario Central Region,Toronto,North York,North York West,Uptown Toronto,,,,,,,,
Ontario,Ontario Central Region,Toronto,Scarborough,Scarborough South West,Birch Cliff,,,,,,,,
Ontario,Ontario Central Region,Toronto,Scarborough,Scarborough South West,Oakridge,,,,,,,,
Ontario,Ontario Central Region,Toronto,Scarborough,Scarborough South West,Cliffside,,,,,,,,
Ontario,Ontario Central Region,Toronto,Scarborough,Scarborough South West,Scarborough Junction,,,,,,,,
Ontario,Ontario Central Region,Toronto,Scarborough,Scarborough South West,Clairlea,,,,,,,,
Ontario,Ontario Central Region,Toronto,Scarborough,Scarborough South West,Cliffcrest,,,,,,,,
Ontario,Ontario Central Region,Toronto,Scarborough,Scarborough South West,Scarborough Village,,,,,,,,
Ontario,Ontario Central Region,Toronto,Scarborough,Scarborough South West,Golden Mile,,,,,,,,
Ontario,Ontario Central Region,Toronto,Scarborough,Scarborough East,Guildwood,,,,,,,,
Ontario,Ontario Central Region,Toronto,Scarborough,Scarborough East,West Hill,,,,,,,,
Ontario,Ontario Central Region,Toronto,Scarborough,Scarborough East,Manse Valley,,,,,,,,
Ontario,Ontario Central Region,Toronto,Scarborough,Scarborough East,Port Union,,,,,,,,
Ontario,Ontario Central Region,Toronto,Scarborough,Scarborough East,West Rouge,,,,,,,,
Ontario,Ontario Central Region,Toronto,Scarborough,Scarborough East,Rouge,,,,,,,,
Ontario,Ontario Central Region,Toronto,Scarborough,Scarborough East,Highland Creek,,,,,,,,
Ontario,Ontario Central Region,Toronto,Scarborough,Scarborough East,Morningside,,,,,,,,
Ontario,Ontario Central Region,Toronto,Scarborough,Scarborough Centre,Scarborough City Centre,,,,,,,,
Ontario,Ontario Central Region,Toronto,Scarborough,Scarborough Centre,Dorset Park,,,,,,,,
Ontario,Ontario Central Region,Toronto,Scarborough,Scarborough Centre,Wexford,,,,,,,,
Ontario,Ontario Central Region,Toronto,Scarborough,Scarborough Centre,Scarborough Junction,,,,,,,,
Ontario,Ontario Central Region,Toronto,Scarborough,Scarborough Centre,Treverton Park,,,,,,,,
Ontario,Ontario Central Region,Toronto,Scarborough,Scarborough Centre,McGregor Park,,,,,,,,
Ontario,Ontario Central Region,Toronto,Scarborough,Scarborough Centre,Wexford,,,,,,,,
Ontario,Ontario Central Region,Toronto,Scarborough,Scarborough Centre,Maryvale,,,,,,,,
Ontario,Ontario Central Region,Toronto,Scarborough,Scarborough Centre,Bendale,,,,,,,,
Ontario,Ontario Central Region,Toronto,Scarborough,Scarborough North,White Haven,,,,,,,,
Ontario,Ontario Central Region,Toronto,Scarborough,Scarborough North,Malvern,,,,,,,,
Ontario,Ontario Central Region,Toronto,Scarborough,Scarborough North,Middlefield,,,,,,,,
Ontario,Ontario Central Region,Toronto,Scarborough,Scarborough North,Richmond Park,,,,,,,,
Ontario,Ontario Central Region,Toronto,Scarborough,Scarborough North,Brookside,,,,,,,,
Ontario,Ontario Central Region,Toronto,Scarborough,Scarborough North,Goldhawk,,,,,,,,
Ontario,Ontario Central Region,Toronto,Scarborough,Scarborough North,Port Royal,,,,,,,,
Ontario,Ontario Central Region,Toronto,Scarborough,Scarborough North,Rosewood,,,,,,,,
Ontario,Ontario Central Region,Toronto,Scarborough,Scarborough North,Armdale,,,,,,,,
Ontario,Ontario Central Region,Toronto,Scarborough,Scarborough North,Brimley Forest,,,,,,,,
Ontario,Ontario Central Region,Toronto,Scarborough,Scarborough North,Iroquois,,,,,,,,
Ontario,Ontario Central Region,Toronto,Scarborough,Scarborough West,Agincourt,,,,,,,,
Ontario,Ontario Central Region,Toronto,Scarborough,Scarborough West,Tam O'Shanter-Sullivan,,,,,,,,
Ontario,Ontario Central Region,Toronto,Scarborough,Scarborough West,L'Amoreaux,,,,,,,,
Ontario,Ontario Central Region,Toronto,Scarborough,Scarborough West,Steeles,,,,,,,,
Ontario,Ontario Central Region,Toronto,York,Briar Hill–Belgravia,,,,,,,,,
Ontario,Ontario Central Region,Toronto,York,Cedarvale,,,,,,,,,
Ontario,Ontario Central Region,Toronto,York,Eglinton West,,,,,,,,,
Ontario,Ontario Central Region,Toronto,York,Glen Park,,,,,,,,,
Ontario,Ontario Central Region,Toronto,York,Greenhills,,,,,,,,,
Ontario,Ontario Central Region,Toronto,York,Harwood,,,,,,,,,
Ontario,Ontario Central Region,Toronto,York,Humewood,,,,,,,,,
Ontario,Ontario Central Region,Toronto,York,Keelsedale,,,,,,,,,
Ontario,Ontario Central Region,Toronto,York,Lambton,,,,,,,,,
Ontario,Ontario Central Region,Toronto,York,Mount Dennis,,,,,,,,,
Ontario,Ontario Central Region,Toronto,York,Oakwood Village ,,,,,,,,,
Ontario,Ontario Central Region,Toronto,York,Rockcliffe–Smythe,,,,,,,,,
Ontario,Ontario Central Region,Toronto,York,St. Clair - West Village,,,,,,,,,
Ontario,Ontario Central Region,Toronto,York,Weston,,,,,,,,,
Ontario,Ontario Central Region,York Region,East Gwillimbury,Holland Landing,,,,,,,,,
Ontario,Ontario Central Region,York Region,East Gwillimbury,East Gwillimbury,,,,,,,,,
Ontario,Ontario Central Region,York Region,Georgina,Keswick,,,,,,,,,
Ontario,Ontario Central Region,York Region,Georgina,Sutton,,,,,,,,,
Ontario,Ontario Central Region,York Region,Georgina,Franklyn Beach,,,,,,,,,
Ontario,Ontario Central Region,York Region,King,,,,,,,,,,
Ontario,Ontario Central Region,York Region,Markham,Rural Markham,Dickson Hill,,,,,,,,
Ontario,Ontario Central Region,York Region,Markham,Rural Markham,Cashel,,,,,,,,
Ontario,Ontario Central Region,York Region,Markham,Rural Markham,Mongolia,,,,,,,,
Ontario,Ontario Central Region,York Region,Markham,Rural Markham,Almira,,,,,,,,
Ontario,Ontario Central Region,York Region,Markham,Markham Village,Greensborough,,,,,,,,
Ontario,Ontario Central Region,York Region,Markham,Markham Village,Markham Village,,,,,,,,
Ontario,Ontario Central Region,York Region,Markham,Markham Village,Sherwood – Amber Glen,,,,,,,,
Ontario,Ontario Central Region,York Region,Markham,Markham Village,Vinegar Hill,,,,,,,,
Ontario,Ontario Central Region,York Region,Markham,Markham Village,Bullock,,,,,,,,
Ontario,Ontario Central Region,York Region,Markham,Markham Village,Raymerville - Markville,,,,,,,,
Ontario,Ontario Central Region,York Region,Markham,Markham Village,Quantztown,,,,,,,,
Ontario,Ontario Central Region,York Region,Markham,Markham Village,Mount Joy,,,,,,,,
Ontario,Ontario Central Region,York Region,Markham,Markham Village,Wismer Commons,,,,,,,,
Ontario,Ontario Central Region,York Region,Markham,Unionville,Angus Glen,,,,,,,,
Ontario,Ontario Central Region,York Region,Markham,Unionville,Berczy Village,,,,,,,,
Ontario,Ontario Central Region,York Region,Markham,Unionville,Unionville,,,,,,,,
Ontario,Ontario Central Region,York Region,Markham,Unionville,South Unionville,,,,,,,,
Ontario,Ontario Central Region,York Region,Markham,Unionville,Downtown Markham,,,,,,,,
Ontario,Ontario Central Region,York Region,Markham,Unionville,Markham,,,,,,,,
Ontario,Ontario Central Region,York Region,Markham,Milliken Mills,Hagerman's Corners,,,,,,,,
Ontario,Ontario Central Region,York Region,Markham,Buttonville,Brown's Corners,,,,,,,,
Ontario,Ontario Central Region,York Region,Markham,Markham Northwest,Cachet,,,,,,,,
Ontario,Ontario Central Region,York Region,Markham,Markham Northwest,Victoria Square,,,,,,,,
Ontario,Ontario Central Region,York Region,Markham,Markham Northwest,Cathedraltown,,,,,,,,
Ontario,Ontario Central Region,York Region,Markham,Cornell,Locust Hill,,,,,,,,
Ontario,Ontario Central Region,York Region,Markham,East Thornhill,Langstaff,,,,,,,,
Ontario,Ontario Central Region,York Region,Markham,East Thornhill,Thornhill,,,,,,,,
Ontario,Ontario Central Region,York Region,Markham,East Thornhill,German Mills,,,,,,,,
Ontario,Ontario Central Region,York Region,Markham,Markham East,Cedar Grove,,,,,,,,
Ontario,Ontario Central Region,York Region,Markham,Markham East,Box Grove,,,,,,,,
Ontario,Ontario Central Region,York Region,Markham,Markham East,Middlefield,,,,,,,,
Ontario,Ontario Central Region,York Region,Markham,Markham East,Legacy,,,,,,,,
Ontario,Ontario Central Region,York Region,Markham,Markham East,Rouge Fairways,,,,,,,,
Ontario,Ontario Central Region,York Region,Markham,Markham East,Cedarwood,,,,,,,,
Ontario,Ontario Central Region,York Region,Markham,Markham East,Armadale,,,,,,,,
Ontario,Ontario Central Region,York Region,Aurora,St. Andrews on the Hill,,,,,,,,,
Ontario,Ontario Central Region,York Region,Aurora,Aurora Heights,,,,,,,,,
Ontario,Ontario Central Region,York Region,Aurora,Aurora Village,,,,,,,,,
Ontario,Ontario Central Region,York Region,Aurora,Aurora Highlands,,,,,,,,,
Ontario,Ontario Central Region,York Region,Aurora,Bayview Wellington,,,,,,,,,
Ontario,Ontario Central Region,York Region,Aurora,Bayview Northeast,,,,,,,,,
Ontario,Ontario Central Region,York Region,Aurora,Bayview Southeast,,,,,,,,,
Ontario,Ontario Central Region,York Region,Aurora,Aurora Grove,,,,,,,,,
Ontario,Ontario Central Region,York Region,Aurora,Aurora Estates,,,,,,,,,
Ontario,Ontario Central Region,York Region,Aurora,Aurora Northeast,,,,,,,,,
Ontario,Ontario Central Region,York Region,Newmarket,Bogart Town,,,,,,,,,
Ontario,Ontario Central Region,York Region,Newmarket,Stonehaven,,,,,,,,,
Ontario,Ontario Central Region,York Region,Newmarket,Armitage,,,,,,,,,
Ontario,Ontario Central Region,York Region,Richmond Hill,Oak Ridges,,,,,,,,,
Ontario,Ontario Central Region,York Region,Richmond Hill,Bayview North,,,,,,,,,
Ontario,Ontario Central Region,York Region,Richmond Hill,Doncrest,,,,,,,,,
Ontario,Ontario Central Region,York Region,Richmond Hill,Elgin Mills,,,,,,,,,
Ontario,Ontario Central Region,York Region,Richmond Hill,Headford,,,,,,,,,
Ontario,Ontario Central Region,York Region,Richmond Hill,Richvale,,,,,,,,,
Ontario,Ontario Central Region,York Region,Richmond Hill,Hillsview,,,,,,,,,
Ontario,Ontario Central Region,York Region,Richmond Hill,Bayview Hill,,,,,,,,,
Ontario,Ontario Central Region,York Region,Richmond Hill,East Beaver Creek,,,,,,,,,
Ontario,Ontario Central Region,York Region,Vaughan,Woodbridge,,,,,,,,,
Ontario,Ontario Central Region,York Region,Vaughan,Maple,,,,,,,,,
Ontario,Ontario Central Region,York Region,Vaughan,Thornhill,,,,,,,,,
Ontario,Ontario Central Region,York Region,Vaughan,Concord,,,,,,,,,
Ontario,Ontario Central Region,York Region,Vaughan,Kleinburg,,,,,,,,,
Ontario,Ontario Central Region,York Region,Vaughan,Metropolitan Centre,,,,,,,,,
Ontario,Ontario Central Region,York Region,Vaughan,Beverley Glen,,,,,,,,,
Ontario,Ontario South West Region,Brant County,Whitchurch–Stouffville,,,,,,,,,,
Ontario,Ontario South West Region,Brant County,Brantford,Brantford North West,Ava Heights-Golfdale,,,,,,,,
Ontario,Ontario South West Region,Brant County,Brantford,Brantford North West,Henderson-Sky Acres,,,,,,,,
Ontario,Ontario South West Region,Brant County,Brantford,Brantford North West,Holmesdale-Lansdowne,,,,,,,,
Ontario,Ontario South West Region,Brant County,Brantford,Brantford North West,Mayfair,,,,,,,,
Ontario,Ontario South West Region,Brant County,Brantford,Brantford North Central,Brier Park,,,,,,,,
Ontario,Ontario South West Region,Brant County,Brantford,Brantford North Central,Fairview,,,,,,,,
Ontario,Ontario South West Region,Brant County,Brantford,Brantford North Central,Greenbrier,,,,,,,,
Ontario,Ontario South West Region,Brant County,Brantford,Brantford North Central,Terrace Hill,,,,,,,,
Ontario,Ontario South West Region,Brant County,Brantford,Brantford North East,Lynden Hills,,,,,,,,
Ontario,Ontario South West Region,Brant County,Brantford,Brantford North East,Braneida Industrial Park,,,,,,,,
Ontario,Ontario South West Region,Brant County,Brantford,Brantford North East,Echo Place,,,,,,,,
Ontario,Ontario South West Region,Brant County,Brantford,Brantford South East,Colborne,,,,,,,,
Ontario,Ontario South West Region,Brant County,Brantford,Brantford South East,Mohawk Grenwich,,,,,,,,
Ontario,Ontario South West Region,Brant County,Brantford,Brantford South East,Brant's Crossing Business Area,,,,,,,,
Ontario,Ontario South West Region,Brant County,Brantford,Brantford South East,Eastward Creek,,,,,,,,
Ontario,Ontario South West Region,Brant County,Brantford,Brantford South East,East Ward,,,,,,,,
Ontario,Ontario South West Region,Brant County,Brantford,Brantford South East,Market Street Village,,,,,,,,
Ontario,Ontario South West Region,Brant County,Brantford,Brantford South East,Brantford Downtown,,,,,,,,
Ontario,Ontario South West Region,Brant County,Brantford,Brantford South East,City Centre & Academic District,,,,,,,,
Ontario,Ontario South West Region,Brant County,Brantford,Brantford South West,North Ward,,,,,,,,
Ontario,Ontario South West Region,Brant County,Brantford,Brantford South West,Shellard Lane,,,,,,,,
Ontario,Ontario South West Region,Brant County,Burford,,,,,,,,,,
Ontario,Ontario South West Region,Brant County,Oakland,,,,,,,,,,
Ontario,Ontario South West Region,Bruce County,Onondaga,,,,,,,,,,
Ontario,Ontario South West Region,Bruce County,South Dumfries,,,,,,,,,,
Ontario,Ontario South West Region,Bruce County,Saugeen Shores,,,,,,,,,,
Ontario,Ontario South West Region,Bruce County,Kincardine,,,,,,,,,,
Ontario,Ontario South West Region,Bruce County,Brockton,,,,,,,,,,
Ontario,Ontario South West Region,Bruce County,South Bruce Peninsula,,,,,,,,,,
Ontario,Ontario South West Region,Bruce County,Huron-Kinloss,,,,,,,,,,
Ontario,Ontario South West Region,Bruce County,Arran-Elderslie,,,,,,,,,,
Ontario,Ontario South West Region,Bruce County,South Bruce,,,,,,,,,,
Ontario,Ontario South West Region,Bruce County,Northern Bruce Peninsula,,,,,,,,,,
Ontario,Ontario South West Region,Chatham–Kent,Camden,,,,,,,,,,
Ontario,Ontario South West Region,Chatham–Kent,Chatham,,,,,,,,,,
Ontario,Ontario South West Region,Chatham–Kent,Dover,,,,,,,,,,
Ontario,Ontario South West Region,Chatham–Kent,Harwich,,,,,,,,,,
Ontario,Ontario South West Region,Chatham–Kent,Howard,,,,,,,,,,
Ontario,Ontario South West Region,Chatham–Kent,Orford,,,,,,,,,,
Ontario,Ontario South West Region,Chatham–Kent,Raleigh,,,,,,,,,,
Ontario,Ontario South West Region,Chatham–Kent,Tilbury East,,,,,,,,,,
Ontario,Ontario South West Region,Chatham–Kent,Zone Township,,,,,,,,,,
Ontario,Ontario South West Region,Dufferin County,Grand Valley,,,,,,,,,,
Ontario,Ontario South West Region,Dufferin County,Orangeville,,,,,,,,,,
Ontario,Ontario South West Region,Dufferin County,Shelburne,,,,,,,,,,
Ontario,Ontario South West Region,Elgin County,Central Elgin,,,,,,,,,,
Ontario,Ontario South West Region,Elgin County,Malahide,,,,,,,,,,
Ontario,Ontario South West Region,Elgin County,Aylmer,,,,,,,,,,
Ontario,Ontario South West Region,Elgin County,Bayham,,,,,,,,,,
Ontario,Ontario South West Region,Elgin County,St. Thomas,,,,,,,,,,
Ontario,Ontario South West Region,Elgin County,West Elgin,,,,,,,,,,
Ontario,Ontario South West Region,Elgin County,Dutton/Dunwich,,,,,,,,,,
Ontario,Ontario South West Region,Elgin County,Southwold,,,,,,,,,,
Ontario,Ontario South West Region,Essex County,Lakeshore,,,,,,,,,,
Ontario,Ontario South West Region,Essex County,LaSalle,,,,,,,,,,
Ontario,Ontario South West Region,Essex County,Leamington,,,,,,,,,,
Ontario,Ontario South West Region,Essex County,Tecumseh,,,,,,,,,,
Ontario,Ontario South West Region,Essex County,Amherstburg,,,,,,,,,,
Ontario,Ontario South West Region,Essex County,Kingsville,,,,,,,,,,
Ontario,Ontario South West Region,Essex County,Essex,,,,,,,,,,
Ontario,Ontario South West Region,Essex County,Windsor,Windsor Downtown,Heart of Windsor,,,,,,,,
Ontario,Ontario South West Region,Essex County,Windsor,Windsor Downtown,Little Italy,,,,,,,,
Ontario,Ontario South West Region,Essex County,Windsor,Windsor Downtown,Uptown Ottawa Street,,,,,,,,
Ontario,Ontario South West Region,Essex County,Windsor,Windsor Downtown,South Walkerville,,,,,,,,
Ontario,Ontario South West Region,Essex County,Windsor,Windsor Downtown,Walkerville,,,,,,,,
Ontario,Ontario South West Region,Essex County,Windsor,Windsor Downtown,Central Windsor,,,,,,,,
Ontario,Ontario South West Region,Essex County,Windsor,Windsor East End,Banwell/East Riverside,,,,,,,,
Ontario,Ontario South West Region,Essex County,Windsor,Windsor East End,East Windsor,,,,,,,,
Ontario,Ontario South West Region,Essex County,Windsor,Windsor East End,Ford City,,,,,,,,
Ontario,Ontario South West Region,Essex County,Windsor,Windsor East End,Fontainebleau,,,,,,,,
Ontario,Ontario South West Region,Essex County,Windsor,Windsor East End,Little River Acres,,,,,,,,
Ontario,Ontario South West Region,Essex County,Windsor,Windsor East End,Pillette Road Village,,,,,,,,
Ontario,Ontario South West Region,Essex County,Windsor,Windsor East End,Polonia Park,,,,,,,,
Ontario,Ontario South West Region,Essex County,Windsor,Windsor East End,Riverside,,,,,,,,
Ontario,Ontario South West Region,Essex County,Windsor,Windsor West Side,RiverWest,,,,,,,,
Ontario,Ontario South West Region,Essex County,Windsor,Windsor West Side,Brighton Beach,,,,,,,,
Ontario,Ontario South West Region,Essex County,Windsor,Windsor West Side,Morton Industrial Park,,,,,,,,
Ontario,Ontario South West Region,Essex County,Windsor,Windsor West Side,Ojibway,,,,,,,,
Ontario,Ontario South West Region,Essex County,Windsor,Windsor West Side,Sandwich,,,,,,,,
Ontario,Ontario South West Region,Essex County,Windsor,Windsor West Side,South Cameron Woodlot,,,,,,,,
Ontario,Ontario South West Region,Essex County,Windsor,Windsor West Side,West Windsor,,,,,,,,
Ontario,Ontario South West Region,Essex County,Windsor,Windsor West Side,Yawkey,,,,,,,,
Ontario,Ontario South West Region,Essex County,Windsor,Windsor South Side,Devonshire Heights,,,,,,,,
Ontario,Ontario South West Region,Essex County,Windsor,Windsor South Side,Remington Park,,,,,,,,
Ontario,Ontario South West Region,Essex County,Windsor,Windsor South Side,Roseland,,,,,,,,
Ontario,Ontario South West Region,Essex County,Windsor,Windsor South Side,Sandwich South,,,,,,,,
Ontario,Ontario South West Region,Essex County,Windsor,Windsor South Side,South Windsor,,,,,,,,
Ontario,Ontario South West Region,Essex County,Pelee,,,,,,,,,,
Ontario,Ontario South West Region,Grey County,Owen Sound,,,,,,,,,,
Ontario,Ontario South West Region,Grey County,West Grey,,,,,,,,,,
Ontario,Ontario South West Region,Grey County,Meaford,,,,,,,,,,
Ontario,Ontario South West Region,Grey County,Georgian Bluffs,,,,,,,,,,
Ontario,Ontario South West Region,Grey County,Grey Highlands,,,,,,,,,,
Ontario,Ontario South West Region,Grey County,Hanover,,,,,,,,,,
Ontario,Ontario South West Region,Grey County,Southgate,,,,,,,,,,
Ontario,Ontario South West Region,Grey County,The Blue Mountains,,,,,,,,,,
Ontario,Ontario South West Region,Grey County,Chatsworth,,,,,,,,,,
Ontario,Ontario South West Region,Haldimand County,Caledonia,,,,,,,,,,
Ontario,Ontario South West Region,Haldimand County,Dunnville,,,,,,,,,,
Ontario,Ontario South West Region,Haldimand County,Hagersville,,,,,,,,,,
Ontario,Ontario South West Region,Haldimand County,Jarvis,,,,,,,,,,
Ontario,Ontario South West Region,Haldimand County,Cayuga,,,,,,,,,,
Ontario,Ontario South West Region,Hamilton & Area,Dundas & Area,Ancaster,,,,,,,,,
Ontario,Ontario South West Region,Hamilton & Area,Dundas & Area,Carlisle,,,,,,,,,
Ontario,Ontario South West Region,Hamilton & Area,Dundas & Area,Dundas,,,,,,,,,
Ontario,Ontario South West Region,Hamilton & Area,Dundas & Area,Flamborough,,,,,,,,,
Ontario,Ontario South West Region,Hamilton & Area,Dundas & Area,Freelton,,,,,,,,,
Ontario,Ontario South West Region,Hamilton & Area,Ancaster & Area,Jerseyville,,,,,,,,,
Ontario,Ontario South West Region,Hamilton & Area,Ancaster & Area,Meadowlands,,,,,,,,,
Ontario,Ontario South West Region,Hamilton & Area,Ancaster & Area,Milgrove,,,,,,,,,
Ontario,Ontario South West Region,Hamilton & Area,Ancaster & Area,Mineral Springs,,,,,,,,,
Ontario,Ontario South West Region,Hamilton & Area,Ancaster & Area,Nakoma,,,,,,,,,
Ontario,Ontario South West Region,Hamilton & Area,Ancaster & Area,Oakhill,,,,,,,,,
Ontario,Ontario South West Region,Hamilton & Area,Ancaster & Area,Perth Park,,,,,,,,,
Ontario,Ontario South West Region,Hamilton & Area,Ancaster & Area,Spring Valley,,,,,,,,,
Ontario,Ontario South West Region,Hamilton & Area,West Hamilton,Ainslie Wood ,,,,,,,,,
Ontario,Ontario South West Region,Hamilton & Area,West Hamilton,Ainslie Wood West,,,,,,,,,
Ontario,Ontario South West Region,Hamilton & Area,West Hamilton,Buchanan,,,,,,,,,
Ontario,Ontario South West Region,Hamilton & Area,West Hamilton,Durand,,,,,,,,,
Ontario,Ontario South West Region,Hamilton & Area,West Hamilton,Gilbert,,,,,,,,,
Ontario,Ontario South West Region,Hamilton & Area,West Hamilton,Mountview,,,,,,,,,
Ontario,Ontario South West Region,Hamilton & Area,West Hamilton,Strathcona,,,,,,,,,
Ontario,Ontario South West Region,Hamilton & Area,West Hamilton,West Harbour,,,,,,,,,
Ontario,Ontario South West Region,Hamilton & Area,West Hamilton,Westcliffe East,,,,,,,,,
Ontario,Ontario South West Region,Hamilton & Area,West Hamilton,Westcliffe West,,,,,,,,,
Ontario,Ontario South West Region,Hamilton & Area,West Hamilton,Westdale,,,,,,,,,
Ontario,Ontario South West Region,Hamilton & Area,West Hamilton,Westdale South,,,,,,,,,
Ontario,Ontario South West Region,Hamilton & Area,Hamilton Central,Allison,,,,,,,,,
Ontario,Ontario South West Region,Hamilton & Area,Hamilton Central,Allison,,,,,,,,,
Ontario,Ontario South West Region,Hamilton & Area,Hamilton Central,Balfour,,,,,,,,,
Ontario,Ontario South West Region,Hamilton & Area,Hamilton Central,Barnston,,,,,,,,,
Ontario,Ontario South West Region,Hamilton & Area,Hamilton Central,Beasley,,,,,,,,,
Ontario,Ontario South West Region,Hamilton & Area,Hamilton Central,Blakely,,,,,,,,,
Ontario,Ontario South West Region,Hamilton & Area,Hamilton Central,Broughton East,,,,,,,,,
Ontario,Ontario South West Region,Hamilton & Area,Hamilton Central,Burkholme,,,,,,,,,
Ontario,Ontario South West Region,Hamilton & Area,Hamilton Central,Butler,,,,,,,,,
Ontario,Ontario South West Region,Hamilton & Area,Hamilton Central,Centremont,,,,,,,,,
Ontario,Ontario South West Region,Hamilton & Area,Hamilton Central,Chappel East,,,,,,,,,
Ontario,Ontario South West Region,Hamilton & Area,Hamilton Central,Chapple West,,,,,,,,,
Ontario,Ontario South West Region,Hamilton & Area,Hamilton Central,Corktown,,,,,,,,,
Ontario,Ontario South West Region,Hamilton & Area,Hamilton Central,Delta East,,,,,,,,,
Ontario,Ontario South West Region,Hamilton & Area,Hamilton Central,Delta West,,,,,,,,,
Ontario,Ontario South West Region,Hamilton & Area,Hamilton Central,East Hamilton,,,,,,,,,
Ontario,Ontario South West Region,Hamilton & Area,Hamilton Central,Hampton Heights,,,,,,,,,
Ontario,Ontario South West Region,Hamilton & Area,Hamilton Central,Hill Park,,,,,,,,,
Ontario,Ontario South West Region,Hamilton & Area,Hamilton Central,Huntington,,,,,,,,,
Ontario,Ontario South West Region,Hamilton & Area,Hamilton Central,Industrial Sector A,,,,,,,,,
Ontario,Ontario South West Region,Hamilton & Area,Hamilton Central,Industrial Sector B,,,,,,,,,
Ontario,Ontario South West Region,Hamilton & Area,Hamilton Central,Industrial Sector C,,,,,,,,,
Ontario,Ontario South West Region,Hamilton & Area,Hamilton Central,Industrial Sector D,,,,,,,,,
Ontario,Ontario South West Region,Hamilton & Area,Hamilton Central,Industrial Sector E,,,,,,,,,
Ontario,Ontario South West Region,Hamilton & Area,Hamilton Central,Industrial Sector F,,,,,,,,,
Ontario,Ontario South West Region,Hamilton & Area,Hamilton Central,Industrial Sector G,,,,,,,,,
Ontario,Ontario South West Region,Hamilton & Area,Hamilton Central,Industrial Sector H,,,,,,,,,
Ontario,Ontario South West Region,Hamilton & Area,Hamilton Central,Industrial Sector I,,,,,,,,,
Ontario,Ontario South West Region,Hamilton & Area,Hamilton Central,Industrial Sector J,,,,,,,,,
Ontario,Ontario South West Region,Hamilton & Area,Hamilton Central,Industrial Sector K,,,,,,,,,
Ontario,Ontario South West Region,Hamilton & Area,Hamilton Central,Industrial Sector L,,,,,,,,,
Ontario,Ontario South West Region,Hamilton & Area,Hamilton Central,Industrial Sector M,,,,,,,,,
Ontario,Ontario South West Region,Hamilton & Area,Hamilton Central,Industrial Sector N,,,,,,,,,
Ontario,Ontario South West Region,Hamilton & Area,Hamilton Central,Kennedy East,,,,,,,,,
Ontario,Ontario South West Region,Hamilton & Area,Hamilton Central,Landsdale,,,,,,,,,
Ontario,Ontario South West Region,Hamilton & Area,Hamilton Central,Macassa,,,,,,,,,
Ontario,Ontario South West Region,Hamilton & Area,Hamilton Central,North End,,,,,,,,,
Ontario,Ontario South West Region,Hamilton & Area,Hamilton Central,Quinndale,,,,,,,,,
Ontario,Ontario South West Region,Hamilton & Area,Hamilton Central,Raleigh,,,,,,,,,
Ontario,Ontario South West Region,Hamilton & Area,Hamilton Central,Ryckmans,,,,,,,,,
Ontario,Ontario South West Region,Hamilton & Area,Hamilton Central,Stipley,,,,,,,,,
Ontario,Ontario South West Region,Hamilton & Area,Hamilton Central,Sunninghill,,,,,,,,,
Ontario,Ontario South West Region,Hamilton & Area,Hamilton Central,Templemead,,,,,,,,,
Ontario,Ontario South West Region,Hamilton & Area,Hamilton Central,The Delta,,,,,,,,,
Ontario,Ontario South West Region,Hamilton & Area,Hamilton East,Cherry Heights,,,,,,,,,
Ontario,Ontario South West Region,Hamilton & Area,Hamilton East,Fruitland,,,,,,,,,
Ontario,Ontario South West Region,Hamilton & Area,Hamilton East,Gershome,,,,,,,,,
Ontario,Ontario South West Region,Hamilton & Area,Hamilton East,Glenview West,,,,,,,,,
Ontario,Ontario South West Region,Hamilton & Area,Hamilton East,Grayside,,,,,,,,,
Ontario,Ontario South West Region,Hamilton & Area,Hamilton East,Greenford,,,,,,,,,
Ontario,Ontario South West Region,Hamilton & Area,Hamilton East,Kentley,,,,,,,,,
Ontario,Ontario South West Region,Hamilton & Area,Hamilton East,McQuesten West,,,,,,,,,
Ontario,Ontario South West Region,Hamilton & Area,Hamilton East,Parkview East,,,,,,,,,
Ontario,Ontario South West Region,Hamilton & Area,Hamilton East,Riverdale East,,,,,,,,,
Ontario,Ontario South West Region,Hamilton & Area,Hamilton East,Riverdale West,,,,,,,,,
Ontario,Ontario South West Region,Hamilton & Area,Hamilton East,Stoney Creek,,,,,,,,,
Ontario,Ontario South West Region,Hamilton & Area,Hamilton East,Tapleytown,,,,,,,,,
Ontario,Ontario South West Region,Hamilton & Area,Hamilton East,Vinemount,,,,,,,,,
Ontario,Ontario South West Region,Hamilton & Area,Hamilton East,Winona,,,,,,,,,
Ontario,Ontario South West Region,Hamilton & Area,Hamilton East,Vincent,,,,,,,,,
Ontario,Ontario South West Region,Hamilton & Area,Hamilton East,Red Hill,,,,,,,,,
Ontario,Ontario South West Region,Hamilton & Area,Hamilton East,Corman,,,,,,,,,
Ontario,Ontario South West Region,Hamilton & Area,Hamilton East,Normanhurst,,,,,,,,,
Ontario,Ontario South West Region,Hamilton & Area,Hamilton East,Homeside,,,,,,,,,
Ontario,Ontario South West Region,Hamilton & Area,Hamilton East,Bartonville,,,,,,,,,
Ontario,Ontario South West Region,Hamilton & Area,Hamilton East,Rosedale,,,,,,,,,
Ontario,Ontario South West Region,Hamilton & Area,Hamilton East,Leckie Park,,,,,,,,,
Ontario,Ontario South West Region,Hamilton & Area,Hamilton Mountain ,Hannon,,,,,,,,,
Ontario,Ontario South West Region,Hamilton & Area,Hamilton Mountain ,Binbrook,,,,,,,,,
Ontario,Ontario South West Region,Hamilton & Area,Hamilton Mountain ,Mt. Hope,,,,,,,,,
Ontario,Ontario South West Region,Hamilton & Area,Hamilton Mountain ,Tyneside,,,,,,,,,
Ontario,Ontario South West Region,Hamilton & Area,Hamilton Mountain ,Blackheath,,,,,,,,,
Ontario,Ontario South West Region,Huron County,South Huron,,,,,,,,,,
Ontario,Ontario South West Region,Huron County,Huron East,,,,,,,,,,
Ontario,Ontario South West Region,Huron County,Goderich,,,,,,,,,,
Ontario,Ontario South West Region,Huron County,Central Huron,,,,,,,,,,
Ontario,Ontario South West Region,Huron County,Bluewater ,,,,,,,,,,
Ontario,Ontario South West Region,Huron County,Ashfield–Colborne–Wawanosh,,,,,,,,,,
Ontario,Ontario South West Region,Huron County,North Huron,,,,,,,,,,
Ontario,Ontario South West Region,Lambton County,Howick,,,,,,,,,,
Ontario,Ontario South West Region,Lambton County,Morris-Turnberry,,,,,,,,,,
Ontario,Ontario South West Region,Lambton County,Sarnia,,,,,,,,,,
Ontario,Ontario South West Region,Lambton County,St. Clair,,,,,,,,,,
Ontario,Ontario South West Region,Lambton County,Lambton Shores,,,,,,,,,,
Ontario,Ontario South West Region,Lambton County,Plympton–Wyoming,,,,,,,,,,
Ontario,Ontario South West Region,Lambton County,Petrolia,,,,,,,,,,
Ontario,Ontario South West Region,Lambton County,Warwick,,,,,,,,,,
Ontario,Ontario South West Region,Lambton County,Enniskillen,,,,,,,,,,
Ontario,Ontario South West Region,Lambton County,Brooke-Alvinston,,,,,,,,,,
Ontario,Ontario South West Region,Lambton County,Point Edward,,,,,,,,,,
Ontario,Ontario South West Region,Middlesex County,Adelaide Metcalfe,,,,,,,,,,
Ontario,Ontario South West Region,Middlesex County,Dawn-Euphemia,,,,,,,,,,
Ontario,Ontario South West Region,Middlesex County,London,Central,Bishop Hellmuth,,,,,,,,
Ontario,Ontario South West Region,Middlesex County,London,Central,Blackfriars,,,,,,,,
Ontario,Ontario South West Region,Middlesex County,London,Central,Broughdale,,,,,,,,
Ontario,Ontario South West Region,Middlesex County,London,Central,Chelsea Green,,,,,,,,
Ontario,Ontario South West Region,Middlesex County,London,Central,Downtown,,,,,,,,
Ontario,Ontario South West Region,Middlesex County,London,Central,Hamilton Road,,,,,,,,
Ontario,Ontario South West Region,Middlesex County,London,Central,Kengsington Village,,,,,,,,
Ontario,Ontario South West Region,Middlesex County,London,Central,Midtown,,,,,,,,
Ontario,Ontario South West Region,Middlesex County,London,Central,North Talbot,,,,,,,,
Ontario,Ontario South West Region,Middlesex County,London,Central,Old East Village,,,,,,,,
Ontario,Ontario South West Region,Middlesex County,London,Central,Old North,,,,,,,,
Ontario,Ontario South West Region,Middlesex County,London,Central,Old South,,,,,,,,
Ontario,Ontario South West Region,Middlesex County,London,Central,Oxford Park,,,,,,,,
Ontario,Ontario South West Region,Middlesex County,London,Central,Piccadilly,,,,,,,,
Ontario,Ontario South West Region,Middlesex County,London,Central,Riverforks,,,,,,,,
Ontario,Ontario South West Region,Middlesex County,London,Central,Rowntree,,,,,,,,
Ontario,Ontario South West Region,Middlesex County,London,Central,SoHo,,,,,,,,
Ontario,Ontario South West Region,Middlesex County,London,Central,St. George - Grosvenor,,,,,,,,
Ontario,Ontario South West Region,Middlesex County,London,Central,The Coves,,,,,,,,
Ontario,Ontario South West Region,Middlesex County,London,Central,The Smokestack District,,,,,,,,
Ontario,Ontario South West Region,Middlesex County,London,Central,Woodfield,,,,,,,,
Ontario,Ontario South West Region,Middlesex County,London,Northeast,Carling Heights,,,,,,,,
Ontario,Ontario South West Region,Middlesex County,London,Northeast,Cedar Hollow,,,,,,,,
Ontario,Ontario South West Region,Middlesex County,London,Northeast,Huron Heights,,,,,,,,
Ontario,Ontario South West Region,Middlesex County,London,Northeast,Kilally Valley,,,,,,,,
Ontario,Ontario South West Region,Middlesex County,London,Northeast,Kipps Lane,,,,,,,,
Ontario,Ontario South West Region,Middlesex County,London,Northeast,Masonville,,,,,,,,
Ontario,Ontario South West Region,Middlesex County,London,Northeast,Northcrest,,,,,,,,
Ontario,Ontario South West Region,Middlesex County,London,Northeast,Northridge,,,,,,,,
Ontario,Ontario South West Region,Middlesex County,London,Northeast,Ridgeview Heights,,,,,,,,
Ontario,Ontario South West Region,Middlesex County,London,Northeast,Stoney Creek,,,,,,,,
Ontario,Ontario South West Region,Middlesex County,London,Northeast,Stoneybrook,,,,,,,,
Ontario,Ontario South West Region,Middlesex County,London,Northeast,Stoneybrook Heights,,,,,,,,
Ontario,Ontario South West Region,Middlesex County,London,Northeast,Uplands,,,,,,,,
Ontario,Ontario South West Region,Middlesex County,London,Northeast,Uplands North,,,,,,,,
Ontario,Ontario South West Region,Middlesex County,London,Northwest,Cherryhill,,,,,,,,
Ontario,Ontario South West Region,Middlesex County,London,Northwest,Fox Field,,,,,,,,
Ontario,Ontario South West Region,Middlesex County,London,Northwest,Hazelden,,,,,,,,
Ontario,Ontario South West Region,Middlesex County,London,Northwest,Hunt Club,,,,,,,,
Ontario,Ontario South West Region,Middlesex County,London,Northwest,Hyde Park,,,,,,,,
Ontario,Ontario South West Region,Middlesex County,London,Northwest,Limberlost,,,,,,,,
Ontario,Ontario South West Region,Middlesex County,London,Northwest,Oakridge,,,,,,,,
Ontario,Ontario South West Region,Middlesex County,London,Northwest,Oakridge Crossings,,,,,,,,
Ontario,Ontario South West Region,Middlesex County,London,Northwest,Old Masonville,,,,,,,,
Ontario,Ontario South West Region,Middlesex County,London,Northwest,Orchard Park and Sherwood Forest,,,,,,,,
Ontario,Ontario South West Region,Middlesex County,London,Northwest,Proudfoot,,,,,,,,
Ontario,Ontario South West Region,Middlesex County,London,Northwest,River Bend,,,,,,,,
Ontario,Ontario South West Region,Middlesex County,London,Northwest,Sunningdale,,,,,,,,
Ontario,Ontario South West Region,Middlesex County,London,Northwest,The Triangle,,,,,,,,
Ontario,Ontario South West Region,Middlesex County,London,Northwest,University Heights,,,,,,,,
Ontario,Ontario South West Region,Middlesex County,London,Northwest,Whitehills,,,,,,,,
Ontario,Ontario South West Region,Middlesex County,London,Southeast,Argyle,,,,,,,,
Ontario,Ontario South West Region,Middlesex County,London,Southeast,Fairmont,,,,,,,,
Ontario,Ontario South West Region,Middlesex County,London,Southeast,Glen Cairn Woods,,,,,,,,
Ontario,Ontario South West Region,Middlesex County,London,Southeast,Hale Street District,,,,,,,,
Ontario,Ontario South West Region,Middlesex County,London,Southeast,Nelson Park,,,,,,,,
Ontario,Ontario South West Region,Middlesex County,London,Southeast,Pond Mills,,,,,,,,
Ontario,Ontario South West Region,Middlesex County,London,Southeast,Pottersburg,,,,,,,,
Ontario,Ontario South West Region,Middlesex County,London,Southeast,Summerside,,,,,,,,
Ontario,Ontario South West Region,Middlesex County,London,Southeast,The Gorhamclarke Triangle,,,,,,,,
Ontario,Ontario South West Region,Middlesex County,London,Southeast,Trafalgar Heights,,,,,,,,
Ontario,Ontario South West Region,Middlesex County,London,Southeast,Westminster,,,,,,,,
Ontario,Ontario South West Region,Middlesex County,London,Southwest,Berkshire Village,,,,,,,,
Ontario,Ontario South West Region,Middlesex County,London,Southwest,Bostwick,,,,,,,,
Ontario,Ontario South West Region,Middlesex County,London,Southwest,Byron,,,,,,,,
Ontario,Ontario South West Region,Middlesex County,London,Southwest,Cleardale,,,,,,,,
Ontario,Ontario South West Region,Middlesex County,London,Southwest,Cranbrook,,,,,,,,
Ontario,Ontario South West Region,Middlesex County,London,Southwest,Highland,,,,,,,,
Ontario,Ontario South West Region,Middlesex County,London,Southwest,Kensal Park,,,,,,,,
Ontario,Ontario South West Region,Middlesex County,London,Southwest,Lambeth,,,,,,,,
Ontario,Ontario South West Region,Middlesex County,London,Southwest,Lockwood Park,,,,,,,,
Ontario,Ontario South West Region,Middlesex County,London,Southwest,Longwoods,,,,,,,,
Ontario,Ontario South West Region,Middlesex County,London,Southwest,Manor Park,,,,,,,,
Ontario,Ontario South West Region,Middlesex County,London,Southwest,Southcrest,,,,,,,,
Ontario,Ontario South West Region,Middlesex County,London,Southwest,Talbot Village,,,,,,,,
Ontario,Ontario South West Region,Middlesex County,London,Southwest,Westmount,,,,,,,,
Ontario,Ontario South West Region,Middlesex County,London,Southwest,White Oaks,,,,,,,,
Ontario,Ontario South West Region,Middlesex County,Lucan Biddulph,,,,,,,,,,
Ontario,Ontario South West Region,Middlesex County,Middlesex Centre,,,,,,,,,,
Ontario,Ontario South West Region,Middlesex County,North Middlesex,,,,,,,,,,
Ontario,Ontario South West Region,Middlesex County,Newbury,,,,,,,,,,
Ontario,Ontario South West Region,Middlesex County,Oil Springs,,,,,,,,,,
Ontario,Ontario South West Region,Middlesex County,Southwest Middlesex,,,,,,,,,,
Ontario,Ontario South West Region,Middlesex County,Strathroy-Caradoc,,,,,,,,,,
Ontario,Ontario South West Region,Middlesex County,Thames Centre,,,,,,,,,,
Ontario,Ontario South West Region,Niagara Region,Adelaide Metcalfe,,,,,,,,,,
Ontario,Ontario South West Region,Niagara Region,Newbury,,,,,,,,,,
Ontario,Ontario South West Region,Niagara Region,Niagara Falls,,,,,,,,,,
Ontario,Ontario South West Region,Niagara Region,Port Colborne ,,,,,,,,,,
Ontario,Ontario South West Region,Niagara Region,St. Catharines,,,,,,,,,,
Ontario,Ontario South West Region,Niagara Region,Thorold,,,,,,,,,,
Ontario,Ontario South West Region,Niagara Region,Welland,,,,,,,,,,
Ontario,Ontario South West Region,Niagara Region,Fort Erie,,,,,,,,,,
Ontario,Ontario South West Region,Niagara Region,Grimsby,,,,,,,,,,
Ontario,Ontario South West Region,Niagara Region,Lincoln,,,,,,,,,,
Ontario,Ontario South West Region,Niagara Region,Niagara-on-the-Lake,,,,,,,,,,
Ontario,Ontario South West Region,Niagara Region,Pelham,,,,,,,,,,
Ontario,Ontario South West Region,Norfolk County,Wainfleet,,,,,,,,,,
Ontario,Ontario South West Region,Norfolk County,West Lincoln,,,,,,,,,,
Ontario,Ontario South West Region,Norfolk County,Simcoe,,,,,,,,,,
Ontario,Ontario South West Region,Norfolk County,Port Dover,,,,,,,,,,
Ontario,Ontario South West Region,Oxford County ,Delhi,,,,,,,,,,
Ontario,Ontario South West Region,Oxford County ,Waterford,,,,,,,,,,
Ontario,Ontario South West Region,Oxford County ,Woodstock ,,,,,,,,,,
Ontario,Ontario South West Region,Oxford County ,Tillsonburg,,,,,,,,,,
Ontario,Ontario South West Region,Oxford County ,Ingersoll,,,,,,,,,,
Ontario,Ontario South West Region,Oxford County ,Norwich,,,,,,,,,,
Ontario,Ontario South West Region,Oxford County ,Zorra,,,,,,,,,,
Ontario,Ontario South West Region,Oxford County ,South-West Oxford ,,,,,,,,,,
Ontario,Ontario South West Region,Oxford County ,Blandford-Blenheim,,,,,,,,,,
Ontario,Ontario South West Region,Oxford County ,East Zorra-Tavistock,,,,,,,,,,
Ontario,Ontario South West Region,Pelee Township,,,,,,,,,,,
Ontario,Ontario South West Region,Perth County,North Perth,,,,,,,,,,
Ontario,Ontario South West Region,Perth County,Perth East,,,,,,,,,,
Ontario,Ontario South West Region,Perth County,West Perth,,,,,,,,,,
Ontario,Ontario South West Region,Perth County,Perth South,,,,,,,,,,
Ontario,Ontario South West Region,Perth County,Stratford,,,,,,,,,,
Ontario,Ontario South West Region,Waterloo Region,Kitchener,Downtown,KW Hospital,,,,,,,,
Ontario,Ontario South West Region,Waterloo Region,Kitchener,Downtown,Cherry Hill,,,,,,,,
Ontario,Ontario South West Region,Waterloo Region,Kitchener,Downtown,Victoria Park,,,,,,,,
Ontario,Ontario South West Region,Waterloo Region,Kitchener,Downtown,Cedar Hill,,,,,,,,
Ontario,Ontario South West Region,Waterloo Region,Kitchener,Downtown,King East,,,,,,,,
Ontario,Ontario South West Region,Waterloo Region,Kitchener,Downtown,Downtown,,,,,,,,
Ontario,Ontario South West Region,Waterloo Region,Kitchener,Downtown,Central Frederick,,,,,,,,
Ontario,Ontario South West Region,Waterloo Region,Kitchener,Downtown,Olde Berlin Town,,,,,,,,
Ontario,Ontario South West Region,Waterloo Region,Kitchener,North West,Victoria Hills,,,,,,,,
Ontario,Ontario South West Region,Waterloo Region,Kitchener,North West,Highland West,,,,,,,,
Ontario,Ontario South West Region,Waterloo Region,Kitchener,North West,Forest Heights,,,,,,,,
Ontario,Ontario South West Region,Waterloo Region,Kitchener,North West,Forest Hill,,,,,,,,
Ontario,Ontario South West Region,Waterloo Region,Kitchener,North West,Meinzinger Park,,,,,,,,
Ontario,Ontario South West Region,Waterloo Region,Kitchener,South West,Laurentian West,,,,,,,,
Ontario,Ontario South West Region,Waterloo Region,Kitchener,South West,Laurentian Hills,,,,,,,,
Ontario,Ontario South West Region,Waterloo Region,Kitchener,South West,Huron Park,,,,,,,,
Ontario,Ontario South West Region,Waterloo Region,Kitchener,South West,Alipine Village,,,,,,,,
Ontario,Ontario South West Region,Waterloo Region,Kitchener,South West,Country Hills West,,,,,,,,
Ontario,Ontario South West Region,Waterloo Region,Kitchener,South West,Williamsburg,,,,,,,,
Ontario,Ontario South West Region,Waterloo Region,Kitchener,South West,South Plains,,,,,,,,
Ontario,Ontario South West Region,Waterloo Region,Kitchener,South West,Dundee,,,,,,,,
Ontario,Ontario South West Region,Waterloo Region,Kitchener,South West,Doon South,,,,,,,,
Ontario,Ontario South West Region,Waterloo Region,Kitchener,South East,Vanier,,,,,,,,
Ontario,Ontario South West Region,Waterloo Region,Kitchener,South East,Trillium Industrial Park,,,,,,,,
Ontario,Ontario South West Region,Waterloo Region,Kitchener,South East,Pioneer Park,,,,,,,,
Ontario,Ontario South West Region,Waterloo Region,Kitchener,South East,Pioneer Tower West,,,,,,,,
Ontario,Ontario South West Region,Waterloo Region,Kitchener,South East,Hidden Valley,,,,,,,,
Ontario,Ontario South West Region,Waterloo Region,Kitchener,South East,Parkway,,,,,,,,
Ontario,Ontario South West Region,Waterloo Region,Kitchener,North East,Eastwood,,,,,,,,
Ontario,Ontario South West Region,Waterloo Region,Kitchener,North East,Stanley Park,,,,,,,,
Ontario,Ontario South West Region,Waterloo Region,Kitchener,North East,Centreville Chicopee,,,,,,,,
Ontario,Ontario South West Region,Waterloo Region,Kitchener,North East,Heritage Park,,,,,,,,
Ontario,Ontario South West Region,Waterloo Region,Kitchener,North East,Idlewood,,,,,,,,
Ontario,Ontario South West Region,Waterloo Region,Kitchener,North East,Grand River South,,,,,,,,
Ontario,Ontario South West Region,Waterloo Region,Kitchener,North East,Grand River North,,,,,,,,
Ontario,Ontario South West Region,Waterloo Region,Kitchener,North East,Rosemount,,,,,,,,
Ontario,Ontario South West Region,Waterloo Region,Kitchener,North East,Northward,,,,,,,,
Ontario,Ontario South West Region,Waterloo Region,Kitchener,North East,Bridgeport West,,,,,,,,
Ontario,Ontario South West Region,Waterloo Region,Kitchener,North East,Bridgeport East,,,,,,,,
Ontario,Ontario South West Region,Waterloo Region,Kitchener,North East,Bridgeport,,,,,,,,
Ontario,Ontario South West Region,Waterloo Region,Kitchener,North East,Victoria North,,,,,,,,
Ontario,Ontario South West Region,Waterloo Region,Cambridge,North East,Hespeler Village,,,,,,,,
Ontario,Ontario South West Region,Waterloo Region,Cambridge,North East,Hespeler,,,,,,,,
Ontario,Ontario South West Region,Waterloo Region,Cambridge,North East,Silver Heights,,,,,,,,
Ontario,Ontario South West Region,Waterloo Region,Cambridge,North West,Hagey,,,,,,,,
Ontario,Ontario South West Region,Waterloo Region,Cambridge,West,Lang's Farm,,,,,,,,
Ontario,Ontario South West Region,Waterloo Region,Cambridge,West,Preston Centre,,,,,,,,
Ontario,Ontario South West Region,Waterloo Region,Cambridge,West,Preston Heights,,,,,,,,
Ontario,Ontario South West Region,Waterloo Region,Cambridge,West,Blair,,,,,,,,
Ontario,Ontario South West Region,Waterloo Region,Cambridge,East,Greenway - Chaplin,,,,,,,,
Ontario,Ontario South West Region,Waterloo Region,Cambridge,East,Fiddlesticks,,,,,,,,
Ontario,Ontario South West Region,Waterloo Region,Cambridge,East,Allison,,,,,,,,
Ontario,Ontario South West Region,Waterloo Region,Cambridge,South,Cambridge,,,,,,,,
Ontario,Ontario South West Region,Waterloo Region,Cambridge,South,Blair Rd,,,,,,,,
Ontario,Ontario South West Region,Waterloo Region,Cambridge,South,Southwood,,,,,,,,
Ontario,Ontario South West Region,Waterloo Region,Cambridge,South,Christopher - Champlain,,,,,,,,
Ontario,Ontario South West Region,Waterloo Region,Cambridge,South,Littles Corner,,,,,,,,
Ontario,Ontario South West Region,Waterloo Region,Cambridge,South,Galt,,,,,,,,
Ontario,Ontario South West Region,Waterloo Region,Cambridge,South,East Galt,,,,,,,,
Ontario,Ontario South West Region,Waterloo Region,Waterloo,North West,Conservation Meadows,,,,,,,,
Ontario,Ontario South West Region,Waterloo Region,Waterloo,North West,North Lakeshore,,,,,,,,
Ontario,Ontario South West Region,Waterloo Region,Waterloo,North West,Lakeshore,,,,,,,,
Ontario,Ontario South West Region,Waterloo Region,Waterloo,North West,Laurelwood,,,,,,,,
Ontario,Ontario South West Region,Waterloo Region,Waterloo,North West,Columbia Forest,,,,,,,,
Ontario,Ontario South West Region,Waterloo Region,Waterloo,North West,Vista Hills,,,,,,,,
Ontario,Ontario South West Region,Waterloo Region,Waterloo,South West,University of Waterloo,,,,,,,,
Ontario,Ontario South West Region,Waterloo Region,Waterloo,South West,Clair Hills,,,,,,,,
Ontario,Ontario South West Region,Waterloo Region,Waterloo,South West,Upper Beechwood,,,,,,,,
Ontario,Ontario South West Region,Waterloo Region,Waterloo,South West,Beechwood West,,,,,,,,
Ontario,Ontario South West Region,Waterloo Region,Waterloo,South West,Beachwood,,,,,,,,
Ontario,Ontario South West Region,Waterloo Region,Waterloo,South West,Laurier University,,,,,,,,
Ontario,Ontario South West Region,Waterloo Region,Waterloo,South West,Westvale,,,,,,,,
Ontario,Ontario South West Region,Waterloo Region,Waterloo,South West,Maple Hills,,,,,,,,
Ontario,Ontario South West Region,Waterloo Region,Waterloo,South West,Westmount,,,,,,,,
Ontario,Ontario South West Region,Waterloo Region,Waterloo,South West,Lincoln Village,,,,,,,,
Ontario,Ontario South West Region,Waterloo Region,Waterloo,South West,Lincoln Heights,,,,,,,,
Ontario,Ontario South West Region,Waterloo Region,Waterloo,South West,Uptown Waterloo,,,,,,,,
Ontario,Ontario South West Region,Waterloo Region,Waterloo,East,Colonial Acres,,,,,,,,
Ontario,Ontario South West Region,Waterloo Region,Waterloo,East,Lexington,,,,,,,,
Ontario,Ontario South West Region,Waterloo Region,Waterloo,East,Eastbridge,,,,,,,,
Ontario,Ontario South West Region,Waterloo Region,Waterloo,East,Kiwanis Park,,,,,,,,
Ontario,Ontario South West Region,Waterloo Region,Waterloo,East,University Downs,,,,,,,,
Ontario,Ontario South West Region,Wellington County,Centre Wellington Township,Fergus,,,,,,,,,
Ontario,Ontario South West Region,Wellington County,Centre Wellington Township,Elora,,,,,,,,,
Ontario,Ontario South West Region,Wellington County,Centre Wellington Township,Aboyne,,,,,,,,,
Ontario,Ontario South West Region,Wellington County,Centre Wellington Township,Belwood,,,,,,,,,
Ontario,Ontario South West Region,Wellington County,Centre Wellington Township,Creek Bank,,,,,,,,,
Ontario,Ontario South West Region,Wellington County,Centre Wellington Township,Cumnock,,,,,,,,,
Ontario,Ontario South West Region,Wellington County,Centre Wellington Township,Dracon,,,,,,,,,
Ontario,Ontario South West Region,Wellington County,Centre Wellington Township,Drayton,,,,,,,,,
Ontario,Ontario South West Region,Wellington County,Centre Wellington Township,Ennotville,,,,,,,,,
Ontario,Ontario South West Region,Wellington County,Centre Wellington Township,Inverhaugh,,,,,,,,,
Ontario,Ontario South West Region,Wellington County,Centre Wellington Township,Living Springs,,,,,,,,,
Ontario,Ontario South West Region,Wellington County,Centre Wellington Township,Oustic,,,,,,,,,
Ontario,Ontario South West Region,Wellington County,Centre Wellington Township,Pentland ,,,,,,,,,
Ontario,Ontario South West Region,Wellington County,Centre Wellington Township,Corners,,,,,,,,,
Ontario,Ontario South West Region,Wellington County,Centre Wellington Township,Ponsonby,,,,,,,,,
Ontario,Ontario South West Region,Wellington County,Centre Wellington Township,Salem,,,,,,,,,
Ontario,Ontario South West Region,Wellington County,Centre Wellington Township,Shiloh,,,,,,,,,
Ontario,Ontario South West Region,Wellington County,Centre Wellington Township,Simpson Corners,,,,,,,,,
Ontario,Ontario South West Region,Wellington County,Centre Wellington Township,Speedside,,,,,,,,,
Ontario,Ontario South West Region,Wellington County,Centre Wellington Township,Spier,,,,,,,,,
Ontario,Ontario South West Region,Wellington County,Wellington North Township,Arthur,,,,,,,,,
Ontario,Ontario South West Region,Wellington County,Wellington North Township,Mount Forest,,,,,,,,,
Ontario,Ontario South West Region,Wellington County,Wellington North Township,Damascus,,,,,,,,,
Ontario,Ontario South West Region,Wellington County,Wellington North Township,Derrynane,,,,,,,,,
Ontario,Ontario South West Region,Wellington County,Wellington North Township,Farewell,,,,,,,,,
Ontario,Ontario South West Region,Wellington County,Wellington North Township,Gordonville,,,,,,,,,
Ontario,Ontario South West Region,Wellington County,Wellington North Township,Green Park,,,,,,,,,
Ontario,Ontario South West Region,Wellington County,Wellington North Township,Kenilworth,,,,,,,,,
Ontario,Ontario South West Region,Wellington County,Wellington North Township,Metz,,,,,,,,,
Ontario,Ontario South West Region,Wellington County,Wellington North Township,Monck,,,,,,,,,
Ontario,Ontario South West Region,Wellington County,Wellington North Township,Mount View,,,,,,,,,
Ontario,Ontario South West Region,Wellington County,Wellington North Township,Olivet,,,,,,,,,
Ontario,Ontario South West Region,Wellington County,Wellington North Township,Petherton,,,,,,,,,
Ontario,Ontario South West Region,Wellington County,Wellington North Township,Riverstown,,,,,,,,,
Ontario,Ontario South West Region,Wellington County,Wellington North Township,Wagram,,,,,,,,,
Ontario,Ontario South West Region,Wellington County,Guelph,Guelph West End,Onward Willow,,,,,,,,
Ontario,Ontario South West Region,Wellington County,Guelph,Guelph West End,Willow West,,,,,,,,
Ontario,Ontario South West Region,Wellington County,Guelph,Guelph West End,West Acres,,,,,,,,
Ontario,Ontario South West Region,Wellington County,Guelph,Guelph North End,Riverside,,,,,,,,
Ontario,Ontario South West Region,Wellington County,Guelph,Guelph North End,Victoria North,,,,,,,,
Ontario,Ontario South West Region,Wellington County,Guelph,Guelph North End,General Hospital,,,,,,,,
Ontario,Ontario South West Region,Wellington County,Guelph,Guelph East End,Grange Road,,,,,,,,
Ontario,Ontario South West Region,Wellington County,Guelph,Guelph Downtown,,,,,,,,,
Ontario,Ontario South West Region,Wellington County,Guelph,The Ward,St. Georges,,,,,,,,
Ontario,Ontario South West Region,Wellington County,Guelph,The Ward,St. Patricks,,,,,,,,
Ontario,Ontario South West Region,Wellington County,Guelph,Old University,Kortright East,,,,,,,,
Ontario,Ontario South West Region,Wellington County,Guelph,South West,Arboretum Village,,,,,,,,
Ontario,Ontario South West Region,Wellington County,Guelph,South West,Kortright Hills,,,,,,,,
Ontario,Ontario South West Region,Wellington County,Guelph,South Central,Kortright West,,,,,,,,
Ontario,Ontario South West Region,Wellington County,Guelph,South End,Westminster,,,,,,,,
Ontario,Ontario South West Region,Wellington County,Guelph,South End,Pineridge,,,,,,,,
Ontario,Ontario South West Region,Wellington County,Guelph,South End,Clairfields,,,,,,,,
Ontario,Ontario South West Region,Wellington County,Guelph/Eramosa Township,Rockwood,,,,,,,,,
Ontario,Ontario South West Region,Wellington County,Guelph/Eramosa Township,Brucedale,,,,,,,,,
Ontario,Ontario South West Region,Wellington County,Guelph/Eramosa Township,Ariss,,,,,,,,,
Ontario,Ontario South West Region,Wellington County,Guelph/Eramosa Township,Centre Inn,,,,,,,,,
Ontario,Ontario South West Region,Wellington County,Guelph/Eramosa Township,Eden Mills,,,,,,,,,
Ontario,Ontario South West Region,Wellington County,Guelph/Eramosa Township,Eramosa,,,,,,,,,
Ontario,Ontario South West Region,Wellington County,Guelph/Eramosa Township,Everton,,,,,,,,,
Ontario,Ontario South West Region,Wellington County,Guelph/Eramosa Township,Marden,,,,,,,,,
Ontario,Ontario South West Region,Wellington County,Erin Town,Ballinafad,,,,,,,,,
Ontario,Ontario South West Region,Wellington County,Erin Town,Brisbane,,,,,,,,,
Ontario,Ontario South West Region,Wellington County,Erin Town,Cedar Valley,,,,,,,,,
Ontario,Ontario South West Region,Wellington County,Erin Town,Crewson's Corners,,,,,,,,,
Ontario,Ontario South West Region,Wellington County,Erin Town,Orton,,,,,,,,,
Ontario,Ontario South West Region,Wellington County,Erin Town,Ospringe,,,,,,,,,
Ontario,Ontario South West Region,Wellington County,Erin Town,Hillsburgh,,,,,,,,,
Ontario,Ontario South West Region,Wellington County,Mapleton Township,Alma,,,,,,,,,
Ontario,Ontario South West Region,Wellington County,Mapleton Township,Bosworth,,,,,,,,,
Ontario,Ontario South West Region,Wellington County,Mapleton Township,Dobbenville,,,,,,,,,
Ontario,Ontario South West Region,Wellington County,Mapleton Township,Glen Allan,,,,,,,,,
Ontario,Ontario South West Region,Wellington County,Mapleton Township,Goldstone,,,,,,,,,
Ontario,Ontario South West Region,Wellington County,Mapleton Township,Hollen,,,,,,,,,
Ontario,Ontario South West Region,Wellington County,Mapleton Township,Lebanon,,,,,,,,,
Ontario,Ontario South West Region,Wellington County,Mapleton Township,Moorefield,,,,,,,,,
Ontario,Ontario South West Region,Wellington County,Mapleton Township,Parker,,,,,,,,,
Ontario,Ontario South West Region,Wellington County,Mapleton Township,Quarindale,,,,,,,,,
Ontario,Ontario South West Region,Wellington County,Mapleton Township,Riverbank,,,,,,,,,
Ontario,Ontario South West Region,Wellington County,Mapleton Township,Rothsay,,,,,,,,,
Ontario,Ontario South West Region,Wellington County,Minto Town,Clifford ,,,,,,,,,
Ontario,Ontario South West Region,Wellington County,Minto Town,Harriston,,,,,,,,,
Ontario,Ontario South West Region,Wellington County,Minto Town,Minto,,,,,,,,,
Ontario,Ontario South West Region,Wellington County,Minto Town,Palmerston,,,,,,,,,
Ontario,Ontario South West Region,Wellington County,Puslinch Township,Aberfoyle,,,,,,,,,
Ontario,Ontario South West Region,Wellington County,Puslinch Township,Arkell,,,,,,,,,
Ontario,Ontario Eastern Region,Frontenac County,North Frontenac,,,,,,,,,,
Ontario,Ontario Eastern Region,Frontenac County,Central Frontenac,,,,,,,,,,
Ontario,Ontario Eastern Region,Frontenac County,South Frontenac,,,,,,,,,,
Ontario,Ontario Eastern Region,Frontenac County,Frontenac Islands,,,,,,,,,,
Ontario,Ontario Eastern Region,Frontenac County,Kingston,Downtown,Sydenham,,,,,,,,
Ontario,Ontario Eastern Region,Frontenac County,Kingston,Downtown,Sunnyside,,,,,,,,
Ontario,Ontario Eastern Region,Frontenac County,Kingston,Downtown,Portsmouth Village,,,,,,,,
Ontario,Ontario Eastern Region,Frontenac County,Kingston,Downtown,Queen's,,,,,,,,
Ontario,Ontario Eastern Region,Frontenac County,Kingston,Downtown,Williamsville,,,,,,,,
Ontario,Ontario Eastern Region,Frontenac County,Kingston,Downtown,Calvin Park,,,,,,,,
Ontario,Ontario Eastern Region,Frontenac County,Kingston,Downtown,Inner Harbour,,,,,,,,
Ontario,Ontario Eastern Region,Frontenac County,Kingston,Downtown,Kingscourt,,,,,,,,
Ontario,Ontario Eastern Region,Frontenac County,Kingston,Downtown,Hillendale,,,,,,,,
Ontario,Ontario Eastern Region,Frontenac County,Kingston,Downtown,Alwington,,,,,,,,
Ontario,Ontario Eastern Region,Frontenac County,Kingston,Kingston - West,Auden Park,,,,,,,,
Ontario,Ontario Eastern Region,Frontenac County,Kingston,Kingston - West,Cataraqui Westbrook,,,,,,,,
Ontario,Ontario Eastern Region,Frontenac County,Kingston,Kingston - West,Grenville Park,,,,,,,,
Ontario,Ontario Eastern Region,Frontenac County,Kingston,Kingston - West,Polson Park,,,,,,,,
Ontario,Ontario Eastern Region,Frontenac County,Kingston,Kingston - West,Waterloo Village,,,,,,,,
Ontario,Ontario Eastern Region,Frontenac County,Kingston,Kingston - West,Bayridge East,,,,,,,,
Ontario,Ontario Eastern Region,Frontenac County,Kingston,Kingston - West,Collins Bay Penitentiary,,,,,,,,
Ontario,Ontario Eastern Region,Frontenac County,Kingston,Kingston - West,Henderson,,,,,,,,
Ontario,Ontario Eastern Region,Frontenac County,Kingston,Kingston - West,Reddendale,,,,,,,,
Ontario,Ontario Eastern Region,Frontenac County,Kingston,Kingston - West,Westwoods,,,,,,,,
Ontario,Ontario Eastern Region,Frontenac County,Kingston,Kingston - West,Bayridge West,,,,,,,,
Ontario,Ontario Eastern Region,Frontenac County,Kingston,Kingston - West,Fairway Hills,,,,,,,,
Ontario,Ontario Eastern Region,Frontenac County,Kingston,Kingston - West,Lemoine Point,,,,,,,,
Ontario,Ontario Eastern Region,Frontenac County,Kingston,Kingston - West,Strathcona Park,,,,,,,,
Ontario,Ontario Eastern Region,Frontenac County,Kingston,Kingston - West,Woodbine,,,,,,,,
Ontario,Ontario Eastern Region,Frontenac County,Kingston,Kingston - West,Cataraqui North,,,,,,,,
Ontario,Ontario Eastern Region,Frontenac County,Kingston,Kingston - West,Gardiners/Meadowbrook,,,,,,,,
Ontario,Ontario Eastern Region,Frontenac County,Kingston,Kingston - West,Miles Square,,,,,,,,
Ontario,Ontario Eastern Region,Frontenac County,Kingston,Kingston - West,Sutton Mills,,,,,,,,
Ontario,Ontario Eastern Region,Frontenac County,Kingston,Kingston - East,Barriefield Village,,,,,,,,
Ontario,Ontario Eastern Region,Frontenac County,Kingston,Kingston - East,Joyceville-Brewer's Mills,,,,,,,,
Ontario,Ontario Eastern Region,Frontenac County,Kingston,Kingston - East,Cataraqui River East,,,,,,,,
Ontario,Ontario Eastern Region,Frontenac County,Kingston,Kingston - East,Kingston Mills,,,,,,,,
Ontario,Ontario Eastern Region,Frontenac County,Kingston,Kingston - East,CFB Kingston,,,,,,,,
Ontario,Ontario Eastern Region,Frontenac County,Kingston,Kingston - East,Ravensview,,,,,,,,
Ontario,Ontario Eastern Region,Frontenac County,Kingston,Kingston - East,Greenwood,,,,,,,,
Ontario,Ontario Eastern Region,Frontenac County,Kingston,Kingston - East,St. Lawrence,,,,,,,,
Ontario,Ontario Eastern Region,Frontenac County,Kingston,Kingston - North,Alcan,,,,,,,,
Ontario,Ontario Eastern Region,Frontenac County,Kingston,Kingston - North,Rideau Heights,,,,,,,,
Ontario,Ontario Eastern Region,Frontenac County,Kingston,Kingston - North,Elginburg-Silvers Corners,,,,,,,,
Ontario,Ontario Eastern Region,Frontenac County,Kingston,Kingston - North,Shannon's Corners,,,,,,,,
Ontario,Ontario Eastern Region,Frontenac County,Kingston,Kingston - North,Glenburnie,,,,,,,,
Ontario,Ontario Eastern Region,Frontenac County,Kingston,Kingston - North,Sharpton-Glenvale,,,,,,,,
Ontario,Ontario Eastern Region,Frontenac County,Kingston,Kingston - North,Markers Acres,,,,,,,,
Ontario,Ontario Eastern Region,Haliburton County,Algonquin Highlands,,,,,,,,,,
Ontario,Ontario Eastern Region,Haliburton County,Dysart,,,,,,,,,,
Ontario,Ontario Eastern Region,Haliburton County,Highlands East,,,,,,,,,,
Ontario,Ontario Eastern Region,Haliburton County,Minden Hills,,,,,,,,,,
Ontario,Ontario Eastern Region,Haliburton County,Haliburton,,,,,,,,,,
Ontario,Ontario Eastern Region,Haliburton County,Dorset,,,,,,,,,,
Ontario,Ontario Eastern Region,Haliburton County,Minden,,,,,,,,,,
Ontario,Ontario Eastern Region,Haliburton County,Wilberforce,,,,,,,,,,
Ontario,Ontario Eastern Region,Haliburton County,Gooderham,,,,,,,,,,
Ontario,Ontario Eastern Region,Haliburton County,Irondale,,,,,,,,,,
Ontario,Ontario Eastern Region,Haliburton County,Cardiff,,,,,,,,,,
Ontario,Ontario Eastern Region,Haliburton County,West Guilford,,,,,,,,,,
Ontario,Ontario Eastern Region,Haliburton County,Eagle Lake,,,,,,,,,,
Ontario,Ontario Eastern Region,Haliburton County,Fort Irwin,,,,,,,,,,
Ontario,Ontario Eastern Region,Hastings County,Bancroft,,,,,,,,,,
Ontario,Ontario Eastern Region,Hastings County,Deseronto,,,,,,,,,,
Ontario,Ontario Eastern Region,Hastings County,Centre Hastings,,,,,,,,,,
Ontario,Ontario Eastern Region,Hastings County,Hastings Highlands,,,,,,,,,,
Ontario,Ontario Eastern Region,Hastings County,Tweed,,,,,,,,,,
Ontario,Ontario Eastern Region,Hastings County,Marmora and Lake,,,,,,,,,,
Ontario,Ontario Eastern Region,Hastings County,Carlow/Mayo,,,,,,,,,,
Ontario,Ontario Eastern Region,Hastings County,Faraday,,,,,,,,,,
Ontario,Ontario Eastern Region,Hastings County,Limerick,,,,,,,,,,
Ontario,Ontario Eastern Region,Hastings County,Madoc,,,,,,,,,,
Ontario,Ontario Eastern Region,Hastings County,Stirling-Rawdon,,,,,,,,,,
Ontario,Ontario Eastern Region,Hastings County,Tudor and Cashel,,,,,,,,,,
Ontario,Ontario Eastern Region,Hastings County,Tyendinaga,,,,,,,,,,
Ontario,Ontario Eastern Region,Hastings County,Wollaston,,,,,,,,,,
Ontario,Ontario Eastern Region,Hastings County,Belleville,City Centre,,,,,,,,,
Ontario,Ontario Eastern Region,Hastings County,Belleville,Bayshore,,,,,,,,,
Ontario,Ontario Eastern Region,Hastings County,Belleville,Cannifton,,,,,,,,,
Ontario,Ontario Eastern Region,Hastings County,Belleville,Corbyville,,,,,,,,,
Ontario,Ontario Eastern Region,Hastings County,Belleville,Foxboro,,,,,,,,,
Ontario,Ontario Eastern Region,Hastings County,Belleville,Frink Centre,,,,,,,,,
Ontario,Ontario Eastern Region,Hastings County,Belleville,Gilead,,,,,,,,,
Ontario,Ontario Eastern Region,Hastings County,Belleville,Halloway,,,,,,,,,
Ontario,Ontario Eastern Region,Hastings County,Belleville,Honeywell Corners,,,,,,,,,
Ontario,Ontario Eastern Region,Hastings County,Belleville,Latta,,,,,,,,,
Ontario,Ontario Eastern Region,Hastings County,Belleville,Loyalist,,,,,,,,,
Ontario,Ontario Eastern Region,Hastings County,Belleville,Philipston,,,,,,,,,
Ontario,Ontario Eastern Region,Hastings County,Belleville,Plainfield,,,,,,,,,
Ontario,Ontario Eastern Region,Hastings County,Belleville,Pointe Anne,,,,,,,,,
Ontario,Ontario Eastern Region,Hastings County,Belleville,Roslin,,,,,,,,,
Ontario,Ontario Eastern Region,Hastings County,Belleville,Thrasher's Corners,,,,,,,,,
Ontario,Ontario Eastern Region,Hastings County,Belleville,Thurlow,,,,,,,,,
Ontario,Ontario Eastern Region,Hastings County,Belleville,Thurlow South,,,,,,,,,
Ontario,Ontario Eastern Region,Hastings County,Belleville,Zion Hill,,,,,,,,,
Ontario,Ontario Eastern Region,Kawartha Lakes,Bexley,,,,,,,,,,
Ontario,Ontario Eastern Region,Kawartha Lakes,Carden,,,,,,,,,,
Ontario,Ontario Eastern Region,Kawartha Lakes,Dalton,,,,,,,,,,
Ontario,Ontario Eastern Region,Kawartha Lakes,Eldon,,,,,,,,,,
Ontario,Ontario Eastern Region,Kawartha Lakes,Emily,,,,,,,,,,
Ontario,Ontario Eastern Region,Kawartha Lakes,Fenelon,,,,,,,,,,
Ontario,Ontario Eastern Region,Kawartha Lakes,"Laxton, Digby and Longford",,,,,,,,,,
Ontario,Ontario Eastern Region,Kawartha Lakes,Longford,,,,,,,,,,
Ontario,Ontario Eastern Region,Kawartha Lakes,Manvers,,,,,,,,,,
Ontario,Ontario Eastern Region,Kawartha Lakes,Mariposa,,,,,,,,,,
Ontario,Ontario Eastern Region,Kawartha Lakes,Ops,,,,,,,,,,
Ontario,Ontario Eastern Region,Kawartha Lakes,Somerville,,,,,,,,,,
Ontario,Ontario Eastern Region,Kawartha Lakes,Verulam,,,,,,,,,,
Ontario,Ontario Eastern Region,Kawartha Lakes,Town of Lindsay,,,,,,,,,,
Ontario,Ontario Eastern Region,Kawartha Lakes,Bobcaygeon,,,,,,,,,,
Ontario,Ontario Eastern Region,Kawartha Lakes,Fenelon Falls,,,,,,,,,,
Ontario,Ontario Eastern Region,Kawartha Lakes,Omemee,,,,,,,,,,
Ontario,Ontario Eastern Region,Kawartha Lakes,Sturgeon Point,,,,,,,,,,
Ontario,Ontario Eastern Region,Kawartha Lakes,Woodville,,,,,,,,,,
Ontario,Ontario Eastern Region,Lanark County,Beckwith,,,,,,,,,,
Ontario,Ontario Eastern Region,Lanark County,Carleton Place,,,,,,,,,,
Ontario,Ontario Eastern Region,Lanark County,Drummond/North Elmsley,,,,,,,,,,
Ontario,Ontario Eastern Region,Lanark County,Lanark Highlands,,,,,,,,,,
Ontario,Ontario Eastern Region,Lanark County,Mississippi Mills,,,,,,,,,,
Ontario,Ontario Eastern Region,Lanark County,Montague,,,,,,,,,,
Ontario,Ontario Eastern Region,Lanark County,Perth,,,,,,,,,,
Ontario,Ontario Eastern Region,Lanark County,Tay Valley,,,,,,,,,,
Ontario,Ontario Eastern Region,Lanark County,Smiths Falls,,,,,,,,,,
Ontario,Ontario Eastern Region,Leeds & Grenville,North Grenville,,,,,,,,,,
Ontario,Ontario Eastern Region,Leeds & Grenville,Rideau Lakes,,,,,,,,,,
Ontario,Ontario Eastern Region,Leeds & Grenville,Elizabethtown-Kitley,,,,,,,,,,
Ontario,Ontario Eastern Region,Leeds & Grenville,Leeds and the Thousand Islands,,,,,,,,,,
Ontario,Ontario Eastern Region,Leeds & Grenville,Augusta,,,,,,,,,,
Ontario,Ontario Eastern Region,Leeds & Grenville,Edwardsburgh/Cardinal,,,,,,,,,,
Ontario,Ontario Eastern Region,Leeds & Grenville,Merrickville–Wolford,,,,,,,,,,
Ontario,Ontario Eastern Region,Leeds & Grenville,Athens,,,,,,,,,,
Ontario,Ontario Eastern Region,Leeds & Grenville,Front of Yonge,,,,,,,,,,
Ontario,Ontario Eastern Region,Leeds & Grenville,Westport,,,,,,,,,,
Ontario,Ontario Eastern Region,Leeds & Grenville,Brockville,,,,,,,,,,
Ontario,Ontario Eastern Region,Leeds & Grenville,Gananoque,,,,,,,,,,
Ontario,Ontario Eastern Region,Leeds & Grenville,Prescott,,,,,,,,,,
Ontario,Ontario Eastern Region,Lennox & Addington,Addington Highlands,,,,,,,,,,
Ontario,Ontario Eastern Region,Lennox & Addington,Greater Napanee,,,,,,,,,,
Ontario,Ontario Eastern Region,Lennox & Addington,Loyalist,,,,,,,,,,
Ontario,Ontario Eastern Region,Lennox & Addington,Stone Mills,,,,,,,,,,
Ontario,Ontario Eastern Region,Northhumberland County,Cobourg,,,,,,,,,,
Ontario,Ontario Eastern Region,Northhumberland County,Port Hope,,,,,,,,,,
Ontario,Ontario Eastern Region,Northhumberland County,Brighton,,,,,,,,,,
Ontario,Ontario Eastern Region,Northhumberland County,Hamilton,,,,,,,,,,
Ontario,Ontario Eastern Region,Northhumberland County,Alnwick/Haldimand,,,,,,,,,,
Ontario,Ontario Eastern Region,Northhumberland County,Cramahe,,,,,,,,,,
Ontario,Ontario Eastern Region,Northhumberland County,Campbellford,,,,,,,,,,
Ontario,Ontario Eastern Region,Northhumberland County,Hastings,,,,,,,,,,
Ontario,Ontario Eastern Region,Northhumberland County,Baltimore,,,,,,,,,,
Ontario,Ontario Eastern Region,Northhumberland County,Bewdley,,,,,,,,,,
Ontario,Ontario Eastern Region,Northhumberland County,Camborne,,,,,,,,,,
Ontario,Ontario Eastern Region,Northhumberland County,Centreton,,,,,,,,,,
Ontario,Ontario Eastern Region,Northhumberland County,Grafton,,,,,,,,,,
Ontario,Ontario Eastern Region,Northhumberland County,Warkworth,,,,,,,,,,
Ontario,Ontario Eastern Region,Ottawa,Ottawa Old City,Central Ottawa,ByWard Market,,,,,,,,
Ontario,Ontario Eastern Region,Ottawa,Ottawa Old City,Central Ottawa,Centretown,,,,,,,,
Ontario,Ontario Eastern Region,Ottawa,Ottawa Old City,Central Ottawa,Centretown West,,,,,,,,
Ontario,Ontario Eastern Region,Ottawa,Ottawa Old City,Central Ottawa,Downtown,,,,,,,,
Ontario,Ontario Eastern Region,Ottawa,Ottawa Old City,Central Ottawa,The Glebe,,,,,,,,
Ontario,Ontario Eastern Region,Ottawa,Ottawa Old City,Central Ottawa,Golden Triangle,,,,,,,,
Ontario,Ontario Eastern Region,Ottawa,Ottawa Old City,Central Ottawa,LeBreton Flats,,,,,,,,
Ontario,Ontario Eastern Region,Ottawa,Ottawa Old City,Central Ottawa,Lower Town,,,,,,,,
Ontario,Ontario Eastern Region,Ottawa,Ottawa Old City,Central Ottawa,Old Ottawa East,,,,,,,,
Ontario,Ontario Eastern Region,Ottawa,Ottawa Old City,Central Ottawa,Old Ottawa South,,,,,,,,
Ontario,Ontario Eastern Region,Ottawa,Ottawa Old City,Central Ottawa,Sandy Hill,,,,,,,,
Ontario,Ontario Eastern Region,Ottawa,Ottawa Old City,East End,Carson Meadows,,,,,,,,
Ontario,Ontario Eastern Region,Ottawa,Ottawa Old City,East End,Castle Heights,,,,,,,,
Ontario,Ontario Eastern Region,Ottawa,Ottawa Old City,East End,Forbes,,,,,,,,
Ontario,Ontario Eastern Region,Ottawa,Ottawa Old City,East End,Lees Avenue,,,,,,,,
Ontario,Ontario Eastern Region,Ottawa,Ottawa Old City,East End,Lindenlea,,,,,,,,
Ontario,Ontario Eastern Region,Ottawa,Ottawa Old City,East End,Manor Park,,,,,,,,
Ontario,Ontario Eastern Region,Ottawa,Ottawa Old City,East End,New Edinburgh,,,,,,,,
Ontario,Ontario Eastern Region,Ottawa,Ottawa Old City,East End,Overbrook,,,,,,,,
Ontario,Ontario Eastern Region,Ottawa,Ottawa Old City,East End,Rockcliffe Park,,,,,,,,
Ontario,Ontario Eastern Region,Ottawa,Ottawa Old City,East End,Vanier,,,,,,,,
Ontario,Ontario Eastern Region,Ottawa,Ottawa Old City,East End,Viscount Alexander Park,,,,,,,,
Ontario,Ontario Eastern Region,Ottawa,Ottawa Old City,South End,Airport-Uplands,,,,,,,,
Ontario,Ontario Eastern Region,Ottawa,Ottawa Old City,South End,Alta Vista,,,,,,,,
Ontario,Ontario Eastern Region,Ottawa,Ottawa Old City,South End,Billings Bridge,,,,,,,,
Ontario,Ontario Eastern Region,Ottawa,Ottawa Old City,South End,Confederation Heights,,,,,,,,
Ontario,Ontario Eastern Region,Ottawa,Ottawa Old City,South End,Ellwood,,,,,,,,
Ontario,Ontario Eastern Region,Ottawa,Ottawa Old City,South End,Elmvale Acres,,,,,,,,
Ontario,Ontario Eastern Region,Ottawa,Ottawa Old City,South End,Greenboro,,,,,,,,
Ontario,Ontario Eastern Region,Ottawa,Ottawa Old City,South End,Hawthorne Meadows,,,,,,,,
Ontario,Ontario Eastern Region,Ottawa,Ottawa Old City,South End,Heron Gate,,,,,,,,
Ontario,Ontario Eastern Region,Ottawa,Ottawa Old City,South End,Heron Park,,,,,,,,
Ontario,Ontario Eastern Region,Ottawa,Ottawa Old City,South End,Hunt Club,,,,,,,,
Ontario,Ontario Eastern Region,Ottawa,Ottawa Old City,South End,Hunt Club Park,,,,,,,,
Ontario,Ontario Eastern Region,Ottawa,Ottawa Old City,South End,Riverside Park,,,,,,,,
Ontario,Ontario Eastern Region,Ottawa,Ottawa Old City,South End,Riverview,,,,,,,,
Ontario,Ontario Eastern Region,Ottawa,Ottawa Old City,South End,Mooney's Bay Park,,,,,,,,
Ontario,Ontario Eastern Region,Ottawa,Ottawa Old City,South End,Sheffield Glen,,,,,,,,
Ontario,Ontario Eastern Region,Ottawa,Ottawa Old City,South End,South Keys,,,,,,,,
Ontario,Ontario Eastern Region,Ottawa,Ottawa Old City,South End,Urbandale,,,,,,,,
Ontario,Ontario Eastern Region,Ottawa,Ottawa Old City,West End,Ambleside,,,,,,,,
Ontario,Ontario Eastern Region,Ottawa,Ottawa Old City,West End,Bel-Air Heights,,,,,,,,
Ontario,Ontario Eastern Region,Ottawa,Ottawa Old City,West End,Bel-Air Park,,,,,,,,
Ontario,Ontario Eastern Region,Ottawa,Ottawa Old City,West End,Belltown,,,,,,,,
Ontario,Ontario Eastern Region,Ottawa,Ottawa Old City,West End,Braemar Park,,,,,,,,
Ontario,Ontario Eastern Region,Ottawa,Ottawa Old City,West End,Britannia,,,,,,,,
Ontario,Ontario Eastern Region,Ottawa,Ottawa Old City,West End,Britannia Heights,,,,,,,,
Ontario,Ontario Eastern Region,Ottawa,Ottawa Old City,West End,Carleton Heights,,,,,,,,
Ontario,Ontario Eastern Region,Ottawa,Ottawa Old City,West End,Carlington,,,,,,,,
Ontario,Ontario Eastern Region,Ottawa,Ottawa Old City,West End,Carlingwood,,,,,,,,
Ontario,Ontario Eastern Region,Ottawa,Ottawa Old City,West End,Central Park,,,,,,,,
Ontario,Ontario Eastern Region,Ottawa,Ottawa Old City,West End,Champlain Park,,,,,,,,
Ontario,Ontario Eastern Region,Ottawa,Ottawa Old City,West End,Civic Hospital,,,,,,,,
Ontario,Ontario Eastern Region,Ottawa,Ottawa Old City,West End,Copeland Park,,,,,,,,
Ontario,Ontario Eastern Region,Ottawa,Ottawa Old City,West End,Courtland Park,,,,,,,,
Ontario,Ontario Eastern Region,Ottawa,Ottawa Old City,West End,Glabar Park,,,,,,,,
Ontario,Ontario Eastern Region,Ottawa,Ottawa Old City,West End,Hampton Park,,,,,,,,
Ontario,Ontario Eastern Region,Ottawa,Ottawa Old City,West End,Highland Park,,,,,,,,
Ontario,Ontario Eastern Region,Ottawa,Ottawa Old City,West End,Hintonburg,,,,,,,,
Ontario,Ontario Eastern Region,Ottawa,Ottawa Old City,West End,Kenson Park,,,,,,,,
Ontario,Ontario Eastern Region,Ottawa,Ottawa Old City,West End,Lincoln Heights,,,,,,,,
Ontario,Ontario Eastern Region,Ottawa,Ottawa Old City,West End,McKellar Heights,,,,,,,,
Ontario,Ontario Eastern Region,Ottawa,Ottawa Old City,West End,McKellar Park,,,,,,,,
Ontario,Ontario Eastern Region,Ottawa,Ottawa Old City,West End,Mechanicsville,,,,,,,,
Ontario,Ontario Eastern Region,Ottawa,Ottawa Old City,West End,Michele Heights,,,,,,,,
Ontario,Ontario Eastern Region,Ottawa,Ottawa Old City,West End,Qualicum,,,,,,,,
Ontario,Ontario Eastern Region,Ottawa,Ottawa Old City,West End,Queensway Terrace North,,,,,,,,
Ontario,Ontario Eastern Region,Ottawa,Ottawa Old City,West End,Redwood,,,,,,,,
Ontario,Ontario Eastern Region,Ottawa,Ottawa Old City,West End,Rideau View,,,,,,,,
Ontario,Ontario Eastern Region,Ottawa,Ottawa Old City,West End,Tunney's Pasture,,,,,,,,
Ontario,Ontario Eastern Region,Ottawa,Ottawa Old City,West End,Wellington Village,,,,,,,,
Ontario,Ontario Eastern Region,Ottawa,Ottawa Old City,West End,Westboro,,,,,,,,
Ontario,Ontario Eastern Region,Ottawa,Ottawa Old City,West End,Whitehaven,,,,,,,,
Ontario,Ontario Eastern Region,Ottawa,Ottawa Old City,West End,Woodpark,,,,,,,,
Ontario,Ontario Eastern Region,Ottawa,Ottawa Old City,West End,Woodroffe North,,,,,,,,
Ontario,Ontario Eastern Region,Ottawa,Gloucester,Beacon Hill,,,,,,,,,
Ontario,Ontario Eastern Region,Ottawa,Gloucester,Blackburn Hamlet,,,,,,,,,
Ontario,Ontario Eastern Region,Ottawa,Gloucester,Blossom Park,,,,,,,,,
Ontario,Ontario Eastern Region,Ottawa,Gloucester,Carlsbad Springs,,,,,,,,,
Ontario,Ontario Eastern Region,Ottawa,Gloucester,Carson Grove,,,,,,,,,
Ontario,Ontario Eastern Region,Ottawa,Gloucester,Cedardale,,,,,,,,,
Ontario,Ontario Eastern Region,Ottawa,Gloucester,Chapel Hill,,,,,,,,,
Ontario,Ontario Eastern Region,Ottawa,Gloucester,Chateau Neuf,,,,,,,,,
Ontario,Ontario Eastern Region,Ottawa,Gloucester,Convent Glen,,,,,,,,,
Ontario,Ontario Eastern Region,Ottawa,Gloucester,Cyrville,,,,,,,,,
Ontario,Ontario Eastern Region,Ottawa,Gloucester,Edwards,,,,,,,,,
Ontario,Ontario Eastern Region,Ottawa,Gloucester,Elizabeth Park,,,,,,,,,
Ontario,Ontario Eastern Region,Ottawa,Gloucester,Ficko,,,,,,,,,
Ontario,Ontario Eastern Region,Ottawa,Gloucester,Findlay Creek,,,,,,,,,
Ontario,Ontario Eastern Region,Ottawa,Gloucester,Gloucester Glen,,,,,,,,,
Ontario,Ontario Eastern Region,Ottawa,Gloucester,Hiawatha Park,,,,,,,,,
Ontario,Ontario Eastern Region,Ottawa,Gloucester,Honey Gables,,,,,,,,,
Ontario,Ontario Eastern Region,Ottawa,Gloucester,Johnston Corners,,,,,,,,,
Ontario,Ontario Eastern Region,Ottawa,Gloucester,Kempark,,,,,,,,,
Ontario,Ontario Eastern Region,Ottawa,Gloucester,Leitrim,,,,,,,,,
Ontario,Ontario Eastern Region,Ottawa,Gloucester,Limebank,,,,,,,,,
Ontario,Ontario Eastern Region,Ottawa,Gloucester,Manotick Station,,,,,,,,,
Ontario,Ontario Eastern Region,Ottawa,Gloucester,Orleans,,,,,,,,,
Ontario,Ontario Eastern Region,Ottawa,Gloucester,Orléans Village,,,,,,,,,
Ontario,Ontario Eastern Region,Ottawa,Gloucester,Orléans Wood,,,,,,,,,
Ontario,Ontario Eastern Region,Ottawa,Gloucester,Pineview,,,,,,,,,
Ontario,Ontario Eastern Region,Ottawa,Gloucester,Piperville,,,,,,,,,
Ontario,Ontario Eastern Region,Ottawa,Gloucester,Ramsayville,,,,,,,,,
Ontario,Ontario Eastern Region,Ottawa,Gloucester,Riverside South,,,,,,,,,
Ontario,Ontario Eastern Region,Ottawa,Gloucester,Rothwell Heights,,,,,,,,,
Ontario,Ontario Eastern Region,Ottawa,Gloucester,South Gloucester,,,,,,,,,
Ontario,Ontario Eastern Region,Ottawa,Gloucester,Victory Hill,,,,,,,,,
Ontario,Ontario Eastern Region,Ottawa,Gloucester,Windsor Park Village,,,,,,,,,
Ontario,Ontario Eastern Region,Ottawa,Kanata,Beaverbrook,,,,,,,,,
Ontario,Ontario Eastern Region,Ottawa,Kanata,Bridlewood,,,,,,,,,
Ontario,Ontario Eastern Region,Ottawa,Kanata,Glen Cairn,,,,,,,,,
Ontario,Ontario Eastern Region,Ottawa,Kanata,Harwood Plains,,,,,,,,,
Ontario,Ontario Eastern Region,Ottawa,Kanata,Kanata,,,,,,,,,
Ontario,Ontario Eastern Region,Ottawa,Kanata,Kanata Lakes,,,,,,,,,
Ontario,Ontario Eastern Region,Ottawa,Kanata,Kanata West,,,,,,,,,
Ontario,Ontario Eastern Region,Ottawa,Kanata,Kanata Estates,,,,,,,,,
Ontario,Ontario Eastern Region,Ottawa,Kanata,Katimavik-Hazeldean,,,,,,,,,
Ontario,Ontario Eastern Region,Ottawa,Kanata,Lakeside,,,,,,,,,
Ontario,Ontario Eastern Region,Ottawa,Kanata,Malwood,,,,,,,,,
Ontario,Ontario Eastern Region,Ottawa,Kanata,Marchhurst,,,,,,,,,
Ontario,Ontario Eastern Region,Ottawa,Kanata,Marchwood,,,,,,,,,
Ontario,Ontario Eastern Region,Ottawa,Kanata,Morgan's Grant,,,,,,,,,
Ontario,Ontario Eastern Region,Ottawa,Kanata,South March,,,,,,,,,
Ontario,Ontario Eastern Region,Ottawa,Kanata,South March Station,,,,,,,,,
Ontario,Ontario Eastern Region,Ottawa,Kanata,Strathearn,,,,,,,,,
Ontario,Ontario Eastern Region,Ottawa,Kanata,Town Centre (Kanata),,,,,,,,,
Ontario,Ontario Eastern Region,Ottawa,Nepean,Arbeatha Park,,,,,,,,,
Ontario,Ontario Eastern Region,Ottawa,Nepean,Arlington Woods,,,,,,,,,
Ontario,Ontario Eastern Region,Ottawa,Nepean,Barrhaven,,,,,,,,,
Ontario,Ontario Eastern Region,Ottawa,Nepean,Bayshore,,,,,,,,,
Ontario,Ontario Eastern Region,Ottawa,Nepean,Bells Corners,,,,,,,,,
Ontario,Ontario Eastern Region,Ottawa,Nepean,Belltown,,,,,,,,,
Ontario,Ontario Eastern Region,Ottawa,Nepean,Borden Farm,,,,,,,,,
Ontario,Ontario Eastern Region,Ottawa,Nepean,Boyce,,,,,,,,,
Ontario,Ontario Eastern Region,Ottawa,Nepean,Briargreen,,,,,,,,,
Ontario,Ontario Eastern Region,Ottawa,Nepean,Carleton Heights,,,,,,,,,
Ontario,Ontario Eastern Region,Ottawa,Nepean,Cedarhill Estate,,,,,,,,,
Ontario,Ontario Eastern Region,Ottawa,Nepean,Centrepointe,,,,,,,,,
Ontario,Ontario Eastern Region,Ottawa,Nepean,City View,,,,,,,,,
Ontario,Ontario Eastern Region,Ottawa,Nepean,Clearview,,,,,,,,,
Ontario,Ontario Eastern Region,Ottawa,Nepean,Country Place,,,,,,,,,
Ontario,Ontario Eastern Region,Ottawa,Nepean,Craig Henry,,,,,,,,,
Ontario,Ontario Eastern Region,Ottawa,Nepean,Crestview,,,,,,,,,
Ontario,Ontario Eastern Region,Ottawa,Nepean,Crystal Bay,,,,,,,,,
Ontario,Ontario Eastern Region,Ottawa,Nepean,Crystal Beach,,,,,,,,,
Ontario,Ontario Eastern Region,Ottawa,Nepean,Davidson Heights,,,,,,,,,
Ontario,Ontario Eastern Region,Ottawa,Nepean,Fallowfield,,,,,,,,,
Ontario,Ontario Eastern Region,Ottawa,Nepean,Fisher Glen,,,,,,,,,
Ontario,Ontario Eastern Region,Ottawa,Nepean,Fisher Heights,,,,,,,,,
Ontario,Ontario Eastern Region,Ottawa,Nepean,Fraservale,,,,,,,,,
Ontario,Ontario Eastern Region,Ottawa,Nepean,Graham Park,,,,,,,,,
Ontario,Ontario Eastern Region,Ottawa,Nepean,Grenfell Glen,,,,,,,,,
Ontario,Ontario Eastern Region,Ottawa,Nepean,Hearts Desire,,,,,,,,,
Ontario,Ontario Eastern Region,Ottawa,Nepean,Hillsdale,,,,,,,,,
Ontario,Ontario Eastern Region,Ottawa,Nepean,Jockvale,,,,,,,,,
Ontario,Ontario Eastern Region,Ottawa,Nepean,Knollsbrook,,,,,,,,,
Ontario,Ontario Eastern Region,Ottawa,Nepean,Leslie Park,,,,,,,,,
Ontario,Ontario Eastern Region,Ottawa,Nepean,Longfields,,,,,,,,,
Ontario,Ontario Eastern Region,Ottawa,Nepean,Lynwood Village,,,,,,,,,
Ontario,Ontario Eastern Region,Ottawa,Nepean,Manordale,,,,,,,,,
Ontario,Ontario Eastern Region,Ottawa,Nepean,Meadowlands,,,,,,,,,
Ontario,Ontario Eastern Region,Ottawa,Nepean,The Meadows,,,,,,,,,
Ontario,Ontario Eastern Region,Ottawa,Nepean,Merivale Gardens,,,,,,,,,
Ontario,Ontario Eastern Region,Ottawa,Nepean,Navaho,,,,,,,,,
Ontario,Ontario Eastern Region,Ottawa,Nepean,Orchard Estates,,,,,,,,,
Ontario,Ontario Eastern Region,Ottawa,Nepean,Parkwood Hills,,,,,,,,,
Ontario,Ontario Eastern Region,Ottawa,Nepean,Pheasant Run,,,,,,,,,
Ontario,Ontario Eastern Region,Ottawa,Nepean,Pineglen,,,,,,,,,
Ontario,Ontario Eastern Region,Ottawa,Nepean,Qualicum,,,,,,,,,
Ontario,Ontario Eastern Region,Ottawa,Nepean,Rideau Glen,,,,,,,,,
Ontario,Ontario Eastern Region,Ottawa,Nepean,Rocky Point,,,,,,,,,
Ontario,Ontario Eastern Region,Ottawa,Nepean,Ryan Farm,,,,,,,,,
Ontario,Ontario Eastern Region,Ottawa,Nepean,Shirleys Bay,,,,,,,,,
Ontario,Ontario Eastern Region,Ottawa,Nepean,Skyline,,,,,,,,,
Ontario,Ontario Eastern Region,Ottawa,Nepean,Stonehedge,,,,,,,,,
Ontario,Ontario Eastern Region,Ottawa,Nepean,Tanglewood,,,,,,,,,
Ontario,Ontario Eastern Region,Ottawa,Nepean,Trend Village,,,,,,,,,
Ontario,Ontario Eastern Region,Ottawa,Nepean,Twin Elm,,,,,,,,,
Ontario,Ontario Eastern Region,Ottawa,Nepean,Valley Stream,,,,,,,,,
Ontario,Ontario Eastern Region,Ottawa,Nepean,Westcliffe Estates,,,,,,,,,
Ontario,Ontario Eastern Region,Ottawa,Cumberland,Avalon,,,,,,,,,
Ontario,Ontario Eastern Region,Ottawa,Cumberland,Bearbrook,,,,,,,,,
Ontario,Ontario Eastern Region,Ottawa,Cumberland,Beckett Creek,,,,,,,,,
Ontario,Ontario Eastern Region,Ottawa,Cumberland,Bella Vista,,,,,,,,,
Ontario,Ontario Eastern Region,Ottawa,Cumberland,Burromee,,,,,,,,,
Ontario,Ontario Eastern Region,Ottawa,Cumberland,Canaan,,,,,,,,,
Ontario,Ontario Eastern Region,Ottawa,Cumberland,Chaperal,,,,,,,,,
Ontario,Ontario Eastern Region,Ottawa,Cumberland,Chartrand,,,,,,,,,
Ontario,Ontario Eastern Region,Ottawa,Cumberland,Chatelaine Village,,,,,,,,,
Ontario,Ontario Eastern Region,Ottawa,Cumberland,Cumberland Village,,,,,,,,,
Ontario,Ontario Eastern Region,Ottawa,Cumberland,Cumberland Estates,,,,,,,,,
Ontario,Ontario Eastern Region,Ottawa,Cumberland,Fallingbrook,,,,,,,,,
Ontario,Ontario Eastern Region,Ottawa,Cumberland,French Hill,,,,,,,,,
Ontario,Ontario Eastern Region,Ottawa,Cumberland,Leonard,,,,,,,,,
Ontario,Ontario Eastern Region,Ottawa,Cumberland,Martins Corners,,,,,,,,,
Ontario,Ontario Eastern Region,Ottawa,Cumberland,Notre-Dame-des-Champs,,,,,,,,,
Ontario,Ontario Eastern Region,Ottawa,Cumberland,Navan,,,,,,,,,
Ontario,Ontario Eastern Region,Ottawa,Cumberland,River Walk,,,,,,,,,
Ontario,Ontario Eastern Region,Ottawa,Cumberland,Sarsfield,,,,,,,,,
Ontario,Ontario Eastern Region,Ottawa,Cumberland,Town Centre (Orleans),,,,,,,,,
Ontario,Ontario Eastern Region,Ottawa,Cumberland,Queenswood Heights,,,,,,,,,
Ontario,Ontario Eastern Region,Ottawa,Cumberland,Queenswood South,,,,,,,,,
Ontario,Ontario Eastern Region,Ottawa,Cumberland,Queenswood Village,,,,,,,,,
Ontario,Ontario Eastern Region,Ottawa,Cumberland,Vars,,,,,,,,,
Ontario,Ontario Eastern Region,Ottawa,Goulbourn,Amberwood Village,,,,,,,,,
Ontario,Ontario Eastern Region,Ottawa,Goulbourn,Ashton,,,,,,,,,
Ontario,Ontario Eastern Region,Ottawa,Goulbourn,Bryanston Gate,,,,,,,,,
Ontario,Ontario Eastern Region,Ottawa,Goulbourn,Dwyer Hill,,,,,,,,,
Ontario,Ontario Eastern Region,Ottawa,Goulbourn,Fringewood,,,,,,,,,
Ontario,Ontario Eastern Region,Ottawa,Goulbourn,Healey's Heath,,,,,,,,,
Ontario,Ontario Eastern Region,Ottawa,Goulbourn,Mansfield,,,,,,,,,
Ontario,Ontario Eastern Region,Ottawa,Goulbourn,Munster,,,,,,,,,
Ontario,Ontario Eastern Region,Ottawa,Goulbourn,Old Stittsville,,,,,,,,,
Ontario,Ontario Eastern Region,Ottawa,Goulbourn,Red Pine Estates,,,,,,,,,
Ontario,Ontario Eastern Region,Ottawa,Goulbourn,Richmond,,,,,,,,,
Ontario,Ontario Eastern Region,Ottawa,Goulbourn,Stanley Corners,,,,,,,,,
Ontario,Ontario Eastern Region,Ottawa,Goulbourn,Stapledon,,,,,,,,,
Ontario,Ontario Eastern Region,Ottawa,Goulbourn,Stittsville,,,,,,,,,
Ontario,Ontario Eastern Region,Ottawa,Goulbourn,Woodside Acres,,,,,,,,,
Ontario,Ontario Eastern Region,Ottawa,Osgoode Township,Belmeade,,,,,,,,,
Ontario,Ontario Eastern Region,Ottawa,Osgoode Township,Dalmeny,,,,,,,,,
Ontario,Ontario Eastern Region,Ottawa,Osgoode Township,Greely,,,,,,,,,
Ontario,Ontario Eastern Region,Ottawa,Osgoode Township,Herbert Corners,,,,,,,,,
Ontario,Ontario Eastern Region,Ottawa,Osgoode Township,Kenmore,,,,,,,,,
Ontario,Ontario Eastern Region,Ottawa,Osgoode Township,Marionville,,,,,,,,,
Ontario,Ontario Eastern Region,Ottawa,Osgoode Township,Marvelville,,,,,,,,,
Ontario,Ontario Eastern Region,Ottawa,Osgoode Township,Metcalfe,,,,,,,,,
Ontario,Ontario Eastern Region,Ottawa,Osgoode Township,Osgoode,,,,,,,,,
Ontario,Ontario Eastern Region,Ottawa,Osgoode Township,Pana,,,,,,,,,
Ontario,Ontario Eastern Region,Ottawa,Osgoode Township,Reids Mills,,,,,,,,,
Ontario,Ontario Eastern Region,Ottawa,Osgoode Township,Spring Hill,,,,,,,,,
Ontario,Ontario Eastern Region,Ottawa,Osgoode Township,Vernon,,,,,,,,,
Ontario,Ontario Eastern Region,Ottawa,Osgoode Township,West Osgoode,,,,,,,,,
Ontario,Ontario Eastern Region,Ottawa,Rideau,Marlborough,Baxters Corners,,,,,,,,
Ontario,Ontario Eastern Region,Ottawa,Rideau,Marlborough,Becketts Landing,,,,,,,,
Ontario,Ontario Eastern Region,Ottawa,Rideau,Marlborough,Burritts Rapids,,,,,,,,
Ontario,Ontario Eastern Region,Ottawa,Rideau,Marlborough,Goodstown,,,,,,,,
Ontario,Ontario Eastern Region,Ottawa,Rideau,Marlborough,Malakoff,,,,,,,,
Ontario,Ontario Eastern Region,Ottawa,Rideau,Marlborough,Mills Corners,,,,,,,,
Ontario,Ontario Eastern Region,Ottawa,Rideau,Marlborough,Moores Corners,,,,,,,,
Ontario,Ontario Eastern Region,Ottawa,Rideau,Marlborough,Pierces Corners,,,,,,,,
Ontario,Ontario Eastern Region,Ottawa,Rideau,North Gower,Carsonby,,,,,,,,
Ontario,Ontario Eastern Region,Ottawa,Rideau,North Gower,Kars,,,,,,,,
Ontario,Ontario Eastern Region,Ottawa,Rideau,North Gower,Manotick,,,,,,,,
Ontario,Ontario Eastern Region,Ottawa,Rideau,North Gower,Reevecraig,,,,,,,,
Ontario,Ontario Eastern Region,Ottawa,Rideau,North Gower,North Gower,,,,,,,,
Ontario,Ontario Eastern Region,Ottawa,Rideau,North Gower,Watterson Corners,,,,,,,,
Ontario,Ontario Eastern Region,Ottawa,West Carleton,Fitzroy,Antrim,,,,,,,,
Ontario,Ontario Eastern Region,Ottawa,West Carleton,Fitzroy,Fitzroy Harbour,,,,,,,,
Ontario,Ontario Eastern Region,Ottawa,West Carleton,Fitzroy,Galetta,,,,,,,,
Ontario,Ontario Eastern Region,Ottawa,West Carleton,Fitzroy,Kinburn,,,,,,,,
Ontario,Ontario Eastern Region,Ottawa,West Carleton,Fitzroy,Marathon,,,,,,,,
Ontario,Ontario Eastern Region,Ottawa,West Carleton,Fitzroy,Marathon Village,,,,,,,,
Ontario,Ontario Eastern Region,Ottawa,West Carleton,Fitzroy,Marshall Bay,,,,,,,,
Ontario,Ontario Eastern Region,Ottawa,West Carleton,Fitzroy,Mohr Corners,,,,,,,,
Ontario,Ontario Eastern Region,Ottawa,West Carleton,Fitzroy,Panmure,,,,,,,,
Ontario,Ontario Eastern Region,Ottawa,West Carleton,Fitzroy,Quyon Ferry Landing,,,,,,,,
Ontario,Ontario Eastern Region,Ottawa,West Carleton,Fitzroy,Smith's Corners,,,,,,,,
Ontario,Ontario Eastern Region,Ottawa,West Carleton,Fitzroy,Vydon Acres,,,,,,,,
Ontario,Ontario Eastern Region,Ottawa,West Carleton,Fitzroy,Willola Beach,,,,,,,,
Ontario,Ontario Eastern Region,Ottawa,West Carleton,Fitzroy,Woodridge,,,,,,,,
Ontario,Ontario Eastern Region,Ottawa,West Carleton,Huntley,Carp,,,,,,,,
Ontario,Ontario Eastern Region,Ottawa,West Carleton,Huntley,Corkery,,,,,,,,
Ontario,Ontario Eastern Region,Ottawa,West Carleton,Huntley,Huntley,,,,,,,,
Ontario,Ontario Eastern Region,Ottawa,West Carleton,Huntley,Huntley Manor Estates,,,,,,,,
Ontario,Ontario Eastern Region,Ottawa,West Carleton,Huntley,Manion Corners,,,,,,,,
Ontario,Ontario Eastern Region,Ottawa,West Carleton,Huntley,Westmont Estates,,,,,,,,
Ontario,Ontario Eastern Region,Ottawa,West Carleton,Huntley,Westwood,,,,,,,,
Ontario,Ontario Eastern Region,Ottawa,West Carleton,Torbolton,Baskin's Beach,,,,,,,,
Ontario,Ontario Eastern Region,Ottawa,West Carleton,Torbolton,Buckhams Bay,,,,,,,,
Ontario,Ontario Eastern Region,Ottawa,West Carleton,Torbolton,Constance Bay,,,,,,,,
Ontario,Ontario Eastern Region,Ottawa,West Carleton,Torbolton,Crown Point,,,,,,,,
Ontario,Ontario Eastern Region,Ottawa,West Carleton,Torbolton,Dirleton,,,,,,,,
Ontario,Ontario Eastern Region,Ottawa,West Carleton,Torbolton,Dunrobin,,,,,,,,
Ontario,Ontario Eastern Region,Ottawa,West Carleton,Torbolton,Dunrobin Heights,,,,,,,,
Ontario,Ontario Eastern Region,Ottawa,West Carleton,Torbolton,Dunrobin Shore,,,,,,,,
Ontario,Ontario Eastern Region,Ottawa,West Carleton,Torbolton,Kilmaurs,,,,,,,,
Ontario,Ontario Eastern Region,Ottawa,West Carleton,Torbolton,MacLarens,,,,,,,,
Ontario,Ontario Eastern Region,Ottawa,West Carleton,Torbolton,McKay's Waterfront,,,,,,,,
Ontario,Ontario Eastern Region,Ottawa,West Carleton,Torbolton,Torwood Estates,,,,,,,,
Ontario,Ontario Eastern Region,Ottawa,West Carleton,Torbolton,Woodlawn,,,,,,,,
Ontario,Ontario Eastern Region,Peterborough County,Peterborough,Trent Lakes,,,,,,,,,
Ontario,Ontario Eastern Region,Peterborough County,Peterborough,Selwyn,,,,,,,,,
Ontario,Ontario Eastern Region,Peterborough County,Peterborough,Asphodel–Norwood,,,,,,,,,
Ontario,Ontario Eastern Region,Peterborough County,Peterborough,Havelock-Belmont-Methuen,,,,,,,,,
Ontario,Ontario Eastern Region,Peterborough County,Peterborough,Douro-Dummer,,,,,,,,,
Ontario,Ontario Eastern Region,Peterborough County,Peterborough,North Kawartha,,,,,,,,,
Ontario,Ontario Eastern Region,Peterborough County,Peterborough,Cavan Monaghan,,,,,,,,,
Ontario,Ontario Eastern Region,Prescott & Russell,Alfred and Plantagenet,,,,,,,,,,
Ontario,Ontario Eastern Region,Prescott & Russell,Casselman ,,,,,,,,,,
Ontario,Ontario Eastern Region,Prescott & Russell,Champlain,,,,,,,,,,
Ontario,Ontario Eastern Region,Prescott & Russell,Clarence-Rockland,,,,,,,,,,
Ontario,Ontario Eastern Region,Prescott & Russell,East Hawkesbury,,,,,,,,,,
Ontario,Ontario Eastern Region,Prescott & Russell,Hawkesbury,,,,,,,,,,
Ontario,Ontario Eastern Region,Prescott & Russell,Russell,,,,,,,,,,
Ontario,Ontario Eastern Region,Prescott & Russell,The Nation,,,,,,,,,,
Ontario,Ontario Eastern Region,Prince Edward County,Picton,,,,,,,,,,
Ontario,Ontario Eastern Region,Prince Edward County,Wellington,,,,,,,,,,
Ontario,Ontario Eastern Region,Prince Edward County,Ameliasburg,,,,,,,,,,
Ontario,Ontario Eastern Region,Prince Edward County,Bloomfield,,,,,,,,,,
Ontario,Ontario Eastern Region,Prince Edward County,Carrying Place,,,,,,,,,,
Ontario,Ontario Eastern Region,Prince Edward County,Cherry Valley,,,,,,,,,,
Ontario,Ontario Eastern Region,Prince Edward County,Consecon,,,,,,,,,,
Ontario,Ontario Eastern Region,Prince Edward County,Cressy,,,,,,,,,,
Ontario,Ontario Eastern Region,Prince Edward County,Demorestville,,,,,,,,,,
Ontario,Ontario Eastern Region,Prince Edward County,Fawcettville,,,,,,,,,,
Ontario,Ontario Eastern Region,Prince Edward County,Glenora,,,,,,,,,,
Ontario,Ontario Eastern Region,Prince Edward County,Hillier,,,,,,,,,,
Ontario,Ontario Eastern Region,Prince Edward County,Lake On The Mountain,,,,,,,,,,
Ontario,Ontario Eastern Region,Prince Edward County,Milford,,,,,,,,,,
Ontario,Ontario Eastern Region,Prince Edward County,Mountain View,,,,,,,,,,
Ontario,Ontario Eastern Region,Prince Edward County,Northport,,,,,,,,,,
Ontario,Ontario Eastern Region,Prince Edward County,Rednersville,,,,,,,,,,
Ontario,Ontario Eastern Region,Prince Edward County,Rosehall,,,,,,,,,,
Ontario,Ontario Eastern Region,Prince Edward County,Rossmore,,,,,,,,,,
Ontario,Ontario Eastern Region,Prince Edward County,Salmon Point,,,,,,,,,,
Ontario,Ontario Eastern Region,Prince Edward County,Sophiasburgh,,,,,,,,,,
Ontario,Ontario Eastern Region,Prince Edward County,Waupoos,,,,,,,,,,
Ontario,Ontario Eastern Region,Prince Edward County,Waupoos Island,,,,,,,,,,
Ontario,Ontario Eastern Region,Prince Edward County,West Lake,,,,,,,,,,
Ontario,Ontario Eastern Region,Prince Edward County,Woodrous,,,,,,,,,,
Ontario,Ontario Eastern Region,Prince Edward County,Yerexville,,,,,,,,,,
Ontario,Ontario Eastern Region,Renfrew County,Arnprior,,,,,,,,,,
Ontario,Ontario Eastern Region,Renfrew County,Deep River,,,,,,,,,,
Ontario,Ontario Eastern Region,Renfrew County,Laurentian Hills,,,,,,,,,,
Ontario,Ontario Eastern Region,Renfrew County,Petawawa,,,,,,,,,,
Ontario,Ontario Eastern Region,Renfrew County,Renfrew,,,,,,,,,,
Ontario,Ontario Eastern Region,Renfrew County,Admaston/Bromley,,,,,,,,,,
Ontario,Ontario Eastern Region,Renfrew County,"Brudenell, Lyndoch and Raglan",,,,,,,,,,
Ontario,Ontario Eastern Region,Renfrew County,Greater Madawaska,,,,,,,,,,
Ontario,Ontario Eastern Region,Renfrew County,"Head, Clara and Maria",,,,,,,,,,
Ontario,Ontario Eastern Region,Renfrew County,Horton,,,,,,,,,,
Ontario,Ontario Eastern Region,Renfrew County,"Killaloe, Hagarty and Richards",,,,,,,,,,
Ontario,Ontario Eastern Region,Renfrew County,Laurentian Valley,,,,,,,,,,
Ontario,Ontario Eastern Region,Renfrew County,Madawaska Valley,,,,,,,,,,
Ontario,Ontario Eastern Region,Renfrew County,McNab/Braeside,,,,,,,,,,
Ontario,Ontario Eastern Region,Renfrew County,North Algona Wilberforce,,,,,,,,,,
Ontario,Ontario Eastern Region,Renfrew County,Whitewater Region,,,,,,,,,,
Ontario,Ontario Eastern Region,Stormont County,Cornwall,,,,,,,,,,
Ontario,Ontario Eastern Region,Stormont County,North Stormont Township,,,,,,,,,,
Ontario,Ontario North East Region,Algoma District,Elliot Lake,,,,,,,,,,
Ontario,Ontario North East Region,Algoma District,Sault Ste. Marie,,,,,,,,,,
Ontario,Ontario North East Region,Algoma District,Blind River,,,,,,,,,,
Ontario,Ontario North East Region,Algoma District,Bruce Mines,,,,,,,,,,
Ontario,Ontario North East Region,Algoma District,Spanish,,,,,,,,,,
Ontario,Ontario North East Region,Algoma District,Thessalon,,,,,,,,,,
Ontario,Ontario North East Region,Algoma District,Dubreuilville,,,,,,,,,,
Ontario,Ontario North East Region,Algoma District,Hilton,,,,,,,,,,
Ontario,Ontario North East Region,Algoma District,Hilton Beach,,,,,,,,,,
Ontario,Ontario North East Region,Algoma District,Hornepayne,,,,,,,,,,
Ontario,Ontario North East Region,Algoma District,Huron Shores,,,,,,,,,,
Ontario,Ontario North East Region,Algoma District,Jocelyn,,,,,,,,,,
Ontario,Ontario North East Region,Algoma District,Johnson,,,,,,,,,,
Ontario,Ontario North East Region,Algoma District,Laird,,,,,,,,,,
Ontario,Ontario North East Region,Algoma District,"Macdonald, Meredith and Aberdeen",,,,,,,,,,
Ontario,Ontario North East Region,Algoma District,The North Shore,,,,,,,,,,
Ontario,Ontario North East Region,Algoma District,Plummer Additional,,,,,,,,,,
Ontario,Ontario North East Region,Algoma District,Prince,,,,,,,,,,
Ontario,Ontario North East Region,Algoma District,St. Joseph,,,,,,,,,,
Ontario,Ontario North East Region,Algoma District,Tarbutt,,,,,,,,,,
Ontario,Ontario North East Region,Algoma District,Wawa ,,,,,,,,,,
Ontario,Ontario North East Region,Algoma District,White River,,,,,,,,,,
Ontario,Ontario North East Region,Cochrane District,Timmins,,,,,,,,,,
Ontario,Ontario North East Region,Cochrane District,Cochrane,,,,,,,,,,
Ontario,Ontario North East Region,Cochrane District,Hearst,,,,,,,,,,
Ontario,Ontario North East Region,Cochrane District,Iroquois Falls,,,,,,,,,,
Ontario,Ontario North East Region,Cochrane District,Kapuskasing,,,,,,,,,,
Ontario,Ontario North East Region,Cochrane District,Moosonee,,,,,,,,,,
Ontario,Ontario North East Region,Cochrane District,Smooth Rock Falls,,,,,,,,,,
Ontario,Ontario North East Region,Cochrane District,Black River Matheson,,,,,,,,,,
Ontario,Ontario North East Region,Cochrane District,Fauquier - Strickland,,,,,,,,,,
Ontario,Ontario North East Region,Cochrane District,Mattice-Val Cote,,,,,,,,,,
Ontario,Ontario North East Region,Cochrane District,Moonbeam,,,,,,,,,,
Ontario,Ontario North East Region,Cochrane District ,Opasatika,,,,,,,,,,
Ontario,Ontario North East Region,Cochrane District ,Val Rita-Harty,,,,,,,,,,
Ontario,Ontario North East Region,Manitoulin District,Gore Bay,,,,,,,,,,
Ontario,Ontario North East Region,Manitoulin District,North Eastern Manitoulin and The Islands,,,,,,,,,,
Ontario,Ontario North East Region,Manitoulin District,Assiginack,,,,,,,,,,
Ontario,Ontario North East Region,Manitoulin District,Billings,,,,,,,,,,
Ontario,Ontario North East Region,Manitoulin District,Burpee & Mills,,,,,,,,,,
Ontario,Ontario North East Region,Manitoulin District,Central Manitoulin,,,,,,,,,,
Ontario,Ontario North East Region,Manitoulin District,Cockburn Island,,,,,,,,,,
Ontario,Ontario North East Region,Manitoulin District,Gordon/Barrie Island,,,,,,,,,,
Ontario,Ontario North East Region,Manitoulin District,Tehkummah,,,,,,,,,,
Ontario,Ontario North East Region,Nipissing District ,Bonfield,,,,,,,,,,
Ontario,Ontario North East Region,Nipissing District ,Calvin,,,,,,,,,,
Ontario,Ontario North East Region,Nipissing District ,Chisholm,,,,,,,,,,
Ontario,Ontario North East Region,Nipissing District ,East Ferris,,,,,,,,,,
Ontario,Ontario North East Region,Nipissing District ,Manitoulin Island,,,,,,,,,,
Ontario,Ontario North East Region,Nipissing District ,Mattawa,,,,,,,,,,
Ontario,Ontario North East Region,Nipissing District ,Mattawan,,,,,,,,,,
Ontario,Ontario North East Region,Nipissing District ,North Bay,,,,,,,,,,
Ontario,Ontario North East Region,Nipissing District ,Papineau-Cameron,,,,,,,,,,
Ontario,Ontario North East Region,Nipissing District ,South Algonquin,,,,,,,,,,
Ontario,Ontario North East Region,Nipissing District ,Temagami,,,,,,,,,,
Ontario,Ontario North East Region,Nipissing District ,West Nipissing,,,,,,,,,,
Ontario,Ontario North East Region,Parry Sound District ,Armour,,,,,,,,,,
Ontario,Ontario North East Region,Parry Sound District ,Burk's Falls,,,,,,,,,,
Ontario,Ontario North East Region,Parry Sound District ,Callander,,,,,,,,,,
Ontario,Ontario North East Region,Parry Sound District ,Carling,,,,,,,,,,
Ontario,Ontario North East Region,Parry Sound District ,Joly,,,,,,,,,,
Ontario,Ontario North East Region,Parry Sound District ,Kearney,,,,,,,,,,
Ontario,Ontario North East Region,Parry Sound District ,Machar,,,,,,,,,,
Ontario,Ontario North East Region,Parry Sound District ,Magnetawan,,,,,,,,,,
Ontario,Ontario North East Region,Parry Sound District ,McDougall,,,,,,,,,,
Ontario,Ontario North East Region,Parry Sound District ,McKellar,,,,,,,,,,
Ontario,Ontario North East Region,Parry Sound District ,McMurrich/Monteith,,,,,,,,,,
Ontario,Ontario North East Region,Parry Sound District ,Nipissing,,,,,,,,,,
Ontario,Ontario North East Region,Parry Sound District ,Parry Sound,,,,,,,,,,
Ontario,Ontario North East Region,Parry Sound District ,Perry,,,,,,,,,,
Ontario,Ontario North East Region,Parry Sound District ,Powassan,,,,,,,,,,
Ontario,Ontario North East Region,Parry Sound District ,Ryerson,,,,,,,,,,
Ontario,Ontario North East Region,Parry Sound District ,Seguin,,,,,,,,,,
Ontario,Ontario North East Region,Parry Sound District ,South River,,,,,,,,,,
Ontario,Ontario North East Region,Parry Sound District ,Strong,,,,,,,,,,
Ontario,Ontario North East Region,Parry Sound District ,Sundridge,,,,,,,,,,
Ontario,Ontario North East Region,Parry Sound District ,The Archipelago,,,,,,,,,,
Ontario,Ontario North East Region,Parry Sound District ,Whitestone,,,,,,,,,,
Ontario,Ontario North East Region,Sudbury District,Baldwin Township,,,,,,,,,,
Ontario,Ontario North East Region,Sudbury District,Capreol,,,,,,,,,,
Ontario,Ontario North East Region,Sudbury District,Espanola,,,,,,,,,,
Ontario,Ontario North East Region,Sudbury District,French River,,,,,,,,,,
Ontario,Ontario North East Region,Sudbury District,Markstay-Warren,,,,,,,,,,
Ontario,Ontario North East Region,Sudbury District,Nairn & Hyman,,,,,,,,,,
Ontario,Ontario North East Region,Sudbury District,Nickel Centre,,,,,,,,,,
Ontario,Ontario North East Region,Sudbury District,Onaping Falls,,,,,,,,,,
Ontario,Ontario North East Region,Sudbury District,Rayside - Balfour,,,,,,,,,,
Ontario,Ontario North East Region,Sudbury District,Sables Spanish Rivers,,,,,,,,,,
Ontario,Ontario North East Region,Sudbury District,St. Charles,,,,,,,,,,
Ontario,Ontario North East Region,Sudbury District,Sudbury,Downtown,,,,,,,,,
Ontario,Ontario North East Region,Sudbury District,Sudbury,Flour Mill,,,,,,,,,
Ontario,Ontario North East Region,Sudbury District,Sudbury,Bell Park,,,,,,,,,
Ontario,Ontario North East Region,Sudbury District,Sudbury,New Sudbury,,,,,,,,,
Ontario,Ontario North East Region,Sudbury District,Sudbury,South End,,,,,,,,,
Ontario,Ontario North East Region,Sudbury District,Sudbury,West End,,,,,,,,,
Ontario,Ontario North East Region,Sudbury District,Val Therese,,,,,,,,,,
Ontario,Ontario North East Region,Sudbury District,Walden,,,,,,,,,,
Ontario,Ontario North East Region,Timiskaming,Armstrong,,,,,,,,,,
Ontario,Ontario North East Region,Timiskaming,Brethour,,,,,,,,,,
Ontario,Ontario North East Region,Timiskaming,Casey,,,,,,,,,,
Ontario,Ontario North East Region,Timiskaming,Chamberlain,,,,,,,,,,
Ontario,Ontario North East Region,Timiskaming,Charlton and Dack,,,,,,,,,,
Ontario,Ontario North East Region,Timiskaming,Cobalt,,,,,,,,,,
Ontario,Ontario North East Region,Timiskaming,Coleman,,,,,,,,,,
Ontario,Ontario North East Region,Timiskaming,Englehart,,,,,,,,,,
Ontario,Ontario North East Region,Timiskaming,Evanturel,,,,,,,,,,
Ontario,Ontario North East Region,Timiskaming,Gauthier,,,,,,,,,,
Ontario,Ontario North East Region,Timiskaming,Harley,,,,,,,,,,
Ontario,Ontario North East Region,Timiskaming,Harris,,,,,,,,,,
Ontario,Ontario North East Region,Timiskaming,Hilliard,,,,,,,,,,
Ontario,Ontario North East Region,Timiskaming,Hudson,,,,,,,,,,
Ontario,Ontario North East Region,Timiskaming,James,,,,,,,,,,
Ontario,Ontario North East Region,Timiskaming,Kerns,,,,,,,,,,
Ontario,Ontario North East Region,Timiskaming,Kirkland Lake,,,,,,,,,,
Ontario,Ontario North East Region,Timiskaming,Larder Lake,,,,,,,,,,
Ontario,Ontario North East Region,Timiskaming,Latchford,,,,,,,,,,
Ontario,Ontario North East Region,Timiskaming,Matachewan,,,,,,,,,,
Ontario,Ontario North East Region,Timiskaming,McGarry,,,,,,,,,,
Ontario,Ontario North East Region,Timiskaming,Temiskaming Shores,,,,,,,,,,
Ontario,Ontario North East Region,Timiskaming,Thornloe,,,,,,,,,,
Ontario,Ontario North West Region,Rainy River,Alberton,,,,,,,,,,
Ontario,Ontario North West Region,Rainy River,Atikokan,,,,,,,,,,
Ontario,Ontario North West Region,Rainy River,Chapple,,,,,,,,,,
Ontario,Ontario North West Region,Rainy River,Dawson,,,,,,,,,,
Ontario,Ontario North West Region,Rainy River,Emo,,,,,,,,,,
Ontario,Ontario North West Region,Rainy River,Fort Frances,,,,,,,,,,
Ontario,Ontario North West Region,Rainy River,La Vallee,,,,,,,,,,
Ontario,Ontario North West Region,Rainy River,Lake of the Woods,,,,,,,,,,
Ontario,Ontario North West Region,Rainy River,Morley,,,,,,,,,,
Ontario,Ontario North West Region,Rainy River,Rainy River,,,,,,,,,,
Ontario,Ontario North West Region,Kenora,Kenora,,,,,,,,,,
Ontario,Ontario North West Region,Kenora,Dryden,,,,,,,,,,
Ontario,Ontario North West Region,Kenora,Red Lake,,,,,,,,,,
Ontario,Ontario North West Region,Kenora,Sioux Lookout,,,,,,,,,,
Ontario,Ontario North West Region,Kenora,Ear Falls,,,,,,,,,,
Ontario,Ontario North West Region,Kenora,Ignace,,,,,,,,,,
Ontario,Ontario North West Region,Kenora,Machin,,,,,,,,,,
Ontario,Ontario North West Region,Kenora,Pickle Lake,,,,,,,,,,
Ontario,Ontario North West Region,Kenora,Sioux Narrows - Nestor Falls,,,,,,,,,,
Ontario,Ontario North West Region,Thunder Bay,Conmee,,,,,,,,,,
Ontario,Ontario North West Region,Thunder Bay,Dorion,,,,,,,,,,
Ontario,Ontario North West Region,Thunder Bay,Gillies,,,,,,,,,,
Ontario,Ontario North West Region,Thunder Bay,Greenstone,,,,,,,,,,
Ontario,Ontario North West Region,Thunder Bay,Manitouwadge,,,,,,,,,,
Ontario,Ontario North West Region,Thunder Bay,Marathon,,,,,,,,,,
Ontario,Ontario North West Region,Thunder Bay,Neebing,,,,,,,,,,
Ontario,Ontario North West Region,Thunder Bay,Nipigon,,,,,,,,,,
Ontario,Ontario North West Region,Thunder Bay,O'Connor,,,,,,,,,,
Ontario,Ontario North West Region,Thunder Bay,Oliver Paipoonge,,,,,,,,,,
Ontario,Ontario North West Region,Thunder Bay,Red Rock,,,,,,,,,,
Ontario,Ontario North West Region,Thunder Bay,Schreiber,,,,,,,,,,
Ontario,Ontario North West Region,Thunder Bay,Shuniah,,,,,,,,,,
Ontario,Ontario North West Region,Thunder Bay,Terrace Bay,,,,,,,,,,
Ontario,Ontario North West Region,Thunder Bay,Thunder Bay,,,,,,,,,,
Ontario,Ontario North East Region,,,,,,,,,,,,
Quebec,Bas-Saint-Laurent,Amqui,,,,,,,,,,,
Quebec,Bas-Saint-Laurent,Causapscal,,,,,,,,,,,
Quebec,Bas-Saint-Laurent,Dégelis,,,,,,,,,,,
Quebec,Bas-Saint-Laurent,La Pocatière,,,,,,,,,,,
Quebec,Bas-Saint-Laurent,Matane,,,,,,,,,,,
Quebec,Bas-Saint-Laurent,Matane,,,,,,,,,,,
Quebec,Bas-Saint-Laurent,Mont-Joli,,,,,,,,,,,
Quebec,Bas-Saint-Laurent,Pohénégamook,,,,,,,,,,,
Quebec,Bas-Saint-Laurent,Rimouski,,,,,,,,,,,
Quebec,Bas-Saint-Laurent,Rimouski,,,,,,,,,,,
Quebec,Bas-Saint-Laurent,Rivière-du-Loup,,,,,,,,,,,
Quebec,Bas-Saint-Laurent,Rivière-du-Loup,,,,,,,,,,,
Quebec,Bas-Saint-Laurent,Saint-Anaclet-de-Lessard,,,,,,,,,,,
Quebec,Bas-Saint-Laurent,Saint-Antonin,,,,,,,,,,,
Quebec,Bas-Saint-Laurent,Sainte-Luce,,,,,,,,,,,
Quebec,Bas-Saint-Laurent,Saint-Pascal,,,,,,,,,,,
Quebec,Bas-Saint-Laurent,Témiscouata-sur-le-Lac,,,,,,,,,,,
Quebec,Bas-Saint-Laurent,Trois-Pistoles,,,,,,,,,,,
Quebec,Saguenay–Lac-Saint-Jean,Alma,,,,,,,,,,,
Quebec,Saguenay–Lac-Saint-Jean,Chambord,,,,,,,,,,,
Quebec,Saguenay–Lac-Saint-Jean,Desbiens,,,,,,,,,,,
Quebec,Saguenay–Lac-Saint-Jean,Dolbeau-Mistassini,,,,,,,,,,,
Quebec,Saguenay–Lac-Saint-Jean,Hébertville-Station,,,,,,,,,,,
Quebec,Saguenay–Lac-Saint-Jean,Métabetchouan–Lac-à-la-Croix,,,,,,,,,,,
Quebec,Saguenay–Lac-Saint-Jean,Normandin,,,,,,,,,,,
Quebec,Saguenay–Lac-Saint-Jean,Roberval,,,,,,,,,,,
Quebec,Saguenay–Lac-Saint-Jean,Saguenay,,,,,,,,,,,
Quebec,Saguenay–Lac-Saint-Jean,Saint-Ambroise,,,,,,,,,,,
Quebec,Saguenay–Lac-Saint-Jean,Saint-Bruno,,,,,,,,,,,
Quebec,Saguenay–Lac-Saint-Jean,Saint-Félicien,,,,,,,,,,,
Quebec,Saguenay–Lac-Saint-Jean,Saint-Honoré,,,,,,,,,,,
Quebec,Saguenay–Lac-Saint-Jean,Sainte-Jeanne-d'Arc,,,,,,,,,,,
Quebec,Capitale-Nationale,Baie-Saint-Paul,,,,,,,,,,,
Quebec,Capitale-Nationale,Boischatel,,,,,,,,,,,
Quebec,Capitale-Nationale,Charlevoix,,,,,,,,,,,
Quebec,Capitale-Nationale,Charlevoix-Est,,,,,,,,,,,
Quebec,Capitale-Nationale,Donnacona,,,,,,,,,,,
Quebec,Capitale-Nationale,La Côte-de-Beaupré,,,,,,,,,,,
Quebec,Capitale-Nationale,La Jacques-Cartier,,,,,,,,,,,
Quebec,Capitale-Nationale,La Malbaie,,,,,,,,,,,
Quebec,Capitale-Nationale,Lac-Beauport,,,,,,,,,,,
Quebec,Capitale-Nationale,L'Ancienne-Lorette,,,,,,,,,,,
Quebec,Capitale-Nationale,L'Île-d'Orléans,,,,,,,,,,,
Quebec,Capitale-Nationale,Pont-Rouge,,,,,,,,,,,
Quebec,Capitale-Nationale,Portneuf,,,,,,,,,,,
Quebec,Capitale-Nationale,Quebec City,,,,,,,,,,,
Quebec,Capitale-Nationale,Saint-Augustin-de-Desmaures,,,,,,,,,,,
Quebec,Capitale-Nationale,Sainte-Brigitte-de-Laval,,,,,,,,,,,
Quebec,Capitale-Nationale,Sainte-Catherine-de-la-Jacques-Cartier,,,,,,,,,,,
Quebec,Capitale-Nationale,Saint-Raymond,,,,,,,,,,,
Quebec,Capitale-Nationale,Shannon,,,,,,,,,,,
Quebec,Capitale-Nationale,Stoneham-et-Tewkesbury,,,,,,,,,,,
Quebec,Mauricie,Les Chenaux Regional County,,,,,,,,,,,
Quebec,Mauricie,Maskinongé Regional County,,,,,,,,,,,
Quebec,Mauricie,Mékinac Regional County,,,,,,,,,,,
Quebec,Mauricie,La Tuque,,,,,,,,,,,
Quebec,Mauricie,Louiseville,,,,,,,,,,,
Quebec,Mauricie,Maskinongé,,,,,,,,,,,
Quebec,Mauricie,Notre-Dame-du-Mont-Carmel,,,,,,,,,,,
Quebec,Mauricie,Obedjiwan,,,,,,,,,,,
Quebec,Mauricie,Saint-Alexis-des-Monts,,,,,,,,,,,
Quebec,Mauricie,Sainte-Anne-de-la-Pérade,,,,,,,,,,,
Quebec,Mauricie,Saint-Boniface,,,,,,,,,,,
Quebec,Mauricie,Saint-Élie-de-Caxton,,,,,,,,,,,
Quebec,Mauricie,Saint-Étienne-des-Grès,,,,,,,,,,,
Quebec,Mauricie,Saint-Maurice,,,,,,,,,,,
Quebec,Mauricie,Sainte-Thècle,,,,,,,,,,,
Quebec,Mauricie,Saint-Tite,,,,,,,,,,,
Quebec,Mauricie,Shawinigan,,,,,,,,,,,
Quebec,Mauricie,Trois-Rivières,,,,,,,,,,,
Quebec,Mauricie,Yamachiche,,,,,,,,,,,
Quebec,Estrie,Coaticook,,,,,,,,,,,
Quebec,Estrie,Le Granit,,,,,,,,,,,
Quebec,Estrie,Le Haut-Saint-François,,,,,,,,,,,
Quebec,Estrie,Le Val-Saint-François,,,,,,,,,,,
Quebec,Estrie,Les Sources,,,,,,,,,,,
Quebec,Estrie,Memphrémagog,,,,,,,,,,,
Quebec,Estrie,Sherbrooke,,,,,,,,,,,
Quebec,Montréal,Baie-d'Urfé,,,,,,,,,,,
Quebec,Montréal,Beaconsfield,,,,,,,,,,,
Quebec,Montréal,Côte Saint-Luc,,,,,,,,,,,
Quebec,Montréal,Dollard-des-Ormeaux,,,,,,,,,,,
Quebec,Montréal,Dorval,,,,,,,,,,,
Quebec,Montréal,Hampstead,,,,,,,,,,,
Quebec,Montréal,Kirkland,,,,,,,,,,,
Quebec,Montréal,L'Île-Dorval,,,,,,,,,,,
Quebec,Montréal,Montréal,Ahuntsic-Cartierville,,,,,,,,,,
Quebec,Montréal,Montréal,Anjou,,,,,,,,,,
Quebec,Montréal,Montréal,Côte-des-Neiges–Notre-Dame-de-Grâce,,,,,,,,,,
Quebec,Montréal,Montréal,L'Île-Bizard–Sainte-Geneviève,,,,,,,,,,
Quebec,Montréal,Montréal,LaSalle,,,,,,,,,,
Quebec,Montréal,Montréal,Lachine,,,,,,,,,,
Quebec,Montréal,Montréal,Le Plateau-Mont-Royal,,,,,,,,,,
Quebec,Montréal,Montréal,Le Sud-Ouest,,,,,,,,,,
Quebec,Montréal,Montréal,Mercier–Hochelaga-Maisonneuve,,,,,,,,,,
Quebec,Montréal,Montréal,Montréal-Nord,,,,,,,,,,
Quebec,Montréal,Montréal,Outremont,,,,,,,,,,
Quebec,Montréal,Montréal,Pierrefonds-Roxboro,,,,,,,,,,
Quebec,Montréal,Montréal,Rivière-des-Prairies–Pointe-aux-Trembles,,,,,,,,,,
Quebec,Montréal,Montréal,Rosemont–La Petite-Patrie,,,,,,,,,,
Quebec,Montréal,Montréal,Saint-Laurent,,,,,,,,,,
Quebec,Montréal,Montréal,Saint-Léonard,,,,,,,,,,
Quebec,Montréal,Montréal,Verdun,,,,,,,,,,
Quebec,Montréal,Montréal,Ville-Marie,,,,,,,,,,
Quebec,Montréal,Montréal,Villeray–Saint-Michel–Parc-Extension,,,,,,,,,,
Quebec,Montréal,Montréal,Montréal-Est,,,,,,,,,,
Quebec,Montréal,Montréal,Montreal West (Montréal-Ouest in French),,,,,,,,,,
Quebec,Montréal,Montréal,Mount Royal (Mont-Royal in French),,,,,,,,,,
Quebec,Montréal,Montréal,Pointe-Claire,,,,,,,,,,
Quebec,Montréal,Montréal,Sainte-Anne-de-Bellevue,,,,,,,,,,
Quebec,Montréal,Montréal,Westmount,,,,,,,,,,
Quebec,Montréal,Montréal,Senneville,,,,,,,,,,
Quebec,Outaouais,Bristol,,,,,,,,,,,
Quebec,Outaouais,Cantley,,,,,,,,,,,
Quebec,Outaouais,Chelsea,,,,,,,,,,,
Quebec,Outaouais,Déléage,,,,,,,,,,,
Quebec,Outaouais,Fort-Coulonge,,,,,,,,,,,
Quebec,Outaouais,Gatineau,,,,,,,,,,,
Quebec,Outaouais,Gracefield,,,,,,,,,,,
Quebec,Outaouais,Kitigan Zibi,,,,,,,,,,,
Quebec,Outaouais,L'Ange-Gardien,,,,,,,,,,,
Quebec,Outaouais,La Pêche,,,,,,,,,,,
Quebec,Outaouais,L'Isle-aux-Allumettes,,,,,,,,,,,
Quebec,Outaouais,Maniwaki,,,,,,,,,,,
Quebec,Outaouais,Mansfield-et-Pontefract,,,,,,,,,,,
Quebec,Outaouais,Messines,,,,,,,,,,,
Quebec,Outaouais,Montebello,,,,,,,,,,,
Quebec,Outaouais,Papineauville,,,,,,,,,,,
Quebec,Outaouais,MRC of Pontiac,,,,,,,,,,,
Quebec,Outaouais,Ripon,,,,,,,,,,,
Quebec,Outaouais,Saint-André-Avellin,,,,,,,,,,,
Quebec,Outaouais,Shawville,,,,,,,,,,,
Quebec,Outaouais,Thurso,,,,,,,,,,,
Quebec,Outaouais,Val-des-Monts,,,,,,,,,,,
Quebec,Abitibi-Témiscamingue,Abitibi,,,,,,,,,,,
Quebec,Abitibi-Témiscamingue,Abitibi-Ouest,,,,,,,,,,,
Quebec,Abitibi-Témiscamingue,Amos,,,,,,,,,,,
Quebec,Abitibi-Témiscamingue,La Sarre,,,,,,,,,,,
Quebec,Abitibi-Témiscamingue,La Vallée-de-l'Or,,,,,,,,,,,
Quebec,Abitibi-Témiscamingue,Macamic,,,,,,,,,,,
Quebec,Abitibi-Témiscamingue,Malartic,,,,,,,,,,,
Quebec,Abitibi-Témiscamingue,Rouyn-Noranda,,,,,,,,,,,
Quebec,Abitibi-Témiscamingue,Senneterre,,,,,,,,,,,
Quebec,Abitibi-Témiscamingue,Témiscaming,,,,,,,,,,,
Quebec,Abitibi-Témiscamingue,Témiscamingue,,,,,,,,,,,
Quebec,Abitibi-Témiscamingue,Val-d'Or,,,,,,,,,,,
Quebec,Abitibi-Témiscamingue,Ville-Marie,,,,,,,,,,,
Quebec,Côte-Nord,Baie-Comeau,,,,,,,,,,,
Quebec,Côte-Nord,Caniapiscau,,,,,,,,,,,
Quebec,Côte-Nord,Chute-aux-Outardes,,,,,,,,,,,
Quebec,Côte-Nord,Fermont,,,,,,,,,,,
Quebec,Côte-Nord,Forestville,,,,,,,,,,,
Quebec,Côte-Nord,Havre-Saint-Pierre,,,,,,,,,,,
Quebec,Côte-Nord,La Haute-Côte-Nord,,,,,,,,,,,
Quebec,Côte-Nord,Le Golfe-du-Saint-Laurent,,,,,,,,,,,
Quebec,Côte-Nord,Les Escoumins,,,,,,,,,,,
Quebec,Côte-Nord,Manicouagan,,,,,,,,,,,
Quebec,Côte-Nord,Minganie,,,,,,,,,,,
Quebec,Côte-Nord,Pessamit,,,,,,,,,,,
Quebec,Côte-Nord,Pointe-aux-Outardes,,,,,,,,,,,
Quebec,Côte-Nord,Pointe-Lebel,,,,,,,,,,,
Quebec,Côte-Nord,Port-Cartier,,,,,,,,,,,
Quebec,Côte-Nord,Sacré-Coeur,,,,,,,,,,,
Quebec,Côte-Nord,Schefferville,,,,,,,,,,,
Quebec,Côte-Nord,Sept-Îles,,,,,,,,,,,
Quebec,Côte-Nord,Sept-Rivières,,,,,,,,,,,
Quebec,Nord-du-Québec,Kativik Territory,,,,,,,,,,,
Quebec,Nord-du-Québec,Eeyou Istchee James Bay Territory,,,,,,,,,,,
Quebec,Nord-du-Québec,Chapais,,,,,,,,,,,
Quebec,Nord-du-Québec,Chibougamau,,,,,,,,,,,
Quebec,Nord-du-Québec,Lebel-sur-Quévillon,,,,,,,,,,,
Quebec,Nord-du-Québec,Matagami,,,,,,,,,,,
Quebec,Nord-du-Québec,Chapais,,,,,,,,,,,
Quebec,Nord-du-Québec,Chibougamau,,,,,,,,,,,
Quebec,Nord-du-Québec,Chisasibi,,,,,,,,,,,
Quebec,Nord-du-Québec,Inukjuak,,,,,,,,,,,
Quebec,Nord-du-Québec,Kuujjuaq,,,,,,,,,,,
Quebec,Nord-du-Québec,Lebel-sur-Quévillon,,,,,,,,,,,
Quebec,Nord-du-Québec,Matagami,,,,,,,,,,,
Quebec,Nord-du-Québec,Mistissini,,,,,,,,,,,
Quebec,Nord-du-Québec,Puvirnituq,,,,,,,,,,,
Quebec,Nord-du-Québec,Roggan River,,,,,,,,,,,
Quebec,Nord-du-Québec,Sakami,,,,,,,,,,,
Quebec,Nord-du-Québec,Salluit,,,,,,,,,,,
Quebec,Nord-du-Québec,Waskaganish,,,,,,,,,,,
Quebec,Nord-du-Québec,Waswanipi,,,,,,,,,,,
Quebec,Nord-du-Québec,Wemindji,,,,,,,,,,,
Quebec,Gaspésie–Îles-de-la-Madeleine,Avignon Regional County,Carleton-sur-Mer,,,,,,,,,,
Quebec,Gaspésie–Îles-de-la-Madeleine,Avignon Regional County,Escuminac,,,,,,,,,,
Quebec,Gaspésie–Îles-de-la-Madeleine,Avignon Regional County,L'Ascension-de-Patapédia,,,,,,,,,,
Quebec,Gaspésie–Îles-de-la-Madeleine,Avignon Regional County,Maria,,,,,,,,,,
Quebec,Gaspésie–Îles-de-la-Madeleine,Avignon Regional County,Matapédia,,,,,,,,,,
Quebec,Gaspésie–Îles-de-la-Madeleine,Avignon Regional County,Nouvelle,,,,,,,,,,
Quebec,Gaspésie–Îles-de-la-Madeleine,Avignon Regional County,Pointe-à-la-Croix,,,,,,,,,,
Quebec,Gaspésie–Îles-de-la-Madeleine,Avignon Regional County,Ristigouche-Partie-Sud-Est,,,,,,,,,,
Quebec,Gaspésie–Îles-de-la-Madeleine,Avignon Regional County,Sai,,,,,,,,,,
Quebec,Gaspésie–Îles-de-la-Madeleine,Avignon Regional County,Saint-Alexis-de-Matapédia,,,,,,,,,,
Quebec,Gaspésie–Îles-de-la-Madeleine,Avignon Regional County,Saint-André-de-Restigouche,,,,,,,,,,
Quebec,Gaspésie–Îles-de-la-Madeleine,Bonaventure Regional County,Bonaventure,,,,,,,,,,
Quebec,Gaspésie–Îles-de-la-Madeleine,Bonaventure Regional County,New Richmond,,,,,,,,,,
Quebec,Gaspésie–Îles-de-la-Madeleine,Bonaventure Regional County,Paspébiac,,,,,,,,,,
Quebec,Gaspésie–Îles-de-la-Madeleine,Bonaventure Regional County,Caplan,,,,,,,,,,
Quebec,Gaspésie–Îles-de-la-Madeleine,Bonaventure Regional County,Cascapédia–Saint-Jules,,,,,,,,,,
Quebec,Gaspésie–Îles-de-la-Madeleine,Bonaventure Regional County,Hope Town,,,,,,,,,,
Quebec,Gaspésie–Îles-de-la-Madeleine,Bonaventure Regional County,New Carlisle,,,,,,,,,,
Quebec,Gaspésie–Îles-de-la-Madeleine,Bonaventure Regional County,Saint-Alphonse,,,,,,,,,,
Quebec,Gaspésie–Îles-de-la-Madeleine,Bonaventure Regional County,Saint-Elzéar,,,,,,,,,,
Quebec,Gaspésie–Îles-de-la-Madeleine,Bonaventure Regional County,Shigawake,,,,,,,,,,
Quebec,Gaspésie–Îles-de-la-Madeleine,Bonaventure Regional County,Saint-Siméon,,,,,,,,,,
Quebec,Gaspésie–Îles-de-la-Madeleine,Bonaventure Regional County,Hope,,,,,,,,,,
Quebec,Gaspésie–Îles-de-la-Madeleine,Bonaventure Regional County,Saint-Godefroi,,,,,,,,,,
Quebec,Gaspésie–Îles-de-la-Madeleine,Le Rocher-Percé Regional County,Chandler,,,,,,,,,,
Quebec,Gaspésie–Îles-de-la-Madeleine,Le Rocher-Percé Regional County,Grande-Rivière,,,,,,,,,,
Quebec,Gaspésie–Îles-de-la-Madeleine,Le Rocher-Percé Regional County,Percé,,,,,,,,,,
Quebec,Gaspésie–Îles-de-la-Madeleine,Le Rocher-Percé Regional County,Port-Daniel–Gascons,,,,,,,,,,
Quebec,Gaspésie–Îles-de-la-Madeleine,Le Rocher-Percé Regional County,Sainte-Thérèse-de-Gaspé,,,,,,,,,,
Quebec,Gaspésie–Îles-de-la-Madeleine,La Côte-de-Gaspé Regional County,Gaspé,,,,,,,,,,
Quebec,Gaspésie–Îles-de-la-Madeleine,La Côte-de-Gaspé Regional County,Murdochville,,,,,,,,,,
Quebec,Gaspésie–Îles-de-la-Madeleine,La Côte-de-Gaspé Regional County,Grande-Vallée,,,,,,,,,,
Quebec,Gaspésie–Îles-de-la-Madeleine,La Côte-de-Gaspé Regional County,Petite-Vallée,,,,,,,,,,
Quebec,Gaspésie–Îles-de-la-Madeleine,La Côte-de-Gaspé Regional County,Cloridorme,,,,,,,,,,
Quebec,Gaspésie–Îles-de-la-Madeleine,La Haute-Gaspésie Regional County,Cap-Chat,,,,,,,,,,
Quebec,Gaspésie–Îles-de-la-Madeleine,La Haute-Gaspésie Regional County,Sainte-Anne-des-Monts,,,,,,,,,,
Quebec,Gaspésie–Îles-de-la-Madeleine,La Haute-Gaspésie Regional County,La Martre,,,,,,,,,,
Quebec,Gaspésie–Îles-de-la-Madeleine,La Haute-Gaspésie Regional County,Rivière-à-Claude,,,,,,,,,,
Quebec,Gaspésie–Îles-de-la-Madeleine,La Haute-Gaspésie Regional County,Sainte-Madeleine-de-la-Rivière-Madeleine,,,,,,,,,,
Quebec,Gaspésie–Îles-de-la-Madeleine,La Haute-Gaspésie Regional County,Saint-Maxime-du-Mont-Louis,,,,,,,,,,
Quebec,Gaspésie–Îles-de-la-Madeleine,La Haute-Gaspésie Regional County,Marsoui,,,,,,,,,,
Quebec,Gaspésie–Îles-de-la-Madeleine,La Haute-Gaspésie Regional County,Mont-Saint-Pierre,,,,,,,,,,
Quebec,Chaudière-Appalaches,Beauce-Sartigan,Saint-Georges,,,,,,,,,,
Quebec,Chaudière-Appalaches,Beauce-Sartigan,Saint-Benoît-Labre,,,,,,,,,,
Quebec,Chaudière-Appalaches,Beauce-Sartigan,Saint-Côme–Linière,,,,,,,,,,
Quebec,Chaudière-Appalaches,Beauce-Sartigan,Saint-Éphrem-de-Beauce,,,,,,,,,,
Quebec,Chaudière-Appalaches,Beauce-Sartigan,Saint-Évariste-de-Forsyth,,,,,,,,,,
Quebec,Chaudière-Appalaches,Beauce-Sartigan,Saint-Gédéon-de-Beauce,,,,,,,,,,
Quebec,Chaudière-Appalaches,Beauce-Sartigan,Saint-Honoré-de-Shenley,,,,,,,,,,
Quebec,Chaudière-Appalaches,Beauce-Sartigan,Saint-Philibert,,,,,,,,,,
Quebec,Chaudière-Appalaches,Beauce-Sartigan,Saint-Simon-les-Mines,,,,,,,,,,
Quebec,Chaudière-Appalaches,Beauce-Sartigan,Saint-Théophile,,,,,,,,,,
Quebec,Chaudière-Appalaches,Beauce-Sartigan,Notre-Dame-des-Pins,,,,,,,,,,
Quebec,Chaudière-Appalaches,Beauce-Sartigan,Saint-Hilaire-de-Dorset,,,,,,,,,,
Quebec,Chaudière-Appalaches,Beauce-Sartigan,Saint-Martin,,,,,,,,,,
Quebec,Chaudière-Appalaches,Beauce-Sartigan,Saint-René,,,,,,,,,,
Quebec,Chaudière-Appalaches,Beauce-Sartigan,Lac-Poulin,,,,,,,,,,
Quebec,Chaudière-Appalaches,Beauce-Sartigan,La Guadeloupe,,,,,,,,,,
Quebec,Chaudière-Appalaches,Bellechasse,Armagh,,,,,,,,,,
Quebec,Chaudière-Appalaches,Bellechasse,Beaumont,,,,,,,,,,
Quebec,Chaudière-Appalaches,Bellechasse,Honfleur,,,,,,,,,,
Quebec,Chaudière-Appalaches,Bellechasse,Saint-Anselme,,,,,,,,,,
Quebec,Chaudière-Appalaches,Bellechasse,Saint-Charles-de-Bellechasse,,,,,,,,,,
Quebec,Chaudière-Appalaches,Bellechasse,Saint-Gervais,,,,,,,,,,
Quebec,Chaudière-Appalaches,Bellechasse,Saint-Henri,,,,,,,,,,
Quebec,Chaudière-Appalaches,Bellechasse,Saint-Lazare-de-Bellechasse,,,,,,,,,,
Quebec,Chaudière-Appalaches,Bellechasse,Saint-Michel-de-Bellechasse,,,,,,,,,,
Quebec,Chaudière-Appalaches,Bellechasse,Saint-Nérée-de-Bellechasse,,,,,,,,,,
Quebec,Chaudière-Appalaches,Bellechasse,Saint-Raphaël,,,,,,,,,,
Quebec,Chaudière-Appalaches,Bellechasse,Saint-Vallier,,,,,,,,,,
Quebec,Chaudière-Appalaches,Bellechasse,Sainte-Claire,,,,,,,,,,
Quebec,Chaudière-Appalaches,Bellechasse,La Durantaye,,,,,,,,,,
Quebec,Chaudière-Appalaches,Bellechasse,Notre-Dame-Auxiliatrice-de-Buckland,,,,,,,,,,
Quebec,Chaudière-Appalaches,Bellechasse,Saint-Damien-de-Buckland,,,,,,,,,,
Quebec,Chaudière-Appalaches,Bellechasse,Saint-Léon-de-Standon,,,,,,,,,,
Quebec,Chaudière-Appalaches,Bellechasse,Saint-Malachie,,,,,,,,,,
Quebec,Chaudière-Appalaches,Bellechasse,Saint-Nazaire-de-Dorchester,,,,,,,,,,
Quebec,Chaudière-Appalaches,Bellechasse,Saint-Philémon,,,,,,,,,,
Quebec,Chaudière-Appalaches,La Nouvelle-Beauce,Sainte-Marie,,,,,,,,,,
Quebec,Chaudière-Appalaches,La Nouvelle-Beauce,Frampton,,,,,,,,,,
Quebec,Chaudière-Appalaches,La Nouvelle-Beauce,Saint-Bernard,,,,,,,,,,
Quebec,Chaudière-Appalaches,La Nouvelle-Beauce,Saint-Elzéar,,,,,,,,,,
Quebec,Chaudière-Appalaches,La Nouvelle-Beauce,Saint-Isidore,,,,,,,,,,
Quebec,Chaudière-Appalaches,La Nouvelle-Beauce,Saint-Lambert-de-Lauzon,,,,,,,,,,
Quebec,Chaudière-Appalaches,La Nouvelle-Beauce,Scott,,,,,,,,,,
Quebec,Chaudière-Appalaches,La Nouvelle-Beauce,Vallée-Jonction,,,,,,,,,,
Quebec,Chaudière-Appalaches,La Nouvelle-Beauce,Sainte-Hénédine,,,,,,,,,,
Quebec,Chaudière-Appalaches,La Nouvelle-Beauce,Sainte-Marguerite,,,,,,,,,,
Quebec,Chaudière-Appalaches,La Nouvelle-Beauce,Saints-Anges,,,,,,,,,,
Quebec,Chaudière-Appalaches,Les Appalaches,Disraeli,,,,,,,,,,
Quebec,Chaudière-Appalaches,Les Appalaches,Thetford Mines,,,,,,,,,,
Quebec,Chaudière-Appalaches,Les Appalaches,Adstock,,,,,,,,,,
Quebec,Chaudière-Appalaches,Les Appalaches,Beaulac-Garthby,,,,,,,,,,
Quebec,Chaudière-Appalaches,Les Appalaches,East Broughton,,,,,,,,,,
Quebec,Chaudière-Appalaches,Les Appalaches,Irlande,,,,,,,,,,
Quebec,Chaudière-Appalaches,Les Appalaches,Kinnear's Mills,,,,,,,,,,
Quebec,Chaudière-Appalaches,Les Appalaches,Saint-Adrien-d'Irlande,,,,,,,,,,
Quebec,Chaudière-Appalaches,Les Appalaches,Sainte-Clotilde-de-Beauce,,,,,,,,,,
Quebec,Chaudière-Appalaches,Les Appalaches,Saint-Fortunat,,,,,,,,,,
Quebec,Chaudière-Appalaches,Les Appalaches,Saint-Jacques-de-Leeds,,,,,,,,,,
Quebec,Chaudière-Appalaches,Les Appalaches,Saint-Jean-de-Brébeuf,,,,,,,,,,
Quebec,Chaudière-Appalaches,Les Appalaches,Saint-Joseph-de-Coleraine,,,,,,,,,,
Quebec,Chaudière-Appalaches,Les Appalaches,Saint-Julien,,,,,,,,,,
Quebec,Chaudière-Appalaches,Les Appalaches,Saint-Pierre-de-Broughton,,,,,,,,,,
Quebec,Chaudière-Appalaches,Les Appalaches,Disraeli,,,,,,,,,,
Quebec,Chaudière-Appalaches,Les Appalaches,Sacré-Coeur-de-Jésus,,,,,,,,,,
Quebec,Chaudière-Appalaches,Les Appalaches,Sainte-Praxède,,,,,,,,,,
Quebec,Chaudière-Appalaches,Les Appalaches,Saint-Jacques-le-Majeur-de-Wolfestown,,,,,,,,,,
Quebec,Chaudière-Appalaches,Les Etchemins,Lac-Etchemin,,,,,,,,,,
Quebec,Chaudière-Appalaches,Les Etchemins,Saint-Benjamin,,,,,,,,,,
Quebec,Chaudière-Appalaches,Les Etchemins,Sainte-Aurélie,,,,,,,,,,
Quebec,Chaudière-Appalaches,Les Etchemins,Sainte-Justine,,,,,,,,,,
Quebec,Chaudière-Appalaches,Les Etchemins,Sainte-Rose-de-Watford,,,,,,,,,,
Quebec,Chaudière-Appalaches,Les Etchemins,Saint-Louis-de-Gonzague,,,,,,,,,,
Quebec,Chaudière-Appalaches,Les Etchemins,Saint-Luc-de-Bellechasse,,,,,,,,,,
Quebec,Chaudière-Appalaches,Les Etchemins,Saint-Magloire,,,,,,,,,,
Quebec,Chaudière-Appalaches,Les Etchemins,Saint-Prosper,,,,,,,,,,
Quebec,Chaudière-Appalaches,Les Etchemins,Saint-Zacharie,,,,,,,,,,
Quebec,Chaudière-Appalaches,Les Etchemins,Saint-Camille-de-Lellis,,,,,,,,,,
Quebec,Chaudière-Appalaches,Les Etchemins,Saint-Cyprien,,,,,,,,,,
Quebec,Chaudière-Appalaches,Les Etchemins,Sainte-Sabine,,,,,,,,,,
Quebec,Chaudière-Appalaches,L'Islet,Saint-Pamphile,,,,,,,,,,
Quebec,Chaudière-Appalaches,L'Islet,L'Islet,,,,,,,,,,
Quebec,Chaudière-Appalaches,L'Islet,Saint-Adalbert,,,,,,,,,,
Quebec,Chaudière-Appalaches,L'Islet,Saint-Aubert,,,,,,,,,,
Quebec,Chaudière-Appalaches,L'Islet,Saint-Damase-de-L'Islet,,,,,,,,,,
Quebec,Chaudière-Appalaches,L'Islet,Sainte-Félicité,,,,,,,,,,
Quebec,Chaudière-Appalaches,L'Islet,Sainte-Perpétue,,,,,,,,,,
Quebec,Chaudière-Appalaches,L'Islet,Saint-Jean-Port-Joli,,,,,,,,,,
Quebec,Chaudière-Appalaches,L'Islet,Saint-Marcel,,,,,,,,,,
Quebec,Chaudière-Appalaches,L'Islet,Saint-Omer,,,,,,,,,,
Quebec,Chaudière-Appalaches,L'Islet,Tourville,,,,,,,,,,
Quebec,Chaudière-Appalaches,L'Islet,Saint-Cyrille-de-Lessard,,,,,,,,,,
Quebec,Chaudière-Appalaches,L'Islet,Sainte-Louise,,,,,,,,,,
Quebec,Chaudière-Appalaches,L'Islet,Saint-Roch-des-Aulnaies,,,,,,,,,,
Quebec,Chaudière-Appalaches,Lotbinière,Dosquet,,,,,,,,,,
Quebec,Chaudière-Appalaches,Lotbinière,Leclercville,,,,,,,,,,
Quebec,Chaudière-Appalaches,Lotbinière,Lotbinière,,,,,,,,,,
Quebec,Chaudière-Appalaches,Lotbinière,Saint-Agapit,,,,,,,,,,
Quebec,Chaudière-Appalaches,Lotbinière,Saint-Antoine-de-Tilly,,,,,,,,,,
Quebec,Chaudière-Appalaches,Lotbinière,Saint-Apollinaire,,,,,,,,,,
Quebec,Chaudière-Appalaches,Lotbinière,Sainte-Agathe-de-Lotbinière,,,,,,,,,,
Quebec,Chaudière-Appalaches,Lotbinière,Sainte-Croix,,,,,,,,,,
Quebec,Chaudière-Appalaches,Lotbinière,Saint-Flavien,,,,,,,,,,
Quebec,Chaudière-Appalaches,Lotbinière,Saint-Gilles,,,,,,,,,,
Quebec,Chaudière-Appalaches,Lotbinière,Saint-Janvier-de-Joly,,,,,,,,,,
Quebec,Chaudière-Appalaches,Lotbinière,Saint-Patrice-de-Beaurivage,,,,,,,,,,
Quebec,Chaudière-Appalaches,Lotbinière,Saint-Sylvestre,,,,,,,,,,
Quebec,Chaudière-Appalaches,Lotbinière,Val-Alain,,,,,,,,,,
Quebec,Chaudière-Appalaches,Lotbinière,Notre-Dame-du-Sacré-Cœur-d'Issoudun,,,,,,,,,,
Quebec,Chaudière-Appalaches,Lotbinière,Saint-Édouard-de-Lotbinière,,,,,,,,,,
Quebec,Chaudière-Appalaches,Lotbinière,Saint-Narcisse-de-Beaurivage,,,,,,,,,,
Quebec,Chaudière-Appalaches,Lotbinière,Laurier-Station,,,,,,,,,,
Quebec,Chaudière-Appalaches,Montmagny,Montmagny,,,,,,,,,,
Quebec,Chaudière-Appalaches,Montmagny,Berthier-sur-Mer,,,,,,,,,,
Quebec,Chaudière-Appalaches,Montmagny,Cap-Saint-Ignace,,,,,,,,,,
Quebec,Chaudière-Appalaches,Montmagny,Lac-Frontière,,,,,,,,,,
Quebec,Chaudière-Appalaches,Montmagny,Notre-Dame-du-Rosaire,,,,,,,,,,
Quebec,Chaudière-Appalaches,Montmagny,Sainte-Euphémie-sur-Rivière-du-Sud,,,,,,,,,,
Quebec,Chaudière-Appalaches,Montmagny,Sainte-Lucie-de-Beauregard,,,,,,,,,,
Quebec,Chaudière-Appalaches,Montmagny,Saint-François-de-la-Rivière-du-Sud,,,,,,,,,,
Quebec,Chaudière-Appalaches,Montmagny,Saint-Just-de-Bretenières,,,,,,,,,,
Quebec,Chaudière-Appalaches,Montmagny,Saint-Paul-de-Montminy,,,,,,,,,,
Quebec,Chaudière-Appalaches,Montmagny,Saint-Antoine-de-l'Isle-aux-Grues,,,,,,,,,,
Quebec,Chaudière-Appalaches,Montmagny,Sainte-Apolline-de-Patton,,,,,,,,,,
Quebec,Chaudière-Appalaches,Montmagny,Saint-Fabien-de-Panet,,,,,,,,,,
Quebec,Chaudière-Appalaches,Montmagny,Saint-Pierre-de-la-Rivière-du-Sud,,,,,,,,,,
Quebec,Chaudière-Appalaches,Robert-Cliche,Beauceville,,,,,,,,,,
Quebec,Chaudière-Appalaches,Robert-Cliche,Saint-Joseph-de-Beauce,,,,,,,,,,
Quebec,Chaudière-Appalaches,Robert-Cliche,Saint-Alfred,,,,,,,,,,
Quebec,Chaudière-Appalaches,Robert-Cliche,Saint-Joseph-des-Érables,,,,,,,,,,
Quebec,Chaudière-Appalaches,Robert-Cliche,Saint-Victor,,,,,,,,,,
Quebec,Chaudière-Appalaches,Robert-Cliche,Saint-Frédéric,,,,,,,,,,
Quebec,Chaudière-Appalaches,Robert-Cliche,Saint-Jules,,,,,,,,,,
Quebec,Chaudière-Appalaches,Robert-Cliche,Saint-Odilon-de-Cranbourne,,,,,,,,,,
Quebec,Chaudière-Appalaches,Robert-Cliche,Saint-Séverin,,,,,,,,,,
Quebec,Chaudière-Appalaches,Robert-Cliche,Saint-Séverin,,,,,,,,,,
Quebec,Chaudière-Appalaches,Robert-Cliche,Tring-Jonction,,,,,,,,,,
Quebec,Laval,Laval,Auteuil,,,,,,,,,,
Quebec,Laval,Laval,Chomedey,,,,,,,,,,
Quebec,Laval,Laval,Duvernay,,,,,,,,,,
Quebec,Laval,Laval,Fabreville,,,,,,,,,,
Quebec,Laval,Laval,Îles-Laval,,,,,,,,,,
Quebec,Laval,Laval,Laval-des-Rapides,,,,,,,,,,
Quebec,Laval,Laval,Laval-Ouest,,,,,,,,,,
Quebec,Laval,Laval,Laval-sur-le-Lac,,,,,,,,,,
Quebec,Laval,Laval,Pont-Viau,,,,,,,,,,
Quebec,Laval,Laval,Sainte-Dorothée,,,,,,,,,,
Quebec,Laval,Laval,Sainte-Rose,,,,,,,,,,
Quebec,Laval,Laval,Saint-François,,,,,,,,,,
Quebec,Laval,Laval,Saint-Vincent-de-Paul,,,,,,,,,,
Quebec,Laval,Laval,Vimont,,,,,,,,,,
Quebec,Lanaudière,D'Autray,Berthierville,,,,,,,,,,
Quebec,Lanaudière,D'Autray,Lavaltrie,,,,,,,,,,
Quebec,Lanaudière,D'Autray,Saint-Gabriel,,,,,,,,,,
Quebec,Lanaudière,D'Autray,La Visitation-de-l'Île-Dupas,,,,,,,,,,
Quebec,Lanaudière,D'Autray,Lanoraie,,,,,,,,,,
Quebec,Lanaudière,D'Autray,Mandeville,,,,,,,,,,
Quebec,Lanaudière,D'Autray,Saint-Cléophas-de-Brandon,,,,,,,,,,
Quebec,Lanaudière,D'Autray,Saint-Cuthbert,,,,,,,,,,
Quebec,Lanaudière,D'Autray,Saint-Gabriel-de-Brandon,,,,,,,,,,
Quebec,Lanaudière,D'Autray,Saint-Ignace-de-Loyola,,,,,,,,,,
Quebec,Lanaudière,D'Autray,Sainte-Élisabeth,,,,,,,,,,
Quebec,Lanaudière,D'Autray,Sainte-Geneviève-de-Berthier,,,,,,,,,,
Quebec,Lanaudière,D'Autray,Saint-Barthélemy,,,,,,,,,,
Quebec,Lanaudière,D'Autray,Saint-Didace,,,,,,,,,,
Quebec,Lanaudière,D'Autray,Saint-Norbert,,,,,,,,,,
Quebec,Lanaudière,Joliette,Joliette,,,,,,,,,,
Quebec,Lanaudière,Joliette,Notre-Dame-des-Prairies,,,,,,,,,,
Quebec,Lanaudière,Joliette,Saint-Charles-Borromée,,,,,,,,,,
Quebec,Lanaudière,Joliette,Crabtree,,,,,,,,,,
Quebec,Lanaudière,Joliette,Notre-Dame-de-Lourdes,,,,,,,,,,
Quebec,Lanaudière,Joliette,Saint-Ambroise-de-Kildare,,,,,,,,,,
Quebec,Lanaudière,Joliette,Sainte-Mélanie,,,,,,,,,,
Quebec,Lanaudière,Joliette,Saint-Paul,,,,,,,,,,
Quebec,Lanaudière,Joliette,Saint-Thomas,,,,,,,,,,
Quebec,Lanaudière,Joliette,Saint-Pierre,,,,,,,,,,
Quebec,Lanaudière,L'Assomption,Charlemagne,,,,,,,,,,
Quebec,Lanaudière,L'Assomption,L'Assomption,,,,,,,,,,
Quebec,Lanaudière,L'Assomption,L'Épiphanie,,,,,,,,,,
Quebec,Lanaudière,L'Assomption,Repentigny,,,,,,,,,,
Quebec,Lanaudière,L'Assomption,L'Épiphanie,,,,,,,,,,
Quebec,Lanaudière,L'Assomption,Saint-Sulpice,,,,,,,,,,
Quebec,Lanaudière,Les Moulins,Mascouche,,,,,,,,,,
Quebec,Lanaudière,Les Moulins,Terrebonne,,,,,,,,,,
Quebec,Lanaudière,Matawinie,Chertsey,,,,,,,,,,
Quebec,Lanaudière,Matawinie,Entrelacs,,,,,,,,,,
Quebec,Lanaudière,Matawinie,Notre-Dame-de-la-Merci,,,,,,,,,,
Quebec,Lanaudière,Matawinie,Rawdon,,,,,,,,,,
Quebec,Lanaudière,Matawinie,Saint-Alphonse-Rodriguez,,,,,,,,,,
Quebec,Lanaudière,Matawinie,Sainte-Béatrix,,,,,,,,,,
Quebec,Lanaudière,Matawinie,Saint-Donat,,,,,,,,,,
Quebec,Lanaudière,Matawinie,Sainte-Émélie-de-l'Énergie,,,,,,,,,,
Quebec,Lanaudière,Matawinie,Saint-Félix-de-Valois,,,,,,,,,,
Quebec,Lanaudière,Matawinie,Saint-Jean-de-Matha,,,,,,,,,,
Quebec,Lanaudière,Matawinie,Sainte-Marcelline-de-Kildare,,,,,,,,,,
Quebec,Lanaudière,Matawinie,Saint-Michel-des-Saints,,,,,,,,,,
Quebec,Lanaudière,Matawinie,Saint-Zénon,,,,,,,,,,
Quebec,Lanaudière,Montcalm,Saint-Lin–Laurentides,,,,,,,,,,
Quebec,Lanaudière,Montcalm,Saint-Alexis,,,,,,,,,,
Quebec,Lanaudière,Montcalm,Saint-Calixte,,,,,,,,,,
Quebec,Lanaudière,Montcalm,Saint-Esprit,,,,,,,,,,
Quebec,Lanaudière,Montcalm,Saint-Jacques,,,,,,,,,,
Quebec,Lanaudière,Montcalm,Sainte-Julienne,,,,,,,,,,
Quebec,Lanaudière,Montcalm,Saint-Roch-de-l'Achigan,,,,,,,,,,
Quebec,Lanaudière,Montcalm,Saint-Roch-Ouest,,,,,,,,,,
Quebec,Lanaudière,Montcalm,Saint-Liguori,,,,,,,,,,
Quebec,Laurentides,Antoine-Labelle,Mont-Laurier,,,,,,,,,,
Quebec,Laurentides,Antoine-Labelle,Rivière-Rouge,,,,,,,,,,
Quebec,Laurentides,Antoine-Labelle,Chute-Saint-Philippe,,,,,,,,,,
Quebec,Laurentides,Antoine-Labelle,Ferme-Neuve,,,,,,,,,,
Quebec,Laurentides,Antoine-Labelle,Kiamika,,,,,,,,,,
Quebec,Laurentides,Antoine-Labelle,Lac-des-Écorces,,,,,,,,,,
Quebec,Laurentides,Antoine-Labelle,Lac-du-Cerf,,,,,,,,,,
Quebec,Laurentides,Antoine-Labelle,Lac-Saint-Paul,,,,,,,,,,
Quebec,Laurentides,Antoine-Labelle,La Macaza,,,,,,,,,,
Quebec,Laurentides,Antoine-Labelle,L'Ascension,,,,,,,,,,
Quebec,Laurentides,Antoine-Labelle,Mont-Saint-Michel,,,,,,,,,,
Quebec,Laurentides,Antoine-Labelle,Nominingue,,,,,,,,,,
Quebec,Laurentides,Antoine-Labelle,Notre-Dame-de-Pontmain,,,,,,,,,,
Quebec,Laurentides,Antoine-Labelle,Notre-Dame-du-Laus,,,,,,,,,,
Quebec,Laurentides,Antoine-Labelle,Saint-Aimé-du-Lac-des-Îles,,,,,,,,,,
Quebec,Laurentides,Antoine-Labelle,Sainte-Anne-du-Lac,,,,,,,,,,
Quebec,Laurentides,Antoine-Labelle,Lac-Saguay,,,,,,,,,,
Quebec,Laurentides,Argenteuil,Lachute,,,,,,,,,,
Quebec,Laurentides,Argenteuil,Brownsburg-Chatham,,,,,,,,,,
Quebec,Laurentides,Argenteuil,Grenville-sur-la-Rouge,,,,,,,,,,
Quebec,Laurentides,Argenteuil,Mille-Isles,,,,,,,,,,
Quebec,Laurentides,Argenteuil,Saint-André-d'Argenteuil,,,,,,,,,,
Quebec,Laurentides,Argenteuil,Gore,,,,,,,,,,
Quebec,Laurentides,Argenteuil,Harrington,,,,,,,,,,
Quebec,Laurentides,Argenteuil,Wentworth,,,,,,,,,,
Quebec,Laurentides,Argenteuil,Grenville,,,,,,,,,,
Quebec,Laurentides,Deux-Montagnes,Deux-Montagnes,,,,,,,,,,
Quebec,Laurentides,Deux-Montagnes,Sainte-Marthe-sur-le-Lac,,,,,,,,,,
Quebec,Laurentides,Deux-Montagnes,Saint-Eustache,,,,,,,,,,
Quebec,Laurentides,Deux-Montagnes,Oka,,,,,,,,,,
Quebec,Laurentides,Deux-Montagnes,Pointe-Calumet,,,,,,,,,,
Quebec,Laurentides,Deux-Montagnes,Saint-Joseph-du-Lac,,,,,,,,,,
Quebec,Laurentides,Deux-Montagnes,Saint-Placide,,,,,,,,,,
Quebec,Laurentides,La Rivière-du-Nord,Prévost,,,,,,,,,,
Quebec,Laurentides,La Rivière-du-Nord,Saint-Colomban,,,,,,,,,,
Quebec,Laurentides,La Rivière-du-Nord,Saint-Jérôme,,,,,,,,,,
Quebec,Laurentides,La Rivière-du-Nord,Saint-Hippolyte,,,,,,,,,,
Quebec,Laurentides,La Rivière-du-Nord,Sainte-Sophie,,,,,,,,,,
Quebec,Laurentides,Les Laurentides,Barkmere,,,,,,,,,,
Quebec,Laurentides,Les Laurentides,Mont-Tremblant,,,,,,,,,,
Quebec,Laurentides,Les Laurentides,Sainte-Agathe-des-Monts,,,,,,,,,,
Quebec,Laurentides,Les Laurentides,Huberdeau,,,,,,,,,,
Quebec,Laurentides,Les Laurentides,Ivry-sur-le-Lac,,,,,,,,,,
Quebec,Laurentides,Les Laurentides,Labelle,,,,,,,,,,
Quebec,Laurentides,Les Laurentides,La Conception,,,,,,,,,,
Quebec,Laurentides,Les Laurentides,Lac-Supérieur,,,,,,,,,,
Quebec,Laurentides,Les Laurentides,Lac-Tremblant-Nord,,,,,,,,,,
Quebec,Laurentides,Les Laurentides,La Minerve,,,,,,,,,,
Quebec,Laurentides,Les Laurentides,Lantier,,,,,,,,,,
Quebec,Laurentides,Les Laurentides,Montcalm,,,,,,,,,,
Quebec,Laurentides,Les Laurentides,Sainte-Lucie-des-Laurentides,,,,,,,,,,
Quebec,Laurentides,Les Laurentides,Saint-Faustin–Lac-Carré,,,,,,,,,,
Quebec,Laurentides,Les Laurentides,Val-des-Lacs,,,,,,,,,,
Quebec,Laurentides,Les Laurentides,Val-Morin,,,,,,,,,,
Quebec,Laurentides,Les Laurentides,Amherst,,,,,,,,,,
Quebec,Laurentides,Les Laurentides,Arundel,,,,,,,,,,
Quebec,Laurentides,Les Laurentides,Brébeuf,,,,,,,,,,
Quebec,Laurentides,Les Laurentides,Val-David,,,,,,,,,,
Quebec,Laurentides,Les Pays-d'en-Haut,Estérel,,,,,,,,,,
Quebec,Laurentides,Les Pays-d'en-Haut,Sainte-Adèle,,,,,,,,,,
Quebec,Laurentides,Les Pays-d'en-Haut,Sainte-Marguerite-du-Lac-Masson,,,,,,,,,,
Quebec,Laurentides,Les Pays-d'en-Haut,Saint-Sauveur,,,,,,,,,,
Quebec,Laurentides,Les Pays-d'en-Haut,Lac-des-Seize-Îles,,,,,,,,,,
Quebec,Laurentides,Les Pays-d'en-Haut,Morin-Heights,,,,,,,,,,
Quebec,Laurentides,Les Pays-d'en-Haut,Piedmont,,,,,,,,,,
Quebec,Laurentides,Les Pays-d'en-Haut,Saint-Adolphe-d'Howard,,,,,,,,,,
Quebec,Laurentides,Les Pays-d'en-Haut,Wentworth-Nord,,,,,,,,,,
Quebec,Laurentides,Les Pays-d'en-Haut,Sainte-Anne-des-Lacs,,,,,,,,,,
Quebec,Laurentides,Mirabel,La Belle-Rivière,,,,,,,,,,
Quebec,Laurentides,Mirabel,La Chapelle,,,,,,,,,,
Quebec,Laurentides,Mirabel,Mirabel-en-Haut,,,,,,,,,,
Quebec,Laurentides,Mirabel,Petit St-Charles,,,,,,,,,,
Quebec,Laurentides,Mirabel,Saint-Augustin,,,,,,,,,,
Quebec,Laurentides,Mirabel,Saint-Benoît,,,,,,,,,,
Quebec,Laurentides,Mirabel,Saint-Canut,,,,,,,,,,
Quebec,Laurentides,Mirabel,Sainte-Monique,,,,,,,,,,
Quebec,Laurentides,Mirabel,Saint-Hermas,,,,,,,,,,
Quebec,Laurentides,Mirabel,Saint-Janvier,,,,,,,,,,
Quebec,Laurentides,Mirabel,Saint-Jérusalem-d'Argenteuil,,,,,,,,,,
Quebec,Laurentides,Mirabel,Sainte-Scholastique,,,,,,,,,,
Quebec,Laurentides,Thérèse-De Blainville,Blainville,,,,,,,,,,
Quebec,Laurentides,Thérèse-De Blainville,Bois-des-Filion,,,,,,,,,,
Quebec,Laurentides,Thérèse-De Blainville,Boisbriand,,,,,,,,,,
Quebec,Laurentides,Thérèse-De Blainville,Lorraine,,,,,,,,,,
Quebec,Laurentides,Thérèse-De Blainville,Rosemère,,,,,,,,,,
Quebec,Laurentides,Thérèse-De Blainville,Sainte-Anne-des-Plaines,,,,,,,,,,
Quebec,Laurentides,Thérèse-De Blainville,Sainte-Thérèse,,,,,,,,,,
Quebec,Montérégie,Montérégie Est,Acton,Acton Vale,,,,,,,,,
Quebec,Montérégie,Montérégie Est,Acton,Béthanie,,,,,,,,,
Quebec,Montérégie,Montérégie Est,Acton,Saint-Théodore-d'Acton,,,,,,,,,
Quebec,Montérégie,Montérégie Est,Acton,Upton,,,,,,,,,
Quebec,Montérégie,Montérégie Est,Acton,Saint-Nazaire-d'Acton,,,,,,,,,
Quebec,Montérégie,Montérégie Est,Acton,Sainte-Christine,,,,,,,,,
Quebec,Montérégie,Montérégie Est,Acton,Roxton,,,,,,,,,
Quebec,Montérégie,Montérégie Est,Acton,Roxton Falls,,,,,,,,,
Quebec,Montérégie,Montérégie Est,Brome-Missisquoi,Bedford,,,,,,,,,
Quebec,Montérégie,Montérégie Est,Brome-Missisquoi,Bromont,,,,,,,,,
Quebec,Montérégie,Montérégie Est,Brome-Missisquoi,Cowansville,,,,,,,,,
Quebec,Montérégie,Montérégie Est,Brome-Missisquoi,Dunham,,,,,,,,,
Quebec,Montérégie,Montérégie Est,Brome-Missisquoi,Farnham,,,,,,,,,
Quebec,Montérégie,Montérégie Est,Brome-Missisquoi,Lac-Brome,,,,,,,,,
Quebec,Montérégie,Montérégie Est,Brome-Missisquoi,Sutton,,,,,,,,,
Quebec,Montérégie,Montérégie Est,Brome-Missisquoi,Bolton-Ouest,,,,,,,,,
Quebec,Montérégie,Montérégie Est,Brome-Missisquoi,Brigham,,,,,,,,,
Quebec,Montérégie,Montérégie Est,Brome-Missisquoi,East Farnham,,,,,,,,,
Quebec,Montérégie,Montérégie Est,Brome-Missisquoi,Frelighsburg,,,,,,,,,
Quebec,Montérégie,Montérégie Est,Brome-Missisquoi,Notre-Dame-de-Stanbridge,,,,,,,,,
Quebec,Montérégie,Montérégie Est,Brome-Missisquoi,Pike River,,,,,,,,,
Quebec,Montérégie,Montérégie Est,Brome-Missisquoi,Saint-Armand,,,,,,,,,
Quebec,Montérégie,Montérégie Est,Brome-Missisquoi,Saint-Ignace-de-Stanbridge,,,,,,,,,
Quebec,Montérégie,Montérégie Est,Brome-Missisquoi,Sainte-Sabine,,,,,,,,,
Quebec,Montérégie,Montérégie Est,Brome-Missisquoi,Stanbridge East,,,,,,,,,
Quebec,Montérégie,Montérégie Est,Brome-Missisquoi,Stanbridge Station,,,,,,,,,
Quebec,Montérégie,Montérégie Est,Brome-Missisquoi,Bedford,,,,,,,,,
Quebec,Montérégie,Montérégie Est,Brome-Missisquoi,Abercorn,,,,,,,,,
Quebec,Montérégie,Montérégie Est,Brome-Missisquoi,Brome,,,,,,,,,
Quebec,Montérégie,Montérégie Est,La Haute-Yamaska,Granby,,,,,,,,,
Quebec,Montérégie,Montérégie Est,La Haute-Yamaska,Waterloo,,,,,,,,,
Quebec,Montérégie,Montérégie Est,La Haute-Yamaska,Roxton Pond,,,,,,,,,
Quebec,Montérégie,Montérégie Est,La Haute-Yamaska,Saint-Alphonse-de-Granby,,,,,,,,,
Quebec,Montérégie,Montérégie Est,La Haute-Yamaska,Saint-Joachim-de-Shefford,,,,,,,,,
Quebec,Montérégie,Montérégie Est,La Haute-Yamaska,Sainte-Cécile-de-Milton,,,,,,,,,
Quebec,Montérégie,Montérégie Est,La Haute-Yamaska,Shefford,,,,,,,,,
Quebec,Montérégie,Montérégie Est,La Haute-Yamaska,Warden,,,,,,,,,
Quebec,Montérégie,Montérégie Est,La Vallée-du-Richelieu,Beloeil,,,,,,,,,
Quebec,Montérégie,Montérégie Est,La Vallée-du-Richelieu,Carignan,,,,,,,,,
Quebec,Montérégie,Montérégie Est,La Vallée-du-Richelieu,Chambly,,,,,,,,,
Quebec,Montérégie,Montérégie Est,La Vallée-du-Richelieu,Mont-Saint-Hilaire,,,,,,,,,
Quebec,Montérégie,Montérégie Est,La Vallée-du-Richelieu,Otterburn Park,,,,,,,,,
Quebec,Montérégie,Montérégie Est,La Vallée-du-Richelieu,Saint-Basile-le-Grand,,,,,,,,,
Quebec,Montérégie,Montérégie Est,La Vallée-du-Richelieu,McMasterville,,,,,,,,,
Quebec,Montérégie,Montérégie Est,La Vallée-du-Richelieu,Saint-Antoine-sur-Richelieu,,,,,,,,,
Quebec,Montérégie,Montérégie Est,La Vallée-du-Richelieu,Saint-Charles-sur-Richelieu,,,,,,,,,
Quebec,Montérégie,Montérégie Est,La Vallée-du-Richelieu,Saint-Denis-sur-Richelieu,,,,,,,,,
Quebec,Montérégie,Montérégie Est,La Vallée-du-Richelieu,Saint-Jean-Baptiste,,,,,,,,,
Quebec,Montérégie,Montérégie Est,La Vallée-du-Richelieu,Saint-Marc-sur-Richelieu,,,,,,,,,
Quebec,Montérégie,Montérégie Est,La Vallée-du-Richelieu,Saint-Mathieu-de-Beloeil,,,,,,,,,
Quebec,Montérégie,Montérégie Est,Le Haut-Richelieu,Saint-Jean-sur-Richelieu,,,,,,,,,
Quebec,Montérégie,Montérégie Est,Le Haut-Richelieu,Henryville,,,,,,,,,
Quebec,Montérégie,Montérégie Est,Le Haut-Richelieu,Lacolle,,,,,,,,,
Quebec,Montérégie,Montérégie Est,Le Haut-Richelieu,Mont-Saint-Grégoire,,,,,,,,,
Quebec,Montérégie,Montérégie Est,Le Haut-Richelieu,Noyan,,,,,,,,,
Quebec,Montérégie,Montérégie Est,Le Haut-Richelieu,Saint-Alexandre,,,,,,,,,
Quebec,Montérégie,Montérégie Est,Le Haut-Richelieu,Saint-Blaise-sur-Richelieu,,,,,,,,,
Quebec,Montérégie,Montérégie Est,Le Haut-Richelieu,Saint-Georges-de-Clarenceville,,,,,,,,,
Quebec,Montérégie,Montérégie Est,Le Haut-Richelieu,Saint-Paul-de-l'Île-aux-Noix,,,,,,,,,
Quebec,Montérégie,Montérégie Est,Le Haut-Richelieu,Saint-Sébastien,,,,,,,,,
Quebec,Montérégie,Montérégie Est,Le Haut-Richelieu,Saint-Valentin,,,,,,,,,
Quebec,Montérégie,Montérégie Est,Le Haut-Richelieu,Sainte-Brigide-d'Iberville,,,,,,,,,
Quebec,Montérégie,Montérégie Est,Le Haut-Richelieu,Venise-en-Québec,,,,,,,,,
Quebec,Montérégie,Montérégie Est,Le Haut-Richelieu,Sainte-Anne-de-Sabrevois,,,,,,,,,
Quebec,Montérégie,Montérégie Est,Les Maskoutains,Saint-Hyacinthe,,,,,,,,,
Quebec,Montérégie,Montérégie Est,Les Maskoutains,Saint-Pie,,,,,,,,,
Quebec,Montérégie,Montérégie Est,Les Maskoutains,La Présentation,,,,,,,,,
Quebec,Montérégie,Montérégie Est,Les Maskoutains,Saint-Barnabé-Sud,,,,,,,,,
Quebec,Montérégie,Montérégie Est,Les Maskoutains,Saint-Bernard-de-Michaudville,,,,,,,,,
Quebec,Montérégie,Montérégie Est,Les Maskoutains,Saint-Damase,,,,,,,,,
Quebec,Montérégie,Montérégie Est,Les Maskoutains,Saint-Dominique,,,,,,,,,
Quebec,Montérégie,Montérégie Est,Les Maskoutains,Saint-Hugues,,,,,,,,,
Quebec,Montérégie,Montérégie Est,Les Maskoutains,Saint-Jude,,,,,,,,,
Quebec,Montérégie,Montérégie Est,Les Maskoutains,Saint-Liboire,,,,,,,,,
Quebec,Montérégie,Montérégie Est,Les Maskoutains,Saint-Louis,,,,,,,,,
Quebec,Montérégie,Montérégie Est,Les Maskoutains,Saint-Marcel-de-Richelieu,,,,,,,,,
Quebec,Montérégie,Montérégie Est,Les Maskoutains,Saint-Simon,,,,,,,,,
Quebec,Montérégie,Montérégie Est,Les Maskoutains,Saint-Valérien-de-Milton,,,,,,,,,
Quebec,Montérégie,Montérégie Est,Les Maskoutains,Sainte-Hélène-de-Bagot,,,,,,,,,
Quebec,Montérégie,Montérégie Est,Les Maskoutains,Sainte-Marie-Madeleine,,,,,,,,,
Quebec,Montérégie,Montérégie Est,Les Maskoutains,Sainte-Madeleine,,,,,,,,,
Quebec,Montérégie,Montérégie Est,Marguerite-D'Youville,Contrecœur,,,,,,,,,
Quebec,Montérégie,Montérégie Est,Marguerite-D'Youville,Sainte-Julie,,,,,,,,,
Quebec,Montérégie,Montérégie Est,Marguerite-D'Youville,Varennes,,,,,,,,,
Quebec,Montérégie,Montérégie Est,Marguerite-D'Youville,Calixa-Lavallée,,,,,,,,,
Quebec,Montérégie,Montérégie Est,Marguerite-D'Youville,Saint-Amable,,,,,,,,,
Quebec,Montérégie,Montérégie Est,Marguerite-D'Youville,Verchères,,,,,,,,,
Quebec,Montérégie,Montérégie Est,Pierre-De Saurel,Saint-Joseph-de-Sorel,,,,,,,,,
Quebec,Montérégie,Montérégie Est,Pierre-De Saurel,Saint-Ours,,,,,,,,,
Quebec,Montérégie,Montérégie Est,Pierre-De Saurel,Sorel-Tracy,,,,,,,,,
Quebec,Montérégie,Montérégie Est,Pierre-De Saurel,Saint-Aimé,,,,,,,,,
Quebec,Montérégie,Montérégie Est,Pierre-De Saurel,Saint-David,,,,,,,,,
Quebec,Montérégie,Montérégie Est,Pierre-De Saurel,Saint-Robert,,,,,,,,,
Quebec,Montérégie,Montérégie Est,Pierre-De Saurel,Saint-Roch-de-Richelieu,,,,,,,,,
Quebec,Montérégie,Montérégie Est,Pierre-De Saurel,Sainte-Anne-de-Sorel,,,,,,,,,
Quebec,Montérégie,Montérégie Est,Pierre-De Saurel,Sainte-Victoire-de-Sorel,,,,,,,,,
Quebec,Montérégie,Montérégie Est,Pierre-De Saurel,Yamaska,,,,,,,,,
Quebec,Montérégie,Montérégie Est,Pierre-De Saurel,Saint-Gérard-Majella,,,,,,,,,
Quebec,Montérégie,Montérégie Est,Pierre-De Saurel,Massueville,,,,,,,,,
Quebec,Montérégie,Montérégie Est,Rouville,Marieville,,,,,,,,,
Quebec,Montérégie,Montérégie Est,Rouville,Richelieu,,,,,,,,,
Quebec,Montérégie,Montérégie Est,Rouville,Saint-Césaire,,,,,,,,,
Quebec,Montérégie,Montérégie Est,Rouville,Ange-Gardien,,,,,,,,,
Quebec,Montérégie,Montérégie Est,Rouville,Rougemont,,,,,,,,,
Quebec,Montérégie,Montérégie Est,Rouville,Saint-Mathias-sur-Richelieu,,,,,,,,,
Quebec,Montérégie,Montérégie Est,Rouville,Saint-Paul-d'Abbotsford,,,,,,,,,
Quebec,Montérégie,Montérégie Est,Rouville,Sainte-Angèle-de-Monnoir,,,,,,,,,
Quebec,Montérégie,Vallée-du-Haut-Saint-Laurent,Beauharnois-Salaberry,Beauharnois,,,,,,,,,
Quebec,Montérégie,Vallée-du-Haut-Saint-Laurent,Beauharnois-Salaberry,Salaberry-de-Valleyfield,,,,,,,,,
Quebec,Montérégie,Vallée-du-Haut-Saint-Laurent,Beauharnois-Salaberry,Saint-Étienne-de-Beauharnois,,,,,,,,,
Quebec,Montérégie,Vallée-du-Haut-Saint-Laurent,Beauharnois-Salaberry,Saint-Stanislas-de-Kostka,,,,,,,,,
Quebec,Montérégie,Vallée-du-Haut-Saint-Laurent,Beauharnois-Salaberry,Saint-Urbain-Premier,,,,,,,,,
Quebec,Montérégie,Vallée-du-Haut-Saint-Laurent,Beauharnois-Salaberry,Sainte-Martine,,,,,,,,,
Quebec,Montérégie,Vallée-du-Haut-Saint-Laurent,Beauharnois-Salaberry,Saint-Louis-de-Gonzague,,,,,,,,,
Quebec,Montérégie,Vallée-du-Haut-Saint-Laurent,Le Haut-Saint-Laurent,Huntingdon,,,,,,,,,
Quebec,Montérégie,Vallée-du-Haut-Saint-Laurent,Le Haut-Saint-Laurent,Elgin,,,,,,,,,
Quebec,Montérégie,Vallée-du-Haut-Saint-Laurent,Le Haut-Saint-Laurent,Franklin,,,,,,,,,
Quebec,Montérégie,Vallée-du-Haut-Saint-Laurent,Le Haut-Saint-Laurent,Hinchinbrooke,,,,,,,,,
Quebec,Montérégie,Vallée-du-Haut-Saint-Laurent,Le Haut-Saint-Laurent,Howick,,,,,,,,,
Quebec,Montérégie,Vallée-du-Haut-Saint-Laurent,Le Haut-Saint-Laurent,Ormstown,,,,,,,,,
Quebec,Montérégie,Vallée-du-Haut-Saint-Laurent,Le Haut-Saint-Laurent,Saint-Anicet,,,,,,,,,
Quebec,Montérégie,Vallée-du-Haut-Saint-Laurent,Le Haut-Saint-Laurent,Saint-Chrysostome,,,,,,,,,
Quebec,Montérégie,Vallée-du-Haut-Saint-Laurent,Le Haut-Saint-Laurent,Sainte-Barbe,,,,,,,,,
Quebec,Montérégie,Vallée-du-Haut-Saint-Laurent,Le Haut-Saint-Laurent,Très-Saint-Sacrement,,,,,,,,,
Quebec,Montérégie,Vallée-du-Haut-Saint-Laurent,Le Haut-Saint-Laurent,Dundee,,,,,,,,,
Quebec,Montérégie,Vallée-du-Haut-Saint-Laurent,Le Haut-Saint-Laurent,Godmanchester,,,,,,,,,
Quebec,Montérégie,Vallée-du-Haut-Saint-Laurent,Le Haut-Saint-Laurent,Havelock,,,,,,,,,
Quebec,Montérégie,Vallée-du-Haut-Saint-Laurent,Les Jardins-de-Napierville,Saint-Rémi,,,,,,,,,
Quebec,Montérégie,Vallée-du-Haut-Saint-Laurent,Les Jardins-de-Napierville,Napierville,,,,,,,,,
Quebec,Montérégie,Vallée-du-Haut-Saint-Laurent,Les Jardins-de-Napierville,Saint-Cyprien-de-Napierville,,,,,,,,,
Quebec,Montérégie,Vallée-du-Haut-Saint-Laurent,Les Jardins-de-Napierville,Saint-Édouard,,,,,,,,,
Quebec,Montérégie,Vallée-du-Haut-Saint-Laurent,Les Jardins-de-Napierville,Saint-Jacques-le-Mineur,,,,,,,,,
Quebec,Montérégie,Vallée-du-Haut-Saint-Laurent,Les Jardins-de-Napierville,Saint-Michel,,,,,,,,,
Quebec,Montérégie,Vallée-du-Haut-Saint-Laurent,Les Jardins-de-Napierville,Saint-Patrice-de-Sherrington,,,,,,,,,
Quebec,Montérégie,Vallée-du-Haut-Saint-Laurent,Les Jardins-de-Napierville,Sainte-Clotilde,,,,,,,,,
Quebec,Montérégie,Vallée-du-Haut-Saint-Laurent,Les Jardins-de-Napierville,Saint-Bernard-de-Lacolle,,,,,,,,,
Quebec,Montérégie,Vallée-du-Haut-Saint-Laurent,Les Jardins-de-Napierville,Hemmingford,,,,,,,,,
Quebec,Montérégie,Vallée-du-Haut-Saint-Laurent,Roussillon,Candiac,,,,,,,,,
Quebec,Montérégie,Vallée-du-Haut-Saint-Laurent,Roussillon,Châteauguay,,,,,,,,,
Quebec,Montérégie,Vallée-du-Haut-Saint-Laurent,Roussillon,Delson,,,,,,,,,
Quebec,Montérégie,Vallée-du-Haut-Saint-Laurent,Roussillon,La Prairie,,,,,,,,,
Quebec,Montérégie,Vallée-du-Haut-Saint-Laurent,Roussillon,Léry,,,,,,,,,
Quebec,Montérégie,Vallée-du-Haut-Saint-Laurent,Roussillon,Mercier,,,,,,,,,
Quebec,Montérégie,Vallée-du-Haut-Saint-Laurent,Roussillon,Saint-Constant,,,,,,,,,
Quebec,Montérégie,Vallée-du-Haut-Saint-Laurent,Roussillon,Sainte-Catherine,,,,,,,,,
Quebec,Montérégie,Vallée-du-Haut-Saint-Laurent,Roussillon,Saint-Mathieu,,,,,,,,,
Quebec,Montérégie,Vallée-du-Haut-Saint-Laurent,Roussillon,Saint-Philippe,,,,,,,,,
Quebec,Montérégie,Vallée-du-Haut-Saint-Laurent,Roussillon,Saint-Isidore,,,,,,,,,
Quebec,Montérégie,Vallée-du-Haut-Saint-Laurent,Vaudreuil-Soulanges,Coteau-du-Lac,,,,,,,,,
Quebec,Montérégie,Vallée-du-Haut-Saint-Laurent,Vaudreuil-Soulanges,Hudson,,,,,,,,,
Quebec,Montérégie,Vallée-du-Haut-Saint-Laurent,Vaudreuil-Soulanges,L'Île-Cadieux,,,,,,,,,
Quebec,Montérégie,Vallée-du-Haut-Saint-Laurent,Vaudreuil-Soulanges,L'Île-Perrot,,,,,,,,,
Quebec,Montérégie,Vallée-du-Haut-Saint-Laurent,Vaudreuil-Soulanges,Notre-Dame-de-l'Île-Perrot,,,,,,,,,
Quebec,Montérégie,Vallée-du-Haut-Saint-Laurent,Vaudreuil-Soulanges,Pincourt,,,,,,,,,
Quebec,Montérégie,Vallée-du-Haut-Saint-Laurent,Vaudreuil-Soulanges,Saint-Lazare,,,,,,,,,
Quebec,Montérégie,Vallée-du-Haut-Saint-Laurent,Vaudreuil-Soulanges,Vaudreuil-Dorion,,,,,,,,,
Quebec,Montérégie,Vallée-du-Haut-Saint-Laurent,Vaudreuil-Soulanges,Les Cèdres,,,,,,,,,
Quebec,Montérégie,Vallée-du-Haut-Saint-Laurent,Vaudreuil-Soulanges,Les Coteaux,,,,,,,,,
Quebec,Montérégie,Vallée-du-Haut-Saint-Laurent,Vaudreuil-Soulanges,Rigaud,,,,,,,,,
Quebec,Montérégie,Vallée-du-Haut-Saint-Laurent,Vaudreuil-Soulanges,Rivière-Beaudette,,,,,,,,,
Quebec,Montérégie,Vallée-du-Haut-Saint-Laurent,Vaudreuil-Soulanges,Saint-Clet,,,,,,,,,
Quebec,Montérégie,Vallée-du-Haut-Saint-Laurent,Vaudreuil-Soulanges,Saint-Polycarpe,,,,,,,,,
Quebec,Montérégie,Vallée-du-Haut-Saint-Laurent,Vaudreuil-Soulanges,Saint-Télesphore,,,,,,,,,
Quebec,Montérégie,Vallée-du-Haut-Saint-Laurent,Vaudreuil-Soulanges,Saint-Zotique,,,,,,,,,
Quebec,Montérégie,Vallée-du-Haut-Saint-Laurent,Vaudreuil-Soulanges,Sainte-Justine-de-Newton,,,,,,,,,
Quebec,Montérégie,Vallée-du-Haut-Saint-Laurent,Vaudreuil-Soulanges,Sainte-Marthe,,,,,,,,,
Quebec,Montérégie,Vallée-du-Haut-Saint-Laurent,Vaudreuil-Soulanges,Terrasse-Vaudreuil,,,,,,,,,
Quebec,Montérégie,Vallée-du-Haut-Saint-Laurent,Vaudreuil-Soulanges,Très-Saint-Rédempteur,,,,,,,,,
Quebec,Montérégie,Vallée-du-Haut-Saint-Laurent,Vaudreuil-Soulanges,Pointe-Fortune,,,,,,,,,
Quebec,Montérégie,Vallée-du-Haut-Saint-Laurent,Vaudreuil-Soulanges,Pointe-des-Cascades,,,,,,,,,
Quebec,Montérégie,Vallée-du-Haut-Saint-Laurent,Vaudreuil-Soulanges,Vaudreuil-sur-le-Lac,,,,,,,,,
Quebec,Montérégie,Equivalent territory,Ville de Longueuil,Le Vieux-Longueuil,,,,,,,,,
Quebec,Montérégie,Equivalent territory,Ville de Longueuil,Greenfield Park,,,,,,,,,
Quebec,Montérégie,Equivalent territory,Ville de Longueuil,Saint-Hubert,,,,,,,,,
Quebec,Montérégie,Equivalent territory,Ville de Boucherville,,,,,,,,,,
Quebec,Montérégie,Equivalent territory,Ville de Brossard,,,,,,,,,,
Quebec,Montérégie,Equivalent territory,Ville de Saint-Bruno-de-Montarville,,,,,,,,,,
Quebec,Montérégie,Equivalent territory,Ville de Saint-Lambert,,,,,,,,,,
Quebec,Centre-du-Québec,Arthabaska,Daveluyville,,,,,,,,,,
Quebec,Centre-du-Québec,Arthabaska,Kingsey Falls,,,,,,,,,,
Quebec,Centre-du-Québec,Arthabaska,Victoriaville,,,,,,,,,,
Quebec,Centre-du-Québec,Arthabaska,Warwick,,,,,,,,,,
Quebec,Centre-du-Québec,Arthabaska,Chesterville,,,,,,,,,,
Quebec,Centre-du-Québec,Arthabaska,Notre-Dame-de-Ham,,,,,,,,,,
Quebec,Centre-du-Québec,Arthabaska,Saint-Albert,,,,,,,,,,
Quebec,Centre-du-Québec,Arthabaska,Sainte-Clotilde-de-Horton,,,,,,,,,,
Quebec,Centre-du-Québec,Arthabaska,Sainte-Élizabeth-de-Warwick,,,,,,,,,,
Quebec,Centre-du-Québec,Arthabaska,Sainte-Hélène-de-Chester,,,,,,,,,,
Quebec,Centre-du-Québec,Arthabaska,Saint-Louis-de-Blandford,,,,,,,,,,
Quebec,Centre-du-Québec,Arthabaska,Saint-Norbert-d'Arthabaska,,,,,,,,,,
Quebec,Centre-du-Québec,Arthabaska,Saint-Rémi-de-Tingwick,,,,,,,,,,
Quebec,Centre-du-Québec,Arthabaska,Saint-Samuel,,,,,,,,,,
Quebec,Centre-du-Québec,Arthabaska,Saint-Valère,,,,,,,,,,
Quebec,Centre-du-Québec,Arthabaska,Tingwick,,,,,,,,,,
Quebec,Centre-du-Québec,Arthabaska,Saint-Christophe-d'Arthabaska,,,,,,,,,,
Quebec,Centre-du-Québec,Arthabaska,Sainte-Séraphine,,,,,,,,,,
Quebec,Centre-du-Québec,Arthabaska,Saint-Rosaire,,,,,,,,,,
Quebec,Centre-du-Québec,Arthabaska,Saints-Martyrs-Canadiens,,,,,,,,,,
Quebec,Centre-du-Québec,Arthabaska,Ham-Nord,,,,,,,,,,
Quebec,Centre-du-Québec,Arthabaska,Maddington,,,,,,,,,,
Quebec,Centre-du-Québec,Bécancour,Bécancour,,,,,,,,,,
Quebec,Centre-du-Québec,Bécancour,Deschaillons-sur-Saint-Laurent,,,,,,,,,,
Quebec,Centre-du-Québec,Bécancour,Fortierville,,,,,,,,,,
Quebec,Centre-du-Québec,Bécancour,Lemieux,,,,,,,,,,
Quebec,Centre-du-Québec,Bécancour,Manseau,,,,,,,,,,
Quebec,Centre-du-Québec,Bécancour,Saint-Pierre-les-Becquets,,,,,,,,,,
Quebec,Centre-du-Québec,Bécancour,Saint-Sylvère,,,,,,,,,,
Quebec,Centre-du-Québec,Bécancour,Sainte-Françoise,,,,,,,,,,
Quebec,Centre-du-Québec,Bécancour,Sainte-Marie-de-Blandford,,,,,,,,,,
Quebec,Centre-du-Québec,Bécancour,Parisville,,,,,,,,,,
Quebec,Centre-du-Québec,Bécancour,Sainte-Cécile-de-Lévrard,,,,,,,,,,
Quebec,Centre-du-Québec,Bécancour,Sainte-Sophie-de-Lévrard,,,,,,,,,,
Quebec,Centre-du-Québec,Drummond,Drummondville,,,,,,,,,,
Quebec,Centre-du-Québec,Drummond,Durham-Sud,,,,,,,,,,
Quebec,Centre-du-Québec,Drummond,L'Avenir,,,,,,,,,,
Quebec,Centre-du-Québec,Drummond,Lefebvre,,,,,,,,,,
Quebec,Centre-du-Québec,Drummond,Saint-Bonaventure,,,,,,,,,,
Quebec,Centre-du-Québec,Drummond,Saint-Cyrille-de-Wendover,,,,,,,,,,
Quebec,Centre-du-Québec,Drummond,Saint-Eugène,,,,,,,,,,
Quebec,Centre-du-Québec,Drummond,Saint-Félix-de-Kingsey,,,,,,,,,,
Quebec,Centre-du-Québec,Drummond,Saint-Germain-de-Grantham,,,,,,,,,,
Quebec,Centre-du-Québec,Drummond,Saint-Guillaume,,,,,,,,,,
Quebec,Centre-du-Québec,Drummond,Saint-Lucien,,,,,,,,,,
Quebec,Centre-du-Québec,Drummond,Wickham,,,,,,,,,,
Quebec,Centre-du-Québec,Drummond,Notre-Dame-du-Bon-Conseil,,,,,,,,,,
Quebec,Centre-du-Québec,Drummond,Sainte-Brigitte-des-Saults,,,,,,,,,,
Quebec,Centre-du-Québec,Drummond,Saint-Edmond-de-Grantham,,,,,,,,,,
Quebec,Centre-du-Québec,Drummond,Saint-Majorique-de-Grantham,,,,,,,,,,
Quebec,Centre-du-Québec,Drummond,Saint-Pie-de-Guire,,,,,,,,,,
Quebec,Centre-du-Québec,Drummond,Notre-Dame-du-Bon-Conseil,,,,,,,,,,
Quebec,Centre-du-Québec,L'Érable,Plessisville,,,,,,,,,,
Quebec,Centre-du-Québec,L'Érable,Princeville,,,,,,,,,,
Quebec,Centre-du-Québec,L'Érable,Inverness,,,,,,,,,,
Quebec,Centre-du-Québec,L'Érable,Laurierville,,,,,,,,,,
Quebec,Centre-du-Québec,L'Érable,Lyster,,,,,,,,,,
Quebec,Centre-du-Québec,L'Érable,Sainte-Sophie-d'Halifax,,,,,,,,,,
Quebec,Centre-du-Québec,L'Érable,Saint-Ferdinand,,,,,,,,,,
Quebec,Centre-du-Québec,L'Érable,Villeroy,,,,,,,,,,
Quebec,Centre-du-Québec,L'Érable,Notre-Dame-de-Lourdes,,,,,,,,,,
Quebec,Centre-du-Québec,L'Érable,Plessisville,,,,,,,,,,
Quebec,Centre-du-Québec,L'Érable,Saint-Pierre-Baptiste,,,,,,,,,,
Quebec,Centre-du-Québec,Nicolet-Yamaska,Nicolet,,,,,,,,,,
Quebec,Centre-du-Québec,Nicolet-Yamaska,Aston-Jonction,,,,,,,,,,
Quebec,Centre-du-Québec,Nicolet-Yamaska,Baie-du-Febvre,,,,,,,,,,
Quebec,Centre-du-Québec,Nicolet-Yamaska,Grand-Saint-Esprit,,,,,,,,,,
Quebec,Centre-du-Québec,Nicolet-Yamaska,La Visitation-de-Yamaska,,,,,,,,,,
Quebec,Centre-du-Québec,Nicolet-Yamaska,Pierreville,,,,,,,,,,
Quebec,Centre-du-Québec,Nicolet-Yamaska,Saint-Célestin,,,,,,,,,,
Quebec,Centre-du-Québec,Nicolet-Yamaska,Saint-François-du-Lac,,,,,,,,,,
Quebec,Centre-du-Québec,Nicolet-Yamaska,Saint-Léonard-d'Aston,,,,,,,,,,
Quebec,Centre-du-Québec,Nicolet-Yamaska,Saint-Wenceslas,,,,,,,,,,
Quebec,Centre-du-Québec,Nicolet-Yamaska,Sainte-Eulalie,,,,,,,,,,
Quebec,Centre-du-Québec,Nicolet-Yamaska,Sainte-Monique,,,,,,,,,,
Quebec,Centre-du-Québec,Nicolet-Yamaska,Saint-Elphège,,,,,,,,,,
Quebec,Centre-du-Québec,Nicolet-Yamaska,Sainte-Perpétue,,,,,,,,,,
Quebec,Centre-du-Québec,Nicolet-Yamaska,Saint-Zéphirin-de-Courval,,,,,,,,,,
Quebec,Centre-du-Québec,Nicolet-Yamaska,Saint-Célestin,,,,,,,,,,
New Brunswick,New Brunswick South East Region,Albert County,Alma,,,,,,,,,,
New Brunswick,New Brunswick South East Region,Albert County,Coverdale,,,,,,,,,,
New Brunswick,New Brunswick South East Region,Albert County,Elgin,,,,,,,,,,
New Brunswick,New Brunswick South East Region,Albert County,Harvey,,,,,,,,,,
New Brunswick,New Brunswick South East Region,Albert County,Hillsborough,,,,,,,,,,
New Brunswick,New Brunswick South East Region,Albert County,Hopewell,,,,,,,,,,
New Brunswick,New Brunswick South East Region,Albert County,Riverside-Albert,,,,,,,,,,
New Brunswick,New Brunswick South East Region,Albert County,Riverview,,,,,,,,,,
New Brunswick,New Brunswich West Region,Carleton County,Woodstock,,,,,,,,,,
New Brunswick,New Brunswich West Region,Carleton County,Florenceville-Bristol,,,,,,,,,,
New Brunswick,New Brunswich West Region,Carleton County,Hartland,,,,,,,,,,
New Brunswick,New Brunswich West Region,Carleton County,Centreville,,,,,,,,,,
New Brunswick,New Brunswich West Region,Carleton County,Bath,,,,,,,,,,
New Brunswick,New Brunswick South West Region,Charlotte County,Beaver Harbour,,,,,,,,,,
New Brunswick,New Brunswick South West Region,Charlotte County,Blacks Harbour,,,,,,,,,,
New Brunswick,New Brunswick South West Region,Charlotte County,Campobello Island,,,,,,,,,,
New Brunswick,New Brunswick South West Region,Charlotte County,Clarendon,,,,,,,,,,
New Brunswick,New Brunswick South West Region,Charlotte County,Dennis-Weston,,,,,,,,,,
New Brunswick,New Brunswick South West Region,Charlotte County,Dufferin,,,,,,,,,,
New Brunswick,New Brunswick South West Region,Charlotte County,Dumbarton,,,,,,,,,,
New Brunswick,New Brunswick South West Region,Charlotte County,Fundy Bay,,,,,,,,,,
New Brunswick,New Brunswick South West Region,Charlotte County,Grand Manan,North Head,,,,,,,,,
New Brunswick,New Brunswick South West Region,Charlotte County,Grand Manan,Seal Cove,,,,,,,,,
New Brunswick,New Brunswick South West Region,Charlotte County,Grand Manan,Grand Harbour,,,,,,,,,
New Brunswick,New Brunswick South West Region,Charlotte County,Grand Manan,Ingalls Head,,,,,,,,,
New Brunswick,New Brunswick South West Region,Charlotte County,Grand Manan,Woodwards Cove,,,,,,,,,
New Brunswick,New Brunswick South West Region,Charlotte County,Grand Manan,Castalia,,,,,,,,,
New Brunswick,New Brunswick South West Region,Charlotte County,Lepreau,,,,,,,,,,
New Brunswick,New Brunswick South West Region,Charlotte County,Pennfield,,,,,,,,,,
New Brunswick,New Brunswick South West Region,Charlotte County,Saint Andrews,,,,,,,,,,
New Brunswick,New Brunswick South West Region,Charlotte County,Saint Croix,,,,,,,,,,
New Brunswick,New Brunswick South West Region,Charlotte County,Saint David,,,,,,,,,,
New Brunswick,New Brunswick South West Region,Charlotte County,Saint George,,,,,,,,,,
New Brunswick,New Brunswick South West Region,Charlotte County,Saint James,,,,,,,,,,
New Brunswick,New Brunswick South West Region,Charlotte County,Saint Patrick,,,,,,,,,,
New Brunswick,New Brunswick South West Region,Charlotte County,Saint Stephen,,,,,,,,,,
New Brunswick,New Brunswick South West Region,Charlotte County,St. Andrews,,,,,,,,,,
New Brunswick,New Brunswick South West Region,Charlotte County,St. George,,,,,,,,,,
New Brunswick,New Brunswick South West Region,Charlotte County,St. Stephen,,,,,,,,,,
New Brunswick,New Brunswick South West Region,Charlotte County,West Isles,,,,,,,,,,
New Brunswick,New Brunswick South West Region,Charlotte County,Western Charlotte,,,,,,,,,,
New Brunswick,New Brunswick North East Region,Gloucester County,Bas-Caraquet,,,,,,,,,,
New Brunswick,New Brunswick North East Region,Gloucester County,Bathurst,,,,,,,,,,
New Brunswick,New Brunswick North East Region,Gloucester County,Belledune,,,,,,,,,,
New Brunswick,New Brunswick North East Region,Gloucester County,Beresford,,,,,,,,,,
New Brunswick,New Brunswick North East Region,Gloucester County,Bertrand,,,,,,,,,,
New Brunswick,New Brunswick North East Region,Gloucester County,Caraquet,,,,,,,,,,
New Brunswick,New Brunswick North East Region,Gloucester County,Grande-Anse,,,,,,,,,,
New Brunswick,New Brunswick North East Region,Gloucester County,Lamèque,,,,,,,,,,
New Brunswick,New Brunswick North East Region,Gloucester County,Le Goulet,,,,,,,,,,
New Brunswick,New Brunswick North East Region,Gloucester County,Maisonnette,,,,,,,,,,
New Brunswick,New Brunswick North East Region,Gloucester County,Nigadoo,,,,,,,,,,
New Brunswick,New Brunswick North East Region,Gloucester County,Paquetville,,,,,,,,,,
New Brunswick,New Brunswick North East Region,Gloucester County,Petit-Rocher,,,,,,,,,,
New Brunswick,New Brunswick North East Region,Gloucester County,Pointe-Verte,,,,,,,,,,
New Brunswick,New Brunswick North East Region,Gloucester County,Sainte-Marie-Saint-Raphaël,,,,,,,,,,
New Brunswick,New Brunswick North East Region,Gloucester County,Saint-Isidore,,,,,,,,,,
New Brunswick,New Brunswick North East Region,Gloucester County,Saint-Léolin,,,,,,,,,,
New Brunswick,New Brunswick North East Region,Gloucester County,Shippagan,,,,,,,,,,
New Brunswick,New Brunswick North East Region,Gloucester County,Tracadie–Sheila,,,,,,,,,,
New Brunswick,New Brunswick South East Region,Kent County,Acadieville,,,,,,,,,,
New Brunswick,New Brunswick South East Region,Kent County,Bouctouche,,,,,,,,,,
New Brunswick,New Brunswick South East Region,Kent County,Carleton,,,,,,,,,,
New Brunswick,New Brunswick South East Region,Kent County,Dundas,,,,,,,,,,
New Brunswick,New Brunswick South East Region,Kent County,Harcourt,,,,,,,,,,
New Brunswick,New Brunswick South East Region,Kent County,Huskisson,,,,,,,,,,
New Brunswick,New Brunswick South East Region,Kent County,Rexton,,,,,,,,,,
New Brunswick,New Brunswick South East Region,Kent County,Richibucto,,,,,,,,,,
New Brunswick,New Brunswick South East Region,Kent County,Saint Mary,,,,,,,,,,
New Brunswick,New Brunswick South East Region,Kent County,Saint-Antoine,,,,,,,,,,
New Brunswick,New Brunswick South East Region,Kent County,Saint-Charles,,,,,,,,,,
New Brunswick,New Brunswick South East Region,Kent County,Saint-Louis,,,,,,,,,,
New Brunswick,New Brunswick South East Region,Kent County,Saint-Louis-de-Kent,,,,,,,,,,
New Brunswick,New Brunswick South East Region,Kent County,Saint-Paul,,,,,,,,,,
New Brunswick,New Brunswick South East Region,Kent County,Weldford,,,,,,,,,,
New Brunswick,New Brunswick South East Region,Kent County,Wellington,,,,,,,,,,
New Brunswick,New Brunswick South Central Region,Kings County,Cardwell,,,,,,,,,,
New Brunswick,New Brunswick South Central Region,Kings County,Grand Bay-Westfield,,,,,,,,,,
New Brunswick,New Brunswick South Central Region,Kings County,Greenwich,,,,,,,,,,
New Brunswick,New Brunswick South Central Region,Kings County,Hammond,,,,,,,,,,
New Brunswick,New Brunswick South Central Region,Kings County,Hampton,,,,,,,,,,
New Brunswick,New Brunswick South Central Region,Kings County,Havelock,,,,,,,,,,
New Brunswick,New Brunswick South Central Region,Kings County,Kars,,,,,,,,,,
New Brunswick,New Brunswick South Central Region,Kings County,Kingston,,,,,,,,,,
New Brunswick,New Brunswick South Central Region,Kings County,Norton,,,,,,,,,,
New Brunswick,New Brunswick South Central Region,Kings County,Quispamsis,,,,,,,,,,
New Brunswick,New Brunswick South Central Region,Kings County,Rothesay,,,,,,,,,,
New Brunswick,New Brunswick South Central Region,Kings County,Springfield,,,,,,,,,,
New Brunswick,New Brunswick South Central Region,Kings County,Studholm,,,,,,,,,,
New Brunswick,New Brunswick South Central Region,Kings County,Sussex,,,,,,,,,,
New Brunswick,New Brunswick South Central Region,Kings County,Sussex Corner,,,,,,,,,,
New Brunswick,New Brunswick South Central Region,Kings County,Upham,,,,,,,,,,
New Brunswick,New Brunswick South Central Region,Kings County,Waterford,,,,,,,,,,
New Brunswick,New Brunswick South Central Region,Kings County,Westfield,,,,,,,,,,
New Brunswick,New Brunswick North West Region,Madawaska County,Baker Brook,,,,,,,,,,
New Brunswick,New Brunswick North West Region,Madawaska County,Clair,,,,,,,,,,
New Brunswick,New Brunswick North West Region,Madawaska County,Edmundston,,,,,,,,,,
New Brunswick,New Brunswick North West Region,Madawaska County,Lac Baker,,,,,,,,,,
New Brunswick,New Brunswick North West Region,Madawaska County,Madawaska,,,,,,,,,,
New Brunswick,New Brunswick North West Region,Madawaska County,Notre-Dame-de-Lourdes,,,,,,,,,,
New Brunswick,New Brunswick North West Region,Madawaska County,Rivière-Verte,,,,,,,,,,
New Brunswick,New Brunswick North West Region,Madawaska County,Saint-André,,,,,,,,,,
New Brunswick,New Brunswick North West Region,Madawaska County,Saint-Basile,,,,,,,,,,
New Brunswick,New Brunswick North West Region,Madawaska County,Sainte-Anne,,,,,,,,,,
New Brunswick,New Brunswick North West Region,Madawaska County,Sainte-Anne-de-Madawaska,,,,,,,,,,
New Brunswick,New Brunswick North West Region,Madawaska County,Saint-François,,,,,,,,,,
New Brunswick,New Brunswick North West Region,Madawaska County,Saint-François-de-Madawaska,,,,,,,,,,
New Brunswick,New Brunswick North West Region,Madawaska County,Saint-Hilaire,,,,,,,,,,
New Brunswick,New Brunswick North West Region,Madawaska County,Saint-Jacques,,,,,,,,,,
New Brunswick,New Brunswick North West Region,Madawaska County,Saint-Joseph,,,,,,,,,,
New Brunswick,New Brunswick North West Region,Madawaska County,Saint-Léonard,,,,,,,,,,
New Brunswick,New Brunswick North East Region,Northumberland County,Alnwick,,,,,,,,,,
New Brunswick,New Brunswick North East Region,Northumberland County,Blackville,,,,,,,,,,
New Brunswick,New Brunswick North East Region,Northumberland County,Blissfield,,,,,,,,,,
New Brunswick,New Brunswick North East Region,Northumberland County,Chatham,,,,,,,,,,
New Brunswick,New Brunswick North East Region,Northumberland County,Derby,,,,,,,,,,
New Brunswick,New Brunswick North East Region,Northumberland County,Doaktown,,,,,,,,,,
New Brunswick,New Brunswick North East Region,Northumberland County,Glenelg,,,,,,,,,,
New Brunswick,New Brunswick North East Region,Northumberland County,Hardwicke,,,,,,,,,,
New Brunswick,New Brunswick North East Region,Northumberland County,Ludlow,,,,,,,,,,
New Brunswick,New Brunswick North East Region,Northumberland County,Miramichi,,,,,,,,,,
New Brunswick,New Brunswick North East Region,Northumberland County,Neguac,,,,,,,,,,
New Brunswick,New Brunswick North East Region,Northumberland County,Nelson,,,,,,,,,,
New Brunswick,New Brunswick North East Region,Northumberland County,Newcastle,,,,,,,,,,
New Brunswick,New Brunswick North East Region,Northumberland County,Northesk,,,,,,,,,,
New Brunswick,New Brunswick North East Region,Northumberland County,Rogersville,,,,,,,,,,
New Brunswick,New Brunswick North East Region,Northumberland County,Southesk,,,,,,,,,,
New Brunswick,New Brunswick South Central Region,Queens County,Minto,,,,,,,,,,
New Brunswick,New Brunswick South Central Region,Queens County,Chipman,,,,,,,,,,
New Brunswick,New Brunswick South Central Region,Queens County,Gagetown,,,,,,,,,,
New Brunswick,New Brunswick South Central Region,Queens County,Cambridge-Narrows,,,,,,,,,,
New Brunswick,New Brunswick South Central Region,Queens County,Canning,,,,,,,,,,
New Brunswick,New Brunswick South Central Region,Queens County,Waterborough,,,,,,,,,,
New Brunswick,New Brunswick South Central Region,Queens County,Petersville,,,,,,,,,,
New Brunswick,New Brunswick South Central Region,Queens County,Johnston,,,,,,,,,,
New Brunswick,New Brunswick South Central Region,Queens County,Wickham,,,,,,,,,,
New Brunswick,New Brunswick South Central Region,Queens County,Hampstead,,,,,,,,,,
New Brunswick,New Brunswick South Central Region,Queens County,Brunswick,,,,,,,,,,
New Brunswick,New Brunswick North Central Region,Restigouche County,Addington,,,,,,,,,,
New Brunswick,New Brunswick North Central Region,Restigouche County,Atholville,,,,,,,,,,
New Brunswick,New Brunswick North Central Region,Restigouche County,Balmoral,,,,,,,,,,
New Brunswick,New Brunswick North Central Region,Restigouche County,Campbellton,,,,,,,,,,
New Brunswick,New Brunswick North Central Region,Restigouche County,Charlo,,,,,,,,,,
New Brunswick,New Brunswick North Central Region,Restigouche County,Colborne,,,,,,,,,,
New Brunswick,New Brunswick North Central Region,Restigouche County,Dalhousie,,,,,,,,,,
New Brunswick,New Brunswick North Central Region,Restigouche County,Durham,,,,,,,,,,
New Brunswick,New Brunswick North Central Region,Restigouche County,Eel River Dundee,,,,,,,,,,
New Brunswick,New Brunswick North Central Region,Restigouche County,Eldon,,,,,,,,,,
New Brunswick,New Brunswick North Central Region,Restigouche County,Grimmer,,,,,,,,,,
New Brunswick,New Brunswick North Central Region,Restigouche County,Kedgwick,,,,,,,,,,
New Brunswick,New Brunswick North Central Region,Restigouche County,Saint-Quentin,,,,,,,,,,
New Brunswick,New Brunswick North Central Region,Restigouche County,Tide Head,,,,,,,,,,
New Brunswick,New Brunswick South Central Region,Saint John County,Musquash,,,,,,,,,,
New Brunswick,New Brunswick South Central Region,Saint John County,Saint John,Carleton,,,,,,,,,
New Brunswick,New Brunswick South Central Region,Saint John County,Saint John,Indiantown,,,,,,,,,
New Brunswick,New Brunswick South Central Region,Saint John County,Saint John,Fairville,,,,,,,,,
New Brunswick,New Brunswick South Central Region,Saint John County,Saint John,Lorneville / Pisarinco,,,,,,,,,
New Brunswick,New Brunswick South Central Region,Saint John County,Saint John,Milford,,,,,,,,,
New Brunswick,New Brunswick South Central Region,Saint John County,Saint John,Millidgeville,,,,,,,,,
New Brunswick,New Brunswick South Central Region,Saint John County,Saint John,Mount Pleasant,,,,,,,,,
New Brunswick,New Brunswick South Central Region,Saint John County,Saint John,Parrtown,,,,,,,,,
New Brunswick,New Brunswick South Central Region,Saint John County,Saint John,Portland,,,,,,,,,
New Brunswick,New Brunswick South Central Region,Saint John County,Saint John,Randolph,,,,,,,,,
New Brunswick,New Brunswick South Central Region,Saint John County,Saint John,Loch Lomond,,,,,,,,,
New Brunswick,New Brunswick South Central Region,Saint John County,Saint John,Simonds Parish,,,,,,,,,
New Brunswick,New Brunswick South Central Region,Saint John County,Saint John,Lancaster Parish,,,,,,,,,
New Brunswick,New Brunswick South Central Region,Saint John County,Simonds,,,,,,,,,,
New Brunswick,New Brunswick South Central Region,Saint John County,St. Martins,,,,,,,,,,
New Brunswick,New Brunswick South Central Region,Sunbury County,Blissville,,,,,,,,,,
New Brunswick,New Brunswick South Central Region,Sunbury County,Burton,,,,,,,,,,
New Brunswick,New Brunswick South Central Region,Sunbury County,Fredericton Junction,,,,,,,,,,
New Brunswick,New Brunswick South Central Region,Sunbury County,Gladstone,,,,,,,,,,
New Brunswick,New Brunswick South Central Region,Sunbury County,Lincoln,,,,,,,,,,
New Brunswick,New Brunswick South Central Region,Sunbury County,Maugerville,,,,,,,,,,
New Brunswick,New Brunswick South Central Region,Sunbury County,Northfield,,,,,,,,,,
New Brunswick,New Brunswick South Central Region,Sunbury County,Oromocto,,,,,,,,,,
New Brunswick,New Brunswick South Central Region,Sunbury County,Sheffield,,,,,,,,,,
New Brunswick,New Brunswick South Central Region,Sunbury County,Tracy,,,,,,,,,,
New Brunswick,New Brunswick North West Region,Victoria County,Andover,,,,,,,,,,
New Brunswick,New Brunswick North West Region,Victoria County,Aroostook,,,,,,,,,,
New Brunswick,New Brunswick North West Region,Victoria County,Denmark,,,,,,,,,,
New Brunswick,New Brunswick North West Region,Victoria County,Drummond,,,,,,,,,,
New Brunswick,New Brunswick North West Region,Victoria County,Gordon,,,,,,,,,,
New Brunswick,New Brunswick North West Region,Victoria County,Grand Falls/Grand-Sault,,,,,,,,,,
New Brunswick,New Brunswick North West Region,Victoria County,Lorne,,,,,,,,,,
New Brunswick,New Brunswick North West Region,Victoria County,Perth-Andover,,,,,,,,,,
New Brunswick,New Brunswick North West Region,Victoria County,Plaster Rock,,,,,,,,,,
New Brunswick,New Brunswick South East Region,Westmorland County,Beaubassin East,,,,,,,,,,
New Brunswick,New Brunswick South East Region,Westmorland County,Botsford,,,,,,,,,,
New Brunswick,New Brunswick South East Region,Westmorland County,Cap-Pelé,,,,,,,,,,
New Brunswick,New Brunswick South East Region,Westmorland County,Dieppe,,,,,,,,,,
New Brunswick,New Brunswick South East Region,Westmorland County,Dorchester,,,,,,,,,,
New Brunswick,New Brunswick South East Region,Westmorland County,Memramcook,,,,,,,,,,
New Brunswick,New Brunswick South East Region,Westmorland County,Moncton,Caledonia,,,,,,,,,
New Brunswick,New Brunswick South East Region,Westmorland County,Moncton,Central Moncton,,,,,,,,,
New Brunswick,New Brunswick South East Region,Westmorland County,Moncton,Centennial,,,,,,,,,
New Brunswick,New Brunswick South East Region,Westmorland County,Moncton,Cherryfield,,,,,,,,,
New Brunswick,New Brunswick South East Region,Westmorland County,Moncton,Downtown Moncton,,,,,,,,,
New Brunswick,New Brunswick South East Region,Westmorland County,Moncton,Harrisville,,,,,,,,,
New Brunswick,New Brunswick South East Region,Westmorland County,Moncton,Humphrey,,,,,,,,,
New Brunswick,New Brunswick South East Region,Westmorland County,Moncton,Lakeview,,,,,,,,,
New Brunswick,New Brunswick South East Region,Westmorland County,Moncton,Lewisville,,,,,,,,,
New Brunswick,New Brunswick South East Region,Westmorland County,Moncton,Magnetic Hill,,,,,,,,,
New Brunswick,New Brunswick South East Region,Westmorland County,Moncton,Mapleton,,,,,,,,,
New Brunswick,New Brunswick South East Region,Westmorland County,Moncton,New North End,,,,,,,,,
New Brunswick,New Brunswick South East Region,Westmorland County,Moncton,New West End,,,,,,,,,
New Brunswick,New Brunswick South East Region,Westmorland County,Moncton,North-West End,,,,,,,,,
New Brunswick,New Brunswick South East Region,Westmorland County,Moncton,Old North End,,,,,,,,,
New Brunswick,New Brunswick South East Region,Westmorland County,Moncton,South End,,,,,,,,,
New Brunswick,New Brunswick South East Region,Westmorland County,Moncton,Sunny Brae,,,,,,,,,
New Brunswick,New Brunswick South East Region,Westmorland County,Moncton,Sunny Brae North,,,,,,,,,
New Brunswick,New Brunswick South East Region,Westmorland County,Moncton,Tankville,,,,,,,,,
New Brunswick,New Brunswick South East Region,Westmorland County,Petitcodiac,,,,,,,,,,
New Brunswick,New Brunswick South East Region,Westmorland County,Port Elgin,,,,,,,,,,
New Brunswick,New Brunswick South East Region,Westmorland County,Sackville,,,,,,,,,,
New Brunswick,New Brunswick South East Region,Westmorland County,Salisbury,,,,,,,,,,
New Brunswick,New Brunswick South East Region,Westmorland County,Shediac,,,,,,,,,,
New Brunswick,New Brunswick South East Region,Westmorland County,Westmorland,,,,,,,,,,
New Brunswick,New Brunswick South West Region,York County,Bright,,,,,,,,,,
New Brunswick,New Brunswick South West Region,York County,Canterbury,,,,,,,,,,
New Brunswick,New Brunswick South West Region,York County,Douglas,,,,,,,,,,
New Brunswick,New Brunswick South West Region,York County,Dumfries,,,,,,,,,,
New Brunswick,New Brunswick South West Region,York County,Fredericton,Devon,,,,,,,,,
New Brunswick,New Brunswick South West Region,York County,Fredericton,Marysville,,,,,,,,,
New Brunswick,New Brunswick South West Region,York County,Fredericton,Barkers Point,,,,,,,,,
New Brunswick,New Brunswick South West Region,York County,Fredericton,Nashwaaksis,,,,,,,,,
New Brunswick,New Brunswick South West Region,York County,Fredericton,Heron Springs,,,,,,,,,
New Brunswick,New Brunswick South West Region,York County,Fredericton,Brookside West,,,,,,,,,
New Brunswick,New Brunswick South West Region,York County,Fredericton,Silverwood,,,,,,,,,
New Brunswick,New Brunswick South West Region,York County,Fredericton,Youngs Crossing,,,,,,,,,
New Brunswick,New Brunswick South West Region,York County,Fredericton,Willington,,,,,,,,,
New Brunswick,New Brunswick South West Region,York County,Fredericton,Sunset Acres,,,,,,,,,
New Brunswick,New Brunswick South West Region,York County,Fredericton,Garden Creek,,,,,,,,,
New Brunswick,New Brunswick South West Region,York County,Fredericton,Downtown,,,,,,,,,
New Brunswick,New Brunswick South West Region,York County,Fredericton,Rabbit Town,,,,,,,,,
New Brunswick,New Brunswick South West Region,York County,Fredericton,Queen's Square,,,,,,,,,
New Brunswick,New Brunswick South West Region,York County,Fredericton,Skyline Acres,,,,,,,,,
New Brunswick,New Brunswick South West Region,York County,Fredericton,Southwood,,,,,,,,,
New Brunswick,New Brunswick South West Region,York County,Fredericton,Lincoln,,,,,,,,,
New Brunswick,New Brunswick South West Region,York County,Fredericton,Lincoln Heights,,,,,,,,,
New Brunswick,New Brunswick South West Region,York County,Hanwell,,,,,,,,,,
New Brunswick,New Brunswick South West Region,York County,Harvey,,,,,,,,,,
New Brunswick,New Brunswick South West Region,York County,Kingsclear,,,,,,,,,,
New Brunswick,New Brunswick South West Region,York County,Manners Sutton,,,,,,,,,,
New Brunswick,New Brunswick South West Region,York County,McAdam,,,,,,,,,,
New Brunswick,New Brunswick South West Region,York County,Meductic,,,,,,,,,,
New Brunswick,New Brunswick South West Region,York County,Millville,,,,,,,,,,
New Brunswick,New Brunswick South West Region,York County,Nackawic,,,,,,,,,,
New Brunswick,New Brunswick South West Region,York County,New Maryland,,,,,,,,,,
New Brunswick,New Brunswick South West Region,York County,North Lake,,,,,,,,,,
New Brunswick,New Brunswick South West Region,York County,Prince William,,,,,,,,,,
New Brunswick,New Brunswick South West Region,York County,Queensbury,,,,,,,,,,
New Brunswick,New Brunswick South West Region,York County,Saint Marys,,,,,,,,,,
New Brunswick,New Brunswick South West Region,York County,Southampton,,,,,,,,,,
New Brunswick,New Brunswick South West Region,York County,Stanley,,,,,,,,,,
New Brunswick,New Brunswick South West Region,York County,Upper Miramichi,,,,,,,,,,
Nova Scotia,Nova Scotia Valley Region,Digby County,Digby,,,,,,,,,,
Nova Scotia,Nova Scotia Valley Region,Digby County,Freeport,,,,,,,,,,
Nova Scotia,Nova Scotia Valley Region,Digby County,Tiverton,,,,,,,,,,
Nova Scotia,Nova Scotia Valley Region,Digby County,Westport,,,,,,,,,,
Nova Scotia,Nova Scotia Valley Region,Digby County,Weymouth,,,,,,,,,,
Nova Scotia,Nova Scotia Valley Region,Annapolis County,Annapolis Royal,,,,,,,,,,
Nova Scotia,Nova Scotia Valley Region,Annapolis County,Bridgetown,,,,,,,,,,
Nova Scotia,Nova Scotia Valley Region,Annapolis County,Middleton,,,,,,,,,,
Nova Scotia,Nova Scotia Valley Region,Annapolis County,Lawrencetown,,,,,,,,,,
Nova Scotia,Nova Scotia Valley Region,Annapolis County,"Albany, Nova Scotia",,,,,,,,,,
Nova Scotia,Nova Scotia Valley Region,Kings County,Berwick,,,,,,,,,,
Nova Scotia,Nova Scotia Valley Region,Kings County,Kentville,,,,,,,,,,
Nova Scotia,Nova Scotia Valley Region,Kings County,Wolfville,,,,,,,,,,
Nova Scotia,Nova Scotia Valley Region,Kings County,Aylesford,,,,,,,,,,
Nova Scotia,Nova Scotia Valley Region,Kings County,Canning,,,,,,,,,,
Nova Scotia,Nova Scotia Valley Region,Kings County,Cornwallis Square,,,,,,,,,,
Nova Scotia,Nova Scotia Valley Region,Kings County,Greenwood,,,,,,,,,,
Nova Scotia,Nova Scotia Valley Region,Kings County,Kingston,,,,,,,,,,
Nova Scotia,Nova Scotia Valley Region,Kings County,New Minas,,,,,,,,,,
Nova Scotia,Nova Scotia Valley Region,Kings County,Port Williams,,,,,,,,,,
Nova Scotia,Nova Scotia Valley Region,Kings County,Avonport,,,,,,,,,,
Nova Scotia,Nova Scotia Valley Region,Kings County,Avonport Station,,,,,,,,,,
Nova Scotia,Nova Scotia Valley Region,Kings County,Baxter's Harbour,,,,,,,,,,
Nova Scotia,Nova Scotia Valley Region,Kings County,Benjamin Bridge,,,,,,,,,,
Nova Scotia,Nova Scotia Valley Region,Kings County,Bishopville,,,,,,,,,,
Nova Scotia,Nova Scotia Valley Region,Kings County,Black River,,,,,,,,,,
Nova Scotia,Nova Scotia Valley Region,Kings County,Black Rock,,,,,,,,,,
Nova Scotia,Nova Scotia Valley Region,Kings County,Blomidon,,,,,,,,,,
Nova Scotia,Nova Scotia Valley Region,Kings County,Burlington,,,,,,,,,,
Nova Scotia,Nova Scotia Valley Region,Kings County,Canaan,,,,,,,,,,
Nova Scotia,Nova Scotia Valley Region,Kings County,Canada Creek,,,,,,,,,,
Nova Scotia,Nova Scotia Valley Region,Kings County,Cornwallis Square,,,,,,,,,,
Nova Scotia,Nova Scotia Valley Region,Kings County,Dalhousie Road,,,,,,,,,,
Nova Scotia,Nova Scotia Valley Region,Kings County,Factorydale,,,,,,,,,,
Nova Scotia,Nova Scotia Valley Region,Kings County,Gaspereau,,,,,,,,,,
Nova Scotia,Nova Scotia Valley Region,Kings County,Glenmont,,,,,,,,,,
Nova Scotia,Nova Scotia Valley Region,Kings County,Grand Pre,,,,,,,,,,
Nova Scotia,Nova Scotia Valley Region,Kings County,Greenfield,,,,,,,,,,
Nova Scotia,Nova Scotia Valley Region,Kings County,Lake George,,,,,,,,,,
Nova Scotia,Nova Scotia Valley Region,Kings County,Lakeville,,,,,,,,,,
Nova Scotia,Nova Scotia Valley Region,Kings County,Lake Paul,,,,,,,,,,
Nova Scotia,Nova Scotia Valley Region,Kings County,Medford,,,,,,,,,,
Nova Scotia,Nova Scotia Valley Region,Kings County,Melanson,,,,,,,,,,
Nova Scotia,Nova Scotia Valley Region,Kings County,Millville,,,,,,,,,,
Nova Scotia,Nova Scotia Valley Region,Kings County,Morden,,,,,,,,,,
Nova Scotia,Nova Scotia Valley Region,Kings County,Nicholsville,,,,,,,,,,
Nova Scotia,Nova Scotia Valley Region,Kings County,Ogilvie,,,,,,,,,,
Nova Scotia,Nova Scotia Valley Region,Kings County,Pereaux,,,,,,,,,,
Nova Scotia,Nova Scotia Valley Region,Kings County,Ross Corner,,,,,,,,,,
Nova Scotia,Nova Scotia Valley Region,Kings County,Ross Creek,,,,,,,,,,
Nova Scotia,Nova Scotia Valley Region,Kings County,Starr's Point,,,,,,,,,,
Nova Scotia,Nova Scotia Valley Region,Kings County,Tremont,,,,,,,,,,
Nova Scotia,Nova Scotia Valley Region,Kings County,Vernon Mills,,,,,,,,,,
Nova Scotia,Nova Scotia Valley Region,Kings County,Victoria Harbour,,,,,,,,,,
Nova Scotia,Nova Scotia Valley Region,Kings County,Woodside,,,,,,,,,,
Nova Scotia,Nova Scotia Valley Region,West - Hants County,Hantsport,,,,,,,,,,
Nova Scotia,Nova Scotia Valley Region,West - Hants County,Windsor,,,,,,,,,,
Nova Scotia,Nova Scotia Northern Region,East - Hants County,Maitland,,,,,,,,,,
Nova Scotia,Nova Scotia Northern Region,East - Hants County,Mount Uniacke,,,,,,,,,,
Nova Scotia,Nova Scotia Northern Region,East - Hants County,Newport,,,,,,,,,,
Nova Scotia,Nova Scotia Northern Region,East - Hants County,Rawdon,,,,,,,,,,
Nova Scotia,Nova Scotia Northern Region,East - Hants County,Walton,,,,,,,,,,
Nova Scotia,Nova Scotia Northern Region,Cumberland County,Amherst,,,,,,,,,,
Nova Scotia,Nova Scotia Northern Region,Cumberland County,Oxford,,,,,,,,,,
Nova Scotia,Nova Scotia Northern Region,Cumberland County,Pugwash,,,,,,,,,,
Nova Scotia,Nova Scotia Northern Region,Cumberland County,River Hebert,,,,,,,,,,
Nova Scotia,Nova Scotia Northern Region,Cumberland County,Amherst Point,,,,,,,,,,
Nova Scotia,Nova Scotia Northern Region,Cumberland County,Barronsfield,,,,,,,,,,
Nova Scotia,Nova Scotia Northern Region,Cumberland County,Black Rock,,,,,,,,,,
Nova Scotia,Nova Scotia Northern Region,Cumberland County,Chapman Settlement,,,,,,,,,,
Nova Scotia,Nova Scotia Northern Region,Cumberland County,Chignecto,,,,,,,,,,
Nova Scotia,Nova Scotia Northern Region,Cumberland County,Collingwood Corner,,,,,,,,,,
Nova Scotia,Nova Scotia Northern Region,Cumberland County,Conns Mills,,,,,,,,,,
Nova Scotia,Nova Scotia Northern Region,Cumberland County,East Mapleton,,,,,,,,,,
Nova Scotia,Nova Scotia Northern Region,Cumberland County,Farmington,,,,,,,,,,
Nova Scotia,Nova Scotia Northern Region,Cumberland County,Fox Harbour,,,,,,,,,,
Nova Scotia,Nova Scotia Northern Region,Cumberland County,Greenville Station,,,,,,,,,,
Nova Scotia,Nova Scotia Northern Region,Cumberland County,Gulf Shore,,,,,,,,,,
Nova Scotia,Nova Scotia Northern Region,Cumberland County,Harrison Settlement,,,,,,,,,,
Nova Scotia,Nova Scotia Northern Region,Cumberland County,Hastings,,,,,,,,,,
Nova Scotia,Nova Scotia Northern Region,Cumberland County,Jacksons Point,,,,,,,,,,
Nova Scotia,Nova Scotia Northern Region,Cumberland County,Malagash,,,,,,,,,,
Nova Scotia,Nova Scotia Northern Region,Cumberland County,Mill Creek,,,,,,,,,,
Nova Scotia,Nova Scotia Northern Region,Cumberland County,Minudie,,,,,,,,,,
Nova Scotia,Nova Scotia Northern Region,Cumberland County,Mount Pleasant,,,,,,,,,,
Nova Scotia,Nova Scotia Northern Region,Cumberland County,New Canaan,,,,,,,,,,
Nova Scotia,Nova Scotia Northern Region,Cumberland County,New Yarmouth,,,,,,,,,,
Nova Scotia,Nova Scotia Northern Region,Cumberland County,North Shore,,,,,,,,,,
Nova Scotia,Nova Scotia Northern Region,Cumberland County,Pugwash Junction,,,,,,,,,,
Nova Scotia,Nova Scotia Northern Region,Cumberland County,Rose,,,,,,,,,,
Nova Scotia,Nova Scotia Northern Region,Cumberland County,South Brook,,,,,,,,,,
Nova Scotia,Nova Scotia Northern Region,Cumberland County,Stonehouse,,,,,,,,,,
Nova Scotia,Nova Scotia Northern Region,Cumberland County,Victoria,,,,,,,,,,
Nova Scotia,Nova Scotia Northern Region,Cumberland County,Wallace Ridge,,,,,,,,,,
Nova Scotia,Nova Scotia Northern Region,Cumberland County,Westchester Station,,,,,,,,,,
Nova Scotia,Nova Scotia Northern Region,Cumberland County,Williamsdale,,,,,,,,,,
Nova Scotia,Nova Scotia Northern Region,Cumberland County,Wyvern,,,,,,,,,,
Nova Scotia,Nova Scotia Northern Region,Colchester County,Tatamagouche,,,,,,,,,,
Nova Scotia,Nova Scotia Northern Region,Colchester County,Manganese Mines,,,,,,,,,,
Nova Scotia,Nova Scotia Northern Region,Colchester County,Acadian Mines,,,,,,,,,,
Nova Scotia,Nova Scotia Northern Region,Colchester County,Belmont,,,,,,,,,,
Nova Scotia,Nova Scotia Northern Region,Colchester County,Black Rock,,,,,,,,,,
Nova Scotia,Nova Scotia Northern Region,Colchester County,Burnside,,,,,,,,,,
Nova Scotia,Nova Scotia Northern Region,Colchester County,Camden,,,,,,,,,,
Nova Scotia,Nova Scotia Northern Region,Colchester County,Castlereagh,,,,,,,,,,
Nova Scotia,Nova Scotia Northern Region,Colchester County,Cloverdale,,,,,,,,,,
Nova Scotia,Nova Scotia Northern Region,Colchester County,Coldstream,,,,,,,,,,
Nova Scotia,Nova Scotia Northern Region,Colchester County,Debert,,,,,,,,,,
Nova Scotia,Nova Scotia Northern Region,Colchester County,East Mines Station,,,,,,,,,,
Nova Scotia,Nova Scotia Northern Region,Colchester County,East Stewiacke,,,,,,,,,,
Nova Scotia,Nova Scotia Northern Region,Colchester County,East Village,,,,,,,,,,
Nova Scotia,Nova Scotia Northern Region,Colchester County,French River,,,,,,,,,,
Nova Scotia,Nova Scotia Northern Region,Colchester County,Greenfield,,,,,,,,,,
Nova Scotia,Nova Scotia Northern Region,Colchester County,Harmony,,,,,,,,,,
Nova Scotia,Nova Scotia Northern Region,Colchester County,Lanesville,,,,,,,,,,
Nova Scotia,Nova Scotia Northern Region,Colchester County,Little Dyke,,,,,,,,,,
Nova Scotia,Nova Scotia Northern Region,Colchester County,Londonderry,,,,,,,,,,
Nova Scotia,Nova Scotia Northern Region,Colchester County,Lornevale,,,,,,,,,,
Nova Scotia,Nova Scotia Northern Region,Colchester County,Lynn,,,,,,,,,,
Nova Scotia,Nova Scotia Northern Region,Colchester County,McCallum Settlement,,,,,,,,,,
Nova Scotia,Nova Scotia Northern Region,Colchester County,Montrose,,,,,,,,,,
Nova Scotia,Nova Scotia Northern Region,Colchester County,Pleasant Hills,,,,,,,,,,
Nova Scotia,Nova Scotia Northern Region,Colchester County,Princeport,,,,,,,,,,
Nova Scotia,Nova Scotia Northern Region,Colchester County,Riversdale,,,,,,,,,,
Nova Scotia,Nova Scotia Northern Region,Colchester County,Salmon River,,,,,,,,,,
Nova Scotia,Nova Scotia Northern Region,Colchester County,Sand Point,,,,,,,,,,
Nova Scotia,Nova Scotia Northern Region,Colchester County,South Branch,,,,,,,,,,
Nova Scotia,Nova Scotia Northern Region,Colchester County,Union,,,,,,,,,,
Nova Scotia,Nova Scotia Northern Region,Colchester County,Valley,,,,,,,,,,
Nova Scotia,Nova Scotia Northern Region,Colchester County,West St. Andrews,,,,,,,,,,
Nova Scotia,Nova Scotia Northern Region,Colchester County,Wittenburg,,,,,,,,,,
Nova Scotia,Nova Scotia Highlands Region,Pictou County,Alma,,,,,,,,,,
Nova Scotia,Nova Scotia Highlands Region,Pictou County,Avondale,,,,,,,,,,
Nova Scotia,Nova Scotia Highlands Region,Pictou County,Bailey Brook,,,,,,,,,,
Nova Scotia,Nova Scotia Highlands Region,Pictou County,Black River,,,,,,,,,,
Nova Scotia,Nova Scotia Highlands Region,Pictou County,Cape John,,,,,,,,,,
Nova Scotia,Nova Scotia Highlands Region,Pictou County,Elgin,,,,,,,,,,
Nova Scotia,Nova Scotia Highlands Region,Pictou County,Glengarry,,,,,,,,,,
Nova Scotia,Nova Scotia Highlands Region,Pictou County,Granton,,,,,,,,,,
Nova Scotia,Nova Scotia Highlands Region,Pictou County,Green's Brook,,,,,,,,,,
Nova Scotia,Nova Scotia Highlands Region,Pictou County,Hodson,,,,,,,,,,
Nova Scotia,Nova Scotia Highlands Region,Pictou County,Iron Ore,,,,,,,,,,
Nova Scotia,Nova Scotia Highlands Region,Pictou County,Meadowville,,,,,,,,,,
Nova Scotia,Nova Scotia Highlands Region,Pictou County,Mount Thom,,,,,,,,,,
Nova Scotia,Nova Scotia Highlands Region,Pictou County,New Gairlock,,,,,,,,,,
Nova Scotia,Nova Scotia Highlands Region,Pictou County,New Glasgow,,,,,,,,,,
Nova Scotia,Nova Scotia Highlands Region,Pictou County,Pictou,,,,,,,,,,
Nova Scotia,Nova Scotia Highlands Region,Pictou County,Pictou Island,,,,,,,,,,
Nova Scotia,Nova Scotia Highlands Region,Pictou County,Piedmont,,,,,,,,,,
Nova Scotia,Nova Scotia Highlands Region,Pictou County,St. Pauls,,,,,,,,,,
Nova Scotia,Nova Scotia Highlands Region,Pictou County,Stellarton,,,,,,,,,,
Nova Scotia,Nova Scotia Highlands Region,Pictou County,Sutherland's River,,,,,,,,,,
Nova Scotia,Nova Scotia Highlands Region,Pictou County,Sylvester,,,,,,,,,,
Nova Scotia,Nova Scotia Highlands Region,Pictou County,Thorburn,,,,,,,,,,
Nova Scotia,Nova Scotia Highlands Region,Pictou County,Trenton,,,,,,,,,,
Nova Scotia,Nova Scotia Highlands Region,Pictou County,Watervale,,,,,,,,,,
Nova Scotia,Nova Scotia Highlands Region,Pictou County,Welsford,,,,,,,,,,
Nova Scotia,Nova Scotia Highlands Region,Pictou County,West River Station,,,,,,,,,,
Nova Scotia,Nova Scotia Highlands Region,Pictou County,Westville,,,,,,,,,,
Nova Scotia,Nova Scotia Highlands Region,Antigonish County,Antigonish,,,,,,,,,,
Nova Scotia,Nova Scotia Highlands Region,Guysborough County,Mulgrave,,,,,,,,,,
Nova Scotia,Nova Scotia Highlands Region,Guysborough County,Alder River,,,,,,,,,,
Nova Scotia,Nova Scotia Highlands Region,Guysborough County,Cameron Settlement,,,,,,,,,,
Nova Scotia,Nova Scotia Highlands Region,Guysborough County,Crow's Nest,,,,,,,,,,
Nova Scotia,Nova Scotia Highlands Region,Guysborough County,Little Dover,,,,,,,,,,
Nova Scotia,Nova Scotia Highlands Region,Guysborough County,Erinville,,,,,,,,,,
Nova Scotia,Nova Scotia Highlands Region,Guysborough County,Forest Hill,,,,,,,,,,
Nova Scotia,Nova Scotia Highlands Region,Guysborough County,Giant's Lake,,,,,,,,,,
Nova Scotia,Nova Scotia Highlands Region,Guysborough County,Glencoe,,,,,,,,,,
Nova Scotia,Nova Scotia Highlands Region,Guysborough County,Isaac's Harbour,,,,,,,,,,
Nova Scotia,Nova Scotia Highlands Region,Guysborough County,Lincolnville,,,,,,,,,,
Nova Scotia,Nova Scotia Highlands Region,Guysborough County,Lundy,,,,,,,,,,
Nova Scotia,Nova Scotia Highlands Region,Guysborough County,New Chester,,,,,,,,,,
Nova Scotia,Nova Scotia Highlands Region,Guysborough County,Ogden,,,,,,,,,,
Nova Scotia,Nova Scotia Highlands Region,Guysborough County,Roachvale,,,,,,,,,,
Nova Scotia,Nova Scotia Highlands Region,Guysborough County,Roman Valley,,,,,,,,,,
Nova Scotia,Nova Scotia Highlands Region,Guysborough County,Salmon River Lake,,,,,,,,,,
Nova Scotia,Nova Scotia Highlands Region,Guysborough County,Spanish Ship Bay,,,,,,,,,,
Nova Scotia,Nova Scotia Highlands Region,Guysborough County,Sonora,,,,,,,,,,
Nova Scotia,Nova Scotia Highlands Region,Guysborough County,South Merland,,,,,,,,,,
Nova Scotia,Nova Scotia Highlands Region,Guysborough County,St Mary's River,,,,,,,,,,
Nova Scotia,Nova Scotia Highlands Region,Guysborough County,Torbay,,,,,,,,,,
Nova Scotia,Nova Scotia Highlands Region,Guysborough County,Whitehead,,,,,,,,,,
Nova Scotia,Nova Scotia Highlands Region,Guysborough County,Wine Harbour,,,,,,,,,,
Nova Scotia,Nova Scotia Cape Breton Region,Inverness County,Cap-Rouge,,,,,,,,,,
Nova Scotia,Nova Scotia Cape Breton Region,Inverness County,Chéticamp,,,,,,,,,,
Nova Scotia,Nova Scotia Cape Breton Region,Inverness County,Grand Étang,,,,,,,,,,
Nova Scotia,Nova Scotia Cape Breton Region,Inverness County,Inverness,,,,,,,,,,
Nova Scotia,Nova Scotia Cape Breton Region,Inverness County,Mabou,,,,,,,,,,
Nova Scotia,Nova Scotia Cape Breton Region,Inverness County,Malagawatch 4,,,,,,,,,,
Nova Scotia,Nova Scotia Cape Breton Region,Inverness County,Meat Cove,,,,,,,,,,
Nova Scotia,Nova Scotia Cape Breton Region,Inverness County,Orangedale,,,,,,,,,,
Nova Scotia,Nova Scotia Cape Breton Region,Inverness County,Pleasant Bay,,,,,,,,,,
Nova Scotia,Nova Scotia Cape Breton Region,Inverness County,Port Hawkesbury,,,,,,,,,,
Nova Scotia,Nova Scotia Cape Breton Region,Inverness County,Port Hood,,,,,,,,,,
Nova Scotia,Nova Scotia Cape Breton Region,Inverness County,Port Hood Island,,,,,,,,,,
Nova Scotia,Nova Scotia Cape Breton Region,Inverness County,St. Joseph du Moine,,,,,,,,,,
Nova Scotia,Nova Scotia Cape Breton Region,Inverness County,Whycocomagh,,,,,,,,,,
Nova Scotia,Nova Scotia Cape Breton Region,Victoria County,Baddeck,,,,,,,,,,
Nova Scotia,Nova Scotia Cape Breton Region,Victoria County,Big Bras d'Or,,,,,,,,,,
Nova Scotia,Nova Scotia Cape Breton Region,Victoria County,Cape North,,,,,,,,,,
Nova Scotia,Nova Scotia Cape Breton Region,Victoria County,Dingwall,,,,,,,,,,
Nova Scotia,Nova Scotia Cape Breton Region,Victoria County,Englishtown,,,,,,,,,,
Nova Scotia,Nova Scotia Cape Breton Region,Victoria County,Ingonish,,,,,,,,,,
Nova Scotia,Nova Scotia Cape Breton Region,Victoria County,Ingonish,,,,,,,,,,
Nova Scotia,Nova Scotia Cape Breton Region,Victoria County,Iona,,,,,,,,,,
Nova Scotia,Nova Scotia Cape Breton Region,Victoria County,Neil's Harbour,,,,,,,,,,
Nova Scotia,Nova Scotia Cape Breton Region,Victoria County,South Harbour,,,,,,,,,,
Nova Scotia,Nova Scotia Cape Breton Region,Victoria County,St. Anns,,,,,,,,,,
Nova Scotia,Nova Scotia Cape Breton Region,Richmond County,St. Peter's,,,,,,,,,,
Nova Scotia,Nova Scotia Cape Breton Region,Richmond County,Chapel Island 5,,,,,,,,,,
Nova Scotia,Nova Scotia Cape Breton Region,Richmond County,Richmond,,,,,,,,,,
Nova Scotia,Nova Scotia Cape Breton Region,Cape Breton County,Albert Bridge,,,,,,,,,,
Nova Scotia,Nova Scotia Cape Breton Region,Cape Breton County,Alder Point,,,,,,,,,,
Nova Scotia,Nova Scotia Cape Breton Region,Cape Breton County,Baleine,,,,,,,,,,
Nova Scotia,Nova Scotia Cape Breton Region,Cape Breton County,Balls Creek,,,,,,,,,,
Nova Scotia,Nova Scotia Cape Breton Region,Cape Breton County,Barachois Harbour,,,,,,,,,,
Nova Scotia,Nova Scotia Cape Breton Region,Cape Breton County,Barrachois,,,,,,,,,,
Nova Scotia,Nova Scotia Cape Breton Region,Cape Breton County,Bateston,,,,,,,,,,
Nova Scotia,Nova Scotia Cape Breton Region,Cape Breton County,Beaver Cove,,,,,,,,,,
Nova Scotia,Nova Scotia Cape Breton Region,Cape Breton County,Beechmont,,,,,,,,,,
Nova Scotia,Nova Scotia Cape Breton Region,Cape Breton County,Ben Eoin,,,,,,,,,,
Nova Scotia,Nova Scotia Cape Breton Region,Cape Breton County,Benacadie,,,,,,,,,,
Nova Scotia,Nova Scotia Cape Breton Region,Cape Breton County,Big Beach,,,,,,,,,,
Nova Scotia,Nova Scotia Cape Breton Region,Cape Breton County,Big Pond Centre,,,,,,,,,,
Nova Scotia,Nova Scotia Cape Breton Region,Cape Breton County,Big Pond,,,,,,,,,,
Nova Scotia,Nova Scotia Cape Breton Region,Cape Breton County,Big Ridge,,,,,,,,,,
Nova Scotia,Nova Scotia Cape Breton Region,Cape Breton County,Birch Grove,,,,,,,,,,
Nova Scotia,Nova Scotia Cape Breton Region,Cape Breton County,Black Brook,,,,,,,,,,
Nova Scotia,Nova Scotia Cape Breton Region,Cape Breton County,Blacketts Lake,,,,,,,,,,
Nova Scotia,Nova Scotia Cape Breton Region,Cape Breton County,Boisdale,,,,,,,,,,
Nova Scotia,Nova Scotia Cape Breton Region,Cape Breton County,Bras d'Or,,,,,,,,,,
Nova Scotia,Nova Scotia Cape Breton Region,Cape Breton County,Bridgeport,,,,,,,,,,
Nova Scotia,Nova Scotia Cape Breton Region,Cape Breton County,Broughton,,,,,,,,,,
Nova Scotia,Nova Scotia Cape Breton Region,Cape Breton County,Caribou Marsh,,,,,,,,,,
Nova Scotia,Nova Scotia Cape Breton Region,Cape Breton County,Castle Bay,,,,,,,,,,
Nova Scotia,Nova Scotia Cape Breton Region,Cape Breton County,Catalone,,,,,,,,,,
Nova Scotia,Nova Scotia Cape Breton Region,Cape Breton County,Catalone Gut,,,,,,,,,,
Nova Scotia,Nova Scotia Cape Breton Region,Cape Breton County,Christmas Island,,,,,,,,,,
Nova Scotia,Nova Scotia Cape Breton Region,Cape Breton County,Coxheath,,,,,,,,,,
Nova Scotia,Nova Scotia Cape Breton Region,Cape Breton County,Dalem Lake,,,,,,,,,,
Nova Scotia,Nova Scotia Cape Breton Region,Cape Breton County,Dominion,,,,,,,,,,
Nova Scotia,Nova Scotia Cape Breton Region,Cape Breton County,Donkin,,,,,,,,,,
Nova Scotia,Nova Scotia Cape Breton Region,Cape Breton County,Dutch Brook ,,,,,,,,,,
Nova Scotia,Nova Scotia Cape Breton Region,Cape Breton County,East Bay,,,,,,,,,,
Nova Scotia,Nova Scotia Cape Breton Region,Cape Breton County,Edwardsville,,,,,,,,,,
Nova Scotia,Nova Scotia Cape Breton Region,Cape Breton County,Enon,,,,,,,,,,
Nova Scotia,Nova Scotia Cape Breton Region,Cape Breton County,Eskasoni,,,,,,,,,,
Nova Scotia,Nova Scotia Cape Breton Region,Cape Breton County,Florence,,,,,,,,,,
Nova Scotia,Nova Scotia Cape Breton Region,Cape Breton County,French Road,,,,,,,,,,
Nova Scotia,Nova Scotia Cape Breton Region,Cape Breton County,Frenchvale,,,,,,,,,,
Nova Scotia,Nova Scotia Cape Breton Region,Cape Breton County,Gabarus,,,,,,,,,,
Nova Scotia,Nova Scotia Cape Breton Region,Cape Breton County,Gabarus Lake,,,,,,,,,,
Nova Scotia,Nova Scotia Cape Breton Region,Cape Breton County,Gardiner Mines,,,,,,,,,,
Nova Scotia,Nova Scotia Cape Breton Region,Cape Breton County,Georges River,,,,,,,,,,
Nova Scotia,Nova Scotia Cape Breton Region,Cape Breton County,Gillis Lake,,,,,,,,,,
Nova Scotia,Nova Scotia Cape Breton Region,Cape Breton County,Glace Bay,,,,,,,,,,
Nova Scotia,Nova Scotia Cape Breton Region,Cape Breton County,Grand Lake Road ,,,,,,,,,,
Nova Scotia,Nova Scotia Cape Breton Region,Cape Breton County,Grand Mira North,,,,,,,,,,
Nova Scotia,Nova Scotia Cape Breton Region,Cape Breton County,Grand Mira South,,,,,,,,,,
Nova Scotia,Nova Scotia Cape Breton Region,Cape Breton County,Grand Narrows,,,,,,,,,,
Nova Scotia,Nova Scotia Cape Breton Region,Cape Breton County,Groves Point,,,,,,,,,,
Nova Scotia,Nova Scotia Cape Breton Region,Cape Breton County,Hillside Boularderie,,,,,,,,,,
Nova Scotia,Nova Scotia Cape Breton Region,Cape Breton County,Homeville,,,,,,,,,,
Nova Scotia,Nova Scotia Cape Breton Region,Cape Breton County,Hornes Road,,,,,,,,,,
Nova Scotia,Nova Scotia Cape Breton Region,Cape Breton County,Howie Centre,,,,,,,,,,
Nova Scotia,Nova Scotia Cape Breton Region,Cape Breton County,Huntington,,,,,,,,,,
Nova Scotia,Nova Scotia Cape Breton Region,Cape Breton County,Irish Cove,,,,,,,,,,
Nova Scotia,Nova Scotia Cape Breton Region,Cape Breton County,Irishvale,,,,,,,,,,
Nova Scotia,Nova Scotia Cape Breton Region,Cape Breton County,Ironville,,,,,,,,,,
Nova Scotia,Nova Scotia Cape Breton Region,Cape Breton County,Island View,,,,,,,,,,
Nova Scotia,Nova Scotia Cape Breton Region,Cape Breton County,Juniper Mountain,,,,,,,,,,
Nova Scotia,Nova Scotia Cape Breton Region,Cape Breton County,Leitches Creek,,,,,,,,,,
Nova Scotia,Nova Scotia Cape Breton Region,Cape Breton County,Leitches Creek Station,,,,,,,,,,
Nova Scotia,Nova Scotia Cape Breton Region,Cape Breton County,Lingan,,,,,,,,,,
Nova Scotia,Nova Scotia Cape Breton Region,Cape Breton County,Lingan Road,,,,,,,,,,
Nova Scotia,Nova Scotia Cape Breton Region,Cape Breton County,Little Bras d'Or,,,,,,,,,,
Nova Scotia,Nova Scotia Cape Breton Region,Cape Breton County,Little Lorraine,,,,,,,,,,
Nova Scotia,Nova Scotia Cape Breton Region,Cape Breton County,Little Pond,,,,,,,,,,
Nova Scotia,Nova Scotia Cape Breton Region,Cape Breton County,Long Island Main,,,,,,,,,,
Nova Scotia,Nova Scotia Cape Breton Region,Cape Breton County,Louisbourg,,,,,,,,,,
Nova Scotia,Nova Scotia Cape Breton Region,Cape Breton County,McAdams Lake,,,,,,,,,,
Nova Scotia,Nova Scotia Cape Breton Region,Cape Breton County,Main-a-Dieu,,,,,,,,,,
Nova Scotia,Nova Scotia Cape Breton Region,Cape Breton County,Marion Bridge,,,,,,,,,,
Nova Scotia,Nova Scotia Cape Breton Region,Cape Breton County,Middle Cape,,,,,,,,,,
Nova Scotia,Nova Scotia Cape Breton Region,Cape Breton County,Mill Creek,,,,,,,,,,
Nova Scotia,Nova Scotia Cape Breton Region,Cape Breton County,Millville Boularderie,,,,,,,,,,
Nova Scotia,Nova Scotia Cape Breton Region,Cape Breton County,Mira Gut,,,,,,,,,,
Nova Scotia,Nova Scotia Cape Breton Region,Cape Breton County,Mira Road,,,,,,,,,,
Nova Scotia,Nova Scotia Cape Breton Region,Cape Breton County,New Aberdeen,,,,,,,,,,
Nova Scotia,Nova Scotia Cape Breton Region,Cape Breton County,New Victoria,,,,,,,,,,
Nova Scotia,Nova Scotia Cape Breton Region,Cape Breton County,New Waterford,,,,,,,,,,
Nova Scotia,Nova Scotia Cape Breton Region,Cape Breton County,North Sydney,,,,,,,,,,
Nova Scotia,Nova Scotia Cape Breton Region,Cape Breton County,North West Arm,,,,,,,,,,
Nova Scotia,Nova Scotia Cape Breton Region,Cape Breton County,Northside East Bay,,,,,,,,,,
Nova Scotia,Nova Scotia Cape Breton Region,Cape Breton County,Pipers Cove,,,,,,,,,,
Nova Scotia,Nova Scotia Cape Breton Region,Cape Breton County,Point Aconi,,,,,,,,,,
Nova Scotia,Nova Scotia Cape Breton Region,Cape Breton County,Point Edward,,,,,,,,,,
Nova Scotia,Nova Scotia Cape Breton Region,Cape Breton County,Portage,,,,,,,,,,
Nova Scotia,Nova Scotia Cape Breton Region,Cape Breton County,Port Caledonia,,,,,,,,,,
Nova Scotia,Nova Scotia Cape Breton Region,Cape Breton County,Port Morien,,,,,,,,,,
Nova Scotia,Nova Scotia Cape Breton Region,Cape Breton County,Prime Brook,,,,,,,,,,
Nova Scotia,Nova Scotia Cape Breton Region,Cape Breton County,Reserve Mines,,,,,,,,,,
Nova Scotia,Nova Scotia Cape Breton Region,Cape Breton County,River Ryan,,,,,,,,,,
Nova Scotia,Nova Scotia Cape Breton Region,Cape Breton County,Rock Elm,,,,,,,,,,
Nova Scotia,Nova Scotia Cape Breton Region,Cape Breton County,Round Island,,,,,,,,,,
Nova Scotia,Nova Scotia Cape Breton Region,Cape Breton County,Salem Road,,,,,,,,,,
Nova Scotia,Nova Scotia Cape Breton Region,Cape Breton County,Salmon River Road,,,,,,,,,,
Nova Scotia,Nova Scotia Cape Breton Region,Cape Breton County,Sandfield,,,,,,,,,,
Nova Scotia,Nova Scotia Cape Breton Region,Cape Breton County,Scotch Lake,,,,,,,,,,
Nova Scotia,Nova Scotia Cape Breton Region,Cape Breton County,Scotchtown,,,,,,,,,,
Nova Scotia,Nova Scotia Cape Breton Region,Cape Breton County,Shunacadie,,,,,,,,,,
Nova Scotia,Nova Scotia Cape Breton Region,Cape Breton County,South Bar,,,,,,,,,,
Nova Scotia,Nova Scotia Cape Breton Region,Cape Breton County,South Side of Boularderie,,,,,,,,,,
Nova Scotia,Nova Scotia Cape Breton Region,Cape Breton County,St. Andrew's Channel,,,,,,,,,,
Nova Scotia,Nova Scotia Cape Breton Region,Cape Breton County,Sydney,,,,,,,,,,
Nova Scotia,Nova Scotia Cape Breton Region,Cape Breton County,Sydney Forks,,,,,,,,,,
Nova Scotia,Nova Scotia Cape Breton Region,Cape Breton County,Sydney Mines,,,,,,,,,,
Nova Scotia,Nova Scotia Cape Breton Region,Cape Breton County,Sydney River,,,,,,,,,,
Nova Scotia,Nova Scotia Cape Breton Region,Cape Breton County,Upper Grand Mira,,,,,,,,,,
Nova Scotia,Nova Scotia Cape Breton Region,Cape Breton County,Upper Leitches Creek,,,,,,,,,,
Nova Scotia,Nova Scotia Cape Breton Region,Cape Breton County,Upper North Sydney,,,,,,,,,,
Nova Scotia,Nova Scotia Cape Breton Region,Cape Breton County,Victoria Mines,,,,,,,,,,
Nova Scotia,Nova Scotia Cape Breton Region,Cape Breton County,Westmount,,,,,,,,,,
Nova Scotia,Nova Scotia South Shore Region,Annapolis County,"Albany, Nova Scotia",,,,,,,,,,
Nova Scotia,Nova Scotia South Shore Region,Annapolis County,Annapolis Royal,,,,,,,,,,
Nova Scotia,Nova Scotia South Shore Region,Annapolis County,Bloomington,,,,,,,,,,
Nova Scotia,Nova Scotia South Shore Region,Annapolis County,Bridgetown,,,,,,,,,,
Nova Scotia,Nova Scotia South Shore Region,Annapolis County,Clarence,,,,,,,,,,
Nova Scotia,Nova Scotia South Shore Region,Annapolis County,Clementsvale,,,,,,,,,,
Nova Scotia,Nova Scotia South Shore Region,Annapolis County,Delap's Cove,,,,,,,,,,
Nova Scotia,Nova Scotia South Shore Region,Annapolis County,Falkland Ridge,,,,,,,,,,
Nova Scotia,Nova Scotia South Shore Region,Annapolis County,Greenland,,,,,,,,,,
Nova Scotia,Nova Scotia South Shore Region,Annapolis County,Hampton,,,,,,,,,,
Nova Scotia,Nova Scotia South Shore Region,Annapolis County,Hastings,,,,,,,,,,
Nova Scotia,Nova Scotia South Shore Region,Annapolis County,Hillsburn,,,,,,,,,,
Nova Scotia,Nova Scotia South Shore Region,Annapolis County,Inglisville,,,,,,,,,,
Nova Scotia,Nova Scotia South Shore Region,Annapolis County,Karsdale,,,,,,,,,,
Nova Scotia,Nova Scotia South Shore Region,Annapolis County,Lake La Rose,,,,,,,,,,
Nova Scotia,Nova Scotia South Shore Region,Annapolis County,Lawrencetown,,,,,,,,,,
Nova Scotia,Nova Scotia South Shore Region,Annapolis County,Litchfield,,,,,,,,,,
Nova Scotia,Nova Scotia South Shore Region,Annapolis County,Middleton,,,,,,,,,,
Nova Scotia,Nova Scotia South Shore Region,Annapolis County,Mount Hanley,,,,,,,,,,
Nova Scotia,Nova Scotia South Shore Region,Annapolis County,Outram,,,,,,,,,,
Nova Scotia,Nova Scotia South Shore Region,Annapolis County,Parker's Cove,,,,,,,,,,
Nova Scotia,Nova Scotia South Shore Region,Annapolis County,Perotte,,,,,,,,,,
Nova Scotia,Nova Scotia South Shore Region,Annapolis County,Phinney's Cove,,,,,,,,,,
Nova Scotia,Nova Scotia South Shore Region,Annapolis County,Port George,,,,,,,,,,
Nova Scotia,Nova Scotia South Shore Region,Annapolis County,Port Lorne,,,,,,,,,,
Nova Scotia,Nova Scotia South Shore Region,Annapolis County,Port Royal,,,,,,,,,,
Nova Scotia,Nova Scotia South Shore Region,Annapolis County,Port Wade,,,,,,,,,,
Nova Scotia,Nova Scotia South Shore Region,Annapolis County,Prince Albert,,,,,,,,,,
Nova Scotia,Nova Scotia South Shore Region,Annapolis County,South Farmington,,,,,,,,,,
Nova Scotia,Nova Scotia South Shore Region,Annapolis County,St. Croix Cove,,,,,,,,,,
Nova Scotia,Nova Scotia South Shore Region,Annapolis County,Torbrook,,,,,,,,,,
Nova Scotia,Nova Scotia South Shore Region,Annapolis County,Victoria Beach,,,,,,,,,,
Nova Scotia,Nova Scotia South Shore Region,Annapolis County,Waldeck,,,,,,,,,,
Nova Scotia,Nova Scotia South Shore Region,Annapolis County,West Dalhousie,,,,,,,,,,
Nova Scotia,Nova Scotia South Shore Region,Annapolis County,Youngs Cove,,,,,,,,,,
Nova Scotia,Nova Scotia South Shore Region,Yarmouth County,Abbots Dyke,,,,,,,,,,
Nova Scotia,Nova Scotia South Shore Region,Yarmouth County,Alder Plains,,,,,,,,,,
Nova Scotia,Nova Scotia South Shore Region,Yarmouth County,Argyle,,,,,,,,,,
Nova Scotia,Nova Scotia South Shore Region,Yarmouth County,Argyle Sound,,,,,,,,,,
Nova Scotia,Nova Scotia South Shore Region,Yarmouth County,Argyle Station,,,,,,,,,,
Nova Scotia,Nova Scotia South Shore Region,Yarmouth County,Black Georges Savannah,,,,,,,,,,
Nova Scotia,Nova Scotia South Shore Region,Yarmouth County,Brazil Lake,,,,,,,,,,
Nova Scotia,Nova Scotia South Shore Region,Yarmouth County,Brenton,,,,,,,,,,
Nova Scotia,Nova Scotia South Shore Region,Yarmouth County,Brooklyn,,,,,,,,,,
Nova Scotia,Nova Scotia South Shore Region,Yarmouth County,Canaan,,,,,,,,,,
Nova Scotia,Nova Scotia South Shore Region,Yarmouth County,Chebogue,,,,,,,,,,
Nova Scotia,Nova Scotia South Shore Region,Yarmouth County,Chebogue Point,,,,,,,,,,
Nova Scotia,Nova Scotia South Shore Region,Yarmouth County,Chegoggin,,,,,,,,,,
Nova Scotia,Nova Scotia South Shore Region,Yarmouth County,Comeau's Hill,,,,,,,,,,
Nova Scotia,Nova Scotia South Shore Region,Yarmouth County,Gardner's Mill,,,,,,,,,,
Nova Scotia,Nova Scotia South Shore Region,Yarmouth County,Gavelton,,,,,,,,,,
Nova Scotia,Nova Scotia South Shore Region,Yarmouth County,Greenville,,,,,,,,,,
Nova Scotia,Nova Scotia South Shore Region,Yarmouth County,Ireton,,,,,,,,,,
Nova Scotia,Nova Scotia South Shore Region,Yarmouth County,Kelley's Cove,,,,,,,,,,
Nova Scotia,Nova Scotia South Shore Region,Yarmouth County,Lake Annis,,,,,,,,,,
Nova Scotia,Nova Scotia South Shore Region,Yarmouth County,Lake George,,,,,,,,,,
Nova Scotia,Nova Scotia South Shore Region,Yarmouth County,Little River Harbour,,,,,,,,,,
Nova Scotia,Nova Scotia South Shore Region,Yarmouth County,Lower West Pubnico,,,,,,,,,,
Nova Scotia,Nova Scotia South Shore Region,Yarmouth County,Melbourne,,,,,,,,,,
Nova Scotia,Nova Scotia South Shore Region,Yarmouth County,Middle West Pubnico,,,,,,,,,,
Nova Scotia,Nova Scotia South Shore Region,Yarmouth County,North Kemptville,,,,,,,,,,
Nova Scotia,Nova Scotia South Shore Region,Yarmouth County,Norwood,,,,,,,,,,
Nova Scotia,Nova Scotia South Shore Region,Yarmouth County,Overton,,,,,,,,,,
Nova Scotia,Nova Scotia South Shore Region,Yarmouth County,Pembroke,,,,,,,,,,
Nova Scotia,Nova Scotia South Shore Region,Yarmouth County,Pinkney's Point,,,,,,,,,,
Nova Scotia,Nova Scotia South Shore Region,Yarmouth County,Raynardton,,,,,,,,,,
Nova Scotia,Nova Scotia South Shore Region,Yarmouth County,Robert's Island,,,,,,,,,,
Nova Scotia,Nova Scotia South Shore Region,Yarmouth County,Rockville,,,,,,,,,,
Nova Scotia,Nova Scotia South Shore Region,Yarmouth County,Sand Beach,,,,,,,,,,
Nova Scotia,Nova Scotia South Shore Region,Yarmouth County,Sandford,,,,,,,,,,
Nova Scotia,Nova Scotia South Shore Region,Yarmouth County,Seal Island,,,,,,,,,,
Nova Scotia,Nova Scotia South Shore Region,Yarmouth County,Short Beach,,,,,,,,,,
Nova Scotia,Nova Scotia South Shore Region,Yarmouth County,South Belleville,,,,,,,,,,
Nova Scotia,Nova Scotia South Shore Region,Yarmouth County,South Canaan,,,,,,,,,,
Nova Scotia,Nova Scotia South Shore Region,Yarmouth County,Springhaven,,,,,,,,,,
Nova Scotia,Nova Scotia South Shore Region,Yarmouth County,Summerville,,,,,,,,,,
Nova Scotia,Nova Scotia South Shore Region,Yarmouth County,Tusket Falls,,,,,,,,,,
Nova Scotia,Nova Scotia South Shore Region,Yarmouth County,Tusket Islands,,,,,,,,,,
Nova Scotia,Nova Scotia South Shore Region,Yarmouth County,Upper West Pubnico,,,,,,,,,,
Nova Scotia,Nova Scotia South Shore Region,Yarmouth County,West Pubnico,,,,,,,,,,
Nova Scotia,Nova Scotia South Shore Region,Yarmouth County,Woodstock,,,,,,,,,,
Nova Scotia,Nova Scotia South Shore Region,Yarmouth County,Yarmouth,,,,,,,,,,
Nova Scotia,Nova Scotia South Shore Region,Shelburne County,Atlantic,,,,,,,,,,
Nova Scotia,Nova Scotia South Shore Region,Shelburne County,Baccaro,,,,,,,,,,
Nova Scotia,Nova Scotia South Shore Region,Shelburne County,Barrington,,,,,,,,,,
Nova Scotia,Nova Scotia South Shore Region,Shelburne County,Blanche,,,,,,,,,,
Nova Scotia,Nova Scotia South Shore Region,Shelburne County,Churchover,,,,,,,,,,
Nova Scotia,Nova Scotia South Shore Region,Shelburne County,Clark's Harbour,,,,,,,,,,
Nova Scotia,Nova Scotia South Shore Region,Shelburne County,East Green Harbour,,,,,,,,,,
Nova Scotia,Nova Scotia South Shore Region,Shelburne County,East Side of Ragged Island,,,,,,,,,,
Nova Scotia,Nova Scotia South Shore Region,Shelburne County,Forbes Point,,,,,,,,,,
Nova Scotia,Nova Scotia South Shore Region,Shelburne County,Greenwood,,,,,,,,,,
Nova Scotia,Nova Scotia South Shore Region,Shelburne County,Gunning Cove,,,,,,,,,,
Nova Scotia,Nova Scotia South Shore Region,Shelburne County,Ingomar,,,,,,,,,,
Nova Scotia,Nova Scotia South Shore Region,Shelburne County,Jordan Bay,,,,,,,,,,
Nova Scotia,Nova Scotia South Shore Region,Shelburne County,Jordan Ferry,,,,,,,,,,
Nova Scotia,Nova Scotia South Shore Region,Shelburne County,Little Harbour,,,,,,,,,,
Nova Scotia,Nova Scotia South Shore Region,Shelburne County,Little Port l'Hébert,,,,,,,,,,
Nova Scotia,Nova Scotia South Shore Region,Shelburne County,Lockeport,,,,,,,,,,
Nova Scotia,Nova Scotia South Shore Region,Shelburne County,Lockeport,,,,,,,,,,
Nova Scotia,Nova Scotia South Shore Region,Shelburne County,Louis Head,,,,,,,,,,
Nova Scotia,Nova Scotia South Shore Region,Shelburne County,Middle Clyde River,,,,,,,,,,
Nova Scotia,Nova Scotia South Shore Region,Shelburne County,North West Harbour,,,,,,,,,,
Nova Scotia,Nova Scotia South Shore Region,Shelburne County,Port L'Hebert,,,,,,,,,,
Nova Scotia,Nova Scotia South Shore Region,Shelburne County,Port Saxon,,,,,,,,,,
Nova Scotia,Nova Scotia South Shore Region,Shelburne County,Rockland,,,,,,,,,,
Nova Scotia,Nova Scotia South Shore Region,Shelburne County,Roseway,,,,,,,,,,
Nova Scotia,Nova Scotia South Shore Region,Shelburne County,Round Bay,,,,,,,,,,
Nova Scotia,Nova Scotia South Shore Region,Shelburne County,Sandy Point,,,,,,,,,,
Nova Scotia,Nova Scotia South Shore Region,Shelburne County,Shelburne,,,,,,,,,,
Nova Scotia,Nova Scotia South Shore Region,Shelburne County,Smithville,,,,,,,,,,
Nova Scotia,Nova Scotia South Shore Region,Shelburne County,The Hawk,,,,,,,,,,
Nova Scotia,Nova Scotia South Shore Region,Shelburne County,Upper Clyde River,,,,,,,,,,
Nova Scotia,Nova Scotia South Shore Region,Shelburne County,Welshtown,,,,,,,,,,
Nova Scotia,Nova Scotia South Shore Region,Shelburne County,West Baccaro,,,,,,,,,,
Nova Scotia,Nova Scotia South Shore Region,Shelburne County,West Green Harbour,,,,,,,,,,
Nova Scotia,Nova Scotia South Shore Region,Queens County,Queens,,,,,,,,,,
Nova Scotia,Nova Scotia South Shore Region,Queens County,Liverpool,,,,,,,,,,
Nova Scotia,Nova Scotia South Shore Region,Queens County,Bang's Falls,,,,,,,,,,
Nova Scotia,Nova Scotia South Shore Region,Queens County,Beach Meadows,,,,,,,,,,
Nova Scotia,Nova Scotia South Shore Region,Queens County,Beech Hill,,,,,,,,,,
Nova Scotia,Nova Scotia South Shore Region,Queens County,Bristol,,,,,,,,,,
Nova Scotia,Nova Scotia South Shore Region,Queens County,Caledonia,,,,,,,,,,
Nova Scotia,Nova Scotia South Shore Region,Queens County,Charleston,,,,,,,,,,
Nova Scotia,Nova Scotia South Shore Region,Queens County,Eagle Head,,,,,,,,,,
Nova Scotia,Nova Scotia South Shore Region,Queens County,East Berlin,,,,,,,,,,
Nova Scotia,Nova Scotia South Shore Region,Queens County,East Side Port l'Hébert,,,,,,,,,,
Nova Scotia,Nova Scotia South Shore Region,Queens County,Greenfield,,,,,,,,,,
Nova Scotia,Nova Scotia South Shore Region,Queens County,Hibernia,,,,,,,,,,
Nova Scotia,Nova Scotia South Shore Region,Queens County,Labelle,,,,,,,,,,
Nova Scotia,Nova Scotia South Shore Region,Queens County,Low Landing,,,,,,,,,,
Nova Scotia,Nova Scotia South Shore Region,Queens County,Medway,,,,,,,,,,
Nova Scotia,Nova Scotia South Shore Region,Queens County,Mill Village,,,,,,,,,,
Nova Scotia,Nova Scotia South Shore Region,Queens County,Molega,,,,,,,,,,
Nova Scotia,Nova Scotia South Shore Region,Queens County,Mount Pleasant,,,,,,,,,,
Nova Scotia,Nova Scotia South Shore Region,Queens County,New Grafton,,,,,,,,,,
Nova Scotia,Nova Scotia South Shore Region,Queens County,Northfield,,,,,,,,,,
Nova Scotia,Nova Scotia South Shore Region,Queens County,Port Joli,,,,,,,,,,
Nova Scotia,Nova Scotia South Shore Region,Queens County,Port Medway,,,,,,,,,,
Nova Scotia,Nova Scotia South Shore Region,Queens County,Riversdale,,,,,,,,,,
Nova Scotia,Nova Scotia South Shore Region,Queens County,Sandy Cove,,,,,,,,,,
Nova Scotia,Nova Scotia South Shore Region,Queens County,South West Port Mouton,,,,,,,,,,
Nova Scotia,Nova Scotia South Shore Region,Queens County,Wellington,,,,,,,,,,
Nova Scotia,Nova Scotia South Shore Region,Queens County,West Berlin,,,,,,,,,,
Nova Scotia,Nova Scotia South Shore Region,Queens County,West Caledonia,,,,,,,,,,
Nova Scotia,Nova Scotia South Shore Region,Queens County,Western Head,,,,,,,,,,
Nova Scotia,Nova Scotia South Shore Region,Queens County,Westfield,,,,,,,,,,
Nova Scotia,Nova Scotia South Shore Region,Queens County,Whiteburn Mines,,,,,,,,,,
Nova Scotia,Nova Scotia South Shore Region,Lunenburg County,Auburndale,,,,,,,,,,
Nova Scotia,Nova Scotia South Shore Region,Lunenburg County,Back Centre,,,,,,,,,,
Nova Scotia,Nova Scotia South Shore Region,Lunenburg County,Barry's Corner,,,,,,,,,,
Nova Scotia,Nova Scotia South Shore Region,Lunenburg County,Barrs Corner,,,,,,,,,,
Nova Scotia,Nova Scotia South Shore Region,Lunenburg County,Beech Hill,,,,,,,,,,
Nova Scotia,Nova Scotia South Shore Region,Lunenburg County,Blue Rocks,,,,,,,,,,
Nova Scotia,Nova Scotia South Shore Region,Lunenburg County,Canaan,,,,,,,,,,
Nova Scotia,Nova Scotia South Shore Region,Lunenburg County,Clearland,,,,,,,,,,
Nova Scotia,Nova Scotia South Shore Region,Lunenburg County,Conquerall Mills,,,,,,,,,,
Nova Scotia,Nova Scotia South Shore Region,Lunenburg County,Crouse's Settlement,,,,,,,,,,
Nova Scotia,Nova Scotia South Shore Region,Lunenburg County,Crousetown,,,,,,,,,,
Nova Scotia,Nova Scotia South Shore Region,Lunenburg County,East Clifford,,,,,,,,,,
Nova Scotia,Nova Scotia South Shore Region,Lunenburg County,Elmwood,,,,,,,,,,
Nova Scotia,Nova Scotia South Shore Region,Lunenburg County,Farmington,,,,,,,,,,
Nova Scotia,Nova Scotia South Shore Region,Lunenburg County,Farmville,,,,,,,,,,
Nova Scotia,Nova Scotia South Shore Region,Lunenburg County,Feltzen South,,,,,,,,,,
Nova Scotia,Nova Scotia South Shore Region,Lunenburg County,First Peninsula,,,,,,,,,,
Nova Scotia,Nova Scotia South Shore Region,Lunenburg County,Five Houses,,,,,,,,,,
Nova Scotia,Nova Scotia South Shore Region,Lunenburg County,Forties,,,,,,,,,,
Nova Scotia,Nova Scotia South Shore Region,Lunenburg County,Franey Corner,,,,,,,,,,
Nova Scotia,Nova Scotia South Shore Region,Lunenburg County,Fraxville,,,,,,,,,,
Nova Scotia,Nova Scotia South Shore Region,Lunenburg County,Front Centre,,,,,,,,,,
Nova Scotia,Nova Scotia South Shore Region,Lunenburg County,Glengarry,,,,,,,,,,
Nova Scotia,Nova Scotia South Shore Region,Lunenburg County,Grimm's Settlement,,,,,,,,,,
Nova Scotia,Nova Scotia South Shore Region,Lunenburg County,Heckman's Island,,,,,,,,,,
Nova Scotia,Nova Scotia South Shore Region,Lunenburg County,Herman's Island,,,,,,,,,,
Nova Scotia,Nova Scotia South Shore Region,Lunenburg County,Indian Path,,,,,,,,,,
Nova Scotia,Nova Scotia South Shore Region,Lunenburg County,Indian Point,,,,,,,,,,
Nova Scotia,Nova Scotia South Shore Region,Lunenburg County,Kingsburg,,,,,,,,,,
Nova Scotia,Nova Scotia South Shore Region,Lunenburg County,Laconia,,,,,,,,,,
Nova Scotia,Nova Scotia South Shore Region,Lunenburg County,Lake Centre,,,,,,,,,,
Nova Scotia,Nova Scotia South Shore Region,Lunenburg County,Lake Ramsay,,,,,,,,,,
Nova Scotia,Nova Scotia South Shore Region,Lunenburg County,Lake William,,,,,,,,,,
Nova Scotia,Nova Scotia South Shore Region,Lunenburg County,Lapland,,,,,,,,,,
Nova Scotia,Nova Scotia South Shore Region,Lunenburg County,Leville,,,,,,,,,,
Nova Scotia,Nova Scotia South Shore Region,Lunenburg County,Lower Branch,,,,,,,,,,
Nova Scotia,Nova Scotia South Shore Region,Lunenburg County,Lower Northfield,,,,,,,,,,
Nova Scotia,Nova Scotia South Shore Region,Lunenburg County,Maplewood,,,,,,,,,,
Nova Scotia,Nova Scotia South Shore Region,Lunenburg County,Mader's Cove,,,,,,,,,,
Nova Scotia,Nova Scotia South Shore Region,Lunenburg County,Martins Point,,,,,,,,,,
Nova Scotia,Nova Scotia South Shore Region,Lunenburg County,Mason's Beach,,,,,,,,,,
Nova Scotia,Nova Scotia South Shore Region,Lunenburg County,Middle New Cornwall,,,,,,,,,,
Nova Scotia,Nova Scotia South Shore Region,Lunenburg County,Midville Branch,,,,,,,,,,
Nova Scotia,Nova Scotia South Shore Region,Lunenburg County,Mill Road,,,,,,,,,,
Nova Scotia,Nova Scotia South Shore Region,Lunenburg County,Mount Pleasant,,,,,,,,,,
Nova Scotia,Nova Scotia South Shore Region,Lunenburg County,New Canada,,,,,,,,,,
Nova Scotia,Nova Scotia South Shore Region,Lunenburg County,New Cumberland,,,,,,,,,,
Nova Scotia,Nova Scotia South Shore Region,Lunenburg County,New Elm,,,,,,,,,,
Nova Scotia,Nova Scotia South Shore Region,Lunenburg County,New Russell,,,,,,,,,,
Nova Scotia,Nova Scotia South Shore Region,Lunenburg County,Newburne,,,,,,,,,,
Nova Scotia,Nova Scotia South Shore Region,Lunenburg County,North River,,,,,,,,,,
Nova Scotia,Nova Scotia South Shore Region,Lunenburg County,Oakland,,,,,,,,,,
Nova Scotia,Nova Scotia South Shore Region,Lunenburg County,Parkdale,,,,,,,,,,
Nova Scotia,Nova Scotia South Shore Region,Lunenburg County,Pine Grove,,,,,,,,,,
Nova Scotia,Nova Scotia South Shore Region,Lunenburg County,Schnare's Crossing,,,,,,,,,,
Nova Scotia,Nova Scotia South Shore Region,Lunenburg County,Second Peninsula,,,,,,,,,,
Nova Scotia,Nova Scotia South Shore Region,Lunenburg County,Stanburn,,,,,,,,,,
Nova Scotia,Nova Scotia South Shore Region,Lunenburg County,Stanley Section,,,,,,,,,,
Nova Scotia,Nova Scotia South Shore Region,Lunenburg County,Stonehurst,,,,,,,,,,
Nova Scotia,Nova Scotia South Shore Region,Lunenburg County,Sunnybrook,,,,,,,,,,
Nova Scotia,Nova Scotia South Shore Region,Lunenburg County,Sweetland,,,,,,,,,,
Nova Scotia,Nova Scotia South Shore Region,Lunenburg County,Big Tancook Island,,,,,,,,,,
Nova Scotia,Nova Scotia South Shore Region,Lunenburg County,Tanner's Settlement,,,,,,,,,,
Nova Scotia,Nova Scotia South Shore Region,Lunenburg County,The Ovens,,,,,,,,,,
Nova Scotia,Nova Scotia South Shore Region,Lunenburg County,Union Square,,,,,,,,,,
Nova Scotia,Nova Scotia South Shore Region,Lunenburg County,Upper Branch,,,,,,,,,,
Nova Scotia,Nova Scotia South Shore Region,Lunenburg County,Upper Northfield,,,,,,,,,,
Nova Scotia,Nova Scotia South Shore Region,Lunenburg County,Walden,,,,,,,,,,
Nova Scotia,Nova Scotia South Shore Region,Lunenburg County,Waterloo,,,,,,,,,,
Nova Scotia,Nova Scotia Central Region,Halifax County,Halifax,Halifax Neighbourhoods,Clayton Park,,,,,,,,
Nova Scotia,Nova Scotia Central Region,Halifax County,Halifax,Clayton Park West,Bayer's Lake,,,,,,,,
Nova Scotia,Nova Scotia Central Region,Halifax County,Halifax,Clayton Park West,Beechville,,,,,,,,
Nova Scotia,Nova Scotia Central Region,Halifax County,Halifax,Clayton Park West,Glenbourne,,,,,,,,
Nova Scotia,Nova Scotia Central Region,Halifax County,Halifax,Halifax Neighbourhoods,Fairview,,,,,,,,
Nova Scotia,Nova Scotia Central Region,Halifax County,Halifax,Halifax Neighbourhoods,Armdale,,,,,,,,
Nova Scotia,Nova Scotia Central Region,Halifax County,Halifax,Halifax Neighbourhoods,Boulderwood,,,,,,,,
Nova Scotia,Nova Scotia Central Region,Halifax County,Halifax,Halifax Neighbourhoods,Cowie Hill,,,,,,,,
Nova Scotia,Nova Scotia Central Region,Halifax County,Halifax,Halifax Neighbourhoods,Fairmount,,,,,,,,
Nova Scotia,Nova Scotia Central Region,Halifax County,Halifax,Halifax Neighbourhoods,Jollimore,,,,,,,,
Nova Scotia,Nova Scotia Central Region,Halifax County,Halifax,Halifax Neighbourhoods,Lakeside,,,,,,,,
Nova Scotia,Nova Scotia Central Region,Halifax County,Halifax,Halifax Neighbourhoods,Richmond,,,,,,,,
Nova Scotia,Nova Scotia Central Region,Halifax County,Halifax,Halifax Neighbourhoods,South End,,,,,,,,
Nova Scotia,Nova Scotia Central Region,Halifax County,Halifax,Halifax Neighbourhoods,Spring Garden,,,,,,,,
Nova Scotia,Nova Scotia Central Region,Halifax County,Halifax,Halifax Neighbourhoods,Spryfield,,,,,,,,
Nova Scotia,Nova Scotia Central Region,Halifax County,Halifax,Halifax Neighbourhoods,Timberlea,,,,,,,,
Nova Scotia,Nova Scotia Central Region,Halifax County,Halifax,North End,Convoy Place,,,,,,,,
Nova Scotia,Nova Scotia Central Region,Halifax County,Halifax,North End,Hydrostone,,,,,,,,
Nova Scotia,Nova Scotia Central Region,Halifax County,Halifax,North End,North End,,,,,,,,
Nova Scotia,Nova Scotia Central Region,Halifax County,Halifax,Rockingham,Beechwood Park,,,,,,,,
Nova Scotia,Nova Scotia Central Region,Halifax County,Halifax,Rockingham,Birch Cove,,,,,,,,
Nova Scotia,Nova Scotia Central Region,Halifax County,Halifax,Rockingham,Bridgeview,,,,,,,,
Nova Scotia,Nova Scotia Central Region,Halifax County,Halifax,Rockingham,Prince's Lodge,,,,,,,,
Nova Scotia,Nova Scotia Central Region,Halifax County,Halifax,Rockingham,Royal Hemlocks,,,,,,,,
Nova Scotia,Nova Scotia Central Region,Halifax County,Halifax,Rockingham,Sherwood Park,,,,,,,,
Nova Scotia,Nova Scotia Central Region,Halifax County,Halifax,Rockingham,Sherwood Heights,,,,,,,,
Nova Scotia,Nova Scotia Central Region,Halifax County,Halifax,Rockingham,Wedgewood,,,,,,,,
Nova Scotia,Nova Scotia Central Region,Halifax County,Halifax,South End,Halifax Downtown,,,,,,,,
Nova Scotia,Nova Scotia Central Region,Halifax County,Halifax,South End,Marlborough Woods,,,,,,,,
Nova Scotia,Nova Scotia Central Region,Halifax County,Halifax,West End,Melville Cove,,,,,,,,
Nova Scotia,Nova Scotia Central Region,Halifax County,Halifax,West End,Quinpool district,,,,,,,,
Nova Scotia,Nova Scotia Central Region,Halifax County,Halifax,West End,Westmount Subdivision,,,,,,,,
Nova Scotia,Nova Scotia Central Region,Halifax County,Halifax,Dartmouth,Albro Lake,,,,,,,,
Nova Scotia,Nova Scotia Central Region,Halifax County,Halifax,Dartmouth,Brightwood,,,,,,,,
Nova Scotia,Nova Scotia Central Region,Halifax County,Halifax,Dartmouth - Burnside,Burnside,,,,,,,,
Nova Scotia,Nova Scotia Central Region,Halifax County,Halifax,Dartmouth,Cole Harbour,,,,,,,,
Nova Scotia,Nova Scotia Central Region,Halifax County,Halifax,Dartmouth,Crichton Park,,,,,,,,
Nova Scotia,Nova Scotia Central Region,Halifax County,Halifax,Dartmouth,Crystal Heights,,,,,,,,
Nova Scotia,Nova Scotia Central Region,Halifax County,Halifax,Dartmouth - Burnside,Dartmouth Crossing,,,,,,,,
Nova Scotia,Nova Scotia Central Region,Halifax County,Halifax,Dartmouth,Dartmouth Downtown,,,,,,,,
Nova Scotia,Nova Scotia Central Region,Halifax County,Halifax,Dartmouth,Eastern Passage,,,,,,,,
Nova Scotia,Nova Scotia Central Region,Halifax County,Halifax,Dartmouth,Harbourview,,,,,,,,
Nova Scotia,Nova Scotia Central Region,Halifax County,Halifax,Dartmouth,Highfield Park,,,,,,,,
Nova Scotia,Nova Scotia Central Region,Halifax County,Halifax,Dartmouth,Imperoyal,,,,,,,,
Nova Scotia,Nova Scotia Central Region,Halifax County,Halifax,Dartmouth,Lancaster Ridge,,,,,,,,
Nova Scotia,Nova Scotia Central Region,Halifax County,Halifax,Dartmouth,Manor Park,,,,,,,,
Nova Scotia,Nova Scotia Central Region,Halifax County,Halifax,Dartmouth - Woodlawn,Nantucket,,,,,,,,
Nova Scotia,Nova Scotia Central Region,Halifax County,Halifax,Dartmouth - Woodlawn,Portland Estates,,,,,,,,
Nova Scotia,Nova Scotia Central Region,Halifax County,Halifax,Dartmouth - Woodlawn,Portland Hills,,,,,,,,
Nova Scotia,Nova Scotia Central Region,Halifax County,Halifax,Dartmouth,Portobello,,,,,,,,
Nova Scotia,Nova Scotia Central Region,Halifax County,Halifax,Dartmouth,Port Wallace,,,,,,,,
Nova Scotia,Nova Scotia Central Region,Halifax County,Halifax,Dartmouth,Shannon Park,,,,,,,,
Nova Scotia,Nova Scotia Central Region,Halifax County,Halifax,Dartmouth,Shearwater,,,,,,,,
Nova Scotia,Nova Scotia Central Region,Halifax County,Halifax,Dartmouth,Tuft's Cove,,,,,,,,
Nova Scotia,Nova Scotia Central Region,Halifax County,Halifax,Dartmouth - Burnside,Wallace Heights,,,,,,,,
Nova Scotia,Nova Scotia Central Region,Halifax County,Halifax,Dartmouth,Waverley,,,,,,,,
Nova Scotia,Nova Scotia Central Region,Halifax County,Halifax,Dartmouth,Westphal,,,,,,,,
Nova Scotia,Nova Scotia Central Region,Halifax County,Halifax,Dartmouth - Woodlawn,Woodlawn Heights,,,,,,,,
Nova Scotia,Nova Scotia Central Region,Halifax County,Halifax,Dartmouth,Woodside,,,,,,,,
Nova Scotia,Nova Scotia Central Region,Halifax County,Halifax,Dartmouth - Burnside,Wrights Cove,,,,,,,,
Nova Scotia,Nova Scotia Central Region,Halifax County,Halifax,Cole Harbour,Forest Hills,,,,,,,,
Nova Scotia,Nova Scotia Central Region,Halifax County,Halifax,Cole Harbour,Colby Village,,,,,,,,
Nova Scotia,Nova Scotia Central Region,Halifax County,Halifax,Cole Harbour,Willowdale,,,,,,,,
Nova Scotia,Nova Scotia Central Region,Halifax County,Halifax,Cole Harbour,Highland Acres,,,,,,,,
Nova Scotia,Nova Scotia Central Region,Halifax County,Halifax,Cole Harbour,Coleridge Estates,,,,,,,,
Nova Scotia,Nova Scotia Central Region,Halifax County,Halifax,Bedford - Sackville,Beaver Bank,,,,,,,,
Nova Scotia,Nova Scotia Central Region,Halifax County,Halifax,Bedford - Sackville,Bedford,,,,,,,,
Nova Scotia,Nova Scotia Central Region,Halifax County,Halifax,Bedford - Sackville,Birch Cove,,,,,,,,
Nova Scotia,Nova Scotia Central Region,Halifax County,Halifax,Bedford - Sackville,Glen Moir,,,,,,,,
Nova Scotia,Nova Scotia Central Region,Halifax County,Halifax,Bedford - Sackville,Hammonds Plains,,,,,,,,
Nova Scotia,Nova Scotia Central Region,Halifax County,Halifax,Bedford - Sackville,Kinsac,,,,,,,,
Nova Scotia,Nova Scotia Central Region,Halifax County,Halifax,Bedford - Sackville,Lakeview,,,,,,,,
Nova Scotia,Nova Scotia Central Region,Halifax County,Halifax,Bedford - Sackville,Lower Sackville,,,,,,,,
Nova Scotia,Nova Scotia Central Region,Halifax County,Halifax,Bedford - Sackville,Lucasville,,,,,,,,
Nova Scotia,Nova Scotia Central Region,Halifax County,Halifax,Bedford - Sackville,Middles Sackville,,,,,,,,
Nova Scotia,Nova Scotia Central Region,Halifax County,Halifax,Bedford - Sackville,Oakmount,,,,,,,,
Nova Scotia,Nova Scotia Central Region,Halifax County,Halifax,Bedford - Sackville,Paper Mill Lake,,,,,,,,
Nova Scotia,Nova Scotia Central Region,Halifax County,Halifax,Bedford - Sackville,South Uniacke,,,,,,,,
Nova Scotia,Nova Scotia Central Region,Halifax County,Halifax,Bedford - Sackville,Stonington Park,,,,,,,,
Nova Scotia,Nova Scotia Central Region,Halifax County,Halifax,Bedford - Sackville,Upper Hammonds Plains,,,,,,,,
Nova Scotia,Nova Scotia Central Region,Halifax County,Halifax,Bedford - Sackville,Upper Sackville,,,,,,,,
Nova Scotia,Nova Scotia Central Region,Halifax County,Halifax,Bedford - Sackville,Windsor Junction,,,,,,,,
Nova Scotia,Nova Scotia Central Region,Halifax County,Peggy's Cove Coastal Region,South,Bald Rock,,,,,,,,
Nova Scotia,Nova Scotia Central Region,Halifax County,Peggy's Cove Coastal Region,South,Bayside,,,,,,,,
Nova Scotia,Nova Scotia Central Region,Halifax County,Peggy's Cove Coastal Region,South,Bear Cove,,,,,,,,
Nova Scotia,Nova Scotia Central Region,Halifax County,Peggy's Cove Coastal Region,South,Big Lake,,,,,,,,
Nova Scotia,Nova Scotia Central Region,Halifax County,Peggy's Cove Coastal Region,South,Blind Bay,,,,,,,,
Nova Scotia,Nova Scotia Central Region,Halifax County,Peggy's Cove Coastal Region,South,Duncan's Cove,,,,,,,,
Nova Scotia,Nova Scotia Central Region,Halifax County,Peggy's Cove Coastal Region,South,East Dover,,,,,,,,
Nova Scotia,Nova Scotia Central Region,Halifax County,Peggy's Cove Coastal Region,South,East Pennant,,,,,,,,
Nova Scotia,Nova Scotia Central Region,Halifax County,Peggy's Cove Coastal Region,South,Ferguson's Cove,,,,,,,,
Nova Scotia,Nova Scotia Central Region,Halifax County,Peggy's Cove Coastal Region,South,Glen Margaret,,,,,,,,
Nova Scotia,Nova Scotia Central Region,Halifax County,Peggy's Cove Coastal Region,South,Hackett's Cove,,,,,,,,
Nova Scotia,Nova Scotia Central Region,Halifax County,Peggy's Cove Coastal Region,South,Herring Cove,,,,,,,,
Nova Scotia,Nova Scotia Central Region,Halifax County,Peggy's Cove Coastal Region,South,Indian Harbour,,,,,,,,
Nova Scotia,Nova Scotia Central Region,Halifax County,Peggy's Cove Coastal Region,South,Ketch Harbour,,,,,,,,
Nova Scotia,Nova Scotia Central Region,Halifax County,Peggy's Cove Coastal Region,South,Lower Prospect,,,,,,,,
Nova Scotia,Nova Scotia Central Region,Halifax County,Peggy's Cove Coastal Region,South,McGraths Cove,,,,,,,,
Nova Scotia,Nova Scotia Central Region,Halifax County,Peggy's Cove Coastal Region,South,Peggys Cove,,,,,,,,
Nova Scotia,Nova Scotia Central Region,Halifax County,Peggy's Cove Coastal Region,South,Portuguese Cove,,,,,,,,
Nova Scotia,Nova Scotia Central Region,Halifax County,Peggy's Cove Coastal Region,South,Prospect,,,,,,,,
Nova Scotia,Nova Scotia Central Region,Halifax County,Peggy's Cove Coastal Region,South,Prospect Bay,,,,,,,,
Nova Scotia,Nova Scotia Central Region,Halifax County,Peggy's Cove Coastal Region,South,Sambro,,,,,,,,
Nova Scotia,Nova Scotia Central Region,Halifax County,Peggy's Cove Coastal Region,South,Sambro Creek,,,,,,,,
Nova Scotia,Nova Scotia Central Region,Halifax County,Peggy's Cove Coastal Region,South,Sambro Head,,,,,,,,
Nova Scotia,Nova Scotia Central Region,Halifax County,Peggy's Cove Coastal Region,South,Seabright,,,,,,,,
Nova Scotia,Nova Scotia Central Region,Halifax County,Peggy's Cove Coastal Region,South,Shad Bay,,,,,,,,
Nova Scotia,Nova Scotia Central Region,Halifax County,Peggy's Cove Coastal Region,South,Terence Bay,,,,,,,,
Nova Scotia,Nova Scotia Central Region,Halifax County,Peggy's Cove Coastal Region,South,West Dover,,,,,,,,
Nova Scotia,Nova Scotia Central Region,Halifax County,Peggy's Cove Coastal Region,South,West Pennant,,,,,,,,
Nova Scotia,Nova Scotia Central Region,Halifax County,Peggy's Cove Coastal Region,South,Whites Lake,,,,,,,,
Nova Scotia,Nova Scotia Central Region,Halifax County,Peggy's Cove Coastal Region,South,Williamswood,,,,,,,,
Nova Scotia,Nova Scotia Central Region,Halifax County,Peggy's Cove Coastal Region,North ,Black Point,,,,,,,,
Nova Scotia,Nova Scotia Central Region,Halifax County,Peggy's Cove Coastal Region,North ,Boutliers Point,,,,,,,,
Nova Scotia,Nova Scotia Central Region,Halifax County,Peggy's Cove Coastal Region,North ,French Village,,,,,,,,
Nova Scotia,Nova Scotia Central Region,Halifax County,Peggy's Cove Coastal Region,North ,Glen Haven,,,,,,,,
Nova Scotia,Nova Scotia Central Region,Halifax County,Peggy's Cove Coastal Region,North ,Head of St. Margarets Bay,,,,,,,,
Nova Scotia,Nova Scotia Central Region,Halifax County,Peggy's Cove Coastal Region,North ,Hubbards,,,,,,,,
Nova Scotia,Nova Scotia Central Region,Halifax County,Peggy's Cove Coastal Region,North ,Hubley,,,,,,,,
Nova Scotia,Nova Scotia Central Region,Halifax County,Peggy's Cove Coastal Region,North ,Ingramport,,,,,,,,
Nova Scotia,Nova Scotia Central Region,Halifax County,Peggy's Cove Coastal Region,North ,Lewis Lake,,,,,,,,
Nova Scotia,Nova Scotia Central Region,Halifax County,Peggy's Cove Coastal Region,North ,Queensland,,,,,,,,
Nova Scotia,Nova Scotia Central Region,Halifax County,Peggy's Cove Coastal Region,North ,Stillwater Lake,,,,,,,,
Nova Scotia,Nova Scotia Central Region,Halifax County,Peggy's Cove Coastal Region,North ,Tantallon,,,,,,,,
Nova Scotia,Nova Scotia Central Region,Halifax County,Peggy's Cove Coastal Region,North ,Upper Tantallon,,,,,,,,
Nova Scotia,Nova Scotia Central Region,Halifax County ,Eastern Shore Region ,South,Montague Gold Mines,,,,,,,,
Nova Scotia,Nova Scotia Central Region,Halifax County ,Eastern Shore Region ,South,North Preston,,,,,,,,
Nova Scotia,Nova Scotia Central Region,Halifax County ,Eastern Shore Region ,South,East Preston,,,,,,,,
Nova Scotia,Nova Scotia Central Region,Halifax County ,Eastern Shore Region ,South,Lake Echo,,,,,,,,
Nova Scotia,Nova Scotia Central Region,Halifax County ,Eastern Shore Region ,South,Mineville,,,,,,,,
Nova Scotia,Nova Scotia Central Region,Halifax County ,Eastern Shore Region ,South,Lawrencetown,,,,,,,,
Nova Scotia,Nova Scotia Central Region,Halifax County ,Eastern Shore Region ,South,East Lawrencetown,,,,,,,,
Nova Scotia,Nova Scotia Central Region,Halifax County ,Eastern Shore Region ,South,Fisherman's Cove,,,,,,,,
Nova Scotia,Nova Scotia Central Region,Halifax County ,Eastern Shore Region ,South,Cow Bay,,,,,,,,
Nova Scotia,Nova Scotia Central Region,Halifax County ,Eastern Shore Region ,South,Three Fathom Harbour,,,,,,,,
Nova Scotia,Nova Scotia Central Region,Halifax County ,Eastern Shore Region ,South,West Porters Lake,,,,,,,,
Nova Scotia,Nova Scotia Central Region,Halifax County ,Eastern Shore Region ,South,Middle Porters Lake,,,,,,,,
Nova Scotia,Nova Scotia Central Region,Halifax County ,Eastern Shore Region ,South,Head of Chezzetcook,,,,,,,,
Nova Scotia,Nova Scotia Central Region,Halifax County ,Eastern Shore Region ,South,West Chezzetcook,,,,,,,,
Nova Scotia,Nova Scotia Central Region,Halifax County ,Eastern Shore Region ,South,East Chezzetcook,,,,,,,,
Nova Scotia,Nova Scotia Central Region,Halifax County ,Eastern Shore Region ,South,Gaetz Brook,,,,,,,,
Nova Scotia,Nova Scotia Central Region,Halifax County ,Eastern Shore Region ,South,Conrod Settlement,,,,,,,,
Nova Scotia,Nova Scotia Central Region,Halifax County ,Eastern Shore Region ,South,East Petpeswick,,,,,,,,
Nova Scotia,Nova Scotia Central Region,Halifax County ,Eastern Shore Region ,South,Lower East Chezzetcook,,,,,,,,
Nova Scotia,Nova Scotia Central Region,Halifax County ,Eastern Shore Region ,South,Musquodoboit Harbour,,,,,,,,
Nova Scotia,Nova Scotia Central Region,Halifax County ,Eastern Shore Region ,Central,Smiths Settlement,,,,,,,,
Nova Scotia,Nova Scotia Central Region,Halifax County ,Eastern Shore Region ,Central,Head of Jeddore,,,,,,,,
Nova Scotia,Nova Scotia Central Region,Halifax County ,Eastern Shore Region ,Central,Salmon River Bridge,,,,,,,,
Nova Scotia,Nova Scotia Central Region,Halifax County ,Eastern Shore Region ,Central,Myers Point,,,,,,,,
Nova Scotia,Nova Scotia Central Region,Halifax County ,Eastern Shore Region ,Central,Ostrea Lake,,,,,,,,
Nova Scotia,Nova Scotia Central Region,Halifax County ,Eastern Shore Region ,Central,Pleasant Point,,,,,,,,
Nova Scotia,Nova Scotia Central Region,Halifax County ,Eastern Shore Region ,Central,West Jeddore,,,,,,,,
Nova Scotia,Nova Scotia Central Region,Halifax County ,Eastern Shore Region ,Central,East Jeddore,,,,,,,,
Nova Scotia,Nova Scotia Central Region,Halifax County ,Eastern Shore Region ,Central,Oyster Pond,,,,,,,,
Nova Scotia,Nova Scotia Central Region,Halifax County ,Eastern Shore Region ,Central,Upper Lakeville,,,,,,,,
Nova Scotia,Nova Scotia Central Region,Halifax County ,Eastern Shore Region ,Central,Beech Hill,,,,,,,,
Nova Scotia,Nova Scotia Central Region,Halifax County ,Eastern Shore Region ,Central,Clam Harbour,,,,,,,,
Nova Scotia,Nova Scotia Central Region,Halifax County ,Eastern Shore Region ,Central,Little Harbour,,,,,,,,
Nova Scotia,Nova Scotia Central Region,Halifax County ,Eastern Shore Region ,Central,Owls Head,,,,,,,,
Nova Scotia,Nova Scotia Central Region,Halifax County ,Eastern Shore Region ,Central,Lower Ship Harbour,,,,,,,,
Nova Scotia,Nova Scotia Central Region,Halifax County ,Eastern Shore Region ,Central,Ship Harbour,,,,,,,,
Nova Scotia,Nova Scotia Central Region,Halifax County ,Eastern Shore Region ,Central,Lake Charlotte,,,,,,,,
Nova Scotia,Nova Scotia Central Region,Halifax County ,Eastern Shore Region ,Central,Debaies Cove,,,,,,,,
Nova Scotia,Nova Scotia Central Region,Halifax County ,Eastern Shore Region ,Central,Murphy Cove,,,,,,,,
Nova Scotia,Nova Scotia Central Region,Halifax County ,Eastern Shore Region ,Central,Pleasant Harbour,,,,,,,,
Nova Scotia,Nova Scotia Central Region,Halifax County ,Eastern Shore Region ,Central,Tangier,,,,,,,,
Nova Scotia,Nova Scotia Central Region,Halifax County ,Eastern Shore Region ,North,River Lake,,,,,,,,
Nova Scotia,Nova Scotia Central Region,Halifax County ,Eastern Shore Region ,North,Jacket Lake,,,,,,,,
Nova Scotia,Nova Scotia Central Region,Halifax County ,Eastern Shore Region ,North,Third Lake,,,,,,,,
Nova Scotia,Nova Scotia Central Region,Halifax County ,Eastern Shore Region ,North,Popes Harbour,,,,,,,,
Nova Scotia,Nova Scotia Central Region,Halifax County ,Eastern Shore Region ,North,Spry Harbour,,,,,,,,
Nova Scotia,Nova Scotia Central Region,Halifax County ,Eastern Shore Region ,North,Mushaboom,,,,,,,,
Nova Scotia,Nova Scotia Central Region,Halifax County ,Eastern Shore Region ,North,Sheet Harbour Passage,,,,,,,,
Nova Scotia,Nova Scotia Central Region,Halifax County ,Eastern Shore Region ,North,Taylors Head,,,,,,,,
Nova Scotia,Nova Scotia Central Region,Halifax County ,Eastern Shore Region ,North,Sober Island,,,,,,,,
Nova Scotia,Nova Scotia Central Region,Halifax County ,Eastern Shore Region ,North,Beaver Harbour,,,,,,,,
Nova Scotia,Nova Scotia Central Region,Halifax County ,Eastern Shore Region ,North,Watt Section,,,,,,,,
Nova Scotia,Nova Scotia Central Region,Halifax County ,Eastern Shore Region ,North,Sheet Harbour,,,,,,,,
Nova Scotia,Nova Scotia Central Region,Halifax County ,Eastern Shore Region ,North,Marinette,,,,,,,,
Nova Scotia,Nova Scotia Central Region,Halifax County ,Eastern Shore Region ,North,Malay Falls,,,,,,,,
Nova Scotia,Nova Scotia Central Region,Halifax County ,Eastern Shore Region ,North,Lochaber Mines,,,,,,,,
Nova Scotia,Nova Scotia Central Region,Halifax County ,Eastern Shore Region ,North,Port Dufferin,,,,,,,,
Nova Scotia,Nova Scotia Central Region,Halifax County ,Eastern Shore Region ,North,West Quoddy,,,,,,,,
Nova Scotia,Nova Scotia Central Region,Halifax County ,Eastern Shore Region ,North,East Quoddy,,,,,,,,
Nova Scotia,Nova Scotia Central Region,Halifax County ,Eastern Shore Region ,North,Moosehead,,,,,,,,
Nova Scotia,Nova Scotia Central Region,Halifax County ,Eastern Shore Region ,North,Moser River,,,,,,,,
Nova Scotia,Nova Scotia Central Region,Halifax County ,Eastern Shore Region ,North,Necum Teuch,,,,,,,,
Nova Scotia,Nova Scotia Central Region,Halifax County ,Eastern Shore Region ,North,Pace Settlement,,,,,,,,
Nova Scotia,Nova Scotia Central Region,Halifax County ,Eastern Shore Region ,North,Mitchell Bay,,,,,,,,
Nova Scotia,Nova Scotia Central Region,Halifax County ,Eastern Shore Region ,North,Ecum Secum,,,,,,,,
Nova Scotia,Nova Scotia Central Region,Halifax County ,Eastern Shore Region ,North,Ecum Secum West,,,,,,,,
Nova Scotia,Nova Scotia Central Region,Halifax County ,Eastern Shore Region ,North,Liscomb Sanctuary,,,,,,,,
Prince Edward Island,Kings County,Three Rivers,,,,,,,,,,,
Prince Edward Island,Kings County,Souris,,,,,,,,,,,
Prince Edward Island,Kings County,Annandale-Little Pond-Howe Bay,,,,,,,,,,,
Prince Edward Island,Kings County,Central Kings,,,,,,,,,,,
Prince Edward Island,Kings County,Eastern Kings,,,,,,,,,,,
Prince Edward Island,Kings County,Morell,,,,,,,,,,,
Prince Edward Island,Kings County,Murray Harbour,,,,,,,,,,,
Prince Edward Island,Kings County,Murray River,,,,,,,,,,,
Prince Edward Island,Kings County,Souris West,,,,,,,,,,,
Prince Edward Island,Kings County,St. Peters Bay,,,,,,,,,,,
Prince Edward Island,Kings County,Fortune Bridge,,,,,,,,,,,
Prince Edward Island,Kings County,Valleyfield,,,,,,,,,,,
Prince Edward Island,Queens County,Charlottetown,Charlottetown,,,,,,,,,,
Prince Edward Island,Queens County,Charlottetown,Brighton,,,,,,,,,,
Prince Edward Island,Queens County,Charlottetown,Spring Park,,,,,,,,,,
Prince Edward Island,Queens County,Charlottetown,Parkdale,,,,,,,,,,
Prince Edward Island,Queens County,Charlottetown,Sherwood,,,,,,,,,,
Prince Edward Island,Queens County,Charlottetown,East Royalty,,,,,,,,,,
Prince Edward Island,Queens County,Charlottetown,West Royalty,,,,,,,,,,
Prince Edward Island,Queens County,Charlottetown,Winsloe,,,,,,,,,,
Prince Edward Island,Queens County,Afton,,,,,,,,,,,
Prince Edward Island,Queens County,Alexandra,,,,,,,,,,,
Prince Edward Island,Queens County,Belfast,,,,,,,,,,,
Prince Edward Island,Queens County,Bonshaw,,,,,,,,,,,
Prince Edward Island,Queens County,Brackley,,,,,,,,,,,
Prince Edward Island,Queens County,Breadalbane,,,,,,,,,,,
Prince Edward Island,Queens County,Clyde River,,,,,,,,,,,
Prince Edward Island,Queens County,Cornwall,,,,,,,,,,,
Prince Edward Island,Queens County,Covehead,,,,,,,,,,,
Prince Edward Island,Queens County,Crapaud,,,,,,,,,,,
Prince Edward Island,Queens County,Darlington,,,,,,,,,,,
Prince Edward Island,Queens County,Donagh,,,,,,,,,,,
Prince Edward Island,Queens County,Hampshire,,,,,,,,,,,
Prince Edward Island,Queens County,Hazelbrook,,,,,,,,,,,
Prince Edward Island,Queens County,Hunter River,,,,,,,,,,,
Prince Edward Island,Queens County,Kingston,,,,,,,,,,,
Prince Edward Island,Queens County,Long River,,,,,,,,,,,
Prince Edward Island,Queens County,Meadowbank,,,,,,,,,,,
Prince Edward Island,Queens County,Miltonvale Park,,,,,,,,,,,
Prince Edward Island,Queens County,Mount Stewart,,,,,,,,,,,
Prince Edward Island,Queens County,New Haven-Riverdale,,,,,,,,,,,
Prince Edward Island,Queens County,North Rustico,,,,,,,,,,,
Prince Edward Island,Queens County,North Shore,,,,,,,,,,,
Prince Edward Island,Queens County,North Wiltshire,,,,,,,,,,,
Prince Edward Island,Queens County,Orwell,,,,,,,,,,,
Prince Edward Island,Queens County,Stratford,,,,,,,,,,,
Prince Edward Island,Queens County,Union Road,,,,,,,,,,,
Prince Edward Island,Queens County,Victoria,,,,,,,,,,,
Prince Edward Island,Queens County,Warren Grove,,,,,,,,,,,
Prince Edward Island,Queens County,Watervale,,,,,,,,,,,
Prince Edward Island,Queens County,West Covehead,,,,,,,,,,,
Prince Edward Island,Queens County,West River,,,,,,,,,,,
Prince Edward Island,Queens County,York,,,,,,,,,,,
Prince Edward Island,Prince County,Abrams Village,,,,,,,,,,,
Prince Edward Island,Prince County,Albany,,,,,,,,,,,
Prince Edward Island,Prince County,Alberton,,,,,,,,,,,
Prince Edward Island,Prince County,Bedeque and Area,,,,,,,,,,,
Prince Edward Island,Prince County,Belmont,,,,,,,,,,,
Prince Edward Island,Prince County,Borden-Carleton,,,,,,,,,,,
Prince Edward Island,Prince County,Central Prince,,,,,,,,,,,
Prince Edward Island,Prince County,Days Corner,,,,,,,,,,,
Prince Edward Island,Prince County,Elmsdale,,,,,,,,,,,
Prince Edward Island,Prince County,Greenmount-Montrose,,,,,,,,,,,
Prince Edward Island,Prince County,Kensington,,,,,,,,,,,
Prince Edward Island,Prince County,Kinkora,,,,,,,,,,,
Prince Edward Island,Prince County,Linkletter,,,,,,,,,,,
Prince Edward Island,Prince County,Lot 11 and Area,,,,,,,,,,,
Prince Edward Island,Prince County,Malpeque Bay,,,,,,,,,,,
Prince Edward Island,Prince County,Miminegash,,,,,,,,,,,
Prince Edward Island,Prince County,Miscouche,,,,,,,,,,,
Prince Edward Island,Prince County,O'Leary,,,,,,,,,,,
Prince Edward Island,Prince County,Richmond,,,,,,,,,,,
Prince Edward Island,Prince County,Sherbrooke,,,,,,,,,,,
Prince Edward Island,Prince County,St. Felix,,,,,,,,,,,
Prince Edward Island,Prince County,St. Louis,,,,,,,,,,,
Prince Edward Island,Prince County,Summerside,,,,,,,,,,,
Prince Edward Island,Prince County,Tignish,,,,,,,,,,,
Prince Edward Island,Prince County,Tignish Shore,,,,,,,,,,,
Prince Edward Island,Prince County,Tyne Valley,,,,,,,,,,,
Prince Edward Island,Prince County,Union Corner,,,,,,,,,,,
Prince Edward Island,Prince County,Wellington,,,,,,,,,,,
Newfoundland & Labrador,Avalon Peninsula Region,St. John's,City Centre,,,,,,,,,,
Newfoundland & Labrador,Avalon Peninsula Region,St. John's,City Centre,,,,,,,,,,
Newfoundland & Labrador,Avalon Peninsula Region,St. John's,City Centre,,,,,,,,,,
Newfoundland & Labrador,Avalon Peninsula Region,St. John's,City Centre,,,,,,,,,,
Newfoundland & Labrador,Avalon Peninsula Region,St. John's,City Centre,,,,,,,,,,
Newfoundland & Labrador,Avalon Peninsula Region,St. John's,City Centre,,,,,,,,,,
Newfoundland & Labrador,Avalon Peninsula Region,St. John's,City Centre,,,,,,,,,,
Newfoundland & Labrador,Avalon Peninsula Region,St. John's,City Centre,,,,,,,,,,
Newfoundland & Labrador,Avalon Peninsula Region,St. John's,City Centre,,,,,,,,,,
Newfoundland & Labrador,Avalon Peninsula Region,St. John's,City Centre,,,,,,,,,,
Newfoundland & Labrador,Avalon Peninsula Region,St. John's,East End,,,,,,,,,,
Newfoundland & Labrador,Avalon Peninsula Region,St. John's,East End,,,,,,,,,,
Newfoundland & Labrador,Avalon Peninsula Region,St. John's,East End,,,,,,,,,,
Newfoundland & Labrador,Avalon Peninsula Region,St. John's,East End,,,,,,,,,,
Newfoundland & Labrador,Avalon Peninsula Region,St. John's,East End,,,,,,,,,,
Newfoundland & Labrador,Avalon Peninsula Region,St. John's,East End,,,,,,,,,,
Newfoundland & Labrador,Avalon Peninsula Region,St. John's,East End,,,,,,,,,,
Newfoundland & Labrador,Avalon Peninsula Region,St. John's,Northeast,,,,,,,,,,
Newfoundland & Labrador,Avalon Peninsula Region,St. John's,Northeast,,,,,,,,,,
Newfoundland & Labrador,Avalon Peninsula Region,St. John's,Northeast,,,,,,,,,,
Newfoundland & Labrador,Avalon Peninsula Region,St. John's,Northeast,,,,,,,,,,
Newfoundland & Labrador,Avalon Peninsula Region,St. John's,Northeast,,,,,,,,,,
Newfoundland & Labrador,Avalon Peninsula Region,St. John's,West End,,,,,,,,,,
Newfoundland & Labrador,Avalon Peninsula Region,St. John's,West End,,,,,,,,,,
Newfoundland & Labrador,Avalon Peninsula Region,St. John's,West End,,,,,,,,,,
Newfoundland & Labrador,Avalon Peninsula Region,St. John's,West End,,,,,,,,,,
Newfoundland & Labrador,Avalon Peninsula Region,St. John's,West End,,,,,,,,,,
Newfoundland & Labrador,Avalon Peninsula Region,St. John's,West End,,,,,,,,,,
Newfoundland & Labrador,Avalon Peninsula Region,St. John's,West End,,,,,,,,,,
Newfoundland & Labrador,Avalon Peninsula Region,St. John's,West End,,,,,,,,,,
Newfoundland & Labrador,Avalon Peninsula Region,St. John's,West End,,,,,,,,,,
Newfoundland & Labrador,Avalon Peninsula Region,St. John's,Southeast,,,,,,,,,,
Newfoundland & Labrador,Avalon Peninsula Region,St. John's,Southeast,,,,,,,,,,
Newfoundland & Labrador,Avalon Peninsula Region,St. John's,Southeast,,,,,,,,,,
Newfoundland & Labrador,Avalon Peninsula Region,St. John's,Southwest,,,,,,,,,,
Newfoundland & Labrador,Avalon Peninsula Region,St. John's,Southwest,,,,,,,,,,
Newfoundland & Labrador,Avalon Peninsula Region,St. John's,Southwest,,,,,,,,,,
Newfoundland & Labrador,Avalon Peninsula Region,St. John's,Southwest,,,,,,,,,,
Newfoundland & Labrador,Avalon Peninsula Region,St. John's,Southwest,,,,,,,,,,
Newfoundland & Labrador,Burin Peninsula Region,North Coast,Bay L'Argent,,,,,,,,,,
Newfoundland & Labrador,Burin Peninsula Region,North Coast,Fortune,,,,,,,,,,
Newfoundland & Labrador,Burin Peninsula Region,North Coast,Frenchman's Cove,,,,,,,,,,
Newfoundland & Labrador,Burin Peninsula Region,North Coast,Garnish,,,,,,,,,,
Newfoundland & Labrador,Burin Peninsula Region,North Coast,Grand Bank,,,,,,,,,,
Newfoundland & Labrador,Burin Peninsula Region,North Coast,Harbour Mille,,,,,,,,,,
Newfoundland & Labrador,Burin Peninsula Region,North Coast,L'Anse-au-Loup,,,,,,,,,,
Newfoundland & Labrador,Burin Peninsula Region,North Coast,Little Harbour East,,,,,,,,,,
Newfoundland & Labrador,Burin Peninsula Region,North Coast,Point Enragée,,,,,,,,,,
Newfoundland & Labrador,Burin Peninsula Region,North Coast,St. Bernard's-Jacques Fontaine,,,,,,,,,,
Newfoundland & Labrador,Burin Peninsula Region,North Coast,Terrenceville,,,,,,,,,,
Newfoundland & Labrador,Burin Peninsula Region,South Coast,Allan's Island,,,,,,,,,,
Newfoundland & Labrador,Burin Peninsula Region,South Coast,Baine Harbour,,,,,,,,,,
Newfoundland & Labrador,Burin Peninsula Region,South Coast,Boat Harbour,,,,,,,,,,
Newfoundland & Labrador,Burin Peninsula Region,South Coast,Boat Harbour West,,,,,,,,,,
Newfoundland & Labrador,Burin Peninsula Region,South Coast,Brookside,,,,,,,,,,
Newfoundland & Labrador,Burin Peninsula Region,South Coast,Burin,,,,,,,,,,
Newfoundland & Labrador,Burin Peninsula Region,South Coast,Burin Bay Arm,,,,,,,,,,
Newfoundland & Labrador,Burin Peninsula Region,South Coast,Burnt Island,,,,,,,,,,
Newfoundland & Labrador,Burin Peninsula Region,South Coast,Calmer,,,,,,,,,,
Newfoundland & Labrador,Burin Peninsula Region,South Coast,Clattice Harbour,,,,,,,,,,
Newfoundland & Labrador,Burin Peninsula Region,South Coast,Clattice South West,,,,,,,,,,
Newfoundland & Labrador,Burin Peninsula Region,South Coast,Creston,,,,,,,,,,
Newfoundland & Labrador,Burin Peninsula Region,South Coast,Creston North,,,,,,,,,,
Newfoundland & Labrador,Burin Peninsula Region,South Coast,Darby's Harbour,,,,,,,,,,
Newfoundland & Labrador,Burin Peninsula Region,South Coast,Davis Cove,,,,,,,,,,
Newfoundland & Labrador,Burin Peninsula Region,South Coast,Epworth,,,,,,,,,,
Newfoundland & Labrador,Burin Peninsula Region,South Coast,Fox Cove-Mortier,,,,,,,,,,
Newfoundland & Labrador,Burin Peninsula Region,South Coast,Great Bona,,,,,,,,,,
Newfoundland & Labrador,Burin Peninsula Region,South Coast,Great Paradise,,,,,,,,,,
Newfoundland & Labrador,Burin Peninsula Region,South Coast,High Beach,,,,,,,,,,
Newfoundland & Labrador,Burin Peninsula Region,South Coast,Isle Valen,,,,,,,,,,
Newfoundland & Labrador,Burin Peninsula Region,South Coast,Jean De Baie,,,,,,,,,,
Newfoundland & Labrador,Burin Peninsula Region,South Coast,Lamaline,,,,,,,,,,
Newfoundland & Labrador,Burin Peninsula Region,South Coast,Lawn,,,,,,,,,,
Newfoundland & Labrador,Burin Peninsula Region,South Coast,Lewin's Cove,,,,,,,,,,
Newfoundland & Labrador,Burin Peninsula Region,South Coast,"Little Bay, Placentia Bay",,,,,,,,,,
Newfoundland & Labrador,Burin Peninsula Region,South Coast,Little Bona,,,,,,,,,,
Newfoundland & Labrador,Burin Peninsula Region,South Coast,Little Paradise,,,,,,,,,,
Newfoundland & Labrador,Burin Peninsula Region,South Coast,Little St. Lawrence,,,,,,,,,,
Newfoundland & Labrador,Burin Peninsula Region,South Coast,Lord's Cove,,,,,,,,,,
Newfoundland & Labrador,Burin Peninsula Region,South Coast,Lories,,,,,,,,,,
Newfoundland & Labrador,Burin Peninsula Region,South Coast,Marystown,,,,,,,,,,
Newfoundland & Labrador,Burin Peninsula Region,South Coast,Monkstown,,,,,,,,,,
Newfoundland & Labrador,Burin Peninsula Region,South Coast,Murphy's Cove,,,,,,,,,,
Newfoundland & Labrador,Burin Peninsula Region,South Coast,Parkers Cove,,,,,,,,,,
Newfoundland & Labrador,Burin Peninsula Region,South Coast,Petite Forte,,,,,,,,,,
Newfoundland & Labrador,Burin Peninsula Region,South Coast,Point au Gaul,,,,,,,,,,
Newfoundland & Labrador,Burin Peninsula Region,South Coast,Point May,,,,,,,,,,
Newfoundland & Labrador,Burin Peninsula Region,South Coast,Port Anne,,,,,,,,,,
Newfoundland & Labrador,Burin Peninsula Region,South Coast,Port au Bras,,,,,,,,,,
Newfoundland & Labrador,Burin Peninsula Region,South Coast,Presque,,,,,,,,,,
Newfoundland & Labrador,Burin Peninsula Region,South Coast,Red Harbour,,,,,,,,,,
Newfoundland & Labrador,Burin Peninsula Region,South Coast,Rock Harbour,,,,,,,,,,
Newfoundland & Labrador,Burin Peninsula Region,South Coast,Roundabout,,,,,,,,,,
Newfoundland & Labrador,Burin Peninsula Region,South Coast,Rushoon,,,,,,,,,,
Newfoundland & Labrador,Burin Peninsula Region,South Coast,Saint Annes,,,,,,,,,,
Newfoundland & Labrador,Burin Peninsula Region,South Coast,Saint Leonards,,,,,,,,,,
Newfoundland & Labrador,Burin Peninsula Region,South Coast,Sandy Harbour,,,,,,,,,,
Newfoundland & Labrador,Burin Peninsula Region,South Coast,Southeast Bight,,,,,,,,,,
Newfoundland & Labrador,Burin Peninsula Region,South Coast,Spanish Room,,,,,,,,,,
Newfoundland & Labrador,Burin Peninsula Region,South Coast,St. Joseph's,,,,,,,,,,
Newfoundland & Labrador,Burin Peninsula Region,South Coast,St. Lawrence,,,,,,,,,,
Newfoundland & Labrador,Burin Peninsula Region,South Coast,Taylor's Bay,,,,,,,,,,
Newfoundland & Labrador,Burin Peninsula Region,South Coast,Toslow,,,,,,,,,,
Newfoundland & Labrador,South Coast Region,Burin Peninsula,Saint Lawrence,,,,,,,,,,
Newfoundland & Labrador,South Coast Region,Burin Peninsula,Grand Bank,,,,,,,,,,
Newfoundland & Labrador,South Coast Region,Burin Peninsula,Marystown,,,,,,,,,,
Newfoundland & Labrador,South Coast Region,Burin Peninsula,Burin,,,,,,,,,,
Newfoundland & Labrador,South Coast Region,Burin Peninsula,Parker's Cove,,,,,,,,,,
Newfoundland & Labrador,South Coast Region,Burin Peninsula,St. Bernard's,,,,,,,,,,
Newfoundland & Labrador,South Coast Region,Burin Peninsula,Bay L'Argent,,,,,,,,,,
Newfoundland & Labrador,South Coast Region,South Coast,Bay L'Argent,,,,,,,,,,
Newfoundland & Labrador,South Coast Region,South Coast,Burgeo,,,,,,,,,,
Newfoundland & Labrador,South Coast Region,South Coast,Francois,,,,,,,,,,
Newfoundland & Labrador,South Coast Region,South Coast,Grand Bruit,,,,,,,,,,
Newfoundland & Labrador,South Coast Region,South Coast,Grey River,,,,,,,,,,
Newfoundland & Labrador,South Coast Region,South Coast,Hermitage,,,,,,,,,,
Newfoundland & Labrador,South Coast Region,South Coast,La Poile,,,,,,,,,,
Newfoundland & Labrador,South Coast Region,South Coast,Ramea,,,,,,,,,,
Newfoundland & Labrador,South Coast Region,South Coast,Rencontre East,,,,,,,,,,
Newfoundland & Labrador,South Coast Region,South Coast,Rose Blanche,,,,,,,,,,
Newfoundland & Labrador,South Coast Region,South Coast,Saint Albans,,,,,,,,,,
Newfoundland & Labrador,South Coast Region,South Coast,Saint Lawrence,,,,,,,,,,
Newfoundland & Labrador,St. Georges Region,Cape St. George,,,,,,,,,,,
Newfoundland & Labrador,St. Georges Region,Gallants,,,,,,,,,,,
Newfoundland & Labrador,St. Georges Region,Kippens,,,,,,,,,,,
Newfoundland & Labrador,St. Georges Region,Lourdes,,,,,,,,,,,
Newfoundland & Labrador,St. Georges Region,Port au Port East,,,,,,,,,,,
Newfoundland & Labrador,St. Georges Region,Port au Port West–Aguathuna–Felix Cove,,,,,,,,,,,
Newfoundland & Labrador,St. Georges Region,St. George's,,,,,,,,,,,
Newfoundland & Labrador,St. Georges Region,Stephenville,,,,,,,,,,,
Newfoundland & Labrador,St. Georges Region,Stephenville Crossing,,,,,,,,,,,
Newfoundland & Labrador,Humber-Gros Morne Region,Beaches,,,,,,,,,,,
Newfoundland & Labrador,Humber-Gros Morne Region,Bellburns,,,,,,,,,,,
Newfoundland & Labrador,Humber-Gros Morne Region,Cormack,,,,,,,,,,,
Newfoundland & Labrador,Humber-Gros Morne Region,Cow Head,,,,,,,,,,,
Newfoundland & Labrador,Humber-Gros Morne Region,Daniel's Harbour,,,,,,,,,,,
Newfoundland & Labrador,Humber-Gros Morne Region,Deer Lake,,,,,,,,,,,
Newfoundland & Labrador,Humber-Gros Morne Region,GlenburnieBirchy HeadShoal Brook,,,,,,,,,,,
Newfoundland & Labrador,Humber-Gros Morne Region,Hampden,,,,,,,,,,,
Newfoundland & Labrador,Humber-Gros Morne Region,Howley,,,,,,,,,,,
Newfoundland & Labrador,Humber-Gros Morne Region,Jackson's Arm,,,,,,,,,,,
Newfoundland & Labrador,Humber-Gros Morne Region,Norris Point,,,,,,,,,,,
Newfoundland & Labrador,Humber-Gros Morne Region,Parson's Pond,,,,,,,,,,,
Newfoundland & Labrador,Humber-Gros Morne Region,Pollards Point,,,,,,,,,,,
Newfoundland & Labrador,Humber-Gros Morne Region,Portland Creek,,,,,,,,,,,
Newfoundland & Labrador,Humber-Gros Morne Region,Reidville,,,,,,,,,,,
Newfoundland & Labrador,Humber-Gros Morne Region,Rocky Harbour,,,,,,,,,,,
Newfoundland & Labrador,Humber-Gros Morne Region,Sally's Cove,,,,,,,,,,,
Newfoundland & Labrador,Humber-Gros Morne Region,Sop's Arm,,,,,,,,,,,
Newfoundland & Labrador,Humber-Gros Morne Region,St. Judes,,,,,,,,,,,
Newfoundland & Labrador,Humber-Gros Morne Region,St. Pauls,,,,,,,,,,,
Newfoundland & Labrador,Humber-Gros Morne Region,Three Mile Rock,,,,,,,,,,,
Newfoundland & Labrador,Humber-Gros Morne Region,Trout River,,,,,,,,,,,
Newfoundland & Labrador,Humber-Gros Morne Region,Wiltondale-Bonne Bay Pond,,,,,,,,,,,
Newfoundland & Labrador,Humber-Gros Morne Region,Woody Point,,,,,,,,,,,
Newfoundland & Labrador,Central Region,Baie Verte,,,,,,,,,,,
Newfoundland & Labrador,Central Region,Grand Falls-Windsor,,,,,,,,,,,
Newfoundland & Labrador,Central Region,Lewisporte ,,,,,,,,,,,
Newfoundland & Labrador,Central Region,Wesleyville,,,,,,,,,,,
Newfoundland & Labrador,Central Region,Gander,,,,,,,,,,,
Newfoundland & Labrador,Central Region,Gambo,,,,,,,,,,,
Newfoundland & Labrador,Central Region,Glovertown,,,,,,,,,,,
Newfoundland & Labrador,Central Region,Pilley's Island,,,,,,,,,,,
Newfoundland & Labrador,Central Region,Twillingate ,,,,,,,,,,,
Newfoundland & Labrador,Bonavista Region,Bonavista,,,,,,,,,,,
Newfoundland & Labrador,Bonavista Region,Elliston,,,,,,,,,,,
Newfoundland & Labrador,Bonavista Region,George's Brook-Milton,,,,,,,,,,,
Newfoundland & Labrador,Bonavista Region,Keels,,,,,,,,,,,
Newfoundland & Labrador,Bonavista Region,King's Cove,,,,,,,,,,,
Newfoundland & Labrador,Bonavista Region,Musgravetown,,,,,,,,,,,
Newfoundland & Labrador,Bonavista Region,Port Rexton,,,,,,,,,,,
Newfoundland & Labrador,Bonavista Region,Trinity,,,,,,,,,,,
Newfoundland & Labrador,Bonavista Region,Trinity Bay North,,,,,,,,,,,
Newfoundland & Labrador,Notre Dame Bay Region,,,,,,,,,,,,
Newfoundland & Labrador,Great Northern Peninsula,Conche,,,,,,,,,,,
Newfoundland & Labrador,Great Northern Peninsula,Corner Brook,,,,,,,,,,,
Newfoundland & Labrador,Great Northern Peninsula,Daniel's Harbour,,,,,,,,,,,
Newfoundland & Labrador,Great Northern Peninsula,Deer Lake,,,,,,,,,,,
Newfoundland & Labrador,Great Northern Peninsula,Hawke's Bay,,,,,,,,,,,
Newfoundland & Labrador,Great Northern Peninsula,High Plateau,,,,,,,,,,,
Newfoundland & Labrador,Great Northern Peninsula,Long Range Mountains,,,,,,,,,,,
Newfoundland & Labrador,Great Northern Peninsula,Port au Port East,,,,,,,,,,,
Newfoundland & Labrador,Great Northern Peninsula,Port au Port West,,,,,,,,,,,
Newfoundland & Labrador,Great Northern Peninsula,Port Saunders,,,,,,,,,,,
Newfoundland & Labrador,Great Northern Peninsula,River of Ponds,,,,,,,,,,,
Newfoundland & Labrador,Great Northern Peninsula,Rocky Harbour,,,,,,,,,,,
Newfoundland & Labrador,Great Northern Peninsula,St. Anthony,,,,,,,,,,,
Newfoundland & Labrador,Great Northern Peninsula,St. Pauls,,,,,,,,,,,
Newfoundland & Labrador,Great Northern Peninsula,Stephenville,,,,,,,,,,,
Newfoundland & Labrador,Great Northern Peninsula,Stephenville Crossing,,,,,,,,,,,
Newfoundland & Labrador,Labrador,North Coast,,,,,,,,,,,
Newfoundland & Labrador,Labrador,Central Labrador,Happy Valley-Goose Bay,,,,,,,,,,
Newfoundland & Labrador,Labrador,Western Labrador,Churchill Falls,,,,,,,,,,
Newfoundland & Labrador,Labrador,Western Labrador,Labrador City,,,,,,,,,,
Newfoundland & Labrador,Labrador,Western Labrador,Wabush,,,,,,,,,,
Newfoundland & Labrador,Labrador,South Coast,,,,,,,,,,,
Newfoundland & Labrador,Nunatsiavut,Hopedale,,,,,,,,,,,
Newfoundland & Labrador,Nunatsiavut,Makkovik,,,,,,,,,,,
Newfoundland & Labrador,Nunatsiavut,Nain,,,,,,,,,,,
Newfoundland & Labrador,Nunatsiavut,Postville,,,,,,,,,,,
Newfoundland & Labrador,Nunatsiavut,Rigolet,,,,,,,,,,,
Northwest Territories ,Aklavik,,,,,,,,,,,,
Northwest Territories ,Délı̨nę,,,,,,,,,,,,
Northwest Territories ,Enterprise,,,,,,,,,,,,
Northwest Territories ,Fort Good Hope,,,,,,,,,,,,
Northwest Territories ,Fort Liard,,,,,,,,,,,,
Northwest Territories ,Fort McPherson,,,,,,,,,,,,
Northwest Territories ,Fort Providence,,,,,,,,,,,,
Northwest Territories ,Fort Resolution,,,,,,,,,,,,
Northwest Territories ,Fort Simpson,,,,,,,,,,,,
Northwest Territories ,Fort Smith,,,,,,,,,,,,
Northwest Territories ,Gamèti,,,,,,,,,,,,
Northwest Territories ,Hay River,,,,,,,,,,,,
Northwest Territories ,Norman Wells,,,,,,,,,,,,
Northwest Territories ,Paulatuk,,,,,,,,,,,,
Northwest Territories ,Sachs Harbour,,,,,,,,,,,,
Northwest Territories ,Tlicho,,,,,,,,,,,,
Northwest Territories ,Tsiigehtchic,,,,,,,,,,,,
Northwest Territories ,Tuktoyaktuk,,,,,,,,,,,,
Northwest Territories ,Tulita,,,,,,,,,,,,
Northwest Territories ,Ulukhaktok,,,,,,,,,,,,
Northwest Territories ,Wekweeti,,,,,,,,,,,,
Northwest Territories ,Whatì,,,,,,,,,,,,
Northwest Territories ,Yellowknife,,,,,,,,,,,,
Northwest Territories ,Yellowknife,,,,,,,,,,,,
Yukon,Carmacks,,,,,,,,,,,,
Yukon,Dawson,,,,,,,,,,,,
Yukon,Faro,,,,,,,,,,,,
Yukon,Haines Junction,,,,,,,,,,,,
Yukon,Mayo,,,,,,,,,,,,
Yukon,Teslin,,,,,,,,,,,,
Yukon,Watson Lake,,,,,,,,,,,,
Yukon,Whitehorse,,,,,,,,,,,,
Nunavut,Arctic Bay,,,,,,,,,,,,
Nunavut,Arviat,,,,,,,,,,,,
Nunavut,Baker Lake,,,,,,,,,,,,
Nunavut,Bathurst Inlet,,,,,,,,,,,,
Nunavut,Cambridge Bay,,,,,,,,,,,,
Nunavut,Chesterfield Inlet,,,,,,,,,,,,
Nunavut,Clyde River,,,,,,,,,,,,
Nunavut,Coral Harbour,,,,,,,,,,,,
Nunavut,Gjoa Haven,,,,,,,,,,,,
Nunavut,Grise Fiord,,,,,,,,,,,,
Nunavut,Igloolik,,,,,,,,,,,,
Nunavut,Iqaluit,,,,,,,,,,,,
Nunavut,Kimmirut,,,,,,,,,,,,
Nunavut,Kinngait,,,,,,,,,,,,
Nunavut,Kugaaruk,,,,,,,,,,,,
Nunavut,Kugluktuk,,,,,,,,,,,,
Nunavut,Nanisivikc,,,,,,,,,,,,
Nunavut,Naujaat,,,,,,,,,,,,
Nunavut,Pangnirtung,,,,,,,,,,,,
Nunavut,Pond Inlet,,,,,,,,,,,,
Nunavut,Qikiqtarjuaq,,,,,,,,,,,,
Nunavut,Rankin Inlet,,,,,,,,,,,,
Nunavut,Resolute,,,,,,,,,,,,
Nunavut,Sanikiluaq,,,,,,,,,,,,
Nunavut,Sanirajak,,,,,,,,,,,,
Nunavut,Taloyoak,,,,,,,,,,,,
Nunavut,Umingmaktokc,,,,,,,,,,,,
Nunavut,Whale Cove,,,,,,,,,,,,
